"gene_symbol","log_fc","fdr","mean_tissues","frac_kidney_specific","mean_fold_change","n_enhancers","state"
"A1CF",-2.61335182519171,0.0230328000925289,2.25,0,3.178,4,"repressed"
"A2ML1",1.71958492987517,0.0534530134571319,1.5,0.5,2.739,2,"induced"
"A3GALT2",-1.14735578646961,0.0215812549216285,1.5,0.5,3.033,2,"repressed"
"A4GALT",1.78225751957665,0.00284687230696171,4.333,0,5.064,6,"induced"
"AACS",-0.095382319800966,0.676323890840235,7,0,10.908,2,"unchanged"
"AAMP",-0.080071805988446,0.520345335176401,5,0,3.072,1,"unchanged"
"AARS1",0.0612559740557028,0.61819435540602,7,0,23.05,1,"unchanged"
"AARS2",-0.397052018646559,0.0363735171227359,5,0,5.744,1,"repressed"
"AASDH",-0.0476643557919503,0.820304064071255,7,0,13.725,1,"unchanged"
"AATF",-0.1247747710769,0.434213284300165,3,0,9.887,1,"unchanged"
"ABCA1",0.932892083562872,0.0446001367314445,3.5,0.167,3.825,6,"induced"
"ABCA10",2.94803595594549,0.028855371788733,2,0,3.221,1,"induced"
"ABCA4",-0.902471560073341,0.0841570895634359,1.786,0.571,3.633,28,"repressed"
"ABCA6",1.75168382307171,0.0151625194225453,2,0,3.221,1,"induced"
"ABCA8",2.17550566347681,0.00753105946404048,4.333,0,3.465,3,"induced"
"ABCA9",1.13279921264968,0.0229612076451146,2,0,3.221,1,"induced"
"ABCB8",0.169006937138038,0.302169937050678,6,0,5.393,1,"unchanged"
"ABCB9",-0.0836601313481977,0.760075983168383,7,0,7.481,1,"unchanged"
"ABCC2",-1.44923649999904,0.0375728394643895,2,0.667,3.323,3,"repressed"
"ABCC5",0.376051319442972,0.191977435761745,7,0,8.178,1,"unchanged"
"ABCD3",-0.760312232277019,0.134456252945222,3.909,0,4.175,11,"unchanged"
"ABCE1",0.102801258864171,0.715590431726879,1,1,3.834,1,"unchanged"
"ABCF2",0.207189380738313,0.146470110115774,4,0,9.653,3,"unchanged"
"ABCG2",0.697539980135359,0.18734133886709,2.5,0,5.138,2,"unchanged"
"ABHD1",1.37753750602899,0.233377355223283,4.333,0,3.529,3,"unchanged"
"ABHD10",0.189968588619376,0.361622951727697,6,0,5.874,1,"unchanged"
"ABHD12",-0.0326025859189238,0.882186578414109,7,0,6.856,1,"unchanged"
"ABHD15",-1.14041072858905,0.0207945221023943,1.75,0.75,4.176,8,"repressed"
"ABHD17C",-0.11264427887726,0.572248508890747,3,0,4.443,3,"unchanged"
"ABHD2",-0.102962979574189,0.844801566125801,4,0.071,4.746,14,"unchanged"
"ABHD4",0.497405867531893,0.0926253651952904,5,0,3.745,1,"induced"
"ABHD5",-0.159268494786362,0.876522331726759,1.5,0.5,4.102,4,"unchanged"
"ABHD6",-0.376874637531881,0.275169973300257,4,0,6.288,1,"unchanged"
"ABI3",1.26875513716474,0.0404080464256396,6.25,0,5.786,4,"induced"
"ABL1",0.312194098005924,0.0613290208551806,2,0,3.072,1,"induced"
"ABLIM2",-0.656291411918878,0.0360363765672953,2.667,0.333,5.754,3,"repressed"
"ABLIM3",0.317642389496091,0.276489633031474,4.25,0,6.94,4,"unchanged"
"ACAA2",-0.418871516091953,0.511638311403951,3,0,4.007,1,"unchanged"
"ACACA",-0.213504245733838,0.718943235334161,4,0,2.196,1,"unchanged"
"ACACB",-0.327096306852267,0.755522033109877,4.4,0,4.326,5,"unchanged"
"ACAD9",-1.0519985695546,0.0588668688694408,1,1,2.416,1,"repressed"
"ACAP1",0.635864664600411,0.26396783455615,3,0,3.403,1,"unchanged"
"ACE2",-0.521176725369978,0.384257770567878,2,0,4.524,2,"unchanged"
"ACER2",1.05006845798972,0.0120846306775833,4,0,3.991,8,"induced"
"ACER3",0.245308830116437,0.437962705960663,1,1,3.067,1,"unchanged"
"ACKR3",-0.141558534769091,0.719535962375027,2,0,8.742,1,"unchanged"
"ACKR4",-0.872004290748692,0.115455584815486,4,0,4.035,3,"unchanged"
"ACLY",0.418326812329638,0.0202392714937552,4.5,0,8.841,2,"induced"
"ACMSD",-1.63164035235169,0.0594110260070976,2,0,4.291,2,"repressed"
"ACO1",-1.13934625511212,0.0183496692121575,2.8,0.3,4.039,10,"repressed"
"ACO2",-0.307656736444534,0.512506367332071,3,0.25,4.929,4,"unchanged"
"ACOT11",-0.180330150832011,0.670827625669515,7,0,9.884,1,"unchanged"
"ACOT13",-0.692437577526855,0.106187265183942,1,1,3.051,1,"unchanged"
"ACOT8",-0.0229400618381055,0.904511260840599,5,0,4.908,1,"unchanged"
"ACOX1",-0.430066245979512,0.096735441933275,5,0,2.76,1,"repressed"
"ACOX2",0.125089332007122,0.84170384950561,3,0,4.77,4,"unchanged"
"ACOX3",-1.33837962145711,0.0397656853690798,1.667,0.333,3.958,3,"repressed"
"ACP1",-0.800717293405554,0.015037757223534,4.333,0,7.364,3,"repressed"
"ACP2",0.0291377315514696,0.905839175785158,4,0,2.218,1,"unchanged"
"ACP3",0.207469969267375,0.549382507431877,1,1,3.146,1,"unchanged"
"ACP5",0.812792641434772,0.182804165404183,5,0,6.329,2,"unchanged"
"ACP7",-0.147093922299619,0.966405577683505,3,0,3.74,1,"unchanged"
"ACRBP",1.13626884430785,0.0985829671571949,6,0,4.147,2,"induced"
"ACSBG1",-0.387445094012101,0.665604555991878,1,1,3.784,2,"unchanged"
"ACSF2",-0.234363296274583,0.494680143791114,6,0,4.635,1,"unchanged"
"ACSF3",-0.510895704053986,0.247078764760685,6,0,7.191,1,"unchanged"
"ACSL1",-1.46956646496262,0.118197618689536,1.4,0.6,5.105,5,"unchanged"
"ACSL5",-1.02357875822719,0.182780816135593,3,0,3.527,1,"unchanged"
"ACSM3",-2.60254773892259,0.0103235251558437,1.75,0.75,4.034,4,"repressed"
"ACSS2",-0.477982942780369,0.0117359827762105,1.875,0.375,4.246,8,"repressed"
"ACSS3",-0.367892910074533,0.17184204597766,1,1,2.914,1,"unchanged"
"ACTA2",1.31750306507449,0.043066419647977,2.714,0.5,3.924,14,"induced"
"ACTG2",0.260661810217579,0.750140573312785,3,0,3.64,2,"unchanged"
"ACTR10",-0.150857445274751,0.294669574459956,7,0,6.316,1,"unchanged"
"ACTR1B",-0.0355474839112624,0.84170384950561,7,0,3.728,1,"unchanged"
"ACTR3B",-0.0940349219541288,0.610292697963403,5,0,5.61,1,"unchanged"
"ACVR1B",-0.382532295221617,0.270079547185751,1,1,2.607,1,"unchanged"
"ADA",-1.22608282530075,0.0169759102221937,4,0,5.243,1,"repressed"
"ADA2",1.66490108412845,0.0534152012801568,5.25,0,5.863,4,"induced"
"ADAL",-0.088212607955124,0.758084471085336,1.5,0.5,3.067,2,"unchanged"
"ADAM11",-0.15817529851433,0.70910594305393,2,0,4.294,1,"unchanged"
"ADAM12",1.10769289838338,0.0226476295824122,4.5,0,5.153,2,"induced"
"ADAM19",1.76669827467378,0.0197489798867888,4.412,0,4.241,17,"induced"
"ADAM33",1.18967954966937,0.106406711957445,5,0,4.447,1,"unchanged"
"ADAM9",0.823955139899565,0.024373666771258,3,0,3.296,1,"induced"
"ADAMTS12",0.932064974840028,0.079244189242703,1.95,0.3,3.993,20,"induced"
"ADAMTS14",2.74819352071586,0.016513915436318,1.333,0.667,3.564,3,"induced"
"ADAMTS15",-0.88773525372383,0.0802970355219753,3.667,0,3.254,3,"repressed"
"ADAMTS6",0.372201324139071,0.663615753155357,5.667,0,5.816,3,"unchanged"
"ADAMTS7",0.887085707914753,0.0965568785371439,3.5,0,3.854,2,"induced"
"ADAMTSL1",-0.500945231134641,0.114681715258891,1,1,3.067,1,"unchanged"
"ADAMTSL2",2.55470701496036,0.00327118314837507,6,0,8.977,2,"induced"
"ADAMTSL4",1.63802112445801,0.00900256111141386,7,0,3.987,1,"induced"
"ADARB1",-0.290086009925039,0.224692742368941,3.667,0,8.097,3,"unchanged"
"ADCK1",-0.161029126113218,0.575393268965679,5,0,3.745,1,"unchanged"
"ADCY6",0.350424838458718,0.0777508712699682,5,0,7.055,1,"induced"
"ADCY7",1.10569431871937,0.0532113393369187,7,0,13.956,1,"induced"
"ADCYAP1R1",-0.989583870294879,0.109001999143435,4,0,5.135,3,"unchanged"
"ADD1",0.0702302811989286,0.622395765207737,2,0.5,3.807,2,"unchanged"
"ADD3",-0.536405266844175,0.0823957906871232,2.333,0.333,6.39,3,"repressed"
"ADGRA3",-0.689785582577096,0.0799512230428823,3,0,3.067,1,"repressed"
"ADGRB1",0.891131272520379,0.0372645777616886,6,0,7.515,1,"induced"
"ADGRD1",2.56515157619691,0.0121473339462536,4.333,0,3.724,3,"induced"
"ADGRD2",-0.451654094538632,0.585735679374037,2,0,3.221,2,"unchanged"
"ADGRF1",0.637394092593071,0.40571575098273,3,0,5.326,1,"unchanged"
"ADGRF5",-0.445221290603481,0.108711263661416,3.389,0,4.047,18,"unchanged"
"ADGRG1",0.765131558770313,0.0212350748880267,2.5,0.5,8.358,2,"induced"
"ADGRG5",2.15382414486191,0.0496643006817409,3,0,3.446,1,"induced"
"ADGRL1",0.172434663701042,0.509700855949833,1.909,0.545,3.762,11,"unchanged"
"ADGRL4",0.306499680333581,0.453481186799853,2,0,3.221,3,"unchanged"
"ADH4",-3.16030411936104,0.0110944525767244,2,0.4,4.97,5,"repressed"
"ADHFE1",-2.57286814079301,0.014651257206935,1,1,2.955,2,"repressed"
"ADIPOR2",0.102365864610983,0.532353147010774,2,0.667,3.111,3,"unchanged"
"ADK",-1.00578021845556,0.104438737783507,4.5,0,8.772,2,"unchanged"
"ADNP2",0.0589172497412678,0.72237828815101,7,0,15.12,2,"unchanged"
"ADORA2A",-0.219305364647683,0.50183526476678,3.25,0,3.777,4,"unchanged"
"ADORA2B",1.88768584186236,0.0437744275298405,5,0,4.908,1,"induced"
"ADORA3",1.83863496683851,0.044557464902497,7,0,3.65,1,"induced"
"ADPRM",0.158572856657353,0.626942804794872,3,0.667,4.168,3,"unchanged"
"ADPRS",0.212223769020932,0.124117828214287,2,0,2.76,1,"unchanged"
"ADRA1A",0.157646687978401,0.819533658149259,2,0,4.814,2,"unchanged"
"ADRA1D",0.163084916153834,0.81281949800575,1,1,2.846,1,"unchanged"
"ADRA2B",-1.01166769469012,0.0777508447513295,2,0.545,4.35,11,"repressed"
"ADRM1",-0.0463519932148992,0.799896212441936,1,1,3.067,1,"unchanged"
"ADSS1",-1.58649359438047,0.00793978426049497,4,0,3.834,1,"repressed"
"ADTRP",-0.684214467601906,0.416416956511985,2.2,0.6,5.788,5,"unchanged"
"AEBP2",-0.185254863641825,0.408940921471229,1.5,0.5,3.264,4,"unchanged"
"AFAP1L1",-0.360220903463196,0.259985730502132,4.667,0,4.171,3,"unchanged"
"AFF3",0.76162056283518,0.319814206965405,6,0,6.288,1,"unchanged"
"AFF4",-0.117553718665991,0.687005645660556,1,1,5.233,1,"unchanged"
"AFMID",-1.13050885917797,0.137905538448814,2,0,4.141,1,"unchanged"
"AGAP2",1.8503346638707,0.0330569629809659,6,0,7.055,1,"induced"
"AGBL2",0.0887984254281355,0.822528241990901,3.5,0.5,3.795,2,"unchanged"
"AGBL3",-0.862505325833644,0.102575206965285,2,0,9.489,1,"unchanged"
"AGFG1",0.136079658208799,0.334573374607655,3.5,0,3.079,2,"unchanged"
"AGFG2",0.482645160919136,0.0450988620285199,5.5,0,4.626,4,"induced"
"AGK",0.0619791062075308,0.731728929889203,3,0.5,3.699,6,"unchanged"
"AGL",-0.819927474933523,0.0365318809026318,1,1,1.916,1,"repressed"
"AGO4",-0.0340580972075388,0.865008732480177,4,0,3.757,2,"unchanged"
"AGPAT2",-0.275770706029081,0.531372946252713,1,1,3.067,2,"unchanged"
"AGPAT3",-0.766449831415724,0.0376381069757925,3.5,0,5.701,2,"repressed"
"AGPAT4",1.10248634948043,0.035129683360699,3.5,0,5.143,4,"induced"
"AGPS",-1.32901653182538,0.0249170080369284,1,1,3.941,4,"repressed"
"AGRN",0.383591130214608,0.215810336698877,5.5,0,8.238,2,"unchanged"
"AGTR1",-0.506984865439518,0.217207693771341,2.5,0.5,2.659,2,"unchanged"
"AGXT",-0.76063206319166,0.265920842521144,3,0,2.914,1,"unchanged"
"AGXT2",-1.15485401821496,0.261148634156985,2,0,5.336,4,"unchanged"
"AHCTF1",-0.282041061546336,0.165425247304116,1,1,4.447,2,"unchanged"
"AHCY",-1.07959352795471,0.0332173050185885,4,0,4.141,3,"repressed"
"AHCYL1",0.00731687008300952,0.963055195364393,5,0,3.895,1,"unchanged"
"AHNAK",0.454688591376723,0.126236536328256,6,0,29.795,1,"unchanged"
"AHRR",0.0206048258945912,0.969051020141132,1,1,2.196,1,"unchanged"
"AIF1",-0.451124279536858,0.306238810838713,1,1,2.796,1,"unchanged"
"AIFM3",-1.20997712834044,0.0125469047404911,3.5,0.5,4.232,2,"repressed"
"AIMP1",-0.0174211042280907,0.894550682012628,2,0,3.874,1,"unchanged"
"AIP",-0.314700688899324,0.122656670910152,5,0,3.796,3,"unchanged"
"AK1",0.554234884252312,0.101060162572761,7,0,9.401,1,"unchanged"
"AK2",-0.614851285202179,0.112807580207928,2,0,3.681,1,"unchanged"
"AK3",0.189814050426966,0.648737439701377,4,0,3.74,1,"unchanged"
"AK8",-0.373500005974673,0.223336584015124,6.5,0,4.637,2,"unchanged"
"AKAP11",-0.308327955661316,0.195822130852347,5,0,6.292,1,"unchanged"
"AKAP12",0.486968524345427,0.150064554815543,3.2,0,3.47,5,"unchanged"
"AKAP13",0.365718816108394,0.0505410618614913,3.5,0.25,4.617,4,"induced"
"AKAP5",0.246880717794293,0.578195123901866,7,0,9.463,1,"unchanged"
"AKIP1",0.385419136565798,0.0804585870849584,7,0,16.928,1,"induced"
"AKIRIN2",-0.167641007245876,0.125904505015044,3,0,3.527,1,"unchanged"
"AKR1A1",-1.0723779102464,0.0343200110408625,2.4,0,3.91,5,"repressed"
"AKR1B1",0.202067082127476,0.604690775122949,2.4,0,3.856,5,"unchanged"
"AKR1E2",-0.0826317611164304,0.77962099238324,6,0,9.012,1,"unchanged"
"AKT3",-0.034887963841828,0.929294662371166,2.6,0.4,3.31,5,"unchanged"
"ALAD",-0.414350019422971,0.35840721543091,5,0,3.966,1,"unchanged"
"ALAS1",0.955627178899104,0.0253989227152358,4,0,3.5,6,"induced"
"ALCAM",-0.324727702320287,0.251791667081587,6,0,5.744,1,"unchanged"
"ALDH18A1",-0.705146418209403,0.120077594532376,1,1,3.551,1,"unchanged"
"ALDH1A1",-0.767869538892385,0.222751531483691,4.25,0,4.055,4,"unchanged"
"ALDH1L1",-0.820765474975512,0.116095232542634,3,0,5.592,1,"unchanged"
"ALDH2",-1.33644095394022,0.015978157723988,4.2,0,3.89,5,"repressed"
"ALDH3A1",1.69319081269568,0.250846752556066,2,0,3.317,2,"unchanged"
"ALDH3A2",-0.691769668098739,0.0501478847524833,2.25,0.5,3.951,4,"repressed"
"ALDH3B1",0.300333725494432,0.559057070179826,4,0,2.76,1,"unchanged"
"ALDH4A1",-1.72400827989345,0.0360363765672953,3,0.2,3.097,5,"repressed"
"ALDH6A1",-1.46385846295389,0.02941303293271,1,1,2.823,1,"repressed"
"ALDH8A1",-1.40626214269196,0.0604779041971873,2,0,5.061,1,"repressed"
"ALDOA",-0.0253881715522191,0.936576813567202,2,0,3.557,2,"unchanged"
"ALDOB",-1.44891265122989,0.0804594969855566,3,0,6.509,1,"repressed"
"ALG12",-0.150129856798404,0.457888698540106,3,0,2.823,1,"unchanged"
"ALG8",-0.154230454131328,0.574009973078191,3,0,3.834,1,"unchanged"
"ALKBH1",0.217421088229144,0.131083861443874,2.2,0.8,6.256,5,"unchanged"
"ALKBH6",-0.131448798758013,0.425825579894051,5,0,2.823,1,"unchanged"
"ALKBH8",-0.379429772665611,0.074116395636281,7,0,16.633,1,"repressed"
"ALOX15B",-0.135925444086116,0.770526778519471,1,1,4.908,1,"unchanged"
"ALOX5AP",2.34766534276037,0.00819023980252681,3,0,3.728,3,"induced"
"ALPK1",0.0264436751053854,0.945263659025975,6,0,5.878,1,"unchanged"
"ALPK3",0.134959381898779,0.739452193282158,3.5,0.25,3.774,4,"unchanged"
"ALPL",-1.90749962048388,0.0446609237482236,1,1,3.681,1,"repressed"
"ALS2",-0.49431648350972,0.043066419647977,1,1,3.834,1,"repressed"
"ALX1",1.11190095517616,0.206899722122814,2,0,3.595,1,"unchanged"
"AMACR",-1.98639362370594,0.0304597476331822,1.875,0.375,4.169,8,"repressed"
"AMH",-0.351314554254905,0.432001202071276,3.25,0,3.284,4,"unchanged"
"AMIGO1",-0.613355095581236,0.0334700126074522,3.75,0,3.577,4,"repressed"
"AMN",-1.31404572249195,0.053929982387443,1,1,2.672,1,"repressed"
"AMOT",-0.177513585433433,0.560298914476587,3,0,3.527,5,"unchanged"
"AMZ2",-0.227206871838542,0.120931841087243,3,0.333,3.438,9,"unchanged"
"ANAPC10",-0.230171804014031,0.447840099168915,1,1,3.834,1,"unchanged"
"ANAPC13",-0.413040694606781,0.10429582732512,1.75,0.5,5.819,4,"unchanged"
"ANAPC15",-0.407348752690489,0.0477144454270132,2,0,3.374,2,"repressed"
"ANGPT1",-0.833221039105966,0.0495604485857703,1,1,3.807,7,"repressed"
"ANGPT2",0.97126810841879,0.218882024669625,3.5,0,3.517,6,"unchanged"
"ANGPT4",1.88936826601582,0.0159788702269882,2,0,3.618,2,"induced"
"ANGPTL1",-0.408512291068578,0.601102082495297,3.375,0,3.432,8,"unchanged"
"ANGPTL2",0.900058819885792,0.0491698407859276,3,0,2.76,1,"induced"
"ANGPTL4",2.37371040881791,0.00592913875525179,5,0,4.034,2,"induced"
"ANGPTL6",1.27488505665931,0.215927777382892,7,0,10.587,1,"unchanged"
"ANHX",-1.3132336477145,0.322265494486829,5,0,3.221,1,"unchanged"
"ANKFY1",0.0663669209882549,0.538825263576752,1,1,2.76,1,"unchanged"
"ANKH",-0.00193293066955569,0.992774637697256,3.5,0.5,5.214,2,"unchanged"
"ANKLE1",-0.0577973220777035,0.904652433569513,3,0,4.141,1,"unchanged"
"ANKMY1",-0.0646435263068472,0.85606333274303,7,0,3.45,1,"unchanged"
"ANKMY2",-0.663992185056804,0.00666061050463166,2.5,0.25,3.989,4,"repressed"
"ANKRD1",3.66708683233811,0.00819023980252681,2.286,0.429,3.684,7,"induced"
"ANKRD12",0.307459136815153,0.212010472767172,1,1,3.371,2,"unchanged"
"ANKRD13A",0.24641788182961,0.200473756119512,7,0,6.913,1,"unchanged"
"ANKRD16",0.0954366957094219,0.724077648558777,3,0,3.446,1,"unchanged"
"ANKRD22",-0.0132502700014663,0.986559913827966,2,0,4.344,1,"unchanged"
"ANKRD23",-0.290215234924873,0.222858537361055,3.5,0,3.987,2,"unchanged"
"ANKRD33",-0.00742455342576398,0.989228966228269,1,1,3.374,1,"unchanged"
"ANKRD33B",1.35910512197555,0.0154162796343122,3,0,2.879,2,"induced"
"ANKRD39",-0.287346889842721,0.364349157391533,6,0,3.673,2,"unchanged"
"ANKRD44",0.0279323344689049,0.928138211907415,2.333,0.5,4.475,6,"unchanged"
"ANKRD50",-0.351694747130098,0.246370096738025,4,0,3.221,1,"unchanged"
"ANKRD6",0.230084081832269,0.66868661750947,2,0,3.473,1,"unchanged"
"ANKRD9",0.22082870936144,0.461797605235782,7,0,18.451,1,"unchanged"
"ANKS1A",-0.464903606610597,0.0905709192589776,4,0,3.491,14,"repressed"
"ANKS3",-0.22568757228195,0.122418061000996,4.667,0,10.633,3,"unchanged"
"ANKS4B",-1.94310389527709,0.00424104458279326,2.429,0.286,3.521,7,"repressed"
"ANO1",1.22172599165399,0.0603253918394677,2.8,0,4.212,10,"induced"
"ANO10",-0.311905239776896,0.580352519593489,1.5,0.5,4.102,4,"unchanged"
"ANO3",0.0921027225562516,0.86951517572713,1,1,2.914,1,"unchanged"
"ANO6",-0.102775723609391,0.678120225936642,5,0,4.447,1,"unchanged"
"ANO9",1.77222795957824,0.097792927800864,2.5,0,4.524,2,"induced"
"ANPEP",-1.59119787335568,0.0137795646751651,2.333,0.167,3.643,6,"repressed"
"ANTXR2",0.226221766499123,0.393646060512588,4.667,0,3.401,3,"unchanged"
"ANXA1",1.40525078964072,0.0117361806420007,5,0,4.294,1,"induced"
"ANXA11",0.183407892731582,0.221029839944815,4.077,0,4.177,13,"unchanged"
"ANXA13",-0.40389890430704,0.772441357362473,1.625,0.5,3.715,8,"unchanged"
"ANXA2",1.40821579252418,0.00906890665518447,6,0,3.796,2,"induced"
"ANXA3",1.40857523671105,0.0103506261774727,3,0,3.681,1,"induced"
"ANXA6",0.413064676428025,0.329621745662379,4,0,5.065,2,"unchanged"
"ANXA7",-0.0506061728200731,0.838835314424782,7,0,18.249,1,"unchanged"
"AOAH",2.63086722345612,0.00900256111141386,2,0,4.46,1,"induced"
"AOC1",-1.84807046961203,0.0692511106309885,1.833,0.333,5.746,6,"repressed"
"AOC3",0.303118296522164,0.580532457153004,4.5,0.167,7.712,6,"unchanged"
"AOPEP",0.204570918911629,0.331982240934334,3,0.667,4.11,3,"unchanged"
"AP1B1",0.401619596378254,0.058344926841289,2.333,0,3.678,3,"induced"
"AP1G1",-0.30283996027169,0.206524713551853,6,0,3.56,2,"unchanged"
"AP1G2",-0.492084721163803,0.0197081886017078,6,0,9.763,1,"repressed"
"AP1M2",0.0617472932915879,0.844082801590369,5.5,0,5.82,4,"unchanged"
"AP1S3",-0.143141396995211,0.566416240095891,2.143,0.286,3.317,7,"unchanged"
"AP2A1",0.373737156171781,0.0130218261441627,5.333,0,6.977,3,"induced"
"AP2B1",-0.376657646573983,0.283142111017102,7,0,10.105,1,"unchanged"
"AP2M1",-0.341116923632139,0.0657635845999211,4,0,5.051,2,"repressed"
"AP2S1",-0.14377811005604,0.411266442637269,3,0,3.375,1,"unchanged"
"AP3B2",0.196597579710105,0.652054689899999,5,0,5.429,1,"unchanged"
"AP3M1",-0.138888138541335,0.529807390794585,4.5,0,8.772,2,"unchanged"
"AP3S2",0.28955382430169,0.10244564166505,2,0,2.82,2,"unchanged"
"AP4B1",0.0698905237723118,0.708576248435495,4,0,3.629,2,"unchanged"
"AP5S1",-0.187554108775327,0.371605844888968,6,0,3.527,1,"unchanged"
"AP5Z1",0.23256161355045,0.36085185528079,6,0,6.338,1,"unchanged"
"APCDD1L",-0.855643028604491,0.25903796683896,1.5,0.875,4.22,8,"unchanged"
"APH1B",-0.490883813535169,0.073067683646693,1,1,3.87,2,"repressed"
"APLN",0.468738346195134,0.594987595586305,7,0,4.447,1,"unchanged"
"APLNR",-1.35306430122177,0.0216664626047202,3,0,5.214,1,"repressed"
"APLP1",0.239005648136422,0.30108930704601,5,0,4.006,1,"unchanged"
"APOA1",-0.643633415260465,0.212244431857492,4.167,0.083,4.837,12,"unchanged"
"APOA2",-0.981330940884284,0.267471173250258,2.667,0,3.527,3,"unchanged"
"APOD",-1.58146971162826,0.103103030735827,1.333,0.667,3.221,3,"unchanged"
"APOE",2.09907652702325,0.0150902539286614,5.5,0,5.521,2,"induced"
"APOM",-1.0701605855955,0.0315568329668015,5,0,5.183,1,"repressed"
"APP",-0.469314879845472,0.041160933909829,2.267,0.467,3.978,15,"repressed"
"AQP2",-2.26241095151202,0.00989188249063757,4,0,4.155,2,"repressed"
"AQR",-0.110020567250061,0.558945997119298,7,0,12.847,1,"unchanged"
"AR",-0.650145508233849,0.0253403753585061,2,0,4.58,1,"repressed"
"ARAF",-0.14313043012501,0.280015092869863,6,0,7.745,2,"unchanged"
"ARAP1",0.730310333952177,0.0872588914099609,4.8,0,2.975,5,"induced"
"ARAP3",-0.144577597549187,0.552154032931334,4,0,5.674,1,"unchanged"
"ARCN1",-0.16631271419065,0.35429213218277,2,0,2.914,1,"unchanged"
"AREL1",0.13803183145928,0.192923281589666,5,0,4.494,1,"unchanged"
"ARF1",-0.0705887529545155,0.683162628141887,4.286,0,4.207,7,"unchanged"
"ARF3",-0.406236978218957,0.0550536939757532,5,0,4.809,1,"repressed"
"ARFGAP1",-0.109357444744007,0.568606657445355,3,0,4.29,1,"unchanged"
"ARFGAP2",0.0250998656223453,0.859372428875183,1,1,3.427,1,"unchanged"
"ARFGAP3",-0.526264514346717,0.0617977261689919,5,0,3.374,1,"repressed"
"ARFGEF1",-0.483468303733271,0.0862132178823082,1.25,0.75,5.044,4,"repressed"
"ARFIP2",-0.17007207736819,0.202465073416406,4.5,0,9.16,2,"unchanged"
"ARGLU1",-0.0682972151511088,0.753789514895283,2,0.25,3.94,4,"unchanged"
"ARHGAP1",0.0546687415013514,0.618720886188943,1,1,2.525,1,"unchanged"
"ARHGAP12",-0.657758989822572,0.0352819899290747,4,0,3.444,1,"repressed"
"ARHGAP17",-0.334931840301889,0.457454846802847,3.214,0.286,5.293,14,"unchanged"
"ARHGAP19",-0.389788723311242,0.0813881004750893,4.8,0,6.01,5,"repressed"
"ARHGAP21",-0.0383668140360989,0.830082942294495,3.143,0.143,2.957,7,"unchanged"
"ARHGAP23",0.25549112977354,0.423646451711236,2,0,3.681,1,"unchanged"
"ARHGAP26",-0.188593363707958,0.305886122864523,3.391,0.13,3.83,23,"unchanged"
"ARHGAP28",-0.852293561532055,0.124673652499447,7,0,15.183,1,"unchanged"
"ARHGAP29",-0.234048250237775,0.220278314696632,1.786,0.571,3.633,28,"unchanged"
"ARHGAP31",-0.161288751398448,0.673048278435904,4.333,0,6.493,6,"unchanged"
"ARHGAP4",1.07099165636355,0.0779492930517884,2,0,3.221,3,"induced"
"ARHGAP42",0.441954652040748,0.167350858517415,2.333,0.333,3.936,3,"unchanged"
"ARHGAP8",-0.416963909261543,0.198803570807015,2,0,3.834,1,"unchanged"
"ARHGAP9",1.9918232626692,0.0464221673467313,5,0,3.834,1,"induced"
"ARHGDIB",0.87844671144601,0.0201736378098692,6,0,8.281,1,"induced"
"ARHGEF10",-0.0582670743633891,0.849962843025564,6,0,5.214,1,"unchanged"
"ARHGEF15",-0.32662739323823,0.208595156921936,3,0,2.914,1,"unchanged"
"ARHGEF19",0.75304971792538,0.0768245224267528,6,0,5.741,3,"induced"
"ARHGEF39",0.245305644056971,0.469966369755477,6.5,0,6.433,2,"unchanged"
"ARHGEF5",0.911491347452779,0.0115477696540253,7,0,6.509,1,"induced"
"ARHGEF6",0.435378095404486,0.27371115542112,5.5,0,8.435,2,"unchanged"
"ARHGEF9",-0.44618518395961,0.214324237796564,7,0,9.815,1,"unchanged"
"ARID1B",0.037461487035519,0.735826558468744,6.5,0,15.599,2,"unchanged"
"ARID3C",1.3548524412639,0.0227279084675919,1.5,0.5,3.82,2,"induced"
"ARID5A",1.05896184569099,0.0238398305065977,7,0,9.327,1,"induced"
"ARL1",-0.113642281214894,0.480329491544268,1,1,4.294,1,"unchanged"
"ARL11",2.6174478936031,0.0208951630649627,2.333,0,3.783,3,"induced"
"ARL3",-0.184495625600604,0.267060213784614,2,0,4.339,1,"unchanged"
"ARL5A",-0.0961778273398801,0.693545821205075,1,1,3.834,1,"unchanged"
"ARL5C",1.84994158914798,0.196293436933818,7,0,4.408,1,"unchanged"
"ARL6IP1",-0.161989688017639,0.407043353070226,3.5,0.25,9.474,4,"unchanged"
"ARMC10",-0.591144541229743,0.00597864393668999,1,1,2.945,3,"repressed"
"ARMC3",1.08800816618287,0.115865057772599,1,1,4.494,1,"unchanged"
"ARMC8",-0.013714218464167,0.938610434478352,2,0,2.914,1,"unchanged"
"ARMC9",-0.169030704341826,0.433630575470111,4,0,3.067,1,"unchanged"
"ARMH1",-0.754813910708131,0.0378526502991402,3.667,0,6.047,3,"repressed"
"ARMT1",-0.560926029162962,0.0308340356612927,3.667,0,4.275,3,"repressed"
"ARNT2",-0.22817613742687,0.482093876246079,2.333,0,3.355,3,"unchanged"
"ARPC2",0.151425383710864,0.301755407243905,3.143,0.286,4.326,7,"unchanged"
"ARPC4",0.207457346951173,0.293988908076629,3,0.25,6.443,4,"unchanged"
"ARPC5L",0.624274717327306,0.0302574396641455,3,0,3.831,2,"induced"
"ARRB1",0.0814948872695922,0.830082942294495,3,0,3.692,4,"unchanged"
"ARRDC1",0.0347666299129665,0.868590283471171,4.333,0,5.641,3,"unchanged"
"ARRDC5",0.613117257735148,0.261592271083668,6,0,2.515,1,"unchanged"
"ARSA",-0.12803924493374,0.53657109717038,4,0,4.141,2,"unchanged"
"ARSD",-0.567756891740729,0.10244564166505,4,0,4.372,3,"unchanged"
"ARSI",1.55359839039759,0.0666080828904693,4,0.2,4.485,5,"induced"
"ARSK",-0.70528099716557,0.0330569629809659,1,1,4.677,2,"repressed"
"ART4",0.0975855085223065,0.890366442980587,1,1,3.717,3,"unchanged"
"ARV1",0.461246675009549,0.250846752556066,2,0,3.374,1,"unchanged"
"ARVCF",-0.523266367320764,0.0245984270450917,4.333,0,7.009,3,"repressed"
"ASAH1",-0.772075978891234,0.0926253651952904,4,0,3.374,1,"repressed"
"ASAH2",-2.02106807975738,0.00680787315136597,4,0,6.627,1,"repressed"
"ASB2",0.563242563052155,0.463357968167664,4.75,0,3.509,4,"unchanged"
"ASB5",-1.41584156034039,0.109235322918169,3.667,0,5.061,3,"unchanged"
"ASB6",0.294967743250768,0.0736308469128074,4.222,0,5.289,9,"induced"
"ASCC2",-0.237796947067447,0.254806140697379,1.5,0.5,4.601,2,"unchanged"
"ASDURF",-0.34171090219356,0.243963674861237,7,0,14.184,1,"unchanged"
"ASF1B",1.13605051657333,0.0429931627663443,6,0,3.221,1,"induced"
"ASIC4",-2.31974855602423,0.0182170507523789,1.5,0.5,2.76,2,"repressed"
"ASNS",1.13887226313984,0.0239124363657861,6,0,6.134,1,"induced"
"ASNSD1",-0.315486539091218,0.0471004896400536,7,0,14.184,1,"repressed"
"ASPA",-0.987856307541325,0.0430563298402366,4,0,3.978,6,"repressed"
"ASPH",-0.445882028371711,0.258191512682405,1.75,0.5,5.081,4,"unchanged"
"ASPHD2",1.00132676890624,0.0732025113237811,3,0,2.914,1,"induced"
"ASPN",0.86267502039905,0.173498867753873,4,0.333,3.91,6,"unchanged"
"ASPSCR1",-0.353440952167206,0.088313810282639,6,0,3.616,1,"repressed"
"ASRGL1",0.0200200880743768,0.901969911529368,7,0,7.834,1,"unchanged"
"ASS1",-0.714955102315376,0.278043974634874,3,0,4.46,1,"unchanged"
"ASTN1",-1.28278030034977,0.0435604107071311,1,1,3.728,2,"repressed"
"ASXL1",0.0756852005719546,0.663427548221081,2.8,0,4.104,5,"unchanged"
"ASXL2",-0.352489905673881,0.117002128558502,2,0,2.607,1,"unchanged"
"ATF4",0.533464040223653,0.0446001367314445,5,0,4.275,1,"induced"
"ATF5",0.528549475138983,0.0863269046779231,5,0,5.214,1,"induced"
"ATF6B",0.24690950027633,0.26464708621748,6,0,6.429,1,"unchanged"
"ATF7IP",-0.0276864254633233,0.897370440877179,5,0,9.515,1,"unchanged"
"ATF7IP2",0.786026204988079,0.136427982978084,1,1,2.81,2,"unchanged"
"ATG10",-0.505020414010536,0.0362816147800143,7,0,21.191,1,"repressed"
"ATG101",-0.353191405875797,0.0379545010963794,4,0,3.504,2,"repressed"
"ATG16L2",0.527556184613134,0.319752466946374,4.333,0,6.135,3,"unchanged"
"ATG2A",0.447043380791531,0.0249302244473648,4.5,0,8.147,2,"induced"
"ATG4B",-0.100840728282763,0.571217273714356,4,0,2.652,1,"unchanged"
"ATG9B",-0.574959505662502,0.138954022869632,6,0,5.393,1,"unchanged"
"ATM",-0.0284796957483717,0.897775383748752,3.667,0,7.157,3,"unchanged"
"ATN1",-0.0298011509224381,0.861365846633005,6,0,14.243,1,"unchanged"
"ATOX1",0.103128716981617,0.708727585975223,2,0,2.672,1,"unchanged"
"ATP10A",1.04667350066508,0.0199636855636103,7,0,12.115,1,"induced"
"ATP10D",-0.486855079826037,0.048814632683616,1,1,4.042,5,"repressed"
"ATP11A",-0.782935097774503,0.0926253651952904,5,0,3.641,2,"repressed"
"ATP13A2",0.574280975844577,0.0388905775912027,6,0,3.067,1,"induced"
"ATP13A3",-0.129532571254546,0.685897900241838,7,0,14.046,1,"unchanged"
"ATP1A1",-0.135556629082854,0.689918159962825,1.6,0.4,3.174,5,"unchanged"
"ATP1B2",-0.304625857203764,0.529544704892473,6,0,5.373,1,"unchanged"
"ATP1B3",0.636642806250806,0.0346062475161649,5.667,0,8.519,3,"induced"
"ATP2A2",0.293717947284964,0.223585383801858,4,0,3.221,1,"unchanged"
"ATP2A3",0.81076615179688,0.255186011674557,3,0.667,4.217,3,"unchanged"
"ATP2B2",-1.28514441307701,0.0486385016855841,2,0,2.76,2,"repressed"
"ATP2B4",0.70584772833852,0.0417521766204149,5.4,0,3.745,5,"induced"
"ATP2C1",-0.42187048503532,0.0371734078131957,7,0,25.002,1,"repressed"
"ATP5F1B",-0.674613976283537,0.0905505567721186,2,0,3.296,1,"repressed"
"ATP5MF",-0.633466664637226,0.025180536331145,3,0,2.914,1,"repressed"
"ATP5MG",-0.67969800818449,0.0176832753748817,1.25,0.75,3.489,4,"repressed"
"ATP5MJ",-0.373746946408943,0.0766806417081537,7,0,25.034,1,"repressed"
"ATP5PD",-0.466879981047141,0.0509947776508049,7,0,21.484,1,"repressed"
"ATP5PO",-0.517992141480517,0.034479442735859,7,0,10.132,1,"repressed"
"ATP6V0A1",-0.827300714816396,0.0879765755323969,2.889,0.111,3.813,9,"repressed"
"ATP6V0A4",-1.08147770607487,0.0184303754820748,1.389,0.833,4.029,18,"repressed"
"ATP6V0D1",-0.307831084802468,0.115925507819293,5.333,0,4.289,3,"unchanged"
"ATP6V0D2",-0.978705271383209,0.0737844764541739,1.5,0.5,3.702,2,"repressed"
"ATP6V1B1",-1.10498230357581,0.0270545007244357,1,1,2.914,1,"repressed"
"ATP6V1C1",-0.421219878684197,0.1539770101939,1,1,3.793,5,"unchanged"
"ATP6V1E1",-0.578579263346264,0.0530975450597964,2,0,3.146,1,"repressed"
"ATP6V1E2",-1.95925716043269,0.0048133053088007,2.6,0.6,5.859,5,"repressed"
"ATP6V1F",-0.32136910032204,0.105968861105528,5,0,5.674,1,"unchanged"
"ATP8A1",-0.37426207896659,0.238781557011528,2.5,0,2.75,2,"unchanged"
"ATP8B1",1.01013729952867,0.00577770871303924,4.778,0.111,4.383,9,"induced"
"ATP9A",0.601691306809913,0.0353806445934402,6,0,6.431,1,"induced"
"ATXN2L",0.168313295866619,0.277745768375079,6,0,5.121,1,"unchanged"
"ATXN7L1",-0.464150556295937,0.20539109871862,5,0,3.781,2,"unchanged"
"ATXN7L3",0.267832490866867,0.0744262657543416,4,0,3.784,2,"induced"
"AUH",-1.0129138990607,0.052653958075998,3.75,0.25,6.277,4,"repressed"
"AVIL",0.215610658929794,0.684249368944854,3,0,2.641,3,"unchanged"
"AVPI1",0.264365475637043,0.453620092714992,5.4,0,3.511,5,"unchanged"
"AVPR1A",-1.35979835883498,0.0289739157534186,5,0,5.543,1,"repressed"
"AVPR2",-0.494599462170446,0.336390410518131,2,0,3.221,3,"unchanged"
"AXIN2",1.32573417509962,0.0151795643224184,6,0,3.874,1,"induced"
"AXL",0.447583884406933,0.11662410554183,6,0,14.16,1,"unchanged"
"AZGP1",-2.24360875455384,0.0389982085396832,7,0,7.609,1,"repressed"
"AZI2",-0.319467345148363,0.194873294806795,1,1,4.038,3,"unchanged"
"B2M",0.364224119424508,0.241032058427178,4.667,0,4.112,3,"unchanged"
"B3GNT3",0.563599662631963,0.128428195566943,3.75,0,4.471,4,"unchanged"
"B3GNT7",-0.863179354313445,0.0404048336550072,3.2,0.4,7.243,5,"repressed"
"B3GNT8",0.374267160702063,0.28762828890181,6,0,9.355,1,"unchanged"
"B4GALNT3",-1.6820880468474,0.0106256774396486,2.5,0,3.451,2,"repressed"
"B4GALT3",0.0425399413665426,0.826777988818611,4,0,4.303,2,"unchanged"
"B4GALT4",0.556581601557215,0.0291337537549721,6,0,11.452,2,"induced"
"B9D1",-0.0261126898045996,0.879417885110195,3,0.5,4.447,2,"unchanged"
"B9D2",0.0443936736228707,0.885107795226699,6,0,6.102,1,"unchanged"
"BAAT",0.409328460129002,0.360007584104035,3.1,0,6.153,10,"unchanged"
"BABAM2",0.0476960480426207,0.74970286023077,3.2,0.2,3.718,5,"unchanged"
"BAG1",-0.17583096578043,0.271738953837762,1.5,0.5,2.424,2,"unchanged"
"BAG3",0.102216154534785,0.764692519192374,3,0,4.882,1,"unchanged"
"BAG5",0.18835911058001,0.174423794957545,5,0,6.442,1,"unchanged"
"BAHD1",-0.0161697705847326,0.901627713643387,5,0,4.047,2,"unchanged"
"BAIAP2L2",0.602029183782189,0.233827093963612,3.5,0,2.925,2,"unchanged"
"BAK1",0.725622950504085,0.0417521766204149,6,0,6.667,3,"induced"
"BANF2",-1.13446729340799,0.138439225352129,5,0,5.393,1,"unchanged"
"BATF",1.49634347459398,0.0532488931682245,7,0,5.368,1,"induced"
"BATF3",0.832332179940709,0.273401447395069,3.5,0.5,4.722,2,"unchanged"
"BAZ1A",1.18807492599281,0.011489686735547,7,0,14.26,1,"induced"
"BAZ1B",-0.0299478626564706,0.841982763459147,2.25,0.25,4.003,4,"unchanged"
"BAZ2A",0.0679519773750643,0.637349374193708,4,0,26.601,1,"unchanged"
"BAZ2B",-0.467686022623306,0.0593367758640143,7,0,26.757,1,"repressed"
"BBC3",0.873549109448797,0.109391901893216,6,0,5.828,1,"unchanged"
"BBIP1",-0.494032655002235,0.0860529192698346,1,1,3.852,2,"repressed"
"BBOX1",-0.573988203255468,0.459277162432373,1.667,0.333,4.135,9,"unchanged"
"BBX",-0.0657533402449753,0.757093912971266,7,0,20.266,1,"unchanged"
"BCAR1",-0.0816776823395493,0.742984816621628,7,0,10.264,1,"unchanged"
"BCAR3",-0.338516932841324,0.254806140697379,3.5,0,6.411,6,"unchanged"
"BCAS3",-0.0607027235727635,0.718462078218655,7,0,8.066,1,"unchanged"
"BCKDHA",-0.947725065919017,0.0744397064536526,4,0,4.335,1,"repressed"
"BCL11A",1.62982827882129,0.177793325981307,4,0,3.987,1,"unchanged"
"BCL2A1",0.0179225512676799,0.964810112341315,4,0,6.145,1,"unchanged"
"BCL2L14",0.112576907388526,0.840750888755963,6,0,3.527,1,"unchanged"
"BCL6",0.283343608553714,0.355195974619481,3.267,0.133,5.623,15,"unchanged"
"BCL7A",0.156951795970882,0.557564142811227,4.5,0,14.412,2,"unchanged"
"BCL7B",-0.191700673149414,0.149217659647878,6,0,12.597,2,"unchanged"
"BCL9",0.135146335844348,0.515136260512436,4.333,0,6.676,3,"unchanged"
"BCO1",-1.01224794976125,0.198220266491147,2.5,0,3.575,2,"unchanged"
"BCO2",0.6605327788351,0.0839211283014423,1,1,3.163,1,"induced"
"BCOR",0.401900549993567,0.0289739157534186,2.333,0.667,5.632,3,"induced"
"BCORL1",-0.238696564218324,0.257747714459177,6.5,0,8.243,4,"unchanged"
"BDH1",-0.735849264003289,0.278683017188834,5,0,5.657,2,"unchanged"
"BDP1",-0.161576660404401,0.531137515676507,7,0,12.455,1,"unchanged"
"BECN1",-0.154690033114425,0.124841378982009,1.5,0.5,5.118,4,"unchanged"
"BEND4",-1.77087216299671,0.214969117590308,1.667,0.667,3.75,3,"unchanged"
"BEND7",-1.11016793985351,0.0509831073409678,1.5,0.5,4.001,4,"repressed"
"BEST1",0.724650514144498,0.160419030416756,4.333,0,10.517,3,"unchanged"
"BFSP1",0.487608112877605,0.0748503469380426,3.5,0,3.766,4,"induced"
"BGN",0.785222968839689,0.106406711957445,4.5,0,3.451,2,"unchanged"
"BHLHE22",2.62570340289903,0.0175362268964315,3,0,4.754,1,"induced"
"BICC1",-0.100221019872844,0.710839526222096,1,1,3.072,1,"unchanged"
"BICD1",-0.90242377004724,0.0529118467432677,2,0,2.76,1,"repressed"
"BICD2",0.288710097676479,0.0368078663059152,3.6,0,4.015,5,"induced"
"BIK",0.8225542552019,0.170737255312707,4,0,2.3,1,"unchanged"
"BIN1",-0.453677230614536,0.0534191794181437,1.5,0.5,3.857,4,"repressed"
"BIN2",1.63411105399778,0.0446001367314445,2.75,0.25,4.87,4,"induced"
"BIN3",0.0122189731681033,0.959717596221456,3.125,0.125,4.212,8,"unchanged"
"BLCAP",-0.520354014890597,0.0410066595507282,2,0,3.34,1,"repressed"
"BLM",0.683643593089853,0.0743119862353517,4,0,2.962,2,"induced"
"BLMH",-0.236746256953163,0.234006799519947,5,0,8.281,1,"unchanged"
"BLNK",0.997859062998317,0.0781447931379247,3,0,4.22,3,"induced"
"BLOC1S1",-0.429404260614493,0.0288830752793554,2.75,0,2.914,4,"repressed"
"BLOC1S2",0.269673334357993,0.127620226301448,1,1,3.221,1,"unchanged"
"BLOC1S6",0.0182170750227511,0.951665236157026,6,0,4.46,1,"unchanged"
"BMF",0.451632412162945,0.46756582576547,5,0,2.745,1,"unchanged"
"BMI1",0.295225673303833,0.0775273811969579,6,0,7.131,2,"induced"
"BMP1",1.64099080771181,0.020034313162038,4.333,0,3.183,6,"induced"
"BMP2K",0.0435208140181551,0.890352609838877,3,0.3,3.596,10,"unchanged"
"BMP4",-0.874126543996827,0.0053583263466937,2,0.667,3.123,3,"repressed"
"BMP5",-0.67069170247581,0.444750552284955,3,0,3.193,2,"unchanged"
"BMP7",-0.50668223375107,0.1814418090292,1,1,3.374,1,"unchanged"
"BMPER",1.1408381855355,0.0988963270497394,5,0,8.149,1,"induced"
"BMS1",0.0778862392864426,0.660363444543642,7,0,32.958,1,"unchanged"
"BNIP3",-0.751514610122403,0.0776332924190361,6,0,8.511,2,"repressed"
"BOC",0.359539233961224,0.305196483229015,4,0,2.984,4,"unchanged"
"BOLA1",-0.0672960864630223,0.794779553965905,3,0,2.531,1,"unchanged"
"BOLA2B",-0.422105694149978,0.0544616250127901,7,0,17.067,1,"repressed"
"BOP1",0.229884657013419,0.199707264266938,2,0.5,3.177,2,"unchanged"
"BORCS6",0.0591879356779526,0.76956621463266,7,0,12.614,2,"unchanged"
"BPGM",-0.0894755642470972,0.773336152176298,7,0,8.568,1,"unchanged"
"BPIFC",-0.429509820818939,0.276893796868924,4,0,2.697,1,"unchanged"
"BRCA1",0.0871710176219784,0.803694316975333,2.4,0.4,4.747,5,"unchanged"
"BRD2",0.152737925669279,0.369468828059855,5,0,3.821,1,"unchanged"
"BRD3",0.0721974894491391,0.576078467359497,7,0,14.876,1,"unchanged"
"BRD3OS",-0.0662697468158076,0.883747331550323,3.333,0,6.949,3,"unchanged"
"BRD4",0.0268738017382208,0.857446830993156,2.5,0.5,3.221,2,"unchanged"
"BRI3",-0.900916312359462,0.011065134798927,3,0,4.941,1,"repressed"
"BRIP1",-0.705706521834821,0.0162849898496127,1,1,3.221,1,"repressed"
"BRME1",0.0395690346580198,0.91857288814718,4,0,4.141,4,"unchanged"
"BRWD1",-0.0189741446641341,0.89951153168493,4,0,3.253,2,"unchanged"
"BTBD2",0.0418349257233706,0.831384479205633,6.5,0,5.487,2,"unchanged"
"BTD",-0.454128153626887,0.0965038596149398,3,0,3.595,2,"repressed"
"BTF3L4",-0.109119280612346,0.557774185193409,2.667,0.333,4.335,3,"unchanged"
"BTNL9",-0.903371312110877,0.153647386282609,1.667,0.333,3.3,3,"unchanged"
"BTRC",-0.385254408453618,0.0771693029972071,3,0,4.644,1,"repressed"
"BUB1",2.41849297163616,0.0200545372372458,1,1,3.527,1,"induced"
"BUB1B",1.1843323899034,0.0515106966353291,2.5,0,4.524,2,"induced"
"BUD13",-0.0687463924840426,0.795240641481635,7,0,20.467,1,"unchanged"
"BVES",-0.854519686444589,0.089741917968135,6,0,8.689,1,"repressed"
"BYSL",0.0381293779648448,0.830082942294495,4.5,0,3.337,2,"unchanged"
"BZW1",0.162278764639118,0.35973078231636,4.5,0,4.756,2,"unchanged"
"BZW2",0.507022671160709,0.0435498656290897,2.5,0.25,3.989,4,"induced"
"C1GALT1C1",-0.0285597998954321,0.924492737629551,7,0,17.023,2,"unchanged"
"C1QTNF1",0.906060997216786,0.149581322511837,5.333,0,4.559,6,"unchanged"
"C1QTNF3",-1.54547927139789,0.0359061087688741,1.875,0.375,4.169,8,"repressed"
"C1QTNF4",0.712001333778511,0.457454846802847,2.5,0.5,4.813,2,"unchanged"
"C1QTNF6",0.241539973194504,0.70321759264377,3,0,4.217,2,"unchanged"
"C1QTNF7",0.43206634118618,0.451272433811188,3,0,4.462,4,"unchanged"
"C2CD3",-0.0631774844413,0.715721375973942,7,0,2.621,1,"unchanged"
"C2CD5",-0.495761040082509,0.0346262537109407,2,0,3.527,1,"repressed"
"C5AR1",2.51658736637929,0.0048133053088007,5.333,0,3.401,3,"induced"
"C5AR2",2.25693425450643,0.00495981158313894,5.333,0,3.401,3,"induced"
"C6",2.09822310021995,0.0153392148220515,3,0.25,3.584,4,"induced"
"C7",1.75899864896145,0.0147765997976075,5.5,0,2.738,2,"induced"
"C9",0.268169565500281,0.83923809704824,1.818,0.364,4.132,11,"unchanged"
"CA13",0.9062167098462,0.0771693029972071,7,0,8.539,1,"induced"
"CA14",-1.19858467008257,0.00859810667119271,6,0,6.55,3,"repressed"
"CA15",-2.19117385062153,0.0317321182951266,2,0,2.547,1,"repressed"
"CA1H1orf35",-0.331464794794309,0.0514348336931056,4.286,0,4.207,7,"repressed"
"CA1H5orf15",0.103133879811001,0.582498700985167,3,0,3.911,2,"unchanged"
"CA1H5orf22",0.125591748231777,0.538244788814071,2,0,3.374,1,"unchanged"
"CA1H5orf34",0.0798849666861261,0.859167169647931,5,0,5.424,2,"unchanged"
"CA1H5orf58",-2.65967594052653,0.042305520827303,1,1,3.616,1,"repressed"
"CA1H5orf63",-0.0951617676484631,0.757890794178627,2.5,0.5,3.223,2,"unchanged"
"CA2",-1.10442716588034,0.0270545007244357,1.5,0.5,3.257,10,"repressed"
"CA2H19orf25",0.173320042255262,0.451420974360204,7,0,6.586,1,"unchanged"
"CA2H19orf38",1.14030739390525,0.0435498656290897,2.5,0,2.914,2,"induced"
"CA2H3orf18",-0.364186265630468,0.169425362407261,1,1,3.374,1,"unchanged"
"CA2H3orf62",0.371677820341904,0.112476126020722,6,0,3.977,1,"unchanged"
"CA3",-0.866203486008213,0.412203604217614,1.667,0.333,3.222,3,"unchanged"
"CA3H20orf204",-0.0601437492799013,0.84170384950561,1,1,2.996,1,"unchanged"
"CA3H20orf27",0.101170587804318,0.787683990714202,5,0,3.783,3,"unchanged"
"CA3H20orf96",-0.171786962517371,0.732196024827149,6.5,0,6.74,2,"unchanged"
"CA3H2orf49",0.0269592525891698,0.892501990555939,7,0,23.157,1,"unchanged"
"CA3H2orf73",-1.24627975722534,0.0682897802079939,3.182,0.273,4.58,11,"repressed"
"CA4",-0.405394735280639,0.459052345616759,3.8,0,4.668,5,"unchanged"
"CA5A",-0.595618696511013,0.283087102227713,5,0,4.712,3,"unchanged"
"CA7",-0.969567952970134,0.310087205658159,3,0.25,7.329,4,"unchanged"
"CA8",-1.33289801257801,0.0177550728703539,1,1,4.447,2,"repressed"
"CA9",0.099683506841056,0.734636410596433,6.5,0,6.433,2,"unchanged"
"CAAP1",-0.17825562264693,0.30138235046235,6,0,3.527,1,"unchanged"
"CAB39",-0.0339394720302115,0.836693600199941,2.333,0,3.619,3,"unchanged"
"CABCOCO1",-0.299923162023803,0.238148260435293,2.75,0,3.622,4,"unchanged"
"CABLES2",0.0041523973069495,0.986559913827966,3,0,2.672,1,"unchanged"
"CABP1",-1.01949661228827,0.0354529385318799,6,0,5.992,1,"repressed"
"CACNA1A",1.30371375911547,0.133422599099711,3,0,4.542,1,"unchanged"
"CACNA1C",0.125716779098312,0.820304064071255,5,0,4.601,1,"unchanged"
"CACNA1E",1.53939144789359,0.0312333272399262,3.8,0.067,5.32,15,"induced"
"CACNA1G",-0.352821218347788,0.558946819093866,4,0,4.39,3,"unchanged"
"CACNA1H",0.424897992612941,0.496549868515762,2.778,0,3.236,9,"unchanged"
"CACNA2D2",-0.474850367273902,0.326219458446594,1,1,4.141,1,"unchanged"
"CACNG4",1.13098337211632,0.0453733651044089,2.4,0.4,4.079,5,"induced"
"CACTIN",0.104607948561147,0.628822080240188,3,0,2.745,1,"unchanged"
"CADM1",0.151278742896014,0.64995246378959,1.75,0.5,4.025,4,"unchanged"
"CADM4",0.181206874706022,0.403191259554947,5,0,5.214,1,"unchanged"
"CAGE1",-0.215014847421155,0.609543643787634,3,0,4.049,5,"unchanged"
"CALB1",-1.95767184953275,0.0375097295329696,4.333,0,4.396,3,"repressed"
"CALCOCO1",-0.224714740292402,0.321908482868308,1,1,3.067,1,"unchanged"
"CALCOCO2",-0.788766667559726,0.0443988085077484,2.667,0.417,4.939,12,"repressed"
"CALCRL",0.603172804370417,0.0933247195820851,2.4,0.2,3.134,5,"induced"
"CALD1",0.456783450893841,0.183683494813669,2.72,0.4,3.789,25,"unchanged"
"CALHM2",0.627529252286842,0.166020576938491,2.5,0.25,4.344,4,"unchanged"
"CALHM5",1.04131935787976,0.0865189883942141,3,0,3.527,1,"induced"
"CALM1",-0.11668649127054,0.525024900204709,5.5,0,8.966,2,"unchanged"
"CALML4",-0.55764937323274,0.115132609887903,7,0,10.844,1,"unchanged"
"CALY",-0.963469412660408,0.409763379242059,4,0,3.374,1,"unchanged"
"CAMK1G",-0.79182316329899,0.0720382182487909,2,0,3.473,1,"repressed"
"CAMK2B",1.08992908696802,0.170157876819985,4.667,0,4.039,3,"unchanged"
"CAMKK1",-0.585475803555112,0.028138807981505,3,0,4.045,1,"repressed"
"CAMLG",-0.0940800247852143,0.651056228068837,4,0,2.996,1,"unchanged"
"CAMSAP3",-0.324914925448438,0.290993584671036,6,0,7.213,1,"unchanged"
"CANT1",0.760429630533713,0.0233261598943043,5,0,5.393,1,"induced"
"CANX",-0.283955485371523,0.218256780389974,7,0,11.812,1,"unchanged"
"CAPG",1.31124235144339,0.0341792083943711,5.5,0,7.882,2,"induced"
"CAPN10",0.495034344343784,0.0285045892879315,2,0,4.601,1,"induced"
"CAPN2",-0.109693056226132,0.574430212314157,5,0,4.754,1,"unchanged"
"CAPS",0.722546166250105,0.123221721539309,7,0,8.895,1,"unchanged"
"CAPS2",0.40065166302105,0.457848591367263,6,0,3.41,2,"unchanged"
"CAPZA2",-0.294753929100598,0.269507575088981,2,0,4.521,4,"unchanged"
"CARD11",2.35078191018699,0.0480627811407522,2,0,3.473,1,"induced"
"CARD19",0.450249200831548,0.0189384347967215,2,0,3.221,1,"induced"
"CARD8",1.68738313203645,0.0217602519103928,3.333,0,4.474,3,"induced"
"CARHSP1",0.0286176806557021,0.914354328213925,3,0,3.374,1,"unchanged"
"CARMIL1",0.291829565753692,0.177140725746631,4.625,0,4.169,8,"unchanged"
"CARNMT1",-0.363587409422105,0.0497669384394171,2,0.5,3.931,2,"repressed"
"CARNS1",0.120033892750103,0.898038142465522,4.833,0,7.213,6,"unchanged"
"CARS1",0.633605070409638,0.0196137279512566,4.667,0,4.51,3,"induced"
"CASKIN1",-0.476294276847521,0.456602795859492,7,0,8.285,1,"unchanged"
"CASP12",0.819555704503183,0.159539258676816,3,0.333,3.163,3,"unchanged"
"CASP2",0.115289061521994,0.483055531105224,3,0,3.834,1,"unchanged"
"CASP4",1.41870662697929,0.0280471941417628,3,0.333,3.163,3,"induced"
"CASP7",0.0741749603058723,0.615790887457517,3,0,3.527,1,"unchanged"
"CASP8",0.884375100789785,0.0125469047404911,2.125,0.625,5.006,8,"induced"
"CASP8AP2",0.244238909494696,0.342966963457258,6,0,6.479,2,"unchanged"
"CASR",0.355530715340078,0.432001202071276,1.5,0.75,4.646,4,"unchanged"
"CASTOR1",0.861617174989558,0.0284422170956208,4,0,4.747,4,"induced"
"CATSPERG",0.77554547414957,0.205048102436369,1,1,2.991,2,"unchanged"
"CAV2",0.399572393483132,0.0490544884885349,7,0,3.527,1,"induced"
"CAVIN2",-0.146108584843888,0.55503268802713,4.2,0,4.447,5,"unchanged"
"CB1H4orf19",0.0096813439997181,0.979746692591532,2.091,0.273,3.342,11,"unchanged"
"CB1H8orf48",-0.244313206483474,0.261429018660278,5,0,6.11,2,"unchanged"
"CB2H6orf120",-0.0843414404020777,0.666159617052292,3,0,4.494,1,"unchanged"
"CB3H15orf39",0.824482027546805,0.0793629894843742,5.5,0,9.808,2,"induced"
"CB3H15orf62",-0.0532931027638854,0.922343185544508,3.5,0.5,4.074,2,"unchanged"
"CB4H12orf75",1.65163949338388,0.0209812486455079,4,0,6.134,1,"induced"
"CB4H22orf23",-0.92479712682152,0.0747469882482458,7,0,9.429,1,"repressed"
"CBFA2T3",0.288799807418952,0.611460631057277,3.4,0.2,5.489,5,"unchanged"
"CBLB",0.429687185320976,0.0783795772332953,7,0,11.738,1,"induced"
"CBLL1",0.0508579646862253,0.76960759598088,1,1,2.404,1,"unchanged"
"CBLN3",-1.66535485540672,0.0525224354197325,1,1,2.76,1,"repressed"
"CBR3",0.54146857856159,0.161222474912171,2,0,3.681,1,"unchanged"
"CBR4",-1.2522486564865,0.0372645777616886,1,1,3.221,1,"repressed"
"CBS",-0.219962470711231,0.739027753477641,2,0.5,4.387,2,"unchanged"
"CBWD1",-0.36789471036138,0.0997306628619373,6,0,5.424,1,"repressed"
"CBX1",-0.096292061737552,0.403901159913894,4,0.5,7.346,2,"unchanged"
"CBX3",0.0303304428044369,0.837650732278281,3,0,2.914,1,"unchanged"
"CBX5",0.214967335161828,0.143047020487055,3.5,0,3.117,2,"unchanged"
"CBX7",-0.349957173014943,0.0893252700689454,7,0,11.529,1,"repressed"
"CBX8",0.17503675933174,0.53644070191129,3.5,0,4.99,2,"unchanged"
"CBY3",-0.179704622076324,0.509230120638364,7,0,11.812,1,"unchanged"
"CC1H2orf72",0.570915417146789,0.271700363638617,7,0,8.988,1,"unchanged"
"CC1H2orf76",0.125685753273308,0.695538652887232,3,0,5.093,1,"unchanged"
"CC2D1A",0.0407668968440111,0.831064811244317,4,0,4.141,4,"unchanged"
"CC2D2A",-0.474701110949005,0.0799512230428823,7,0,10.572,1,"repressed"
"CC2H21orf62",-0.520780754389945,0.148241931339295,2,0.5,3.929,2,"unchanged"
"CC2H3orf33",0.358326641666797,0.170509123181257,4,0,2.914,1,"unchanged"
"CCBE1",0.132782256110989,0.760938706017459,4,0,3.527,1,"unchanged"
"CCDC102A",-0.0206268601916415,0.941977534783554,3,0,3.446,1,"unchanged"
"CCDC112",0.305097807874296,0.19941412411727,2.5,0,3.258,2,"unchanged"
"CCDC113",-0.998720811390016,0.0338265688516778,4,0,3.529,2,"repressed"
"CCDC120",0.683581659808275,0.0384203996454182,5.5,0,4.908,2,"induced"
"CCDC127",-0.0286859526032419,0.831803588168625,2,0,2.746,1,"unchanged"
"CCDC134",0.329892551769487,0.101696688486275,5,0,3.595,1,"unchanged"
"CCDC138",0.497629452530312,0.125144984105381,1.5,0.5,3.76,2,"unchanged"
"CCDC141",0.797277499704028,0.0592750847266929,7,0,5.368,1,"induced"
"CCDC15",0.284252863229046,0.271977956492477,6,0,10.543,1,"unchanged"
"CCDC153",0.174550250065799,0.735562906343041,7,0,3.607,1,"unchanged"
"CCDC154",-0.221301491863078,0.635888239939703,6.5,0,6.556,2,"unchanged"
"CCDC159",0.775412595512003,0.164767054697982,2,0,3.527,1,"unchanged"
"CCDC160",-0.0571529753326292,0.868127902282371,5,0,6.901,1,"unchanged"
"CCDC167",-0.0322917648212209,0.941550869582878,4,0,3.987,1,"unchanged"
"CCDC17",0.0124863595885563,0.976410007758692,7,0,9.945,1,"unchanged"
"CCDC180",1.56164741185066,0.139862429454754,1,1,6.163,2,"unchanged"
"CCDC181",-0.00181538178037899,0.996321893833587,7,0,12.294,1,"unchanged"
"CCDC198",-1.01127043853685,0.0330135628165069,1.667,0.333,4.773,3,"repressed"
"CCDC27",-0.200270920069734,0.904483711298709,6,0,4.754,1,"unchanged"
"CCDC28A",-0.156301561963536,0.55589185400704,4.5,0,9.27,2,"unchanged"
"CCDC32",-0.295267892384801,0.0330569629809659,1.5,0.5,3.604,2,"repressed"
"CCDC33",-0.671226468810872,0.35292829482736,2.4,0.3,3.613,10,"unchanged"
"CCDC34",0.0385460712785062,0.906208027807958,2,0,3.067,1,"unchanged"
"CCDC40",2.63610438791002,0.022038279220203,1,1,5.13,3,"induced"
"CCDC42",1.12426574033143,0.247877231687503,3.286,0.286,5.128,14,"unchanged"
"CCDC57",-0.410601552436153,0.0464221673467313,6,0,3.374,1,"repressed"
"CCDC6",-0.469455041539094,0.0653082118055572,2,0,5.47,3,"repressed"
"CCDC69",2.01409484946451,0.0437612489721604,6.333,0,5.534,3,"induced"
"CCDC8",-1.06669213119089,0.0225295227995674,2.125,0.5,4.946,8,"repressed"
"CCDC86",0.641396497676376,0.0105383275414171,6,0,5.597,3,"induced"
"CCDC88B",1.21387941434654,0.0769108391176366,5.5,0,3.988,2,"induced"
"CCDC88C",-0.0803302766515843,0.805543549531803,3.4,0,2.78,5,"unchanged"
"CCDC89",-0.291087119813405,0.437805364275361,4,0,3.09,1,"unchanged"
"CCDC97",0.0945895031354489,0.629525173216368,1,1,2.901,1,"unchanged"
"CCER2",-0.0130457023399773,0.980288105871013,6,0,8.128,1,"unchanged"
"CCL19",2.5213166905635,0.103754428930579,7,0,17.232,1,"unchanged"
"CCL21",2.99038831210567,0.0108056645043231,7,0,17.232,1,"induced"
"CCL22",1.54401104009627,0.195155517723871,5,0,4.196,2,"unchanged"
"CCL5",2.61764248975929,0.0460862924946254,6.5,0,5.571,2,"induced"
"CCM2L",-0.377598682569,0.195308415626483,5,0,7.223,2,"unchanged"
"CCN4",1.80873607089631,0.0125494751820199,3.917,0.083,4.469,12,"induced"
"CCNI",-0.864490088865029,0.0202392714937552,1.5,0.5,3.834,2,"repressed"
"CCNJL",0.39492889376417,0.439786743151887,5.5,0,5.223,4,"unchanged"
"CCNQ",-0.433949611968461,0.0197929391485239,5,0,6.211,2,"repressed"
"CCNT1",0.115953490961851,0.658771072199997,7,0,5.749,1,"unchanged"
"CCNYL1",0.0610244543454908,0.822528241990901,3,0,3.198,3,"unchanged"
"CCR2",2.33908219793854,0.0297106291148824,4,0,3.272,3,"induced"
"CCR5",2.63610826022684,0.0105390390043814,2.5,0,3.725,2,"induced"
"CCR7",2.60086903414236,0.0573965240839613,3,0,3.404,1,"induced"
"CCRL2",1.23730041863701,0.0673595076175238,5.5,0,5.482,2,"induced"
"CCS",-0.462140130680924,0.0229511832969487,6,0,5.243,1,"repressed"
"CCZ1",0.169605566102832,0.267288521819409,4.5,0,6.748,2,"unchanged"
"CD160",1.76001373105326,0.0458088609927711,3,0,6.039,2,"induced"
"CD180",1.32638892256136,0.0653820812601504,2,0,4.007,1,"induced"
"CD19",1.22615739149186,0.168880731796256,7,0,10.085,1,"unchanged"
"CD1D",0.950282777866998,0.0332415276729631,5.333,0,8.477,3,"induced"
"CD1H11orf24",0.712721672521194,0.0444135563336031,7,0,2.086,1,"induced"
"CD1H11orf54",-0.83032701486846,0.140740697644864,1,1,4.089,2,"unchanged"
"CD1H11orf65",-0.24732915409228,0.67358421454434,4.5,0,11.658,2,"unchanged"
"CD1H11orf68",0.231063152937695,0.312613352968398,4.5,0,4.398,2,"unchanged"
"CD1H11orf80",0.276555545469185,0.648177059702174,3,0,5.243,1,"unchanged"
"CD22",3.05967801602731,0.105576893001405,2.5,0.5,2.926,2,"unchanged"
"CD247",1.78059256021438,0.0904212621220893,2.333,0,4.342,3,"induced"
"CD248",1.97280794342982,0.00609436234443814,5.5,0,5.996,2,"induced"
"CD28",1.80523511300025,0.0364684448224218,4,0,4.345,6,"induced"
"CD2AP",-0.271278403202,0.389192603003702,1,1,3.987,1,"unchanged"
"CD2H10orf105",1.81705010561882,0.139803219577912,5.25,0,4.875,4,"unchanged"
"CD2H1orf198",0.663534048683109,0.0570035748954199,2,0.444,3.628,9,"induced"
"CD300LF",1.36464014158797,0.0355706011297574,5.5,0,4.71,2,"induced"
"CD300LG",-0.186963893980729,0.838806261920599,4,0,4.045,1,"unchanged"
"CD320",-0.164302212225452,0.635335232121316,2,0,2.547,1,"unchanged"
"CD34",-0.184045341058827,0.641660579594855,4.25,0,6.911,4,"unchanged"
"CD36",-0.667368700682236,0.20308153614285,2.625,0.25,5.527,8,"unchanged"
"CD37",2.35556227005455,0.0382599253493863,6.667,0,4.681,3,"induced"
"CD38",0.461154708239229,0.380037198492484,4,0,5.112,3,"unchanged"
"CD3D",2.30316763764921,0.0547026097658409,4,0,4.067,1,"induced"
"CD3E",2.23073159383589,0.033079732841323,4,0,4.067,1,"induced"
"CD3G",2.32983881645943,0.0419047367384341,4,0,4.067,1,"induced"
"CD3H12orf43",0.176774917145401,0.414090178718433,2,0,3.895,1,"unchanged"
"CD3H18orf21",-0.873550927287619,0.0204576725930795,7,0,8.437,1,"repressed"
"CD3H18orf25",-0.218890818548328,0.17973020463242,1,1,2.84,2,"unchanged"
"CD3H5orf52",-0.330453519888448,0.400021991077292,5,0,2.939,1,"unchanged"
"CD4",2.45977864220259,0.0777508712699682,4.5,0,3.834,2,"induced"
"CD44",2.34009177567132,0.0101320874497578,2.6,0.2,3.44,5,"induced"
"CD47",-0.0135509820079127,0.946487381096233,7,0,24.521,1,"unchanged"
"CD4H9orf72",0.290788075392857,0.16300250130128,1,1,3.137,3,"unchanged"
"CD4H9orf78",-0.128444994096546,0.372567920285333,3.25,0,3.356,4,"unchanged"
"CD4H9orf85",-0.0917906872457086,0.783581808796643,3,0,3.067,1,"unchanged"
"CD5",2.4352718194599,0.0387747385986861,4,0,3.713,2,"induced"
"CD53",2.73161240956542,0.0096553145486948,5,0,2.939,1,"induced"
"CD55",1.10931793235293,0.112476126020722,3.333,0,4.603,3,"unchanged"
"CD6",2.74903514379987,0.0278861736596598,4,0,3.713,2,"induced"
"CD68",2.13482785286077,0.0354313455667809,5,0,2.672,1,"induced"
"CD7",1.82939169181936,0.0416254829432931,6,0,6.011,1,"induced"
"CD72",1.01528514889566,0.448397213354224,7,0,12.734,1,"unchanged"
"CD83",-0.0639667814130624,0.926038133089797,5,0,4.07,1,"unchanged"
"CD86",2.27328349020123,0.0048133053088007,1.6,0.8,8.299,5,"induced"
"CDA",-0.288215253100227,0.542836222194475,2,0,2.809,1,"unchanged"
"CDC20",2.24280507691874,0.0178089596059577,6,0,9.491,2,"induced"
"CDC26",-0.313964305331865,0.0843086619455149,2.875,0.125,4.022,8,"repressed"
"CDC27",-0.114958610095981,0.539945198605106,2,0,4.195,1,"unchanged"
"CDC37L1",-0.532072332779342,0.124871871796288,1,1,7.572,2,"unchanged"
"CDC40",-0.206753360644442,0.378826481496811,3,0,3.74,2,"unchanged"
"CDC42",0.205385513862097,0.112538319145502,7,0,8.128,1,"unchanged"
"CDC42EP1",0.965239256519421,0.00954731099840168,4,0,7.562,1,"induced"
"CDC42EP4",0.000178988846544215,0.999589464922827,4.333,0.167,5.155,6,"unchanged"
"CDC42SE2",0.271759375945499,0.114449785235618,2.2,0.8,6.286,5,"unchanged"
"CDC5L",-0.343198146368026,0.0559843540345342,1,1,2.991,2,"repressed"
"CDC6",0.271439124500063,0.316655348742591,5.333,0,4.36,3,"unchanged"
"CDCA7",2.42112336395989,0.0382596068169777,2,0,2.92,2,"induced"
"CDCP2",0.0190899727454734,0.95637544132174,1,1,3.403,2,"unchanged"
"CDH23",-0.418808440281579,0.793953033440284,1,1,5.368,2,"unchanged"
"CDH24",0.472040859947358,0.149217659647878,2,0,2.76,1,"unchanged"
"CDH3",0.153459256304921,0.560200452651396,5.5,0,8.299,2,"unchanged"
"CDH5",0.119152716467544,0.702793242792296,3.667,0.111,4.59,9,"unchanged"
"CDHR1",-1.22944446260501,0.103081275761878,1.5,0.5,2.542,2,"unchanged"
"CDK1",1.64311259670119,0.019667075327707,2.667,0.333,3.007,3,"induced"
"CDK14",0.165624542891802,0.498784079876726,7,0,20.786,1,"unchanged"
"CDK16",-0.196339373037921,0.183663861403145,7,0,15.643,1,"unchanged"
"CDK17",0.0541741727043927,0.777930775962305,2.25,0.25,4.043,4,"unchanged"
"CDK18",-1.00037744569904,0.0290177312215247,3,0,3.607,1,"repressed"
"CDK20",-0.221426193195783,0.192271423047235,7,0,10.066,1,"unchanged"
"CDK3",-0.234713263797644,0.138711722923997,5,0,2.76,1,"unchanged"
"CDK5",-0.351795385878566,0.116257822468299,3,0,2.601,3,"unchanged"
"CDK5R1",0.09571000770765,0.808126525811176,3,0,2.607,1,"unchanged"
"CDK5RAP2",0.146938870097539,0.578195123901866,5,0,4.098,1,"unchanged"
"CDK6",0.329321924745925,0.130062062556778,2,0,3.374,1,"unchanged"
"CDK7",-0.125218667547669,0.448838714517247,3,0,3.144,2,"unchanged"
"CDKAL1",-0.166957168744355,0.195059897905284,1.889,0.444,4.358,9,"unchanged"
"CDKL1",-1.77387843668286,0.0118457294040931,2,0.538,5.7,13,"repressed"
"CDKN2A",1.21972496558562,0.159627725695315,7,0,9.438,1,"unchanged"
"CDKN2AIPNL",-0.0142665035754277,0.954780499099282,1,1,2.404,1,"unchanged"
"CDKN2C",0.589760626988479,0.132224433566874,7,0,21.213,1,"unchanged"
"CDON",-0.644377434116825,0.0235073123678385,1,1,2.29,1,"repressed"
"CDR2L",1.392088721389,0.0137317002701574,7,0,16.995,1,"induced"
"CDRT1",0.998866328186878,0.0127077809423361,3.8,0,6.623,5,"induced"
"CDS1",-1.24327265396466,0.0654159841634205,3,0,4.537,1,"repressed"
"CDS2",0.161124523369218,0.56043981230982,2,0,3.221,1,"unchanged"
"CDT1",1.52671153600113,0.0263466071902248,3,0,2.525,1,"induced"
"CDV3",-0.0681473959222654,0.687970949452859,3.167,0.333,3.676,6,"unchanged"
"CDYL",0.283062743726076,0.116987988266661,1,1,2.76,1,"unchanged"
"CE1H17orf80",-0.104001814003437,0.69404241526429,2,0,3.374,1,"unchanged"
"CE1H17orf98",-0.487941277803638,0.547667582246767,6,0,2.996,1,"unchanged"
"CE2H16orf74",-0.243995387161112,0.391728262423855,4,0,5.061,1,"unchanged"
"CE2H19orf33",1.73647457336589,0.00718652392371367,3,0,3.582,5,"induced"
"CE2H19orf47",-0.11937734428685,0.541853847130041,5,0,3.834,1,"unchanged"
"CE3H16orf71",-0.105294121929659,0.656560520279992,4.667,0,10.633,3,"unchanged"
"CE3H16orf91",-0.280293943742918,0.157056784471207,6.5,0,6.556,2,"unchanged"
"CE3H16orf92",-1.14553794432302,0.416821918970845,1,1,2.76,1,"unchanged"
"CEACAM1",0.854296026223091,0.0751940481909239,2.5,0.25,3.734,8,"induced"
"CEACAM16",0.0960379891199898,0.869684729278799,7,0,8.895,1,"unchanged"
"CEACAM20",-0.877487836429105,0.147861364013665,2,0.25,3.782,4,"unchanged"
"CEBPB",1.552748679055,0.0048133053088007,4.6,0.2,4.438,5,"induced"
"CEBPD",1.43950959869681,0.00818065370086555,4,0,5.126,2,"induced"
"CEBPG",0.305243126722244,0.059907451629457,4.75,0,4.556,4,"induced"
"CELF2",0.85138804934228,0.0313636582984773,1,1,4.447,1,"induced"
"CELSR2",-0.505368369811354,0.0406972788514531,3,0,3.067,1,"repressed"
"CEMIP2",0.106263908273308,0.645438414271129,3.833,0,5.335,6,"unchanged"
"CENPA",2.14384712403924,0.0305463936507111,4,0,4.601,2,"induced"
"CENPJ",0.164601025221255,0.441738631148668,6.5,0,9.627,2,"unchanged"
"CENPN",-0.744138223371024,0.0827264946150835,1.5,0.5,2.205,2,"repressed"
"CENPQ",0.23914701844987,0.463598867489852,1,1,3.3,2,"unchanged"
"CENPU",0.581998857369494,0.229994535162292,7,0,15.83,1,"unchanged"
"CENPW",1.6712430683301,0.0155173814769633,1,1,3.834,1,"induced"
"CEP126",-0.832795772448672,0.0289474028212928,5,0,2.547,1,"repressed"
"CEP131",0.179825086880285,0.492001906713413,5,0,6.901,1,"unchanged"
"CEP135",-0.191761945676794,0.615231734716498,5,0,5.842,1,"unchanged"
"CEP170",0.511547266053454,0.13441786267678,5.333,0,4.138,3,"unchanged"
"CEP192",0.0746427033442267,0.658742763299969,7,0,15.922,1,"unchanged"
"CEP63",-0.585215560837472,0.0126129432120221,1.75,0.5,5.819,4,"repressed"
"CEP83",-0.21737302301206,0.197384846510189,3,0,2.95,2,"unchanged"
"CEP85",0.441729089524048,0.0534530134571319,7,0,13.952,1,"induced"
"CEP85L",0.449499113111473,0.16882151506609,6.5,0,4.902,2,"unchanged"
"CEPT1",-0.400788724937631,0.180805511636814,4.6,0,4.256,5,"unchanged"
"CERK",1.02444011950215,0.0173837458248364,6,0,5.169,6,"induced"
"CERS5",-0.0253131827476478,0.882535099418379,1,1,3.06,2,"unchanged"
"CES4A",-2.63463955152337,0.0209812486455079,2.75,0,5.107,4,"repressed"
"CES5A",-0.590051050926254,0.67358421454434,1.889,0.444,3.794,9,"unchanged"
"CF1H1orf105",-1.58964688703651,0.022926994454616,6,0,3.792,1,"repressed"
"CF1H1orf21",0.254017687711934,0.520835314615563,3.2,0,3.143,5,"unchanged"
"CF1H1orf74",-0.240218901234585,0.165349719951976,1.25,0.75,3.866,4,"unchanged"
"CF2H8orf33",0.10219376997828,0.530255773646915,7,0,11.684,1,"unchanged"
"CF2H8orf76",-0.121203504933538,0.529342737336749,1,1,3.719,4,"unchanged"
"CFAP221",0.835098365906072,0.306019222424726,1,1,2.846,1,"unchanged"
"CFAP251",-0.303096296125941,0.485291660417054,3.667,0,4.588,3,"unchanged"
"CFAP276",0.901083564816861,0.130741154737123,3,0,3.607,1,"unchanged"
"CFAP36",-0.086388532374718,0.603549094348926,2,0.5,2.832,2,"unchanged"
"CFAP410",-0.485655247624365,0.0187001435482759,7,0,12.502,1,"repressed"
"CFAP43",-0.475164214578384,0.265523315273193,7,0,8.015,1,"unchanged"
"CFAP47",0.133280356918898,0.747805653397767,2,0,4.447,1,"unchanged"
"CFAP53",-0.406401072716546,0.113195944863751,7,0,10.091,1,"unchanged"
"CFAP54",1.94885610603144,0.0330759639358366,4,0,3.834,1,"induced"
"CFAP73",2.22848474814055,0.0166137631391334,7,0,7.821,1,"induced"
"CFAP74",-0.314826507540235,0.376499924966259,1.667,0.333,3.732,3,"unchanged"
"CFAP92",1.41514916818232,0.0390791289174567,4.143,0,3.869,7,"induced"
"CFB",2.28011730642577,0.0185977435302238,5,0,3.834,1,"induced"
"CFD",2.33714906043067,0.0601393144655493,6,0,3.221,2,"induced"
"CFLAR",0.3914824193971,0.0386301542630725,2,0,2.607,1,"induced"
"CFP",2.25313100214916,0.0146455597231611,4,0.5,6.27,2,"induced"
"CGGBP1",-0.18740069907604,0.219748720572911,6,0,4.447,1,"unchanged"
"CGNL1",-0.924367451751564,0.018722006202353,1.6,0.7,4.283,10,"repressed"
"CGREF1",2.78148510043391,0.00418641006145247,4.333,0,3.529,3,"induced"
"CHAC1",-0.548876947182649,0.0903271221718087,4,0.25,6.482,4,"repressed"
"CHD1",0.160829648376524,0.456325129458804,6,0,3.681,1,"unchanged"
"CHD2",0.117356600319085,0.466251675853077,6,0,5.572,4,"unchanged"
"CHD3",-0.0844556030744084,0.749658519156137,4,0,2.939,4,"unchanged"
"CHD4",0.171750880056582,0.238224147510639,5.5,0,8.62,2,"unchanged"
"CHD8",0.113264681804497,0.393934134647477,7,0,13.37,1,"unchanged"
"CHD9",-0.236803369023033,0.3564451482972,3.75,0,4.196,4,"unchanged"
"CHERP",0.0324848746177553,0.780884665721615,2,0.333,4.461,3,"unchanged"
"CHFR",0.391305522182213,0.0409111128806041,7,0,20.568,1,"induced"
"CHI3L1",3.0097109630502,0.0188823672563437,3.333,0,3.453,3,"induced"
"CHID1",-0.0631751709656134,0.671106047206174,1.667,0.667,2.987,3,"unchanged"
"CHIT1",2.27932828471687,0.151615277914712,4,0,3.604,2,"unchanged"
"CHKA",-0.425869640585952,0.209824632789343,4,0,7.674,3,"unchanged"
"CHML",-0.0813300201567508,0.768652773763397,4,0,3.467,2,"unchanged"
"CHMP1B",-0.0541325888786943,0.780884665721615,4,0.5,6.833,2,"unchanged"
"CHMP4C",0.162038696460924,0.577386015056267,1.5,0.5,2.914,2,"unchanged"
"CHMP5",-0.244076174817247,0.0591301539956179,1.5,0.5,2.424,2,"repressed"
"CHMP6",-0.0582400544649024,0.787053840321093,3,0,3.681,1,"unchanged"
"CHN1",0.452754355000894,0.353105128846867,4.167,0.083,3.992,12,"unchanged"
"CHORDC1",-0.605824251028214,0.0642993954249233,1,1,3.681,1,"repressed"
"CHP1",0.568027200250473,0.114548747628107,3,0.667,8.101,6,"unchanged"
"CHPF2",0.6650983500223,0.0292824396250171,4,0,9.653,3,"induced"
"CHRAC1",-0.167644752494088,0.406488488885315,5,0,5.061,2,"unchanged"
"CHRM1",0.38466876351957,0.514623070891885,5,0,2.893,1,"unchanged"
"CHRNA4",-1.14308655948994,0.0342918237294242,1,1,4.371,6,"repressed"
"CHRNB2",1.3509177341737,0.0230294800587811,5,0,5.326,1,"induced"
"CHRNE",-0.178337935515868,0.771764691090342,3,0,3.527,1,"unchanged"
"CHST1",0.879906525033748,0.0748267955218387,4.5,0,7.598,2,"induced"
"CHST11",-0.0344034365707886,0.933961639329202,1,1,2.83,2,"unchanged"
"CHST3",0.721268423100946,0.0982792495655995,5.375,0,3.656,8,"induced"
"CHTOP",-0.00484830646876766,0.970643103907893,4.75,0,8.879,4,"unchanged"
"CHURC1",-0.102729422029276,0.517218333348794,2,0,3.834,1,"unchanged"
"CIAPIN1",0.0301901701339498,0.841152627258214,1.5,0.5,2.686,2,"unchanged"
"CIB4",-0.169805620075373,0.81822530178603,2,0.471,4.47,17,"unchanged"
"CIC",0.463980765281264,0.0605223520812463,5.5,0,14.693,4,"induced"
"CIITA",2.60306890975641,0.0203982092291673,6.4,0,6.147,5,"induced"
"CIPC",-0.27244707111151,0.0612369081367137,6.25,0,4.76,4,"repressed"
"CISD1",-1.00325790263075,0.0413334183750773,1,1,3.221,2,"repressed"
"CISH",1.47700898045289,0.0682897802079939,6,0,4.802,3,"induced"
"CITED4",0.369806108151724,0.297907372203497,2.5,0,4.285,2,"unchanged"
"CKAP4",1.24957425061382,0.00859810667119271,2,0,2.846,1,"induced"
"CKB",0.214786513913037,0.572248508890747,6,0,4.291,1,"unchanged"
"CLBA1",0.12020906869313,0.718943235334161,4,0,4.217,1,"unchanged"
"CLCN3",-0.0830601796400599,0.780998344153103,7,0,4.908,1,"unchanged"
"CLCN4",-0.0308479940322295,0.961074566373345,7,0,4.294,1,"unchanged"
"CLCN7",0.144827532605138,0.393012177563548,7,0,9.194,1,"unchanged"
"CLDN10",-1.51495825950912,0.00810044516608624,4,0.333,6.94,3,"repressed"
"CLDN14",0.191180756085789,0.831803588168625,2,0.5,4.151,2,"unchanged"
"CLDN15",1.08707093221421,0.0472751835192901,2,0,3.595,1,"induced"
"CLDN2",-0.471580485931227,0.475601003954945,1.875,0.375,3.998,8,"unchanged"
"CLDN5",-0.0345980488797535,0.950972920278177,4,0,2.846,1,"unchanged"
"CLDN8",-0.803224726889884,0.0695915529630971,1.167,0.833,3.637,6,"repressed"
"CLDND1",-0.298306172705194,0.226334744984387,7,0,11.64,2,"unchanged"
"CLDND2",0.708633679808461,0.226409017147944,2,0,2.76,1,"unchanged"
"CLEC12A",3.39113047336441,0.00424104458279326,2,0.5,3.911,2,"induced"
"CLEC1A",-0.511504526132718,0.219572003691764,3.571,0,4.107,14,"unchanged"
"CLEC2B",3.08723100432852,0.00567032228060145,2,0.5,3.911,2,"induced"
"CLEC3B",2.20750335264522,0.0187606792877589,4,0,4.601,3,"induced"
"CLEC4A",0.730881009948905,0.15933864580563,2,0,3.527,1,"unchanged"
"CLEC7A",1.66419945633381,0.0441893451148163,4,0,2.607,1,"induced"
"CLEC9A",0.111559648868984,0.846203256286247,3.667,0.333,4.831,3,"unchanged"
"CLIC3",2.06236190466787,0.0233261598943043,1,1,3.34,1,"induced"
"CLIC4",-0.368606605025172,0.264517622417516,4.429,0.143,5.749,7,"unchanged"
"CLIC6",2.06612048057143,0.0223095177481056,2,0,4.701,1,"induced"
"CLINT1",-0.416852296723728,0.124009728621768,3,0,3.615,1,"unchanged"
"CLIP2",0.848390852264484,0.0639592181986829,5,0,5.943,4,"induced"
"CLIP3",1.06692415821004,0.0459711949172875,5,0,2.823,1,"induced"
"CLIP4",0.529246047053804,0.0842448342940256,7,0,3.495,1,"induced"
"CLK1",-0.214369693107926,0.354695343760592,7,0,27.037,1,"unchanged"
"CLK4",-0.377383451138822,0.0423769372472586,7,0,21.144,1,"repressed"
"CLMP",1.58103022922962,0.0239751509630162,2.8,0.2,3.559,5,"induced"
"CLN6",-0.0604628410930506,0.766818962452167,7,0,10.844,1,"unchanged"
"CLPX",-0.422112837818055,0.195112910085916,2.333,0.333,4.617,3,"unchanged"
"CLRN3",-0.135961747213829,0.822017655993582,3.5,0,5.769,2,"unchanged"
"CLSPN",0.399031922127004,0.384741298606339,4,0,3.757,2,"unchanged"
"CLSTN1",-0.00774181931987616,0.962525981726433,4,0,3.953,8,"unchanged"
"CLSTN3",0.509387033025345,0.106008756916297,2,0,6.461,1,"unchanged"
"CLTA",-0.313419066468503,0.0522602400374013,5,0,5.842,2,"repressed"
"CLU",3.53816671865893,0.00567032228060145,4,0,6.288,1,"induced"
"CLUAP1",-0.256287385569661,0.0727939585503987,5.2,0,4.456,5,"repressed"
"CMAH",1.03200867149645,0.104120489849622,3,0.333,5.971,3,"unchanged"
"CMBL",-1.22077538670412,0.0465922317411783,3.429,0,5.319,7,"repressed"
"CMC1",-0.335697089037375,0.0827432230219817,1,1,2.996,1,"repressed"
"CMC2",-0.284350077513574,0.210484246286558,1.5,0.5,2.205,2,"unchanged"
"CMC4",-0.0104678571273258,0.970865776928426,3,0,3.834,1,"unchanged"
"CMKLR1",1.08316003029179,0.0124480888089217,3,0.167,4.308,6,"induced"
"CMPK1",-0.215766904554989,0.449737546366648,7,0,6.15,1,"unchanged"
"CMTM4",-0.556946032309378,0.108294124620559,6,0,5.592,1,"unchanged"
"CMTR1",0.321974121368237,0.0285162454831181,3,0,2.218,1,"induced"
"CMYA5",-0.14902481953866,0.840252334625439,3,0,2.607,1,"unchanged"
"CNBP",-0.0633724752797393,0.670173085197483,5,0,3.067,1,"unchanged"
"CNDP1",-1.84990332510925,0.0048133053088007,2.5,0.375,5.628,8,"repressed"
"CNIH4",-0.300373739494161,0.0377797473826803,2,0,3.681,1,"repressed"
"CNKSR3",-0.346624924236456,0.0991342200337312,2.111,0.778,4.529,9,"repressed"
"CNN1",0.77785883994589,0.202059180488199,1,1,3.296,1,"unchanged"
"CNN2",1.3363862647389,0.0158935235742152,4,0,4.908,1,"induced"
"CNN3",0.230363034635098,0.174777265408718,2.5,0,3.854,4,"unchanged"
"CNNM2",-0.792641926666057,0.0227516502840965,1.222,0.778,3.776,9,"repressed"
"CNNM4",-0.158869905305473,0.262527555645472,6.5,0,10.294,2,"unchanged"
"CNOT6",0.0724829741429076,0.653895152029882,2,0,4.756,1,"unchanged"
"CNPY2",-0.114353451241014,0.453701486313963,7,0,5.27,1,"unchanged"
"CNR2",-0.329511418040874,0.430679581224129,4.333,0,4.497,6,"unchanged"
"CNTFR",-1.36446096622143,0.0285472298762944,5,0,4.621,2,"repressed"
"CNTN4",0.548889780164416,0.261458770614575,1,1,3.067,1,"unchanged"
"CNTROB",0.173130457040333,0.508225196847344,3,0,3.34,1,"unchanged"
"COA3",-0.474182631813287,0.02333425501345,1.5,0.5,5.118,4,"repressed"
"COA4",-0.00349809828841474,0.989457056490728,1,1,3.146,1,"unchanged"
"COA5",-0.567929376425889,0.03299469345905,1.667,0.5,4.804,6,"repressed"
"COA8",-0.280188034142086,0.136479389896884,5,0,6.442,1,"unchanged"
"COASY",0.0490902802767881,0.788212940776261,7,0,20.313,1,"unchanged"
"COBL",-1.46659819048438,0.00598857161260097,1.667,0.333,5.443,3,"repressed"
"COG3",0.191182943515266,0.0925913730046132,7,0,6.594,1,"induced"
"COG5",-0.301081019218398,0.0801025339408822,1.5,0.5,3.713,2,"repressed"
"COG8",-0.282231253402434,0.0881498914223536,7,0,20.064,1,"repressed"
"COL10A1",1.26423058966506,0.183683494813669,2,0,2.855,1,"unchanged"
"COL12A1",2.22047118627104,0.0158378981280169,3,0,6.748,1,"induced"
"COL15A1",0.994091117114917,0.152427857583768,3.25,0.25,4.238,4,"unchanged"
"COL16A1",2.43941138325374,0.00868885324085386,5.5,0,8.687,2,"induced"
"COL17A1",2.24449051122163,0.0255960311738608,2,0,1.864,1,"induced"
"COL18A1",0.615020860044252,0.0653659476999576,7,0,10.82,1,"induced"
"COL1A1",3.10343072103456,0.0116715334061847,5.167,0,3.256,6,"induced"
"COL1A2",2.29342610731971,0.0245984270450917,4.625,0,4.333,8,"induced"
"COL20A1",-1.57627412758968,0.0134067645822225,1,1,9.815,1,"repressed"
"COL27A1",0.883777598286454,0.135181417249796,7,0,6.413,1,"unchanged"
"COL3A1",2.50795855294963,0.0274300926757989,3.5,0,3.137,2,"induced"
"COL4A2",0.662233820934997,0.0699864506684787,2,0,7.515,1,"induced"
"COL4A3",-1.11356553176998,0.0105383275414171,2,0.667,2.971,3,"repressed"
"COL4A4",-0.598303457266162,0.0424019671285917,2,0.667,2.971,3,"repressed"
"COL5A2",2.10725405627034,0.00764090158695476,4.5,0,3.604,2,"induced"
"COL5A3",0.0138867449104616,0.977947797332914,3,0,3.663,2,"unchanged"
"COL6A1",2.04294791839171,0.038909513326083,7,0,8.09,1,"induced"
"COL6A2",2.05232128924108,0.0324972653912232,5,0,4.163,3,"induced"
"COL6A3",2.08208446493553,0.0154129398107463,3.2,0,4.528,5,"induced"
"COL7A1",1.73059604028032,0.020558285422221,7,0,12.984,1,"induced"
"COL8A2",1.2071277956865,0.177283539801603,2,0,3.895,1,"unchanged"
"COL9A3",-0.91566237736003,0.0644590930168783,1.5,0.5,5.444,2,"repressed"
"COLCA2",-0.338732283167281,0.367564909278808,2.75,0,4.286,8,"unchanged"
"COLEC11",0.584759459599182,0.272964854291998,5.5,0,6.091,2,"unchanged"
"COLGALT2",-0.291146149035228,0.651314261330962,1,1,2.196,1,"unchanged"
"COLQ",-1.15964814719856,0.0223095177481056,1.571,0.714,3.116,7,"repressed"
"COMMD7",-0.151776624628376,0.322593546569272,2.875,0,3.375,8,"unchanged"
"COMMD8",-0.568740154821073,0.0491698407859276,1,1,4.042,5,"repressed"
"COMMD9",0.397069412935948,0.131213349996304,2.5,0,3.331,2,"unchanged"
"COMT",-0.887107899731097,0.00989188249063757,7,0,7.208,1,"repressed"
"COMTD1",-0.726271251860655,0.1044937053962,5,0,7.515,5,"unchanged"
"COPA",-0.346220547228672,0.0571366987214116,3,0,3.067,1,"repressed"
"COPB2",-0.0171693271722244,0.920421705378995,2,0,2.76,1,"unchanged"
"COPE",-0.296117131690774,0.10579184067398,6,0,4.294,1,"unchanged"
"COPS2",-0.413133806129892,0.0923506440677917,5,0,5.854,2,"repressed"
"COPS6",-0.663151230332093,0.0926253651952904,1,1,4.466,2,"repressed"
"COPS7B",-0.00674748001928371,0.977598494510169,7,0,10.645,1,"unchanged"
"COPS9",-0.286656351909818,0.162525611523667,1,1,5.093,1,"unchanged"
"COQ10B",0.0293577797301925,0.926742653392112,7,0,23.17,1,"unchanged"
"COQ4",-0.521082458537157,0.237124701129072,4,0,4.498,3,"unchanged"
"COQ6",-1.02992976661373,0.0162971527039249,3,0,4.601,1,"repressed"
"COQ8A",-0.70598333101537,0.0121473339462536,3.667,0,5.813,3,"repressed"
"COQ9",-0.810539644816875,0.0488088728195633,4,0,3.206,1,"repressed"
"CORO1A",2.3643921973097,0.04444148936834,7,0,3.834,2,"induced"
"COX10",-0.469120657709085,0.0417521766204149,2.5,0,4.275,2,"repressed"
"COX18",-0.432551437789731,0.178254113394374,5,0,3.834,2,"unchanged"
"COX20",-0.651223020816952,0.0108759779561377,4.2,0,3.338,5,"repressed"
"COX4I2",0.495633827886726,0.461165190995113,4.5,0,7.285,2,"unchanged"
"COX7A2L",-0.101697967815925,0.586421865769464,4,0,2.996,2,"unchanged"
"COX8A",-0.401908172300953,0.282656919838024,2.5,0,3.527,2,"unchanged"
"CPA2",0.623724210925367,0.257559512146007,7,0,22.833,1,"unchanged"
"CPD",0.0607137571705954,0.85557153563313,2,0,3.074,1,"unchanged"
"CPEB1",0.198862790113186,0.568783755197266,5,0,5.429,1,"unchanged"
"CPEB3",-0.836882623528893,0.0216548667130482,2,0,3.843,1,"repressed"
"CPED1",0.940572430456377,0.0777035402305576,4,0.167,4.388,6,"induced"
"CPM",-0.0638052270386504,0.891702651804728,1.667,0.667,2.693,3,"unchanged"
"CPNE2",1.13058730509762,0.0243186963151644,2,0,2.996,1,"induced"
"CPNE7",1.41130291937746,0.276414968698867,2,0,4.045,1,"unchanged"
"CPQ",0.201674829046315,0.346289072338498,2.333,0.667,2.937,3,"unchanged"
"CPSF4",-0.09671042956395,0.558023251052722,3,0,2.914,1,"unchanged"
"CPSF6",0.127937913400278,0.516808613404646,1,1,3.221,1,"unchanged"
"CPT1B",-0.389529557973646,0.156316628345202,2,0,3.834,1,"unchanged"
"CPT1C",1.28161151508517,0.0485680881186734,6,0,6.441,1,"induced"
"CPXM1",2.65482684516359,0.0599865902884871,7,0,4.495,1,"induced"
"CRABP1",-0.389645708733717,0.651744670815807,3.167,0,3.798,6,"unchanged"
"CRABP2",0.640374830903415,0.208431116683771,6.5,0,4.688,2,"unchanged"
"CRADD",-0.122618708182682,0.672555507367867,6,0,10.74,3,"unchanged"
"CRAT",-0.409608907510242,0.364313983794094,4,0,4.485,3,"unchanged"
"CRB2",-0.655147586614325,0.20068768048304,1.333,0.667,3.298,3,"unchanged"
"CREB1",0.000478529734493804,0.998525289873834,2,0.5,3.578,4,"unchanged"
"CREB3L1",2.42651411632473,0.00937142501801273,6,0,3.681,1,"induced"
"CREB3L3",-0.155023503140242,0.900117637171145,3,0,3.156,2,"unchanged"
"CREBBP",0.0273048346866425,0.866968305527476,1,1,3.374,1,"unchanged"
"CREBRF",-0.451835061911854,0.0923065973729092,2.833,0,4.042,6,"repressed"
"CREBZF",0.322974349179513,0.057014857793432,4,0,3.09,1,"induced"
"CREG1",-0.199457865539413,0.409588217310667,2,0,3.221,1,"unchanged"
"CRHBP",0.168184841376346,0.641907053321689,4,0,6.288,1,"unchanged"
"CRHR1",-1.67979647822512,0.125472914407553,1.333,0.667,3.612,3,"unchanged"
"CRIP1",0.398887643379867,0.179280768457239,6,0,20.008,1,"unchanged"
"CRIP2",0.788285843030871,0.0354529385318799,3,0,4.447,1,"induced"
"CRIP3",-1.87642070616572,0.0421506701916031,1.4,0.8,4.332,5,"repressed"
"CRK",-0.11761161221411,0.634026993194157,3,0,3.446,1,"unchanged"
"CRLF1",3.83745055294478,0.00664800829518784,3,0,5.992,1,"induced"
"CRLF2",1.51615369199106,0.0196362203846438,1.75,0.5,4.026,4,"induced"
"CRLS1",-0.955075392539674,0.0176087917676422,1,1,2.805,1,"repressed"
"CROCC",-0.0511205151852758,0.826176605290258,4.5,0,3.614,2,"unchanged"
"CRPPA",0.0424189927021308,0.881301380743334,1,1,3.492,2,"unchanged"
"CRTC1",0.22375042365018,0.323722122643183,6,0,7.407,2,"unchanged"
"CRY2",0.0557922297343465,0.880495629852295,7,0,5.142,1,"unchanged"
"CRYAA",-4.18997020990369,0.0854332231753079,5,0,9.082,2,"repressed"
"CRYL1",-1.22002568112139,0.0446543474631682,1,1,4.587,2,"repressed"
"CRYZ",-0.986114981315826,0.0534191794181437,1.8,0.4,4.035,5,"repressed"
"CS",-0.566861592525701,0.0487427490063891,7,0,5.27,1,"repressed"
"CSAD",-0.154396916006044,0.838340941407214,3,0,4.063,1,"unchanged"
"CSE1L",0.011647077407348,0.932778734285864,3.5,0.25,5.329,4,"unchanged"
"CSF1",1.55604348874236,0.0140699004671686,2.667,0.333,3.49,3,"induced"
"CSF1R",2.19354083499186,0.00789206876801895,4,0,3.416,5,"induced"
"CSK",0.818255216108009,0.104005301725368,5,0,7.055,1,"unchanged"
"CSNK1A1",0.126270581713606,0.406511324612106,5.2,0,5.116,5,"unchanged"
"CSNK1D",0.25821728104879,0.0493521351817458,6,0,4.446,2,"induced"
"CSNK1G3",-0.0758243778120686,0.715228636484939,2,0.5,4.909,6,"unchanged"
"CSNK2A1",0.0369140681975546,0.725720703054935,4,0,2.846,1,"unchanged"
"CSPG4",0.668845251100342,0.162525611523667,4.143,0,3.764,7,"unchanged"
"CSPG5",0.691178531015884,0.298135067235446,3,0.667,4.079,3,"unchanged"
"CSRNP1",0.393413937433578,0.0723544742537224,4,0,10.219,4,"induced"
"CSRNP3",-2.07726692058764,0.00987432002781499,1,1,4.004,4,"repressed"
"CSRP2",-0.4803105997217,0.351674855584342,1.5,0.5,3.055,2,"unchanged"
"CST3",0.24538236054555,0.320671135958009,7,0,16.703,1,"unchanged"
"CSTB",1.09899222820157,0.0105383275414171,7,0,6.685,1,"induced"
"CSTF2",-0.137527001794009,0.441193150302191,7,0,10.889,1,"unchanged"
"CSTF2T",0.0503515708939055,0.701177839491811,1.5,0.5,3.527,2,"unchanged"
"CTCF",-0.183644533598926,0.176418526527996,5,0,3.355,1,"unchanged"
"CTDSP2",-0.286170823075587,0.0528711380710858,4.25,0,9.226,4,"repressed"
"CTH",-1.72098880535649,0.056879273897975,2,0,4.62,1,"repressed"
"CTNNA1",-0.118501470331699,0.656907851069644,1.75,0.5,3.181,4,"unchanged"
"CTNNAL1",0.432122858158404,0.122935861541347,1,1,2.76,1,"unchanged"
"CTNNBIP1",1.03266451371043,0.00782846270572952,6,0,7.08,1,"induced"
"CTPS1",1.4527866638224,0.00295747396639751,1,1,3.335,2,"induced"
"CTPS2",-0.222642385871354,0.4365442348518,2.6,0.4,8.189,5,"unchanged"
"CTSA",0.0267140006270328,0.924824587402835,5.25,0,4.376,4,"unchanged"
"CTSB",0.201141039828972,0.716798282743637,4.75,0,3.107,4,"unchanged"
"CTSD",-0.303791307098079,0.193440076888007,4.333,0,3.873,3,"unchanged"
"CTSF",-0.275125039816955,0.0744704900223476,6,0,5.243,1,"repressed"
"CTSZ",-0.507699143616847,0.177056338748715,3.667,0,3.768,3,"unchanged"
"CTTN",0.340605998990924,0.0596884990688632,1.75,0.625,5.031,8,"induced"
"CTTNBP2",-1.02115208863436,0.0465897125985028,2,0.667,9.655,6,"repressed"
"CTTNBP2NL",0.579200016675561,0.0192263288591387,4.333,0,4.233,6,"induced"
"CTU2",0.291346076368345,0.151615277914712,7,0,8.895,1,"unchanged"
"CTXN1",0.553736417635937,0.233827093963612,5.5,0,5.243,2,"unchanged"
"CUBN",-1.29880120901774,0.111546494894772,2.474,0.579,4.032,19,"unchanged"
"CUEDC1",0.554473865879531,0.117821569927257,3,0,4.542,1,"unchanged"
"CUL1",-0.0366220668519528,0.768658691737918,4,0,4.064,2,"unchanged"
"CUL4B",-0.302433880752784,0.172348703767897,7,0,17.023,2,"unchanged"
"CWF19L1",0.0399960340290439,0.814190865620706,1,1,3.221,1,"unchanged"
"CWF19L2",-0.213943500907344,0.271066553494726,1.625,0.75,5.431,8,"unchanged"
"CX3CL1",-0.145926103802163,0.693195235928027,5,0,5.152,3,"unchanged"
"CXCL10",1.03783792906565,0.382933398161573,2.5,0,3.135,4,"unchanged"
"CXCL8",2.4479429592614,0.0400241286368831,2,0.25,5.463,4,"induced"
"CXCL9",2.24491609452544,0.0663276452485727,2.5,0,3.135,4,"induced"
"CXCR2",1.75797855256297,0.0162849898496127,1.5,0.5,3.323,2,"induced"
"CXCR5",3.37573201193593,0.0682897802079939,6,0,4.846,2,"induced"
"CXXC4",-0.349457204814783,0.553405789352032,6,0,8.689,1,"unchanged"
"CXXC5",-0.442543446177362,0.0343566657023902,4.25,0.25,7.932,4,"repressed"
"CYB561",-0.261030130128235,0.506267840519524,3,0,4.494,2,"unchanged"
"CYB5R4",0.00797170370314637,0.970794600688036,7,0,6.668,1,"unchanged"
"CYBC1",0.259797898018409,0.170514223938325,3,0,2.893,1,"unchanged"
"CYFIP1",0.0980971155252517,0.382175067943361,3.5,0,7.119,4,"unchanged"
"CYGB",0.559331365062506,0.176051060306289,6,0,18.143,1,"unchanged"
"CYHR1",-0.0980892796802575,0.502891385099356,3.5,0,3.493,2,"unchanged"
"CYLD",0.139391893168821,0.377907796347485,2.25,0.25,5.635,4,"unchanged"
"CYP1A1",-1.58548282788498,0.553120724505456,3,0,2.991,4,"unchanged"
"CYP20A1",-0.233179375818331,0.530255773646915,4,0,5.139,3,"unchanged"
"CYP27B1",1.56748104621756,0.233421001730266,2,0,4.141,1,"unchanged"
"CYP3A131",0.952055131132247,0.0775137359750349,3.25,0,5.117,4,"induced"
"CYP46A1",-0.410146342095783,0.400801148623816,3,0,3.053,1,"unchanged"
"CYP4A105P",-1.1251808433171,0.215456809092405,1.364,0.818,6.866,11,"unchanged"
"CYP4A106",-1.36986909751448,0.0612258154583234,1.364,0.818,6.866,11,"repressed"
"CYP4A37",-0.672630742792842,0.357051541427642,1.364,0.818,6.866,11,"unchanged"
"CYP4V2",1.23852734454208,0.00638410134418675,3.4,0.2,8.867,5,"induced"
"CYP4X1",0.634198481399074,0.351613495605975,1.364,0.818,6.866,11,"unchanged"
"CYP51A1",0.104610919078891,0.67275329222229,4,0.5,13.782,2,"unchanged"
"CYP8B1",-0.239097458295929,0.789884033259279,7,0,10.187,1,"unchanged"
"CYREN",-0.659195902363111,0.0275316731499419,2,0,6.011,1,"repressed"
"CYRIA",0.66072063694589,0.122729402028178,4.8,0,3.581,5,"unchanged"
"CYS1",-0.181147785577766,0.668403314591755,1,1,4.306,4,"unchanged"
"CYSLTR2",1.06891117617601,0.112707437306784,5,0,5.303,5,"unchanged"
"CYSTM1",-0.49845146506882,0.139862429454754,2,0,3.374,1,"unchanged"
"CYTH1",-0.227661902573851,0.456727486610085,4.286,0.143,5.471,7,"unchanged"
"CYTH3",0.427549557560952,0.212742355172965,2.818,0,4.034,11,"unchanged"
"CYTH4",2.19522530527894,0.0197520212583193,6,0,3.451,2,"induced"
"CYYR1",-0.786160005423035,0.0293015013645921,3,0,3.2,7,"repressed"
"DAAM1",0.0883301263725289,0.628078960768934,5,0,3.527,1,"unchanged"
"DAAM2",-0.103499510970418,0.818159230539314,2.857,0.143,4.142,14,"unchanged"
"DAB2",-1.02728160307891,0.0358151525811123,2.067,0.4,5.777,15,"repressed"
"DAB2IP",0.299172270292872,0.153449721569757,2,0.75,3.248,4,"unchanged"
"DACT3",1.13179675396945,0.0715515677761445,4,0,4.677,2,"induced"
"DAD1",-0.229698596744205,0.19790245416436,5,0,3.745,1,"unchanged"
"DAG1",0.367919120149717,0.106406711957445,3.8,0,4.2,5,"unchanged"
"DAP3",-0.132340992809996,0.411140060217074,2,0.5,2.953,2,"unchanged"
"DAPK1",0.104331001754867,0.704504884028471,2.7,0.4,4.231,10,"unchanged"
"DAPK3",0.465498748321579,0.0267318226805118,4,0,4.91,3,"induced"
"DAXX",0.300248444051253,0.138048730181021,3,0,3.215,1,"unchanged"
"DAZAP2",-0.11927530992441,0.472801103842066,4.667,0,2.598,3,"unchanged"
"DBF4B",0.407380435635651,0.351841756655204,2,0,4.294,1,"unchanged"
"DBN1",0.407696203815792,0.376058402128287,3,0,4.159,3,"unchanged"
"DBNL",-0.180669856190764,0.411040400384753,4,0,3.727,2,"unchanged"
"DCAF11",-0.33469803523963,0.0648704878423405,6,0,3.607,1,"repressed"
"DCAF15",0.583631348459469,0.0916825850477591,6.8,0,5.853,5,"induced"
"DCBLD2",-0.116881717595867,0.60379564037509,5,0,3.74,1,"unchanged"
"DCDC2",0.965268127460219,0.0192263288591387,1.75,0.25,4.428,4,"induced"
"DCHS1",0.43827136952507,0.301681710140291,4,0.333,5.541,3,"unchanged"
"DCLK2",-0.916584773257172,0.0118924246556391,3,0,2.672,1,"repressed"
"DCLRE1B",0.377310327325072,0.180986221524783,4,0,3.629,2,"unchanged"
"DCLRE1C",0.387816396606095,0.0354529385318799,4,0,4.988,3,"induced"
"DCN",1.55874193829354,0.0792120067574589,3.833,0.083,3.088,12,"induced"
"DCST1",-0.398786634611476,0.659333480972814,4,0.5,5.214,2,"unchanged"
"DCST2",-0.68102535299205,0.57424383074081,4,0.5,5.214,2,"unchanged"
"DCTN1",-0.00627488478788329,0.965192883915226,3,0,3.406,2,"unchanged"
"DCTN3",-0.404148783567866,0.0804594969855566,1.5,0.5,3.82,2,"repressed"
"DCTN4",0.120681613560496,0.307945486707398,6,0,5.572,1,"unchanged"
"DCTN6",-0.148066621599068,0.598834442333903,1.5,0.5,3.717,2,"unchanged"
"DCTPP1",0.636740664628597,0.0789197846066979,4.667,0,3.796,3,"induced"
"DCUN1D1",-0.16557044994966,0.588311030575954,7,0,25.552,1,"unchanged"
"DCUN1D3",0.147248053859956,0.417484662629595,4.333,0,4.09,3,"unchanged"
"DDAH1",-1.74893320034978,0.0157846824161605,1.571,0.571,4.262,21,"repressed"
"DDC",-1.64649942393521,0.0779540284279058,4.5,0,6.364,2,"repressed"
"DDHD2",-0.0247096704179413,0.914667038307195,7,0,10.812,1,"unchanged"
"DDI2",-0.324955200161022,0.13134262249778,5,0,8.043,2,"unchanged"
"DDIT3",0.601734639877697,0.028060556197942,5,0,3.834,1,"induced"
"DDIT4",1.28013928801457,0.00564895345491955,3.6,0.2,5.779,5,"induced"
"DDIT4L",-1.60008921361521,0.0136252527149426,1,1,3.34,1,"repressed"
"DDN",-2.12932984336389,0.0118457294040931,4,0,2.232,1,"repressed"
"DDO",-1.06446255466719,0.0514348336931056,2.8,0.2,7.328,5,"repressed"
"DDOST",-0.0842367330606137,0.616823038873476,1.5,0.5,5.261,2,"unchanged"
"DDR1",0.156451577325916,0.524840781577734,7,0,19.017,1,"unchanged"
"DDR2",0.348089317627679,0.308055506340386,5,0,6.056,2,"unchanged"
"DDX18",0.21118964055846,0.0999377154812335,1.5,0.625,4.725,8,"induced"
"DDX19A",-0.130525609235438,0.511903567503647,4.5,0,6.624,2,"unchanged"
"DDX20",0.254057569662227,0.0512867825938527,3,0,3.681,1,"induced"
"DDX23",0.0685133027265756,0.63866500182055,7,0,13.956,1,"unchanged"
"DDX24",0.0545190020534783,0.70900208361962,3.667,0.333,5.665,3,"unchanged"
"DDX27",0.199443110821246,0.257109956244467,4,0,1.771,1,"unchanged"
"DDX28",-0.235127536054393,0.451271465338152,2,0,3.745,1,"unchanged"
"DDX31",0.107553090386497,0.384387594200003,2.5,0,3.987,4,"unchanged"
"DDX42",0.0298491537989758,0.781045340234479,2,0,5.503,3,"unchanged"
"DDX47",0.196057944774481,0.177283539801603,3.5,0,5.348,2,"unchanged"
"DDX49",0.240850300090393,0.0827432230219817,6,0,4.294,1,"induced"
"DDX54",0.128235757109734,0.370658971042902,7,0,4.721,1,"unchanged"
"DDX56",-0.26387323727283,0.268492671271966,1,1,3.282,1,"unchanged"
"DDX6",0.136079991557724,0.355862630466165,1,1,3.834,1,"unchanged"
"DECR1",-1.22920798594321,0.0174663533783162,4.333,0,4.396,3,"repressed"
"DEFB1",0.504872421062121,0.247592901795315,1.333,0.667,6.135,9,"unchanged"
"DELE1",-0.175330325081045,0.118522772520308,6,0,11.685,1,"unchanged"
"DENND10",0.0596267688838577,0.769993754631379,4,0.5,11.199,2,"unchanged"
"DENND11",-0.877781726616263,0.0570774268984451,1,1,3.451,2,"repressed"
"DENND1C",2.12861943730477,0.0543811744140377,5,0,6.288,1,"induced"
"DENND2B",0.466146293482167,0.0546521832149383,7,0,16.928,1,"induced"
"DENND2D",0.38423079809202,0.11828664829085,3.5,0,4.831,2,"unchanged"
"DENND3",0.511752991168676,0.117885512469887,5.75,0,9.397,4,"unchanged"
"DENND4C",-0.0118757491831474,0.972042689290648,5,0,3.067,1,"unchanged"
"DERL3",0.0963775965913571,0.861047422502685,3.333,0,4.641,6,"unchanged"
"DES",0.0408876796766489,0.93072721255263,5.333,0,4.243,3,"unchanged"
"DGCR2",-0.297938007027429,0.0459106577292443,3.2,0,3.113,5,"repressed"
"DGCR6L",-0.192628323951797,0.217684642086006,3.25,0,4.064,4,"unchanged"
"DGKE",0.0804670791603082,0.721058794690144,1,1,2.652,1,"unchanged"
"DGKG",1.75496277422085,0.019591617301107,3.5,0,3.101,2,"induced"
"DGKH",0.216236171677099,0.588311030575954,7,0,22.391,1,"unchanged"
"DGKZ",-0.250792415638851,0.178336227944961,5,0,5.061,1,"unchanged"
"DGUOK",-0.0409618152323903,0.818209702895595,3.5,0,5.374,2,"unchanged"
"DHDH",-2.84322091659751,0.00431484224799536,1.333,0.833,5.155,6,"repressed"
"DHRS13",-0.695910643069619,0.0653820812601504,1.75,0.25,4.473,4,"repressed"
"DHRS7B",0.489439934886351,0.0404080464256396,3,0,3.834,1,"induced"
"DHTKD1",-0.822516660017646,0.238439316040431,2,0.2,3.527,5,"unchanged"
"DHX15",0.0911728765370716,0.524085691568357,2,0,5.138,2,"unchanged"
"DHX32",-0.329324485173514,0.460130616739113,1.333,0.667,4.354,6,"unchanged"
"DHX34",0.399725979366375,0.262756237261836,2,0.5,4.831,2,"unchanged"
"DHX40",-0.226322253174689,0.288990803991783,1.5,0.5,3.527,2,"unchanged"
"DHX8",-0.100394494601574,0.351972377814581,1,1,2.635,2,"unchanged"
"DHX9",-0.0777764390934976,0.665749968124605,3.667,0.333,3.885,3,"unchanged"
"DIAPH1",-0.322420964970792,0.0932965761968434,4.167,0,4.244,6,"repressed"
"DIAPH3",-0.947641100701372,0.112824928181143,1,1,4.447,1,"unchanged"
"DIO1",-1.90340841382744,0.0105880881402435,1,1,4.244,5,"repressed"
"DIP2B",0.149291018172471,0.250182516847665,7,0,11.393,1,"unchanged"
"DIPK2B",-0.0396180603661267,0.947025765427627,3.5,0,3.067,2,"unchanged"
"DISC1",0.398538542098584,0.456325129458804,6,0,5.949,1,"unchanged"
"DKC1",0.470311279405717,0.0196362203846438,4,0,3.681,1,"induced"
"DKK3",0.964916891039022,0.161609941056414,7,0,3.254,1,"unchanged"
"DLD",-0.753093158593996,0.0896070796470081,4,0,10.8,1,"repressed"
"DLG1",-0.361404406492008,0.0626137057027038,4,0,3.427,5,"repressed"
"DLG3",-0.561010819261905,0.0162849898496127,7,0,7.208,1,"repressed"
"DLGAP1",0.0673429303384954,0.942206725875164,5,0,8.742,1,"unchanged"
"DLGAP3",0.634134529858359,0.262397727437513,7,0,16.029,1,"unchanged"
"DLL4",-1.3408322826442,0.00588984235567128,4.714,0.143,6.223,7,"repressed"
"DMAC1",-0.541175245706079,0.031103454671886,2,0,4.601,1,"repressed"
"DMGDH",-1.72567168483386,0.0479044342903248,3,0,4.192,2,"repressed"
"DMXL1",-0.284480545968042,0.406336724327964,1.333,0.667,3.425,3,"unchanged"
"DMXL2",-0.939806271684579,0.0841329408615626,1.25,0.75,3.907,4,"repressed"
"DNAAF4",-0.168867220601839,0.610511646180182,5,0,2.855,1,"unchanged"
"DNAAF5",-0.0941755456776709,0.663376989399397,7,0,12.115,1,"unchanged"
"DNAH10",0.199048596097682,0.72796483634978,4.5,0,5.539,4,"unchanged"
"DNAH14",-1.64861680870724,0.22966138638491,1,1,4.294,1,"unchanged"
"DNAH2",0.183769421302725,0.646581788572509,3.6,0,5.38,5,"unchanged"
"DNAH6",0.222805291481531,0.696077021837341,1,1,2.404,1,"unchanged"
"DNAH9",1.68959373959041,0.0473050964377146,1.4,0.6,4.079,5,"induced"
"DNAI3",0.124034521204851,0.843251424487197,5,0,5.6,1,"unchanged"
"DNAJB6",-0.230103171228392,0.144123313050033,6.5,0,7.303,2,"unchanged"
"DNAJC1",-0.0881545531544399,0.61964693701993,2,0,2.607,1,"unchanged"
"DNAJC12",7.69167482719268e-05,0.999972235509865,2,0.333,3.956,3,"unchanged"
"DNAJC18",0.842902388350549,0.0426892493539394,5.333,0,5.879,3,"induced"
"DNAJC3",0.251679816624242,0.0997305779531604,4,0,2.266,2,"induced"
"DNAJC6",-1.04176381655889,0.0534612225989158,4,0,5.379,2,"repressed"
"DNAJC9",-0.0694474488119088,0.723678173620507,7,0,4.372,1,"unchanged"
"DNAL4",-0.19930505588188,0.180597788528647,3,0,4.46,4,"unchanged"
"DNASE1",-1.23638225439743,0.113842431288562,1,1,3.709,2,"unchanged"
"DNASE1L2",-0.414044698717512,0.184081007707526,6,0,4.214,2,"unchanged"
"DNLZ",-0.234616670733734,0.326204908051253,4,0,5.674,1,"unchanged"
"DNM3",0.322488567679058,0.368129494704672,3,0.5,2.885,2,"unchanged"
"DNMT1",0.356894512971383,0.134267674227908,6,0,10.826,2,"unchanged"
"DNPEP",0.222978251010869,0.418330105772146,7,0,16.171,1,"unchanged"
"DNTTIP2",0.0847664106513344,0.588311030575954,7,0,13.259,1,"unchanged"
"DOCK11",-0.256877709089591,0.323318053974426,1,1,4.601,1,"unchanged"
"DOCK4",-0.159488605227252,0.482185401694941,1.5,0.5,3.148,4,"unchanged"
"DOCK5",-0.552498453609407,0.109251622865236,1.333,0.778,4.132,9,"unchanged"
"DOCK6",0.564311671865098,0.0197929391485239,6,0,15.183,1,"induced"
"DOCK8",-0.284330238538575,0.139822808000751,3.5,0.5,4.093,2,"unchanged"
"DOCK9",0.604042765530627,0.0158011929121123,5,0,4.064,2,"induced"
"DOK1",0.815192985647777,0.101305383711671,7,0,10.245,1,"unchanged"
"DOK2",1.87383372619535,0.0503600920881537,6,0,2.996,1,"induced"
"DOK4",0.208138896379046,0.411873959587199,6,0,6.313,2,"unchanged"
"DOK6",0.215311565872969,0.75402910288753,2,0,3.221,1,"unchanged"
"DOLK",-0.0673720105403515,0.803168677531496,6,0,5.521,1,"unchanged"
"DOLPP1",0.104930791622404,0.747792252104872,3.25,0,5.089,4,"unchanged"
"DPEP1",-0.882016916743974,0.050072131235805,4.25,0.25,4.575,4,"repressed"
"DPH1",0.202635219105096,0.230107530206144,7,0,3.755,1,"unchanged"
"DPH5",-0.42128664474392,0.0169195591327631,4.2,0,8.945,5,"repressed"
"DPH6",-0.252605253887131,0.440360580874543,2.571,0.143,3.791,7,"unchanged"
"DPH7",0.213978849014385,0.193829410600678,4.5,0,6.923,2,"unchanged"
"DPM3",0.212929508339276,0.461706404151413,4.333,0,5.332,3,"unchanged"
"DPP9",0.205018062717897,0.284527308540695,3,0,6.594,1,"unchanged"
"DPY30",-0.179247872584876,0.156876317661626,7,0,15.428,1,"unchanged"
"DPYSL3",0.507886749949551,0.185850980640496,3,0.333,5.422,3,"unchanged"
"DPYSL4",0.818679964577711,0.0371734078131957,3,0.333,5.163,3,"induced"
"DR1",0.0366196236554543,0.901257506699584,1,1,2.865,3,"unchanged"
"DRAM2",-0.23317116153892,0.302016494904137,4.6,0,4.256,5,"unchanged"
"DRC1",-0.00431029669252858,0.991342081718615,4,0,5.83,1,"unchanged"
"DRG2",-0.427058744211315,0.0491698407859276,2,0,3.526,2,"repressed"
"DROSHA",-0.102778707374301,0.4697778243432,2,0,3.374,1,"unchanged"
"DRP2",0.775664989732922,0.329706420624884,7,0,10.889,1,"unchanged"
"DSCC1",1.41870069001391,0.0230328000925289,3.917,0,3.33,12,"induced"
"DSTN",-0.293310536106016,0.125919835412462,3.5,0,3.766,4,"unchanged"
"DTD1",0.0786879035917254,0.747805653397767,2,0,3.527,1,"unchanged"
"DTNA",0.130711226510641,0.823856451702167,5,0,3.374,1,"unchanged"
"DTNB",-0.380108209050897,0.083082497433186,2,0,5.061,1,"repressed"
"DTNBP1",-0.534359320260027,0.0377797473826803,1,1,2.271,1,"repressed"
"DTX3",0.356573628482332,0.367536278306334,3.667,0,4.964,3,"unchanged"
"DTX3L",0.608403121251182,0.074872308969986,5,0,2.76,1,"induced"
"DUOX2",0.7899961933308,0.283348214177857,2.333,0.333,4.944,6,"unchanged"
"DUOXA2",1.04789780601347,0.121137158127583,2.333,0.333,4.944,6,"unchanged"
"DUSP1",-0.305677688677899,0.641544822183493,4.158,0.053,4.246,19,"unchanged"
"DUSP11",-0.143204579881361,0.266107762959444,7,0,29.821,1,"unchanged"
"DUSP15",1.85135481487255,0.0160366634717323,6,0,7.821,1,"induced"
"DUSP18",0.253693813489437,0.314828334417151,5,0,2.939,1,"unchanged"
"DUSP19",-0.288630909207685,0.313431979672277,3.667,0.333,8.156,3,"unchanged"
"DUSP3",0.176875936556256,0.451360650747214,1,1,2.436,2,"unchanged"
"DUSP4",1.19331136201927,0.0377797473826803,1,1,3.834,1,"induced"
"DUSP5",2.33975114843433,0.00558578197927428,4.111,0.111,3.864,9,"induced"
"DUSP8",0.199329721654771,0.656560520279992,6.5,0,6.748,2,"unchanged"
"DUSP9",0.358902133724794,0.515683408610126,3.333,0.333,5.879,3,"unchanged"
"DYNC2LI1",-0.205498647982435,0.566818160368898,2.429,0.429,6.331,7,"unchanged"
"DYNLL1",0.367542644546099,0.230554567613449,6.5,0,8.721,2,"unchanged"
"DYNLL2",-0.51313531053284,0.043521603278735,5,0,4.697,2,"repressed"
"DYNLT1",-0.176556739050501,0.457459126647197,3,0,3.719,3,"unchanged"
"DYRK3",0.0276130799477343,0.952896055846399,2,0,3.133,2,"unchanged"
"DYSF",-0.576689657908132,0.0833512444551032,7,0,29.138,1,"repressed"
"DZIP1",0.324453550907664,0.0966146699192405,6,0,4.853,1,"induced"
"DZIP3",-0.504284434694014,0.0654133444431407,1,1,3.834,1,"repressed"
"E2F3",0.094022181741158,0.778202464342113,1,1,2.672,1,"unchanged"
"E2F4",0.252386782389945,0.172293205725189,4,0,3.34,1,"unchanged"
"EARS2",-0.341239775338477,0.2856016948993,4.333,0,3.997,3,"unchanged"
"EBPL",-0.655977427097616,0.0699980513581208,1.5,0.5,3.565,2,"repressed"
"ECE1",-0.000471139225907358,0.998782346081748,4.5,0,10.168,2,"unchanged"
"ECH1",-0.0775556733677698,0.804694482654362,5.333,0,4.046,3,"unchanged"
"ECHDC1",0.0553829755635205,0.955652206766233,1,1,5.53,2,"unchanged"
"ECM1",1.32411413540185,0.091164847636282,3.333,0.333,3.709,3,"induced"
"ECRG4",1.37655124059758,0.145506798948852,1.667,0.333,4.038,3,"unchanged"
"ECSCR",0.519975867430206,0.167639004679655,5.333,0,5.879,3,"unchanged"
"ECSIT",-0.389309482365623,0.127950253426062,7,0,8.295,1,"unchanged"
"ECT2L",-0.859689392385312,0.104392814049885,4.5,0,9.27,2,"unchanged"
"EDAR",1.30146335200765,0.244617496073635,3.333,0,2.914,3,"unchanged"
"EDC3",0.213504698746294,0.46555345521497,6,0,4.769,2,"unchanged"
"EDEM3",0.262647545109065,0.259985730502132,6,0,6.292,1,"unchanged"
"EDN1",1.51509686364334,0.00664800829518784,5,0,6.441,1,"induced"
"EDN2",2.75089298687894,0.0166320182441244,3,0,3.072,1,"induced"
"EDRF1",-0.581488039654539,0.00831144843206926,3.5,0,5.436,2,"repressed"
"EED",-0.19222558572387,0.100108373515859,2,0.333,2.718,3,"unchanged"
"EEF1A2",0.862442570089545,0.275091956281655,5,0,3.239,1,"unchanged"
"EEF1AKMT3",-0.465758988628985,0.383920789245921,2,0,4.141,1,"unchanged"
"EEF1B2",0.239725374082559,0.280060924851991,3.5,0,5.623,2,"unchanged"
"EEF1G",-0.0601020855331118,0.81984674425275,6,0,3.335,2,"unchanged"
"EEPD1",0.338063070257067,0.141559479941517,2.333,0,3.978,3,"unchanged"
"EFCAB10",0.0812439508064986,0.825563828001065,1,1,4.25,2,"unchanged"
"EFCAB3",-1.28611090697102,0.124807881034262,5.167,0,4.025,6,"unchanged"
"EFHB",0.265841032328329,0.610856277551595,4,0,3.589,4,"unchanged"
"EFHC1",0.202510876111684,0.521169877665081,3.917,0.083,4.027,12,"unchanged"
"EFHC2",0.254378151965413,0.546534486232524,5,0,2.914,1,"unchanged"
"EFNB2",-0.642631683121095,0.0121296261828912,4.4,0.2,5.079,5,"repressed"
"EFR3B",-0.582376515911164,0.397504231252623,3.167,0,4.425,12,"unchanged"
"EGF",-3.32878103991121,0.0122628113509918,1,1,3.862,3,"repressed"
"EGFR",0.352645893923492,0.0720382182487909,5,0,4.908,1,"induced"
"EHBP1",0.310158652621157,0.22388371330244,4.286,0.143,6.285,7,"unchanged"
"EHD2",0.995657945074516,0.0278508428011452,4.5,0,4.677,2,"induced"
"EHD3",-0.904278743627803,0.0339509619432383,4.333,0,5.419,3,"repressed"
"EHF",1.7461012905278,0.0048133053088007,2.4,0.2,3.48,5,"induced"
"EHMT1",0.137540798190602,0.281209744925024,6,0,8.285,1,"unchanged"
"EID3",0.331854096425622,0.310615600182064,1,1,2.319,1,"unchanged"
"EIF2AK1",0.127229836877083,0.348916213221584,7,0,19.215,1,"unchanged"
"EIF2B1",-0.0450863711638059,0.792374614051998,6,0,4.754,1,"unchanged"
"EIF2B2",-0.0386409402846128,0.826159101583575,5,0,4.207,8,"unchanged"
"EIF2B4",0.0923608433732026,0.569751937040852,3,0,2.846,1,"unchanged"
"EIF3E",-0.170337402239382,0.264187363989484,7,0,15.522,1,"unchanged"
"EIF3K",-0.104850372134235,0.604600483426086,6,0,5.747,1,"unchanged"
"EIF3L",-0.308427828779773,0.0916506279641137,2.2,0.2,4.884,5,"repressed"
"EIF3M",-0.111251351671915,0.453463525765268,1.167,0.833,4.146,6,"unchanged"
"EIF4A1",0.843721297949401,0.00577770871303924,5,0,2.672,1,"induced"
"EIF4E",-0.106042672860312,0.574996700795849,7,0,18.548,1,"unchanged"
"EIF4EBP3",0.119029809675048,0.675774997312994,7,0,3.221,1,"unchanged"
"EIF6",0.0953988439782565,0.680312129479382,4,0,4.143,1,"unchanged"
"EIPR1",-0.0749945121389826,0.761189433992575,3,0,1.757,1,"unchanged"
"ELANE",2.90952912599791,0.0447617461395763,6,0,3.221,2,"induced"
"ELF5",-1.73309933406235,0.0144800048063897,1,1,4.336,7,"repressed"
"ELFN1",0.50992003397559,0.158100101113488,1.5,0.5,3.31,4,"unchanged"
"ELK1",0.24092635835186,0.173832506816299,4,0.5,6.27,2,"unchanged"
"ELK3",0.327017028982867,0.256682012109033,3.333,0,4.895,6,"unchanged"
"ELK4",0.145294651140012,0.559333932042359,5,0,4.475,3,"unchanged"
"ELL3",-0.638617231275045,0.0286805126480211,7,0,4.908,1,"repressed"
"ELMOD1",-1.00550480380137,0.134294957724156,2.667,0.333,4.34,3,"unchanged"
"ELOA",-0.0769505532121517,0.549560644616655,1.833,0.667,3.965,6,"unchanged"
"ELOB",-0.160730283069723,0.461165190995113,7,0,21.064,1,"unchanged"
"ELOC",-0.272213090903898,0.157783770183276,4.5,0,8.437,2,"unchanged"
"ELOF1",-0.104657691401842,0.583083510322667,1,1,2.951,2,"unchanged"
"ELOVL5",-0.209890250730747,0.350923972517022,7,0,18.364,1,"unchanged"
"ELP6",0.333944180640638,0.0972001615310889,7,0,6.039,1,"induced"
"EMC10",-0.0319674196424211,0.822634907593277,7,0,13.342,1,"unchanged"
"EMC2",-0.243700098015229,0.244792909271479,7,0,15.522,1,"unchanged"
"EMC3",-0.479778030001951,0.0437513424525001,7,0,5.368,1,"repressed"
"EMC4",-0.22407085739441,0.198135682483743,7,0,13.066,1,"unchanged"
"EMC8",-0.00590544055447317,0.972475696194227,4,0,5.061,1,"unchanged"
"EMCN",-0.503088393364967,0.152262166786544,1.5,0.667,4.696,6,"unchanged"
"EME1",0.622775524100015,0.0769262956889678,4.5,0,5.299,2,"induced"
"EMID1",-0.861090965789368,0.0492878236177344,3.286,0.143,6.238,7,"repressed"
"EMILIN1",1.26497779895331,0.0351263229969196,3,0,3.233,2,"induced"
"EMILIN2",2.38956712398623,0.00810044516608624,4.5,0,2.746,2,"induced"
"EML2",0.283178701587888,0.070889689971251,7,0,8.869,2,"induced"
"EML4",0.561727792966468,0.0406972788514531,4.667,0,3.618,3,"induced"
"EML6",0.541615663918342,0.307059063239492,6,0,3.067,1,"unchanged"
"EMP1",1.46933374826456,0.00567032228060145,4.75,0,6.485,4,"induced"
"EMP2",1.07542599597238,0.02333425501345,4,0,4.313,6,"induced"
"EMP3",1.50593708386373,0.0258503636022914,7,0,9.28,1,"induced"
"EMX1",-1.49309266393426,0.0183496692121575,3,0,3.756,2,"repressed"
"ENC1",1.87554981186415,0.0115735681715899,2.5,0,5.369,4,"induced"
"ENDOD1",1.21289697293952,0.0121444879987254,3,0,4.141,1,"induced"
"ENDOG",-0.678700055058221,0.175731785453946,3,0,3.144,2,"unchanged"
"ENG",0.202978948689291,0.548391709790658,6,0,14.026,1,"unchanged"
"ENGASE",-0.949415074224759,0.00894429318185634,3.286,0.286,4.312,7,"repressed"
"ENO2",0.796790238563366,0.147228585697524,7,0,9.716,1,"unchanged"
"ENO3",-0.224914702797621,0.320119712796498,6,0,5.842,1,"unchanged"
"ENOX1",-0.756370053037854,0.111623109945808,1,1,4.294,2,"unchanged"
"ENPEP",-0.631536404898208,0.437358170421141,1,1,3.629,2,"unchanged"
"ENPP1",-0.0991156949069438,0.81350281387884,2.2,0.2,4.693,5,"unchanged"
"ENPP2",-0.400529714723889,0.0683598548732009,3,0.25,6.005,4,"repressed"
"ENPP3",0.844314052093576,0.201762687821185,3,0,4.606,2,"unchanged"
"ENPP5",-0.788182846820364,0.319814206965405,2,0.5,3.881,2,"unchanged"
"ENSA",-0.222940369942254,0.102575206965285,4,0,3.374,1,"unchanged"
"ENTHD1",1.05736753781501,0.329706420624884,1.5,0.5,3.146,2,"unchanged"
"ENTPD1",0.674023431184367,0.0188362297514592,1,1,3.551,1,"induced"
"ENTPD3",0.0560667248431614,0.947025765427627,2,0,8.281,1,"unchanged"
"ENTPD5",-1.04814481588435,0.031798585121415,3.5,0,3.527,2,"repressed"
"ENTPD7",-0.0817730721919825,0.774890169847255,2,0,2.76,1,"unchanged"
"EOLA2",-0.087355455476636,0.795234157126233,2,0,2.914,1,"unchanged"
"EP300",-0.129801354824115,0.368032269788813,5,0,3.364,2,"unchanged"
"EPB41L1",0.227586468931815,0.423356601719022,1,1,3.834,1,"unchanged"
"EPB41L5",-0.782660422145119,0.0531981064284132,7,0,14.005,1,"repressed"
"EPC1",0.0976873418181166,0.554798910831593,7,0,17.483,1,"unchanged"
"EPCAM",0.347777296773899,0.248284607121,3,0,2.914,1,"unchanged"
"EPHA1",-0.402975605022558,0.167189118368079,5,0,4.601,2,"unchanged"
"EPHA2",0.382796161933347,0.114802783447289,7,0,13.176,1,"unchanged"
"EPHA3",0.600232671263608,0.456325129458804,6,0,4.635,1,"unchanged"
"EPHB2",-0.361704827335765,0.709005013840614,2,0,4.37,4,"unchanged"
"EPHB3",0.533659866501346,0.360007584104035,5.667,0,6.55,3,"unchanged"
"EPHB4",0.185569796005405,0.136177520145689,1,1,3.067,1,"unchanged"
"EPHX1",0.531099168179773,0.245686494569634,3,0,3.221,1,"unchanged"
"EPHX3",0.129643493715265,0.490383469657429,2.5,0,5.841,2,"unchanged"
"EPN1",-0.402365470058742,0.0596884990688632,3,0,3.629,3,"repressed"
"EPN2",0.219732169947562,0.268202081061896,3.571,0,4.755,7,"unchanged"
"EPN3",-0.465436741407634,0.119944694144748,1.25,0.75,4.926,4,"unchanged"
"EPOR",-0.384015078144911,0.225421076558518,2.75,0.5,5.031,4,"unchanged"
"EPPK1",-0.0657817636643792,0.899206010575703,6,0,5.243,1,"unchanged"
"EPS8",-0.732184066052811,0.0777508712699682,2.529,0.353,4.754,17,"repressed"
"ERBB3",-0.0217326361598253,0.967331227729372,4,0,2.965,1,"unchanged"
"ERCC1",0.11127479712535,0.641536485955948,7,0,9.289,2,"unchanged"
"ERCC2",0.148929222730559,0.609543643787634,5,0,4.304,2,"unchanged"
"ERGIC1",0.0524890825331719,0.707603327879771,4.158,0.053,4.246,19,"unchanged"
"ERI3",-0.0476996276498758,0.731240339401124,3,0,3.473,1,"unchanged"
"ERICH3",-0.838519359371078,0.331196206950709,4,0,2.914,1,"unchanged"
"ERICH4",-0.567303860425801,0.366714977739532,1,1,3.895,1,"unchanged"
"ERLIN2",-1.14630872423637,0.0137322070536543,4.333,0,6.41,3,"repressed"
"ERMARD",0.00384279913437968,0.985050347595123,6,0,7.821,1,"unchanged"
"ERMP1",0.157101181264431,0.597797668682392,3,0,4.678,2,"unchanged"
"ERN1",1.05867659833049,0.00793978426049497,6,0,4.872,1,"induced"
"ERO1B",-0.264157801162867,0.325069731397813,3,0,4.817,3,"unchanged"
"ERP29",-0.663363968339246,0.0709020856489185,1.222,0.778,4.716,9,"repressed"
"ESPN",-1.16695971434509,0.0446233906985843,2,0,3.449,1,"repressed"
"ESPNL",0.213508838948272,0.710982217510717,3,0,2.607,1,"unchanged"
"ESR1",-0.594796239557795,0.104998049439265,1,1,3.508,10,"unchanged"
"ESRRB",-1.28453064368206,0.0377797473826803,2.429,0.571,6.155,7,"repressed"
"ETF1",0.0144593239275475,0.951306640709593,1.75,0.5,3.968,4,"unchanged"
"ETFA",-0.75291072709783,0.100968374344184,1,1,3.067,1,"unchanged"
"ETNK1",-0.449641422446637,0.208893395875221,3,0,4.185,3,"unchanged"
"ETNK2",0.106332488147723,0.769218729329089,3.833,0,3.505,6,"unchanged"
"ETNPPL",-0.370105512536734,0.776718883179494,6,0,6.629,1,"unchanged"
"ETS1",0.110528725330052,0.763121235421287,3.722,0.111,5.706,18,"unchanged"
"ETV3",0.181491501579432,0.202923990342444,2,0.625,4.2,8,"unchanged"
"ETV4",2.73843382035105,0.0048133053088007,5,0,3.134,1,"induced"
"ETV6",0.034785968877614,0.792619376563549,4,0,7.676,2,"unchanged"
"ETV7",3.48096432715834,0.00592913875525179,7,0,10.321,1,"induced"
"EVA1A",0.723546163302728,0.105266789794072,2.667,0.333,4.089,3,"unchanged"
"EVI5",-0.180968780647707,0.466190377922969,2,0,3.163,1,"unchanged"
"EVL",0.181619638833099,0.464405347992705,4,0,2.697,1,"unchanged"
"EVPL",1.29075651463552,0.0222229084628434,4.667,0,5.697,3,"induced"
"EWSR1",0.0982306188048288,0.452431209625445,2,0,3.221,1,"unchanged"
"EXD3",-0.213808104361095,0.27388309323968,2,0,3.067,1,"unchanged"
"EXO5",0.177599413010176,0.57169908992296,7,0,7.259,1,"unchanged"
"EXOC1",-0.13392400354491,0.53832011927038,6,0,7.798,1,"unchanged"
"EXOC2",-0.306617454828046,0.178054185486971,6,0,6.288,1,"unchanged"
"EXOC3L1",-0.168784647311985,0.628822080240188,6,0,9.138,1,"unchanged"
"EXOC3L2",-0.804100777080124,0.0105383275414171,2,0.667,5.347,3,"repressed"
"EXOC3L4",-0.230061989881255,0.35429213218277,3.5,0,2.914,2,"unchanged"
"EXOC6B",0.195003465653412,0.222751531483691,7,0,14.54,1,"unchanged"
"EXOC7",0.0170447180327216,0.90120339412293,6,0,14.439,1,"unchanged"
"EXOSC3",-0.0731481389661202,0.646687219305942,7,0,8.752,1,"unchanged"
"EXOSC5",0.25139602506047,0.515285648679774,4,0,4.335,1,"unchanged"
"EXOSC6",0.0278849588189924,0.934614334697441,7,0,23.05,1,"unchanged"
"EXOSC7",-0.00616848892148969,0.974867915834666,3.5,0,5.094,4,"unchanged"
"EXT2",0.202530763163344,0.143745754026587,2,0,4.831,2,"unchanged"
"EXTL3",0.100067161441421,0.531372946252713,5,0,16.094,2,"unchanged"
"EYA3",-0.0151487334280569,0.924428887757019,4.182,0,4.671,11,"unchanged"
"EZH1",-0.380278152271631,0.0847865132261207,5.5,0,5.352,2,"repressed"
"F11R",0.0788061446449237,0.701177839491811,3.75,0,6.143,4,"unchanged"
"F2R",0.184607780029586,0.663681824490907,2.5,0.5,6.671,2,"unchanged"
"F2RL1",-0.0510208933209446,0.888913852229288,1,1,3.451,2,"unchanged"
"F2RL2",1.23918777816722,0.0180662353351251,2.4,0.2,4.11,5,"induced"
"F3",1.31043075929087,0.00330146632416522,5,0,4.104,2,"induced"
"F5",-0.907637996270958,0.102121488102531,2,0.25,3.802,4,"unchanged"
"F8",-0.809462221996123,0.0426756746043916,3.667,0,3.578,3,"repressed"
"FAAP100",0.0664559863308627,0.80198371205455,5.5,0,4.798,2,"unchanged"
"FABP1",-2.37014596138931,0.0294825832677184,3,0,2.423,1,"repressed"
"FABP3",-1.79216025325785,0.0103235251558437,4.75,0,5.413,4,"repressed"
"FABP4",1.38100063510834,0.0744397064536526,2.4,0,3.631,5,"induced"
"FADS2",0.67901267306903,0.388437629397097,1.333,0.667,5.015,3,"unchanged"
"FADS3",1.60334694970296,0.00853823314434438,5,0,3.854,2,"induced"
"FADS6",-0.0288834364359447,0.975798933183136,5,0,9.468,1,"unchanged"
"FAM102A",0.307704941194698,0.0959697932526136,6.2,0,5.544,10,"induced"
"FAM104A",0.261776027660733,0.0218267962914556,7,0,7.763,1,"induced"
"FAM107A",-0.161345461727659,0.653498337644014,4.143,0,4.505,7,"unchanged"
"FAM107B",0.0693055944386467,0.778589161074945,1,1,2.672,1,"unchanged"
"FAM110A",0.527373391514065,0.105811162004774,6,0,7.975,1,"unchanged"
"FAM110D",0.567439677125258,0.179112157459033,7,0,9.333,1,"unchanged"
"FAM114A2",-0.180990003119146,0.414873865696296,2.909,0.273,3.299,11,"unchanged"
"FAM117A",-1.01983684266635,0.00461258679110443,4.667,0,4.977,3,"repressed"
"FAM118A",0.31806731256717,0.346423020466601,7,0,15.379,1,"unchanged"
"FAM120A",-0.355390567217981,0.131242633433068,5.5,0,4.732,2,"unchanged"
"FAM120B",-0.21655228149973,0.0721023017520733,3,0.5,3.436,2,"repressed"
"FAM126B",-0.175535829266861,0.629404697719047,2,0,2.607,1,"unchanged"
"FAM131A",0.143950191048277,0.532199756904427,4,0,3.595,1,"unchanged"
"FAM131C",0.0216887739497631,0.960281563501289,2,0.667,4.464,3,"unchanged"
"FAM133B",-0.156310002889893,0.424183959170742,3,0,3.34,1,"unchanged"
"FAM13C",-0.000923585465927301,0.999212815254108,4,0,4.294,1,"unchanged"
"FAM149B1",-0.305933134758861,0.0839013654718288,7,0,4.372,1,"repressed"
"FAM151A",-0.505897715418516,0.629751221703388,1,1,4.908,1,"unchanged"
"FAM161B",-0.955810926832779,0.0117359827762105,3,0,4.601,1,"repressed"
"FAM163A",0.29549951709127,0.803872625407002,1,1,3.794,3,"unchanged"
"FAM166B",-0.482799263916229,0.285700601795875,4,0.167,3.697,6,"unchanged"
"FAM168A",-0.36486508926818,0.0445310321105646,7,0,19.543,1,"repressed"
"FAM169A",-0.188605714365561,0.815039733773733,3.5,0,7.647,6,"unchanged"
"FAM171A1",0.376866905843823,0.186721321008221,2,0,3.733,1,"unchanged"
"FAM172A",0.224056491785561,0.352256450087852,2,0.5,3.297,2,"unchanged"
"FAM174A",-0.146694554619412,0.323722122643183,3,0,2.663,1,"unchanged"
"FAM181B",-0.619075074438508,0.052389702604133,2.714,0.286,4.093,7,"repressed"
"FAM187A",0.076225780144668,0.858570210468889,2,0,2.271,1,"unchanged"
"FAM189A2",-0.146407378349933,0.629404697719047,4,0,5.409,3,"unchanged"
"FAM20A",1.42428547252617,0.0128284909956858,3,0.308,3.501,13,"induced"
"FAM20C",-0.528948168936759,0.0972001615310889,2,0,2.984,2,"repressed"
"FAM210A",-0.711299131493311,0.0737797801098688,1.5,0.5,3.874,2,"repressed"
"FAM214A",-0.156143803335214,0.509261637869935,5,0,17.579,2,"unchanged"
"FAM222A",-0.740523573252317,0.0117359827762105,5.5,0,6.453,2,"repressed"
"FAM222B",-0.463294965352693,0.0268314263592548,7,0,19.325,1,"repressed"
"FAM228A",0.315812268810455,0.652453323283204,2,0,3.221,1,"unchanged"
"FAM234A",-0.404464538915027,0.0910252210895447,7,0,31.66,1,"repressed"
"FAM24B",0.0184825629142348,0.979125527766034,2,0,2.924,1,"unchanged"
"FAM32A",-0.152842126042263,0.258734145560299,7,0,6.588,1,"unchanged"
"FAM3A",-0.0870456717231729,0.612206588525098,6,0,3.987,1,"unchanged"
"FAM3C",0.488139704030142,0.0207945221023943,7,0,7.778,2,"induced"
"FAM43A",0.766503810601075,0.0654166437751908,6,0,11.975,2,"induced"
"FAM71E1",0.755191238105961,0.192923281589666,7,0,13.342,1,"unchanged"
"FAM71F1",0.652945791834204,0.17766173279722,4,0,4.719,3,"unchanged"
"FAM78A",1.70325780907121,0.0653820812601504,6.25,0,5.787,4,"induced"
"FAM81A",-0.636393536362381,0.125066749083875,1.143,0.857,4.018,7,"unchanged"
"FAM83G",-0.522312426682419,0.283617787694612,1,1,5.981,1,"unchanged"
"FANCD2",0.299941466607025,0.132299837820641,7,0,5.368,1,"unchanged"
"FANCF",-1.37916576967995,0.00655177768067473,7,0,5.981,1,"repressed"
"FANCI",0.587193378677021,0.151914624469595,7,0,7.473,1,"unchanged"
"FANCL",-0.711885787335822,0.064177544497784,6,0,9.355,1,"repressed"
"FANK1",-1.63501769022161,0.0247630002201367,4,0,2.957,2,"repressed"
"FAP",2.59299375745022,0.0296802256887203,1,1,3.681,1,"induced"
"FARP1",-0.502895057672829,0.164971708036073,1.692,0.462,4.397,13,"unchanged"
"FASTKD2",-0.551985743099086,0.0577219933704978,2,0,3.374,1,"repressed"
"FASTKD5",-0.239971525068328,0.27620286990397,4.5,0,5.768,2,"unchanged"
"FAT1",-0.240606694825143,0.23791636661252,1.25,0.75,3.998,4,"unchanged"
"FAT2",-0.414786623908097,0.63333938153942,3.5,0,5.815,2,"unchanged"
"FBF1",-0.0862673539136116,0.803841890257184,2,0,3.046,2,"unchanged"
"FBH1",-0.08099107255891,0.562143502286701,3,0,3.446,1,"unchanged"
"FBLIM1",1.34047676804971,0.00893413836194193,5.667,0,9.68,3,"induced"
"FBLN1",2.19998908827549,0.00855584688774406,4,0,8.064,3,"induced"
"FBLN2",0.129133638584902,0.793257436266966,3,0,3.442,4,"unchanged"
"FBLN5",0.382570516699305,0.541853847130041,1.5,0.643,3.508,14,"unchanged"
"FBN3",0.608938768093051,0.368853720152562,1,1,6.147,2,"unchanged"
"FBP1",-1.58674534801361,0.0204105787660072,1.6,0.4,4.441,5,"repressed"
"FBRSL1",-0.180390940526842,0.181556447734275,3,0,2.914,1,"unchanged"
"FBXL18",0.0302443295719241,0.838340941407214,1,1,2.846,1,"unchanged"
"FBXL5",0.00445119224587032,0.988113132555739,2,0.5,3.059,2,"unchanged"
"FBXL8",0.587437549587592,0.35429213218277,2,0,3.895,1,"unchanged"
"FBXO17",-1.17894965528268,0.111687628685531,1,1,3.067,1,"unchanged"
"FBXO21",-0.0203119100478784,0.924347586859538,2,0,4.667,4,"unchanged"
"FBXO22",-0.411953548037808,0.146005057450114,1,1,3.658,4,"unchanged"
"FBXO25",-0.221811992741134,0.176491625724477,5,0,5.987,2,"unchanged"
"FBXO27",-0.720335929469552,0.10009667204091,2,0,6.147,1,"unchanged"
"FBXO3",-0.421417138133233,0.0888796958494696,5,0,7.515,1,"repressed"
"FBXO31",-0.269861913517039,0.452144467357432,6.333,0,12.938,3,"unchanged"
"FBXO32",0.520638609391818,0.106406711957445,2.4,0,3.312,5,"unchanged"
"FBXO33",-0.149039608669429,0.481924537318977,1,1,3.374,1,"unchanged"
"FBXO42",-0.0182430604856574,0.906514046057449,2,0,3.221,1,"unchanged"
"FBXO46",0.311975900667425,0.195692505312019,3,0,3.072,1,"unchanged"
"FBXO7",-0.174049228610834,0.239049340696279,4,0,2.697,1,"unchanged"
"FBXW11",-0.0644025358227776,0.747953713572972,3,0,2.88,2,"unchanged"
"FBXW2",-0.360702346916802,0.171503984000511,1.75,0.5,3.03,4,"unchanged"
"FCER1G",1.57769946269026,0.0267736783843623,2.667,0,3.527,3,"induced"
"FCF1",0.00130848178683518,0.994389436219811,5,0,4.494,1,"unchanged"
"FCGR1A",2.49427730950735,0.0146613043565719,7,0,22.442,1,"induced"
"FCGR2B",3.09475826274505,0.00782846270572952,5.333,0,4.353,3,"induced"
"FCGR3A",2.61818070929883,0.00330146632416522,6.333,0,6.501,3,"induced"
"FCHO2",-0.563615066143336,0.218403352730876,4.25,0,12.811,4,"unchanged"
"FCHSD2",0.247022333145205,0.389142155239879,3.8,0,4.726,5,"unchanged"
"FCMR",2.78612024362441,0.0293608387028002,2.8,0.6,5.544,5,"induced"
"FCRLA",3.52986144683261,0.0505410618614913,5.333,0,4.353,3,"induced"
"FCRLB",1.41245173523377,0.0646604139444901,5.333,0,4.353,3,"induced"
"FDX1",-0.817077338593819,0.0698005674777775,2,0,3.527,1,"repressed"
"FDX2",-0.113293575173334,0.610511646180182,1,1,2.607,1,"unchanged"
"FEM1A",-0.0561442975615858,0.734731329472203,7,0,2.635,1,"unchanged"
"FER",-0.231580159305556,0.27730107852866,7,0,12.873,1,"unchanged"
"FER1L6",0.0519695707282928,0.972689749124757,1,1,3.34,1,"unchanged"
"FERMT2",-0.251358944159292,0.275091956281655,3,0,2.672,1,"unchanged"
"FERMT3",2.03918412271059,0.033079732841323,1.5,0.5,3.451,2,"induced"
"FFAR2",1.16154147517428,0.136036238604964,6,0,3.067,1,"unchanged"
"FGD2",1.68282712134483,0.0566549400084158,4,0,2.672,1,"induced"
"FGD3",0.329302095761975,0.467090774412554,5,0.25,3.998,4,"unchanged"
"FGD6",0.425202947372754,0.214324237796564,3.75,0,3.107,4,"unchanged"
"FGF13",0.293335304343057,0.631500092631137,3,0,3.221,1,"unchanged"
"FGFR1OP2",0.0498767294655584,0.81566773860807,1.6,0.5,3.525,10,"unchanged"
"FGFR2",-0.68922432476555,0.0189036918046824,2.6,0.4,4.067,5,"repressed"
"FGFR3",-0.1179562045369,0.566838291288291,2.5,0,3.067,2,"unchanged"
"FGGY",-0.675386412650498,0.0481566332096095,3.364,0.182,4.316,11,"repressed"
"FGL2",1.40320665198794,0.00583861250673906,3,0,2.411,2,"induced"
"FHDC1",0.829803555520858,0.172452823579529,5.25,0,5.51,4,"unchanged"
"FHIT",-0.807783080787249,0.0666080828904693,3,0.667,8.674,3,"repressed"
"FHL1",1.61835680913281,0.00964917685182227,5,0,2.76,1,"induced"
"FHL2",0.660990685001893,0.0813881004750893,2.333,0.333,3.145,3,"induced"
"FHL3",1.28492077803962,0.022513202247527,5,0,3.681,1,"induced"
"FIBIN",1.34719983889746,0.0334276836056818,1.4,0.7,3.855,10,"induced"
"FICD",0.859603848916615,0.0131548879972787,7,0,19.661,1,"induced"
"FIGNL1",-0.092085725436142,0.759446332498799,1,1,2.42,1,"unchanged"
"FILIP1L",0.686564644908493,0.070129253992953,3.5,0,3.8,2,"induced"
"FIZ1",-0.150084802456647,0.443101169825155,6,0,6.476,1,"unchanged"
"FKBP15",-0.368376329814433,0.0491070503162961,3.333,0,3.486,3,"repressed"
"FKBP5",2.06114512712837,0.0347812846308592,4.333,0,3.661,3,"induced"
"FKBPL",-0.165062991410224,0.619767612185737,6,0,6.429,1,"unchanged"
"FKRP",0.0503964564561752,0.803739216739876,4.5,0,2.867,4,"unchanged"
"FKTN",-0.121141796255622,0.763971283126023,7,0,12.501,1,"unchanged"
"FLACC1",0.00782227234512356,0.987910591627655,2.125,0.625,5.006,8,"unchanged"
"FLCN",-0.129538605679032,0.585596169247521,3,0,3.511,1,"unchanged"
"FLI1",0.298236443093478,0.475038322911319,2,0,2.885,2,"unchanged"
"FLNC",1.82602690888934,0.0117359827762105,5.75,0,3.428,4,"induced"
"FLRT1",-0.395718985192757,0.44199905812249,1.9,0.6,4.138,10,"unchanged"
"FLT1",-1.09405918855815,0.0108687546717975,2.8,0.1,4.062,20,"repressed"
"FLT3LG",0.298017318493382,0.579640220440821,4,0.2,4.577,5,"unchanged"
"FLVCR2",-0.430727031155828,0.0924740262851425,2.667,0.333,4.127,6,"repressed"
"FMNL1",2.29015809759537,0.031798585121415,5,0,2.79,3,"induced"
"FMO1",-4.1053102217428,0.00901672680920612,3.167,0,5.266,6,"repressed"
"FMO2",1.55630245023444,0.0300385159746255,4,0,4.416,3,"induced"
"FMOD",1.48869649130336,0.0492878236177344,2.75,0.5,3.819,4,"induced"
"FNIP2",-1.19713177189786,0.0215812549216285,2,0.4,4.471,5,"repressed"
"FOCAD",0.0839079929730699,0.673933339320961,6,0,4.908,1,"unchanged"
"FOLR1",-1.46456110113238,0.109445410927028,2,0,3.374,2,"unchanged"
"FOSB",-0.161525958582189,0.898038142465522,6,0,4.529,4,"unchanged"
"FOSL2",1.02982069670662,0.00558578197927428,3.25,0,4.217,4,"induced"
"FOXC1",-0.203254550879446,0.651274137422108,1,1,3.297,2,"unchanged"
"FOXD1",0.726255394271936,0.122268093286634,1,1,3.015,1,"unchanged"
"FOXD2",-0.651122989619007,0.186217312814842,5,0,6.288,1,"unchanged"
"FOXI1",-1.3503212932461,0.0110861569905551,1.5,0.5,3.297,2,"repressed"
"FOXJ1",1.83820293293394,0.0156800068902584,4,0,10.87,1,"induced"
"FOXL1",1.19368248768637,0.0335304840110292,2.25,0.375,4.823,8,"induced"
"FOXM1",1.75660200290352,0.0196807074673522,7,0,11.095,1,"induced"
"FOXN2",0.132760783277906,0.607255143481255,3.5,0,3.297,2,"unchanged"
"FOXO1",0.253653549585359,0.427703327649613,2.316,0.395,3.653,38,"unchanged"
"FOXP2",-0.0829980227729784,0.900464314857877,4.5,0,3.69,2,"unchanged"
"FOXP4",0.663731216976495,0.0178158053101031,6,0,5.214,1,"induced"
"FOXRED1",-1.09093456555089,0.00954574842525895,4.333,0,10.083,3,"repressed"
"FOXRED2",0.505184554915202,0.0962379105010904,6.333,0,4.319,3,"induced"
"FRA10AC1",-0.212038895438163,0.44929140420125,2,0,6.142,1,"unchanged"
"FRAT1",0.0368559189953634,0.922343185544508,4.8,0,6.01,5,"unchanged"
"FRAT2",-0.280763794457791,0.316438624947946,7,0,13.033,1,"unchanged"
"FREM1",0.400013111794497,0.247592901795315,2.5,0,3.276,2,"unchanged"
"FREM3",-2.59842363594904,0.00409405845559333,1,1,2.607,1,"repressed"
"FRG1",0.139046435706484,0.3586031236346,4,0,3.374,1,"unchanged"
"FRMD1",-1.14445720979961,0.0140556958724204,1,1,3.706,2,"repressed"
"FRMD6",0.76335572971182,0.0665377243063735,4,0,5.81,8,"induced"
"FRMD7",-1.20924114133414,0.035688997130092,1.5,0.5,3.911,4,"repressed"
"FRMPD2",2.05212536259567,0.0579580108768034,2,0,3.374,1,"induced"
"FRRS1",-0.273211363955269,0.465490981881428,1,1,1.916,1,"unchanged"
"FRS2",-0.233820524264329,0.39166066884427,5,0,3.134,1,"unchanged"
"FRS3",0.0955487456485251,0.758814979886907,5,0,3.374,2,"unchanged"
"FRY",-0.382165734278267,0.248545413107407,2,0.5,3.297,4,"unchanged"
"FRYL",-0.265556571810333,0.145374916339332,2.5,0.5,2.929,2,"unchanged"
"FRZB",-1.74419136644267,0.0183738556553975,1.25,0.75,3.399,4,"repressed"
"FSCN1",0.399001358923521,0.256682012109033,3,0,3.067,1,"unchanged"
"FSD1L",-0.119780350465765,0.806431356525059,4.5,0,7.348,2,"unchanged"
"FSD2",-0.931774654080016,0.0433119588267636,3.25,0,3.488,4,"repressed"
"FSTL1",0.808819790203867,0.0697435449857761,4,0,2.144,1,"induced"
"FSTL3",2.08695527075092,0.00330146632416522,6,0,10.909,2,"induced"
"FSTL4",1.09487249804831,0.184221365029668,4,0,4.275,1,"unchanged"
"FTCD",-5.19800542223087,0.00909853299408436,6,0,5.061,1,"repressed"
"FTSJ1",-0.168146085776446,0.241964504892875,6,0,8.895,1,"unchanged"
"FTSJ3",0.222508925110428,0.205640859642847,2,0,5.503,3,"unchanged"
"FUNDC1",-0.143118375256318,0.531137515676507,5,0,2.914,1,"unchanged"
"FUNDC2",-0.395925055120673,0.0845446801702531,3.667,0,3.578,3,"repressed"
"FURIN",0.31728411224927,0.0419963539993687,5.5,0,3.5,2,"induced"
"FUT2",0.286635359586282,0.465787438699196,2,0,3.067,1,"unchanged"
"FUT4",0.310947300832233,0.246511047053525,7,0,18.317,1,"unchanged"
"FUT8",-0.0299470992439161,0.911690082293746,2,0,3.067,1,"unchanged"
"FXN",-0.412132319730222,0.0889828867526831,7,0,11.758,1,"repressed"
"FXYD2",-1.37744219648284,0.0105390390043814,2,0.5,3.954,2,"repressed"
"FXYD6",0.492187926023023,0.281768757551841,3.778,0,4.102,9,"unchanged"
"FYB1",0.994513237708259,0.109245541547324,3,0,3.495,1,"unchanged"
"FYN",0.309098076052956,0.501711609213762,4.5,0,3.327,6,"unchanged"
"FYTTD1",-0.318283229446297,0.162337804888587,7,0,11.539,1,"unchanged"
"FZD2",0.159918108888029,0.773685610443737,2.667,0,3.986,6,"unchanged"
"FZD4",-0.573869615786821,0.0517922039714266,6.5,0,8.45,2,"repressed"
"FZD7",-0.0295608182843115,0.890852961604511,1.5,0.5,2.859,2,"unchanged"
"FZD8",-0.379996750618463,0.0966146699192405,3,0,4.294,1,"repressed"
"FZD9",-0.194831887244931,0.725279560759904,2.667,0,3.076,3,"unchanged"
"FZR1",0.00703293243292169,0.961983354568322,2,0,4.098,1,"unchanged"
"G3BP1",0.109638318246553,0.409444626268982,2,0,4.494,1,"unchanged"
"G3BP2",-0.0119326319947666,0.962873291637686,2.75,0.5,3.749,4,"unchanged"
"G6PC1",-2.48252384614611,0.0374399784443729,4.5,0.167,7.712,6,"repressed"
"GAB1",-0.288152481231877,0.188530255199347,4.5,0,5.19,2,"unchanged"
"GAB2",0.639436526676575,0.0728032495323947,4,0,2.914,1,"induced"
"GAB3",1.17168914291248,0.0532488931682245,4,0,3.681,1,"induced"
"GABARAPL1",-0.374325936329974,0.263321805213468,4,0,2.411,1,"unchanged"
"GABARAPL2",-0.277819625116976,0.0954882295225783,7,0,10.211,1,"repressed"
"GABBR2",-1.0583920799672,0.0699980513581208,4,0,3.987,1,"repressed"
"GABPB2",0.369418167554478,0.0796476585101402,3.5,0,2.887,2,"induced"
"GABRD",-3.26081864310595,0.00451497362343082,3,0.5,3.412,2,"repressed"
"GADD45A",0.0968632735455559,0.849934310665686,4,0.333,4.289,3,"unchanged"
"GADD45B",1.45143620159361,0.0418764153238688,5,0,5.674,2,"induced"
"GAK",0.0983807604478644,0.512065376178779,1.5,0.5,3.063,2,"unchanged"
"GAL3ST1",0.0456699437074204,0.934661490928602,2,0,3.938,2,"unchanged"
"GAL3ST4",1.54430313118634,0.0397656853690798,7,0,17.023,1,"induced"
"GALK1",-0.543861141310603,0.0207945221023943,7,0,3.067,1,"repressed"
"GALK2",-0.353623273450173,0.122921435277087,5,0,5.854,2,"unchanged"
"GALNT1",0.237907614914332,0.0643043973481276,3,0,2.76,1,"induced"
"GALNT11",-1.1226396732054,0.0203762133947019,1.857,0.857,6.307,7,"repressed"
"GALNT15",0.835558403092417,0.177922130801247,4.5,0,2.974,2,"unchanged"
"GALNT4",0.091751532216036,0.805841522097776,1.833,0.5,2.84,6,"unchanged"
"GALNT6",2.55721596528654,0.0085747560245012,6,0,5.214,1,"induced"
"GALNT7",0.820963850948929,0.0242559842201306,2.2,0.2,4.032,5,"induced"
"GANC",-0.971968696697025,0.0234777932192389,1.5,0.5,3.371,4,"repressed"
"GAREM1",-0.809315527416753,0.0202392714937552,3,0.5,3.118,4,"repressed"
"GAREM2",0.61999972216618,0.410981085292021,6,0,4.494,1,"unchanged"
"GARRE1",-0.00975858153079479,0.962934437446365,4,0,3.184,1,"unchanged"
"GAS1",0.909605798252683,0.13512279797226,6,0,5.917,2,"unchanged"
"GAS2",-2.5586396148298,0.00837987219487621,7,0,5.981,1,"repressed"
"GAS2L1",0.560847197680824,0.0547725837719316,5.5,0,6.587,2,"induced"
"GAS6",-0.199619086060419,0.317699949723033,4.333,0,4.627,3,"unchanged"
"GAS7",1.99778939336294,0.00900256111141386,5,0,3.718,2,"induced"
"GAS8",-0.339707872751715,0.116893844383256,7,0,13.625,1,"unchanged"
"GASK1B",0.683020974112758,0.109953112557643,7,0,5.183,1,"unchanged"
"GATA3",-0.0158012693355865,0.960281563501289,2,0.333,3.323,3,"unchanged"
"GATA5",-0.878781227047609,0.0858825420852299,4.333,0,3.683,3,"repressed"
"GATAD2B",0.236034077239847,0.190023835466525,6,0,5.981,1,"unchanged"
"GATM",-4.04552232445028,0.00893413836194193,4,0,4.882,2,"repressed"
"GBA3",-1.41586045773021,0.176418526527996,1,1,4.542,1,"unchanged"
"GBF1",-0.114245541505256,0.384167504817448,3,0,2.813,2,"unchanged"
"GBP5",2.45143866552358,0.0207945221023943,4.375,0,4.099,8,"induced"
"GCA",0.626744318815474,0.122652681915165,7,0,7.044,1,"unchanged"
"GCC2",-0.323959069427313,0.217899993056814,1,1,2.914,1,"unchanged"
"GCHFR",-0.683980458764317,0.0546521832149383,4,0.5,7.526,2,"repressed"
"GCLC",-0.485746283247626,0.115081664924258,7,0,13.518,1,"unchanged"
"GCLM",-0.186761585381013,0.76484116717106,3.333,0,4.754,3,"unchanged"
"GCM1",-1.58562808671666,0.0905505567721186,2.667,0.333,3.851,3,"repressed"
"GCN1",0.0313548999558719,0.803831585591077,5,0,6.245,1,"unchanged"
"GCNT2",-0.514093170573688,0.00640390192767277,3.765,0,3.941,17,"repressed"
"GCNT3",2.0900013916097,0.0295056224358979,2,0,3.987,1,"induced"
"GCSAM",2.6029436265921,0.0268314263592548,2,0,2.914,1,"induced"
"GDA",-0.284126972271781,0.67196343017143,5,0,3.221,1,"unchanged"
"GDAP2",-0.40867177554231,0.124523461115203,6,0,4.447,1,"unchanged"
"GDF1",0.600036998500126,0.224846707221447,2.75,0,2.769,4,"unchanged"
"GDF15",1.92064703931876,0.0154557492835037,5.333,0,8.882,3,"induced"
"GDPD2",-0.62891428802526,0.223126169019247,1,1,3.374,2,"unchanged"
"GEM",0.300082017869235,0.535128619961731,2,0,5.243,1,"unchanged"
"GEMIN2",-0.0181292468998442,0.895827757607149,7,0,19.126,1,"unchanged"
"GEMIN4",-0.0675301740993177,0.764250267866077,1,1,3.144,2,"unchanged"
"GEMIN6",0.43502309878737,0.0359076595242401,1,1,4.294,1,"induced"
"GEMIN7",0.110960117930286,0.676390153071234,5,0,2.538,1,"unchanged"
"GFI1",2.37718264921134,0.0251792297685187,1,1,4.601,1,"induced"
"GFPT1",-0.614876990452033,0.0585460023164089,3.571,0.143,3.132,7,"repressed"
"GFPT2",2.59458619082774,0.00295747396639751,6,0,5.744,1,"induced"
"GFRA2",-0.202451173569651,0.804491952004081,4,0,6.229,2,"unchanged"
"GGA1",-0.0123730110056686,0.961123792402637,5,0,3.607,1,"unchanged"
"GGA2",-0.0175450027805635,0.934352115941128,4.333,0,3.997,3,"unchanged"
"GGCX",-0.0994613877636912,0.453063562454989,3,0,2.572,1,"unchanged"
"GGT1",0.115643769894032,0.877918783968474,5,0,3.987,1,"unchanged"
"GGTA1",0.897168318404732,0.0359160641165165,3.286,0.143,4.346,7,"induced"
"GHDC",-0.277103988835187,0.186089047377514,2.667,0,3.058,6,"unchanged"
"GHRHR",-0.749932054523388,0.183065890040815,1,1,4.447,1,"unchanged"
"GIGYF2",-0.225856411709506,0.0762508798775656,4,0.333,10.999,3,"repressed"
"GIMAP2",1.8639491672352,0.0399382266228645,5,0,4.371,2,"induced"
"GIMAP5",1.39978718977034,0.0437744275298405,4,0,3.067,1,"induced"
"GIMAP6",1.20691510122774,0.0191983274409816,5,0,4.371,2,"induced"
"GIMAP8",1.49273793835125,0.0387295420093475,4,0,3.495,1,"induced"
"GINS1",0.0342522906603262,0.93130446401353,7,0,6.856,1,"unchanged"
"GINS3",0.409444789045013,0.359554967179453,4,0,3.529,2,"unchanged"
"GIPC2",-0.513597420342241,0.481982363395549,4.857,0,5.529,7,"unchanged"
"GIT1",0.0606562378394253,0.738973436023391,3,0.5,4.754,2,"unchanged"
"GIT2",0.319618607379429,0.149580760276303,7,0,6.913,1,"unchanged"
"GJA1",-0.0725959424340425,0.874928192640734,2.25,0.25,3.184,4,"unchanged"
"GJA4",0.286681517123686,0.554594573743699,4.5,0,4.859,4,"unchanged"
"GJA5",0.93854913470474,0.0295731823435628,3.25,0,3.078,4,"induced"
"GJB1",-1.21324230206861,0.115885112777576,6.5,0,9.662,2,"unchanged"
"GJC1",0.568558795862699,0.088313810282639,2.667,0.333,4.394,6,"induced"
"GKAP1",-0.572383557478918,0.0238261232402779,6,0,4.141,1,"repressed"
"GLDC",0.623907641042291,0.543572397432473,1.5,0.5,3.632,2,"unchanged"
"GLI1",1.64352858214979,0.0240579197277217,7,0,6.808,1,"induced"
"GLIPR1",2.45932804506138,0.00851814989145768,6,0,3.41,2,"induced"
"GLIPR2",2.25657028738102,0.00747719414796414,5,0,3.067,1,"induced"
"GLMP",-0.118126846960075,0.531733078309523,4,0,4.475,2,"unchanged"
"GLRX",-0.808521011944265,0.0194530216514743,1.5,0.5,3.071,2,"repressed"
"GLTP",-0.949562425099063,0.0369096450348112,4,0,3.067,1,"repressed"
"GLUD1",0.0448415082540707,0.929933575195661,2.5,0,3.126,4,"unchanged"
"GLYAT",-2.55969010231311,0.0294825832677184,2,0,6.039,9,"repressed"
"GLYCTK",-1.09727672339343,0.0449502992873779,3,0,2.823,1,"repressed"
"GMDS",-0.145449653355411,0.648808476856665,2,0,3.233,2,"unchanged"
"GMEB2",0.0625284080468242,0.678097042870395,7,0,9.95,1,"unchanged"
"GMFG",1.0534154318002,0.0787585899872677,5,0,8.049,2,"induced"
"GMPR2",0.316117203891555,0.0252423058778933,3,0,3.483,1,"induced"
"GNA12",-0.207749380506942,0.12622455697039,2.2,0.8,5.347,5,"unchanged"
"GNA14",1.4158131084156,0.0540149189672413,3.667,0,3.558,3,"induced"
"GNA15",1.7189709665402,0.0405848185388168,4,0,3.873,2,"induced"
"GNAI2",0.735937615765361,0.0513327034882011,4.5,0,2.957,2,"induced"
"GNAO1",0.399179441101396,0.223958006063616,3,0,2.805,2,"unchanged"
"GNB1",-0.104882166593601,0.463645574277687,3.333,0.167,3.397,12,"unchanged"
"GNB1L",-0.189570284978187,0.290116506680528,4.5,0,4.747,2,"unchanged"
"GNB4",-0.0371760395073677,0.952896055846399,2.4,0.4,4.658,5,"unchanged"
"GNE",0.485585933300032,0.0505410618614913,4.714,0,5.199,7,"induced"
"GNG11",0.516561586728488,0.212326780720808,3.5,0,3.796,6,"unchanged"
"GNG2",0.53533976614106,0.21593359438911,2.636,0.273,4.177,11,"unchanged"
"GNG5",0.0479703635812259,0.705392686978769,4,0,3.072,1,"unchanged"
"GNG7",-0.687107488627483,0.10244564166505,2.6,0.4,5.153,5,"unchanged"
"GNG8",0.535142973870764,0.492398353028207,4,0,4.677,2,"unchanged"
"GNGT2",0.611845784827617,0.15939252786089,6.25,0,5.786,4,"unchanged"
"GNPTAB",0.245719022988012,0.424947143232226,1.667,0.333,2.775,3,"unchanged"
"GNPTG",-0.271946586717045,0.11967990691778,6.5,0,7.515,2,"unchanged"
"GNS",-0.339970276201012,0.29832572613888,7,0,11.655,1,"unchanged"
"GOLGA3",-0.130637709026121,0.495098667925708,3,0,3.34,1,"unchanged"
"GOLGA5",0.0240760997864555,0.869117519953844,2,0,3.374,2,"unchanged"
"GOLGB1",-0.0665253131174275,0.615905344628716,4.5,0,7.697,2,"unchanged"
"GOLM1",-0.170436251699553,0.44053100825807,3,0,3.374,1,"unchanged"
"GOLT1B",0.208880882934601,0.495925745084686,7,0,10.521,1,"unchanged"
"GP2",0.273664780206421,0.783741110031734,1.077,0.923,4.273,13,"unchanged"
"GPAM",-1.42114860835007,0.0720382182487909,2.667,0.333,3.742,6,"repressed"
"GPAT2",-0.988599130120883,0.066455491837159,2,0.545,4.35,11,"repressed"
"GPATCH2L",-0.00331964586067102,0.984219116190415,4,0,3.146,1,"unchanged"
"GPATCH3",-0.104418945220317,0.567003382979301,2,0,2.772,1,"unchanged"
"GPATCH4",-0.165823531750995,0.495724819035233,7,0,6.115,1,"unchanged"
"GPC3",0.322994766497501,0.549645888406603,4.667,0,4.908,3,"unchanged"
"GPC4",1.63036322016902,0.0083238758002407,2.333,0.667,3.783,3,"induced"
"GPCPD1",0.274562352574642,0.223933021518726,4,0,4.677,2,"unchanged"
"GPD1",-2.23977956339412,0.0152371925988245,3,0,5.358,1,"repressed"
"GPD1L",-0.280231758711517,0.347407054528403,3,0,4.168,2,"unchanged"
"GPD2",0.313290106451846,0.140975588039948,7,0,19.405,2,"unchanged"
"GPER1",1.69280846162548,0.00771269049153803,3.308,0,5.578,13,"induced"
"GPHN",-0.690472990427456,0.0523637335799775,2,0,3.595,1,"repressed"
"GPI",-0.520989595637527,0.0233261598943043,7,0,31.844,1,"repressed"
"GPKOW",-0.0337487585070706,0.804548909871291,6.333,0,8.077,3,"unchanged"
"GPM6B",1.56310019200003,0.0118230976038651,5,0,4.064,2,"induced"
"GPN1",-0.242661779913795,0.175750676637611,1,1,2.718,1,"unchanged"
"GPR132",2.3435732079626,0.0357889579578613,4,0,3.374,1,"induced"
"GPR143",-0.260581712250055,0.502777790449702,3,0,3.514,1,"unchanged"
"GPR146",0.0303299744339371,0.918204973562826,5,0,23.288,2,"unchanged"
"GPR161",0.334293111826469,0.32351679806851,7,0,19.625,1,"unchanged"
"GPR173",0.603675685469138,0.259888480713894,7,0,7.975,1,"unchanged"
"GPR25",2.99336973617132,0.0192065873166706,2,0,3.736,1,"induced"
"GPR34",1.76932331424411,0.012028424925012,3,0.5,4.716,4,"induced"
"GPR35",1.43930950083405,0.20949611921337,2,0,4.601,1,"unchanged"
"GPR62",-0.678082152045973,0.0715515677761445,1.8,0.4,6.071,5,"repressed"
"GPR68",0.00132149708047002,0.998525289873834,2,0,3.303,3,"unchanged"
"GPRC5C",0.10976186857314,0.761059210466855,3.667,0.167,4.072,6,"unchanged"
"GPRIN2",-0.738177746079808,0.0635575579301884,1,1,3.987,3,"repressed"
"GPRIN3",-1.00338291816729,0.0314612463976381,5,0,7.975,1,"repressed"
"GPS1",-0.300795936448176,0.0596214043489316,7,0,7.789,1,"repressed"
"GPS2",-0.258162359853335,0.0921488556046722,1,1,4.361,1,"repressed"
"GPT",-1.10563230878941,0.0514099000705409,4,0,3.221,1,"repressed"
"GPT2",-2.40971286503811,0.0109981530313022,2,0.333,5.086,6,"repressed"
"GPX1",-0.560288319201435,0.0319665641384987,1,1,2.837,2,"repressed"
"GPX3",-0.903393729995791,0.127483041765784,4,0,5.619,3,"unchanged"
"GPX7",1.15355741902472,0.0602855073179799,1,1,2.76,1,"induced"
"GRAMD1A",0.789220090491107,0.0227312756171152,6,0,3.895,1,"induced"
"GRAMD1B",-0.433575385464385,0.262292797433139,6,0,4.447,1,"unchanged"
"GRAMD1C",-1.0400413110211,0.0604225540644594,1.5,0.5,4.424,4,"repressed"
"GRAP",1.86244296840862,0.0491161288840172,6.5,0,4.955,2,"induced"
"GRAP2",2.13352487668026,0.0481734280165138,1.5,0.5,3.146,2,"induced"
"GRB2",0.0933869023823979,0.469440475103709,2,0,3.527,1,"unchanged"
"GRHL2",0.220827700424872,0.43048691597002,4,0,4.235,4,"unchanged"
"GRHL3",1.52045434410526,0.0198308810469827,3.429,0,4.245,7,"induced"
"GRIPAP1",0.253798327616654,0.22217080325921,6,0,2.991,2,"unchanged"
"GRK4",-0.444034176990539,0.0406972788514531,1.875,0.625,4.322,8,"repressed"
"GRM2",0.666848021446065,0.0327730393977828,1,1,3.834,1,"induced"
"GRN",-0.541997207968313,0.133713773743981,2.5,0.5,2.822,2,"unchanged"
"GRTP1",-1.34056126978172,0.0327730393977828,4.667,0,3.715,3,"repressed"
"GRWD1",0.444077205724669,0.0516598814942746,6,0,8.435,1,"induced"
"GSAP",0.314207855930412,0.230220760335255,2.5,0,3.034,2,"unchanged"
"GSDMD",2.19286394763294,0.0406972788514531,7,0,9.662,2,"induced"
"GSG1",-0.15107885408955,0.795709129411703,5.2,0,6.472,5,"unchanged"
"GSK3B",-0.0591189636415379,0.778519852066693,2,0,3.296,1,"unchanged"
"GSN",0.798832924989431,0.0846824779943215,4.333,0,4.12,3,"induced"
"GSR",-0.640606851889083,0.0858781973987289,7,0,21.891,1,"repressed"
"GSS",-0.938708682934869,0.0385739966771423,5.5,0,6.168,2,"repressed"
"GSTK1",-1.29335095024137,0.0176087917676422,2,0,4.141,1,"repressed"
"GSTO2",-0.659248158532832,0.276503797281558,5,0,4.344,1,"unchanged"
"GSTP1",0.286465776707558,0.239414361073359,3,0,3.854,2,"unchanged"
"GSTZ1",-1.4299133140502,0.0929394854440153,1.5,0.5,2.786,2,"repressed"
"GTDC1",-0.124728419523698,0.411227585029572,6,0,3.652,1,"unchanged"
"GTF2A1",-0.159791041281105,0.581241991104567,1,1,3.129,4,"unchanged"
"GTF2E2",-0.0387409255629998,0.849597017298864,3.667,0.333,9.086,3,"unchanged"
"GTF2H3",0.224352862202028,0.236966286091011,6,0,4.754,1,"unchanged"
"GTF2IRD1",-0.371309796880883,0.182804165404183,1.6,0.8,4.246,5,"unchanged"
"GTF3A",-0.0751136179417973,0.704336322189276,7,0,16.421,1,"unchanged"
"GTF3C1",0.178494643185482,0.305333352142055,1.778,0.444,4.18,9,"unchanged"
"GTF3C3",-0.00422231513448157,0.987030686775543,1,1,2.76,1,"unchanged"
"GTF3C4",-0.26974287786981,0.337260834542109,2.5,0,3.987,4,"unchanged"
"GTPBP1",0.110611305155408,0.416473425310599,6,0,16.031,1,"unchanged"
"GTPBP2",0.400765413341182,0.0885258298353332,5,0,2.669,1,"induced"
"GTSE1",-1.32109530403296,0.0270545007244357,3,0,5.543,1,"repressed"
"GUCD1",-0.70988693103529,0.0535669773200107,3,0,4.542,1,"repressed"
"GUCY1B1",0.246084631262078,0.399867998339644,1.5,0.5,3.586,2,"unchanged"
"GULP1",-0.944003798689686,0.0204277036981389,1,1,3.736,1,"repressed"
"GUSB",0.219498722888916,0.297839484702784,6,0,3.013,1,"unchanged"
"GYPC",0.936241935729251,0.161732179270547,3.833,0,3.831,6,"unchanged"
"GZF1",-0.128626261676637,0.441054471795912,2.25,0.25,4.605,4,"unchanged"
"GZMK",2.80310816555363,0.0396182549254498,2.5,0,3.057,2,"induced"
"H3F3A",0.164073174059931,0.262035191727551,6.667,0,7.77,3,"unchanged"
"H6PD",0.698419814185668,0.0133274387507683,6,0,12.759,2,"induced"
"HAAO",-1.93624262348256,0.026640405202882,1,1,10.889,1,"repressed"
"HABP4",0.456422972125238,0.0766372465158103,2,0,3.072,1,"induced"
"HACD2",0.0734799713018983,0.707603327879771,2.769,0.385,4.186,13,"unchanged"
"HACD4",1.66714060174916,0.0147765997976075,1,1,3.374,1,"induced"
"HACL1",-1.01760163675252,0.0491698407859276,3,0,3.595,2,"repressed"
"HADH",-1.21429803129257,0.0799634345403793,3.3,0.1,4.187,10,"repressed"
"HADHA",-0.879998166902081,0.0460169874091632,3.2,0,3.422,5,"repressed"
"HADHB",-0.925221346354267,0.0846517504251258,3.2,0,3.422,5,"repressed"
"HAP1",1.13539605084595,0.29087243839543,5,0,4.7,2,"unchanged"
"HAPLN3",1.05697683844289,0.109274328431632,5,0,4.794,1,"unchanged"
"HAS3",0.209746469160894,0.684581040344668,4,0,3.708,2,"unchanged"
"HAT1",-0.330463987910385,0.0580746210228457,7,0,14.323,1,"repressed"
"HAUS1",0.237603282289778,0.198135682483743,7,0,11.4,1,"unchanged"
"HAUS2",-0.197677093365235,0.231623067642713,3.25,0,3.555,8,"unchanged"
"HAUS3",0.114265777999308,0.525622031328265,3,0,2.5,2,"unchanged"
"HAUS7",-0.112344293746354,0.551875099791801,5.333,0,6.083,3,"unchanged"
"HAUS8",0.218422979602862,0.393012177563548,5.455,0,4.412,11,"unchanged"
"HCAR1",0.122413961387233,0.835254866415583,2.5,0.5,4.464,4,"unchanged"
"HCFC1",0.125693688891881,0.329962448764416,4.8,0,5.521,5,"unchanged"
"HCLS1",1.79160555762674,0.0288174731984482,4.5,0,7.697,2,"induced"
"HCN3",-0.0503760617545055,0.895393387749482,5,0,3.341,1,"unchanged"
"HCST",2.62885355904906,0.0492550371750543,6,0,3.527,2,"induced"
"HDAC4",-0.00128539860019927,0.994366275662042,4.5,0,5.64,2,"unchanged"
"HDAC5",0.0997195232155219,0.744793635250602,6,0,4.134,1,"unchanged"
"HDAC7",0.679684926293191,0.0910113247364219,5,0,10.198,2,"induced"
"HDHD3",-0.815819638204573,0.0446233906985843,1,1,3.239,4,"repressed"
"HECTD4",-0.120475887184992,0.318630382493923,3.5,0.5,3.335,2,"unchanged"
"HECW2",-0.40270094853849,0.31084258246364,6,0,6.805,1,"unchanged"
"HEG1",0.260069333711376,0.374920722700921,4,0,4.943,1,"unchanged"
"HELZ",0.0154974455422972,0.931442946149461,3.75,0.25,3.489,4,"unchanged"
"HEMK1",0.146352923229325,0.34325473622325,1,1,3.374,1,"unchanged"
"HERC1",-0.178775408264891,0.18491471637016,3,0.333,6.837,6,"unchanged"
"HERC5",1.27387896055265,0.008516245705132,6,0,4.908,1,"induced"
"HERPUD1",0.162428334201313,0.402193893131119,4,0,3.681,1,"unchanged"
"HEXA",-0.345277939963851,0.0775654516972808,3,0,4.601,1,"repressed"
"HEY1",0.125806628875297,0.725730410472569,6,0,3.977,1,"unchanged"
"HEYL",0.327071222302949,0.162033398305431,4.833,0,4.918,6,"unchanged"
"HFE",0.503199501280086,0.0325249737645856,5,0,3.081,1,"induced"
"HGF",3.43493435392978,0.00295747396639751,5,0,3.072,1,"induced"
"HHAT",0.659330777747642,0.0340993607676311,5,0,8.128,2,"induced"
"HHIPL2",-0.0757406381143586,0.847897225226418,7,0,10.735,1,"unchanged"
"HIBCH",-0.578783736322994,0.0841979915415244,6.5,0,3.681,2,"repressed"
"HIGD2A",-0.328064195611227,0.0930374871898318,3.25,0.25,2.934,4,"repressed"
"HIKESHI",-0.51295600705174,0.0169453845149899,4.5,0,12.774,2,"repressed"
"HILPDA",0.107649439418815,0.734498850910163,4,0,5.18,2,"unchanged"
"HINT1",-0.14879001989351,0.557827162593876,2.2,0.8,6.286,5,"unchanged"
"HINT3",-0.779229477683341,0.14796005842746,1.647,0.706,4.304,17,"unchanged"
"HIPK1",-0.0137406086444907,0.953021895708027,4,0,3.629,2,"unchanged"
"HIPK3",-0.446960684488622,0.28853786857262,2.333,0.333,3.169,3,"unchanged"
"HIRIP3",-0.0118301626154236,0.970923927762562,4,0,4.269,2,"unchanged"
"HIVEP1",-0.294589717292751,0.110188625082363,7,0,9.355,1,"unchanged"
"HJV",1.28312308062217,0.268725233181519,6,0,3.36,2,"unchanged"
"HKDC1",2.77224832276962,0.0236831777682625,6,0,4.82,1,"induced"
"HLCS",0.0714740578450357,0.707603327879771,7,0,16.737,1,"unchanged"
"HLF",-1.21690059508046,0.0315260783749708,7,0,10.238,1,"repressed"
"HLX",-0.883445455748204,0.0571468314098909,3,0,5.368,2,"repressed"
"HMCES",-0.1061532305652,0.727666680780963,2,0,3.375,1,"unchanged"
"HMCN1",-0.57665889928777,0.200639853457336,7,0,9.004,1,"unchanged"
"HMCN2",-0.19455778081114,0.802791973426763,2,0,3.221,1,"unchanged"
"HMG20B",-0.0992717792961786,0.552735470431885,7,0,5.062,1,"unchanged"
"HMGB1",0.168840543638946,0.202357538253672,2,0,2.218,1,"unchanged"
"HMGB3",-0.580018612690699,0.182780816135593,4,0.333,5.163,3,"unchanged"
"HMGCS2",-1.02681042738411,0.226585267398344,2,0,3.818,3,"unchanged"
"HMGXB4",-0.25116271223551,0.10429582732512,1,1,4.583,3,"unchanged"
"HMOX1",0.982777235939197,0.0878737250831877,7,0,7.429,1,"induced"
"HNF1A",-1.12890575134969,0.0417521766204149,1.8,0.6,4.076,5,"repressed"
"HNF1B",-0.300693670103914,0.22628344735265,1,1,6.288,1,"unchanged"
"HNRNPA1",0.231828185987974,0.233380199414753,3.5,0,3.117,2,"unchanged"
"HNRNPA3",0.0649181411550197,0.711143267312445,3.5,0.5,3.95,2,"unchanged"
"HNRNPF",0.0457715061427262,0.767005727736038,2.875,0.375,6.291,8,"unchanged"
"HNRNPH1",-0.0508134617784126,0.784167949624053,6,0,3.191,1,"unchanged"
"HNRNPH3",-0.0545651055542855,0.708469139563734,2,0,3.221,1,"unchanged"
"HNRNPK",0.0604961296696125,0.639988773772404,4,0,5.061,1,"unchanged"
"HNRNPL",0.0196099366252156,0.912415503367465,4.143,0,6.074,7,"unchanged"
"HNRNPLL",0.11317708642069,0.381156890695678,7,0,13.759,1,"unchanged"
"HNRNPM",-0.0369328021826796,0.779887118966902,3,0.5,5.305,2,"unchanged"
"HNRNPU",0.0244107711079877,0.853580998867177,6,0,3.987,1,"unchanged"
"HNRNPUL1",-0.139068218482428,0.276721411259432,7,0,23.492,1,"unchanged"
"HOMER1",-0.852208036893366,0.156855941522764,1,1,4.514,2,"unchanged"
"HOMER2",0.512578596555092,0.402193893131119,5.333,0,3.561,3,"unchanged"
"HOMER3",-0.568029651720161,0.0365318809026318,6,0,4.294,1,"repressed"
"HOPX",0.979085238320834,0.0874276676374693,7,0,4.294,1,"induced"
"HOXB2",0.163351086883023,0.6445039888255,4,0,8.895,1,"unchanged"
"HOXB8",0.287641927932375,0.480252060759669,2,0,6.134,1,"unchanged"
"HOXB9",0.136860467316353,0.80518557440877,2,0,3.074,1,"unchanged"
"HOXC11",1.18287987898072,0.0867610517090843,1.333,0.667,4.516,3,"induced"
"HOXD1",-0.595498290438973,0.165718732552886,1,1,2.416,1,"unchanged"
"HPCAL1",0.0950759863385615,0.697804467955342,5,0,4.893,4,"unchanged"
"HPCAL4",-1.29896027842075,0.0354529385318799,4,0,5.093,1,"repressed"
"HPD",-1.21357391392987,0.22966138638491,4.25,0,3.969,4,"unchanged"
"HPGD",-0.846966516441147,0.354098569531959,1.583,0.667,4.116,12,"unchanged"
"HPS1",-0.19681653665324,0.455183168032405,3,0,3.296,1,"unchanged"
"HPSE",0.373242288108219,0.333941233364486,2,0,4.195,1,"unchanged"
"HRC",-0.476285700617237,0.478277262470762,7,0,21.722,1,"unchanged"
"HRCT1",2.5035822063102,0.00409405845559333,5.5,0,7.105,2,"induced"
"HRG",-2.62434463098138,0.00302026931504645,2.143,0.286,3.474,7,"repressed"
"HRH2",-0.0152011959424947,0.979746692591532,2.667,0,3.323,3,"unchanged"
"HS1BP3",-0.545762775607114,0.0197929391485239,2,0,2.547,1,"repressed"
"HS3ST6",-1.56736045673969,0.0667602824182224,7,0,10.209,2,"repressed"
"HS6ST1",0.387164115829211,0.101696688486275,7,0,14.978,1,"unchanged"
"HSCB",-0.593307176793678,0.132477622715141,1,1,5.905,2,"unchanged"
"HSD11B1",-1.55322137648819,0.047206558568961,3,0,7.188,3,"repressed"
"HSD17B1",0.191838405519121,0.650561743114143,7,0,20.313,1,"unchanged"
"HSD17B11",0.254192209112886,0.288115268306139,5.5,0,3.342,2,"unchanged"
"HSD17B4",-0.543537546322826,0.353635164788226,3.333,0.333,8.551,3,"unchanged"
"HSD17B7",0.0841082265692772,0.663615753155357,1,1,4.241,2,"unchanged"
"HSD3B2",-0.438121384829983,0.72237828815101,1.25,0.75,3.217,4,"unchanged"
"HSD3B7",-0.176016757160239,0.42356216712235,4,0,6.742,1,"unchanged"
"HSF1",-0.0819535439365673,0.604841037714736,6,0,7.041,1,"unchanged"
"HSH2D",1.54203552971862,0.143906248377593,7,0,4.992,2,"unchanged"
"HSPA12B",-0.0177847034156313,0.963354875143749,5.5,0,7.285,2,"unchanged"
"HSPA8",-0.531642628515135,0.0585460023164089,5,0,5.095,2,"repressed"
"HSPB7",-0.155062373708764,0.744172133434771,4.667,0,6.593,3,"unchanged"
"HSPB8",2.36528319973713,0.00409405845559333,7,0,4.601,1,"induced"
"HSPBAP1",-0.0742734331652986,0.779887118966902,3,0,4.208,2,"unchanged"
"HSPG2",0.931784687794939,0.0251326255755841,4.333,0,5.099,9,"induced"
"HTR2B",-0.650756369653708,0.679511289657239,2.75,0.375,3.987,8,"unchanged"
"HTR5A",-0.405282824651436,0.604869233847955,3,0,2.306,1,"unchanged"
"HTRA1",0.353229888776686,0.413378595189465,4,0,4.447,1,"unchanged"
"HTRA3",3.31398194703732,0.00894893465167681,4,0,3.221,1,"induced"
"IAH1",-0.157308047348528,0.59284317843013,3,0.5,3.834,2,"unchanged"
"IARS1",0.0275400705805247,0.885931658687554,2,0,3.511,1,"unchanged"
"IBA57",-0.747030182982408,0.0451771261838113,4.5,0,3.099,2,"repressed"
"ICAM1",1.98341990345559,0.00592913875525179,4,0,4.144,1,"induced"
"ICAM3",0.560055273143626,0.0700639107044421,6,0,4.195,1,"induced"
"ICE1",0.207858904397842,0.089247667532574,2,0,3.025,1,"induced"
"ICOS",1.61800821390743,0.158502282321597,2,0,3.067,1,"unchanged"
"ICOSLG",2.27397319712399,0.0048133053088007,3,0,3.785,3,"induced"
"ID3",-0.105395562847935,0.7741744295073,4.071,0,5.249,14,"unchanged"
"IDE",-0.349707427882856,0.195022374737441,1,1,3.216,3,"unchanged"
"IDH3G",-0.557164424554289,0.0793023384336808,7,0,11.502,1,"repressed"
"IDO1",1.82809833942484,0.0564044355904353,7,0,5.77,1,"induced"
"IDO2",-3.76979456485022,0.019591617301107,7,0,5.77,1,"repressed"
"IER3",0.888668688382997,0.0379545010963794,3.333,0.333,6.542,3,"induced"
"IFFO2",0.38329807608105,0.124404304756222,1.571,0.571,4.319,7,"unchanged"
"IFI16",1.68837782476343,0.0299171738473943,3,0,3.374,2,"induced"
"IFI44",0.981501886569291,0.0762508798775656,7,0,8.205,2,"induced"
"IFI44L",1.66184487159362,0.0115735681715899,7,0,8.205,2,"induced"
"IFI6",2.92537604736022,0.0110098402126772,5.5,0,4.434,2,"induced"
"IFIT5",0.586521143000756,0.0287837770923626,7,0,32.958,1,"induced"
"IFITM10",1.10043863076906,0.0751671155561688,3,0,3.235,2,"induced"
"IFNGR2",0.866188975444295,0.0526354689280211,6.5,0,3.067,2,"induced"
"IFT122",-0.0906514498236266,0.604236395883632,2.5,0.5,3.957,2,"unchanged"
"IFT20",-0.15951307364435,0.486199943285725,3,0,4.644,1,"unchanged"
"IFT27",-0.127233948237725,0.43638180810424,2,0,2.697,1,"unchanged"
"IFT43",-0.0551550752377059,0.842930526676749,1,1,4.086,2,"unchanged"
"IFT52",-0.357759335662672,0.0301250442402139,3.667,0.333,6.304,3,"repressed"
"IFT81",-0.147417829669017,0.474538612341787,1.5,0.5,3.989,2,"unchanged"
"IFT88",-0.535613403058737,0.0612258154583234,1.6,0.6,6.323,5,"repressed"
"IGF1",1.18904130247006,0.0388319894303207,6,0,3.733,1,"induced"
"IGFBP1",-1.72210128336482,0.046495610990481,1,1,3.067,1,"repressed"
"IGFBP3",-0.269035189408236,0.579732173396501,2,0,5.214,1,"unchanged"
"IGFN1",-2.0844585736989,0.0642993954249233,2.5,0.25,5.566,4,"repressed"
"IGIP",-0.120684574837929,0.47607293919492,7,0,7.137,1,"unchanged"
"IGLON5",-0.837888431197129,0.0623789657673271,1.333,0.667,5.082,3,"repressed"
"IGSF11",-1.30325600460051,0.0858825420852299,6,0,11.452,2,"repressed"
"IGSF23",-0.628927322604458,0.35727502106006,2,0.25,3.782,4,"unchanged"
"IGSF3",1.10920566261274,0.0048133053088007,5,0,2.991,2,"induced"
"IHH",-0.356377444162753,0.597797668682392,3,0,3.074,1,"unchanged"
"IKBKB",-0.198345944675157,0.3105897070466,2.1,0.5,3.701,10,"unchanged"
"IKZF1",2.22001107295305,0.0363179818447436,5,0,3.067,3,"induced"
"IKZF3",2.37478247094567,0.047882307414613,4.333,0,4.678,3,"induced"
"IKZF4",0.140462605351886,0.508225196847344,7,0,6.058,1,"unchanged"
"IL10RB",0.793286370113873,0.0328741250565214,4.333,0,4.778,3,"induced"
"IL11",2.64982723177813,0.00577770871303924,6,0,11.685,1,"induced"
"IL12RB1",1.91047487051621,0.0443308208825401,2,0.5,2.991,2,"induced"
"IL13RA1",0.7886144845622,0.012493671396805,2.5,0.5,2.914,2,"induced"
"IL15",-0.417129497780418,0.366714977739532,1.571,0.714,4.192,7,"unchanged"
"IL16",1.91855629276627,0.0563613753522505,6,0,3.843,1,"induced"
"IL17RD",0.692077786988617,0.198016026628408,4,0,3.715,1,"unchanged"
"IL17RE",0.480268765965359,0.288746780166997,7,0,4.372,1,"unchanged"
"IL18",0.60476374987923,0.144508553203459,1,1,3.163,1,"unchanged"
"IL18BP",0.572265354343573,0.0793458514149207,2.25,0.25,3.625,4,"induced"
"IL1B",0.901799899354278,0.283904808028661,3.5,0,4.294,2,"unchanged"
"IL1R1",1.31647610132805,0.00664800829518784,4,0,5.528,10,"induced"
"IL1RL1",5.2387140852997,0.00633175704965502,5,0,3.221,1,"induced"
"IL1RL2",2.02849931388802,0.0115735681715899,6.5,0,6.455,2,"induced"
"IL21R",2.29235820102027,0.0736495683726455,2,0,2.697,1,"induced"
"IL22RA1",2.63979757363683,0.0243603951570015,2,0,3.374,1,"induced"
"IL32",-0.130975199243331,0.770672128090187,6.667,0,7.687,3,"unchanged"
"IL33",1.63367756113902,0.0293015013645921,2,0,3.263,2,"induced"
"IL34",1.31748397628631,0.0406972788514531,3.5,0.5,6.763,2,"induced"
"IL36G",1.01899560687758,0.071597016671302,3.5,0,4.294,2,"induced"
"IL3RA",0.374482369298492,0.394972514235863,5,0,5.93,6,"unchanged"
"IL4I1",-0.265668182757937,0.686718894133401,5,0,5.214,1,"unchanged"
"IL4R",1.36965425187799,0.00822196634602517,6.2,0,7.933,5,"induced"
"IL6ST",0.151570120685859,0.663027849686099,2,0,2.404,1,"unchanged"
"ILDR1",0.43224172871869,0.223129533529114,2.333,0.333,3.624,3,"unchanged"
"ILF2",-0.160203370146029,0.29780501588507,7,0,26.022,1,"unchanged"
"ILK",-0.00529584874730737,0.976295470041692,3,0.667,5.71,3,"unchanged"
"ILRUN",-0.481855766332623,0.0227312756171152,3,0,5.214,1,"repressed"
"ILVBL",-0.266189869057876,0.161885149620639,3,0,2.891,2,"unchanged"
"IMMP2L",-0.902506515300414,0.0503223494263393,2,0,3.374,1,"repressed"
"IMPA1",-0.276691870293169,0.303815040689487,4,0.5,8.204,2,"unchanged"
"IMPDH1",0.744123730773485,0.0629274076838325,4.667,0,5.092,3,"induced"
"INAVA",1.28315698594631,0.0423351870911336,3,0,7.529,2,"induced"
"ING3",-0.0564031829037419,0.749217401144554,3,0,3.315,1,"unchanged"
"INHBA",2.34421628655907,0.0172919330822496,5.5,0,3.451,2,"induced"
"INIP",0.0386323966169879,0.850369302070503,1,1,5.621,2,"unchanged"
"INO80B",-0.396359098776105,0.0220868273128728,5,0,11.498,2,"repressed"
"INO80D",-0.0603908128006259,0.78735911680767,3.5,0,5.623,2,"unchanged"
"INPP1",0.326088882276818,0.283348214177857,6.333,0,6.564,3,"unchanged"
"INPP5B",0.322213885503846,0.139314942939097,6,0,4.873,4,"unchanged"
"INPP5D",1.45239478293741,0.0668904293386315,4,0,4.058,10,"induced"
"INPP5K",0.0845076214614711,0.675482807210194,4,0,4.861,4,"unchanged"
"INSIG1",-0.189747641673547,0.739826356361999,2.5,0.333,3.023,6,"unchanged"
"INSIG2",-0.312070548051195,0.318715141226753,5,0,2.697,1,"unchanged"
"INSYN1",-0.295614373992892,0.424926875227529,2,0,2.697,1,"unchanged"
"INTS13",0.0992658098449928,0.603169386725051,1.6,0.5,3.525,10,"unchanged"
"INTS2",-0.27029855998323,0.249649921118796,1,1,3.527,2,"unchanged"
"INTS3",-0.248772342108087,0.0935366453128856,2.778,0.333,4.424,9,"repressed"
"IP6K2",0.00262668248905662,0.991995595423556,3.5,0,6.978,2,"unchanged"
"IPCEF1",0.368281704707554,0.250337886768374,2.571,0,3.984,7,"unchanged"
"IPMK",-0.058894769855999,0.81498271396049,1,1,3.221,2,"unchanged"
"IPO7",0.00383778931005807,0.988009036350403,7,0,14.922,1,"unchanged"
"IPO9",0.148444055956396,0.194268758607416,3,0,3.09,1,"unchanged"
"IPPK",0.1369867454665,0.25406981828008,1,1,3.067,1,"unchanged"
"IQGAP1",0.584493002748105,0.0134161324179801,3.833,0,3.33,12,"induced"
"IQGAP3",0.386166899706794,0.29286874328405,5,0,9.419,2,"unchanged"
"IQSEC1",-0.122631373446596,0.572675584894442,2.143,0.143,3.941,7,"unchanged"
"IRAK1",0.131212767880958,0.389551263408646,5,0,6.288,1,"unchanged"
"IRAK1BP1",-0.322396853039006,0.163800067583618,4,0,7.668,1,"unchanged"
"IRAK3",-0.337008545948264,0.431893951374563,2,0,3.374,1,"unchanged"
"IREB2",-0.329925038659248,0.12533243519236,1.5,0.5,4.781,4,"unchanged"
"IRF1",1.37450664870334,0.0370088681403073,5.5,0,12.803,2,"induced"
"IRF2",0.0769699881575958,0.530864052179819,2.5,0.5,3.374,2,"unchanged"
"IRF6",-0.400123438782607,0.1786866707416,2,0,3.374,1,"unchanged"
"IRF8",1.98982572735061,0.0318355265937455,5.545,0,4.263,11,"induced"
"IRF9",1.00680066430244,0.0230294800587811,4,0,2.454,1,"induced"
"IRGQ",-0.0376627538774241,0.879197156910871,2,0,3.072,1,"unchanged"
"IRX1",1.0117930310288,0.0481271759266153,3,0,3.325,3,"induced"
"IRX2",0.648735357741374,0.137981886322165,2.333,0,3.04,3,"unchanged"
"IRX3",-0.698181598020051,0.332833283196967,2,0.375,4.698,8,"unchanged"
"ISCA1",-0.58480277200152,0.045902138135855,2,0,4.101,1,"repressed"
"ISCU",-0.297457157705301,0.208836057053377,7,0,19.661,1,"unchanged"
"ISG20",3.01596670263716,0.0132050498907096,6,0,3.547,2,"induced"
"ISLR",1.88551819106585,0.0185421209660846,3.6,0,4.96,5,"induced"
"ISLR2",2.1559461611062,0.0241307653206501,3,0,6.213,1,"induced"
"ISY1",0.0994876370680906,0.693865249684787,3.5,0,4.326,2,"unchanged"
"ITFG2",0.0738439574085241,0.68523086304609,5,0,1.957,1,"unchanged"
"ITGA3",0.293650347799222,0.287674075994152,5,0,6.28,4,"unchanged"
"ITGA5",0.906592078998136,0.0247612496281346,6.333,0,7.604,3,"induced"
"ITGA6",0.212209464377282,0.426065535022417,2.5,0,2.597,2,"unchanged"
"ITGA7",0.450722743495842,0.404763874280584,2.75,0,2.914,4,"unchanged"
"ITGA9",0.423679208058633,0.254776708095142,4.667,0,5.01,3,"unchanged"
"ITGAL",1.09233991852196,0.127174314823406,5.5,0,3.732,2,"unchanged"
"ITGAV",0.292690530234478,0.307945486707398,3.333,0,3.294,3,"unchanged"
"ITGB1",0.554050922692652,0.0213639505783175,3.571,0.143,5.208,7,"induced"
"ITGB2",1.61910278330733,0.0181532677271563,4.9,0,5.383,10,"induced"
"ITGB3",0.236488865860827,0.571060024475696,1,1,3.74,1,"unchanged"
"ITGB6",1.36589677708737,0.016625615154779,3.5,0,5.867,2,"induced"
"ITGB7",1.88977845104438,0.0882047149096258,6,0,6.594,1,"induced"
"ITGB8",0.029887915414748,0.963848049656141,1.667,0.333,4.447,3,"unchanged"
"ITIH4",1.81260552839716,0.0123674422937096,4.667,0,4.755,3,"induced"
"ITM2B",-0.390669457683918,0.20189027273515,1.333,0.667,4.348,3,"unchanged"
"ITM2C",0.160177321613021,0.553301662209217,2,0,5.828,1,"unchanged"
"ITPKB",0.0787004764021395,0.684089572814612,4.2,0,4.995,10,"unchanged"
"ITPR1",-0.595972601211311,0.231854717997705,3.154,0.077,3.808,13,"unchanged"
"ITPR2",-0.469027599862797,0.0563613753522505,3,0,2.939,1,"repressed"
"ITPRIP",0.488110655925687,0.130531547036264,2.75,0.25,4.339,4,"unchanged"
"ITPRIPL1",0.481084915799123,0.216512790716452,3,0,2.76,1,"unchanged"
"ITSN2",0.113126853516339,0.474900034963322,5,0,3.555,1,"unchanged"
"IVD",-2.49058375806747,0.0196462861173838,2.5,0,4.037,2,"repressed"
"JAGN1",-0.234364354483322,0.270251607872158,6,0,4.026,2,"unchanged"
"JAK3",0.609751999324542,0.154989543764464,4.5,0,5.811,2,"unchanged"
"JAM3",0.588417449063524,0.188748226713756,7,0,13.782,1,"unchanged"
"JAML",0.123953659648156,0.76960759598088,3.444,0.111,4.707,9,"unchanged"
"JCAD",0.127961985682509,0.711366561610109,3,0.211,4.729,19,"unchanged"
"JMJD1C",-0.230099775953543,0.25406981828008,2,0,3.527,1,"unchanged"
"JMJD4",-0.235250378805346,0.136307104375829,4.5,0,5.262,2,"unchanged"
"JOSD1",0.311537213377798,0.0705312044973492,6,0,16.031,1,"induced"
"JPH2",0.886143103845983,0.0751940481909239,4,0,2.914,1,"induced"
"JPH3",0.723923826293874,0.268244911492139,2,0.5,4.186,2,"unchanged"
"JPH4",-1.00930301021847,0.0891626584474922,5,0,5.233,1,"repressed"
"JSRP1",-1.52841545861028,0.0115735681715899,3.25,0,3.284,4,"repressed"
"JTB",-0.353470952429706,0.0411544660766051,3,0,2.882,1,"repressed"
"KANK4",0.677545431073849,0.202021306455557,5,0,10.419,1,"unchanged"
"KANSL2",0.0142204906868084,0.932048582802769,7,0,12.305,1,"unchanged"
"KAT14",-0.348655819404217,0.0276396388582649,3,0,2.016,1,"repressed"
"KAT6A",-0.00422393385348929,0.98319458450754,7,0,9.217,1,"unchanged"
"KAT6B",-0.0640520147085297,0.723187469371742,7,0,13.981,1,"unchanged"
"KATNAL1",-0.101319476238777,0.667362924727254,4.5,0,4.492,2,"unchanged"
"KATNB1",0.300901989375825,0.119525046047624,2.167,0.333,3.642,6,"unchanged"
"KATNBL1",-0.10388547661304,0.741647469204349,7,0,13.066,1,"unchanged"
"KATNIP",0.0983095538159269,0.506152869014441,1.778,0.444,4.18,9,"unchanged"
"KAZALD1",0.333716425582691,0.336138758650798,6,0,5.528,1,"unchanged"
"KBTBD11",-0.296760281519478,0.403404606113424,3.5,0.5,3.079,2,"unchanged"
"KBTBD12",-0.693728813790413,0.0115400332224042,2.167,0.5,4.219,6,"repressed"
"KBTBD4",-0.00843801208686656,0.952274762165907,3,0.333,4.435,3,"unchanged"
"KCMF1",0.0199264999141304,0.905333699341555,6,0,4.913,2,"unchanged"
"KCNA4",-3.03596214177398,0.00384878551689156,2,0,3.221,2,"repressed"
"KCNA5",1.07134318734094,0.0739097323962647,3,0,2.914,1,"induced"
"KCNAB3",1.2430794714588,0.0380525341324692,4.5,0,12.007,2,"induced"
"KCNE4",0.691296928847368,0.244468703010988,5.5,0,5.059,2,"unchanged"
"KCNH2",0.0212805535569989,0.96830776110228,6,0,4.294,1,"unchanged"
"KCNIP1",-1.82206974225837,0.0612369081367137,3.667,0.333,3.481,6,"repressed"
"KCNJ1",-1.37529382532748,0.0306258717715806,1,1,4.033,6,"repressed"
"KCNJ10",-1.69332726338766,0.0352165832608775,1,1,5.235,3,"repressed"
"KCNJ15",-1.18435960799247,0.0933742345738312,1.5,0.5,3.145,4,"repressed"
"KCNJ16",-1.08336009099022,0.0829681650554415,1.562,0.625,3.654,16,"repressed"
"KCNJ8",0.342629659863953,0.494174193936503,5.5,0,4.687,2,"unchanged"
"KCNJ9",-1.36648469704806,0.0333182295545645,3,0,4.447,1,"repressed"
"KCNK10",1.35494330536309,0.02188947523314,2.5,0,3.391,2,"induced"
"KCNK3",0.554566713841251,0.396896602726319,2,0.471,4.47,17,"unchanged"
"KCNMB1",0.802715027641995,0.150362945615131,6,0,3.526,2,"unchanged"
"KCNN1",0.694047196202308,0.432623467106946,5.5,0,7.438,2,"unchanged"
"KCNN4",2.64561438316958,0.0118924246556391,7,0,5.785,1,"induced"
"KCNQ2",1.35894767883023,0.114261870374601,1,1,2.939,1,"unchanged"
"KCNT2",0.169200703152002,0.583980003168224,3,0,4.447,1,"unchanged"
"KCTD1",0.234918516654515,0.285104760483346,1,1,4.437,5,"unchanged"
"KCTD10",0.157120773341672,0.577298579209388,2.538,0.538,5.564,13,"unchanged"
"KCTD12",0.998936407979068,0.0510157590805813,1,1,2.652,1,"induced"
"KCTD14",0.0892315460882165,0.862596776928204,7,0,9.522,1,"unchanged"
"KCTD17",1.11414350648602,0.0386312249413789,6,0,4.294,1,"induced"
"KCTD18",0.195327872667111,0.322593546569272,7,0,9.288,1,"unchanged"
"KCTD20",0.416578385941674,0.108198067744515,1,1,2.666,3,"unchanged"
"KCTD21",-0.244024715834769,0.452135386161853,3,0,3.834,1,"unchanged"
"KCTD5",0.274584373540045,0.0529927806672056,5.333,0,3.783,3,"induced"
"KCTD6",0.0443631014782082,0.893345242442696,2.833,0.5,7.876,6,"unchanged"
"KDM3B",-0.0453585517579596,0.74551289790699,7,0,37.145,1,"unchanged"
"KDM5B",0.103251866867324,0.486351444247946,2,0,3.681,1,"unchanged"
"KDM6A",0.375060245477549,0.100231830958674,5,0,2.914,1,"unchanged"
"KDR",-0.991381428005508,0.0199176624466363,2.92,0.08,3.933,25,"repressed"
"KDSR",-0.549900553800895,0.106406711957445,1.333,0.667,3.002,3,"unchanged"
"KEL",0.74550610845714,0.0974999964254894,2,0,3.681,1,"induced"
"KHK",-1.90510528762787,0.00819023980252681,3.667,0,4.027,3,"repressed"
"KHNYN",0.215449581620263,0.137066264507043,1,1,2.76,1,"unchanged"
"KIAA0040",0.501254438563791,0.149217659647878,5,0,6.134,5,"unchanged"
"KIAA0319",1.15705811925226,0.16060444153334,2,0.333,4.959,3,"unchanged"
"KIAA0586",-0.0112546868288903,0.95921271037894,1,1,3.834,1,"unchanged"
"KIAA1143",0.0603413761516549,0.737006369705994,7,0,4.809,1,"unchanged"
"KIAA1210",2.29553050385686,0.00731935496613514,2,0,2.914,2,"induced"
"KIAA1217",-0.285977080102521,0.205769134635134,5,0,4.199,4,"unchanged"
"KIAA1328",0.180536615023726,0.489198625118463,1,1,2.3,1,"unchanged"
"KIAA1549",-0.0660765747186813,0.822695783913888,6,0,6.698,1,"unchanged"
"KIAA1614",-0.130836057799699,0.61757603277588,3.5,0.5,11.16,2,"unchanged"
"KIAA1671",-0.0767315711985512,0.743818610109002,7,0,12.729,1,"unchanged"
"KIAA2012",0.360911068017681,0.429656301248572,2,0.5,2.829,2,"unchanged"
"KIF15",1.40224442892249,0.0476309058127056,7,0,4.809,1,"induced"
"KIF18B",2.61206820445753,0.0221474447125904,1,1,3.067,1,"induced"
"KIF1B",0.0438506912937022,0.835254866415583,2.562,0.312,3.762,16,"unchanged"
"KIF1C",-0.0352088291053532,0.852812901761394,5,0,3.681,1,"unchanged"
"KIF21A",-0.817245249475343,0.110332042433227,1,1,3.413,2,"unchanged"
"KIF21B",2.45961680624317,0.0121444879987254,3.667,0,2.686,3,"induced"
"KIF27",0.585743130759518,0.0966146699192405,1.333,0.667,3.324,3,"induced"
"KIF3A",-0.251565493643577,0.324757481004395,4,0,5.121,1,"unchanged"
"KIF5C",-0.909553442233283,0.0323713823341548,2,0,2.76,1,"repressed"
"KIF6",-0.325437152695926,0.281666182989582,2,0,4.908,1,"unchanged"
"KIF7",0.674300377529784,0.163578105784575,7,0,12.049,1,"unchanged"
"KIFAP3",-0.221282102467653,0.256423906836872,6,0,7.681,2,"unchanged"
"KIFC2",-0.400555512290573,0.188934692549059,4,0,2.796,1,"unchanged"
"KIRREL1",0.833553279010393,0.0612406868965688,2.9,0.45,5.76,20,"induced"
"KIRREL2",-0.390856449237568,0.537506716673044,1,1,3.067,1,"unchanged"
"KIRREL3",-0.713256980121271,0.0435498656290897,6,0,10.366,1,"repressed"
"KIT",-1.06389127654802,0.098922556650893,2,0.2,4.636,5,"repressed"
"KITLG",-1.17214576020749,0.0112639116397142,6,0,10.541,1,"repressed"
"KL",-1.54615316827309,0.0510384808298509,1.833,0.5,4.023,6,"repressed"
"KLC1",0.365760493197136,0.0786872412301377,7,0,14.26,1,"induced"
"KLF11",0.60779715049051,0.0865189883942141,4,0,2.857,2,"induced"
"KLF15",-1.2163342939382,0.0568963189960909,2.2,0.4,2.601,5,"repressed"
"KLF2",1.07825231297991,0.0124480888089217,5.25,0,5.444,4,"induced"
"KLF5",0.709010793474663,0.0834348020920189,5,0,8.698,2,"induced"
"KLF9",-0.127729319387472,0.82451556064693,7,0,27.518,1,"unchanged"
"KLHDC8A",1.9566174673579,0.0183496692121575,5.333,0,3.31,3,"induced"
"KLHDC9",0.195292932333063,0.774890169847255,3.5,0,3.987,2,"unchanged"
"KLHL12",-0.0435716639650479,0.864500192371013,7,0,16.799,1,"unchanged"
"KLHL13",-0.351820980024214,0.233335634476901,5,0,2.607,1,"unchanged"
"KLHL14",0.818319141654441,0.163578105784575,1,1,3.315,1,"unchanged"
"KLHL2",-0.336460843202871,0.107610335966193,3,0,3.527,2,"unchanged"
"KLHL21",-0.591248338216031,0.011664606282323,3,0,2.809,1,"repressed"
"KLHL24",-0.432942980038217,0.119818078535383,3,0,2.76,1,"unchanged"
"KLHL25",-0.0573890986031973,0.883747331550323,4,0,3.987,1,"unchanged"
"KLHL26",0.690860101044078,0.0340993607676311,3,0,5.992,1,"induced"
"KLHL31",-1.74894922899741,0.136479389896884,5.5,0,7.162,2,"unchanged"
"KLHL5",0.145595930490956,0.56043981230982,5,0,9.524,4,"unchanged"
"KLHL6",1.92234522517902,0.0200545372372458,3.4,0.2,3.82,5,"induced"
"KLK1",-3.57136581314441,0.00793978426049497,2,0,3.493,4,"repressed"
"KLKB1",0.555890267080524,0.454166563880743,3.4,0.2,8.867,5,"unchanged"
"KMO",-3.1129148237193,0.0216660521311902,2.091,0,4.513,11,"repressed"
"KMT5A",0.0739658934361218,0.679838920351658,5,0,5.214,1,"unchanged"
"KMT5C",0.565108939672799,0.13631486267211,4,0,3.074,1,"unchanged"
"KNG1",-2.04800146492838,0.00577770871303924,2.143,0.286,3.474,7,"repressed"
"KNL1",1.27171100781339,0.0432830505579822,1,1,2.76,1,"induced"
"KNSTRN",-1.12386299726452,0.0176748878764473,5,0,3.728,1,"repressed"
"KNTC1",0.840687791195307,0.0802970355219753,4,0,4.902,2,"induced"
"KPNA2",0.798801678199204,0.0109245210269676,5.667,0,9.021,3,"induced"
"KPTN",-0.050827428999745,0.857987648649347,4,0,3.615,1,"unchanged"
"KRAS",0.23874129150858,0.47865766845139,5.667,0,9.122,3,"unchanged"
"KRCC1",-0.549330783159253,0.0882047149096258,7,0,20.517,1,"repressed"
"KREMEN1",0.448294619688215,0.0500548860159119,5,0,4.282,1,"induced"
"KRR1",-0.213725446369128,0.284807520122443,3.5,0,3.757,2,"unchanged"
"KRT10",-0.350570732487519,0.0481029213446911,2.25,0,4.184,4,"repressed"
"KRT18",0.890266610451146,0.0233173661629885,3,0,2.914,1,"induced"
"KRT19",1.58213035940213,0.0266967532856144,5.4,0,3.656,5,"induced"
"KRT23",0.301392921681829,0.560839306060949,3,0,3.622,1,"unchanged"
"KRT7",3.64763854969479,0.00745906107045505,5.333,0,3.66,3,"induced"
"KRT8",0.619867853415915,0.0751095415842596,3,0,3.623,1,"induced"
"KRT80",-0.85441885209107,0.170514223938325,3.5,0,4.207,2,"unchanged"
"KSR1",0.196070033749209,0.304178156824463,5.222,0,3.945,9,"unchanged"
"KTI12",0.323751166241689,0.132224433566874,2.667,0.333,4.335,3,"unchanged"
"KY",-2.99282766382317,0.0265472930841055,1,1,2.939,1,"repressed"
"KYAT1",-0.467218079992609,0.159599357523919,5,0.2,6.237,5,"unchanged"
"KYAT3",-0.481330858311483,0.184260320806923,4,0,3.79,2,"unchanged"
"KYNU",-1.38439928078435,0.0557431935151376,2,0,4.294,1,"repressed"
"L3MBTL1",-0.209708656213246,0.375974824781228,4,0.5,10.36,2,"unchanged"
"LACTB2",-1.1189870741031,0.23022638799524,3,0,3.09,2,"unchanged"
"LAD1",-0.11796142524327,0.753669004572146,2.5,0,6.805,2,"unchanged"
"LAMA4",0.846495570122943,0.104779270851316,3.516,0,3.995,31,"unchanged"
"LAMB2",0.303334094505421,0.321316064317184,3,0,3.14,1,"unchanged"
"LAMC1",0.417047635165729,0.0723360729217602,1.5,0.5,2.837,2,"induced"
"LAMC2",3.3001877889391,0.00431484224799536,5,0,2.34,1,"induced"
"LAMTOR1",-0.22198201640739,0.219678444856454,4.5,0,3.214,2,"unchanged"
"LAMTOR4",0.115809435831056,0.562439288499855,1.5,0.5,2.798,2,"unchanged"
"LAPTM4A",0.0981549875081509,0.568064397224627,2,0.25,3.307,4,"unchanged"
"LAPTM4B",0.0450324957229844,0.894014295695986,4.5,0,3.846,2,"unchanged"
"LAPTM5",1.76955628928552,0.0266033160846042,2.6,0,4.81,5,"induced"
"LARP1",-0.338900379041807,0.144328715318207,3,0.286,5.807,7,"unchanged"
"LARP1B",-0.146616131423515,0.63333938153942,4,0,2.76,1,"unchanged"
"LARP4",-0.114186953055855,0.727726261089821,7,0,11.393,1,"unchanged"
"LARP4B",-0.0786822282696455,0.543572397432473,3,0,5.163,3,"unchanged"
"LARP6",1.53721493988453,0.0162831409125398,7,0,7.473,1,"induced"
"LAT2",2.25550211559678,0.0336371898786383,5,0,5.943,4,"induced"
"LBH",1.21583617379825,0.0612258154583234,3.9,0,4.106,10,"induced"
"LBR",0.9535696630259,0.0458088609927711,6.667,0,5.232,3,"induced"
"LCA5",0.388836296039953,0.156111345659366,7,0,25.755,1,"unchanged"
"LCAT",0.89747221031166,0.0608208772571755,4.5,0,4.601,2,"induced"
"LCLAT1",0.215644452870599,0.125486072881944,3.174,0.174,4.697,23,"unchanged"
"LCP1",2.08652928456469,0.0223095177481056,4,0,3.067,1,"induced"
"LCP2",2.18770576182767,0.019803145149502,5,0,3.667,4,"induced"
"LCTL",-2.47477142725104,0.0176087917676422,1.25,0.75,3.625,4,"repressed"
"LDB2",-0.395608488208129,0.181305458563012,3.143,0.095,4.748,21,"unchanged"
"LDB3",0.507797015909693,0.321044571012898,3.5,0,4.525,4,"unchanged"
"LDHA",0.0791198766877406,0.826501535804131,3.2,0.6,3.564,5,"unchanged"
"LDHB",-0.691078248828513,0.0379545010963794,1.25,0.75,3.117,4,"repressed"
"LDLR",0.0143049523868255,0.97299523851981,3,0,3.067,1,"unchanged"
"LDLRAD3",-0.161898055944508,0.451434189981382,3,0,3.374,2,"unchanged"
"LEF1",1.88826364930654,0.0221474447125904,4,0,3.681,1,"induced"
"LEKR1",-0.557767208946175,0.162292334108863,7,0,16.58,1,"unchanged"
"LENEP",-2.32362276612781,0.0295621975323871,3,0,5.981,1,"repressed"
"LEO1",-0.0390798228144629,0.783790407735348,1.2,0.8,2.847,5,"unchanged"
"LEPR",-0.364354146442547,0.44473318037149,6,0,4.294,1,"unchanged"
"LEPROTL1",0.313249510724465,0.0613290208551806,1.5,0.5,3.717,2,"induced"
"LETM1",-0.121903227074151,0.613446885381194,5,0,9.968,1,"unchanged"
"LETMD1",-0.214823946096601,0.244792909271479,7,0,14.558,1,"unchanged"
"LEXM",-0.531631400074319,0.591752122647993,2,0,4.601,1,"unchanged"
"LGALS1",1.65418674974586,0.0263466071902248,6.5,0,5.136,2,"induced"
"LGALS3",0.862908034547257,0.0211219768502535,3.833,0.333,5.66,6,"induced"
"LGALS7B",-0.681336259116366,0.567427944140026,2.75,0.5,5.086,4,"unchanged"
"LGALS9",1.28314720572358,0.0576884666548375,7,0,9.883,1,"induced"
"LGALSL",-0.101698054976398,0.7157991128546,2.625,0.375,4.634,8,"unchanged"
"LGMN",-0.00888684749540403,0.988290741490936,1.667,0.333,4.294,3,"unchanged"
"LGR4",-0.145502287271142,0.67358421454434,2.727,0.182,4.105,11,"unchanged"
"LHFPL2",-0.403611097888817,0.232207406705185,3,0.5,2.605,2,"unchanged"
"LHX1",-1.23035935203172,0.0362673617296545,3,0,9.887,1,"repressed"
"LHX4",2.03754371580761,0.0258503636022914,2,0,4.495,1,"induced"
"LHX6",0.81819553473454,0.0732583453269849,2.333,0,3.17,3,"induced"
"LIAS",-0.516339730307132,0.104219912929973,4,0,4.141,1,"unchanged"
"LIF",3.42995065678051,0.00716241630151416,7,0,6.991,1,"induced"
"LIFR",0.269616275911671,0.27693510921254,2.308,0.538,3.463,13,"unchanged"
"LIG3",-0.018136507401409,0.94937027154957,1,1,4.76,2,"unchanged"
"LIMA1",-0.0316728853043742,0.843120331125517,3.2,0.2,4.325,20,"unchanged"
"LIMCH1",-0.350654595864751,0.17842513086188,1,1,2.855,1,"unchanged"
"LIMD1",0.365159689985179,0.0581243552828974,3.857,0,4.829,7,"induced"
"LIMK2",0.29363246211658,0.168290406602089,4,0,3.713,2,"unchanged"
"LIMS1",-0.293051884807884,0.159275567932338,1.182,0.818,3.67,11,"unchanged"
"LIMS2",0.000719689767572085,0.998782346081748,2,0,3.527,1,"unchanged"
"LIN52",-1.0610625828912,0.00687234633800814,1,1,2.823,1,"repressed"
"LIN7A",-0.935754581314882,0.168383986874271,1,1,2.914,1,"unchanged"
"LIN7C",-0.188531302428908,0.479696987375126,2,0.5,5.444,2,"unchanged"
"LINGO4",-0.880203132566929,0.0804585870849584,1.833,0.333,3.87,6,"repressed"
"LIPA",0.678736810815943,0.177283539801603,3,0,4.908,1,"unchanged"
"LIPC",-1.07234184323882,0.267177827208868,3.357,0,3.613,14,"unchanged"
"LIPE",0.19220107778956,0.509433469741446,6,0,3.843,1,"unchanged"
"LIPG",0.0441373587003371,0.920566920874292,4,0,2.08,1,"unchanged"
"LIPT2",-0.162219741392107,0.510654439589045,1,1,2.883,4,"unchanged"
"LITAF",0.768674504354118,0.0377797473826803,6.143,0,5.909,7,"induced"
"LLGL2",0.196705138597466,0.386718134467898,4.75,0,3.648,4,"unchanged"
"LMAN1L",2.64941669869281,0.137905538448814,5,0,2.621,1,"unchanged"
"LMAN2L",-0.55628402647641,0.020820962341544,6.5,0,10.294,2,"repressed"
"LMBR1",-0.266511242696732,0.101442875410848,4,0,3.184,1,"unchanged"
"LMBRD2",-0.0426172642756373,0.942719799701682,1.5,0.5,4.754,2,"unchanged"
"LMCD1",1.21188327146394,0.031103454671886,5.5,0,4.918,2,"induced"
"LMLN",0.49897139892698,0.0231144518346961,7,0,15.569,1,"induced"
"LMNA",0.774441190178258,0.0151272351877785,4.25,0,5.881,4,"induced"
"LMNTD2",0.0023100480895597,0.996464798138199,4,0,4.098,1,"unchanged"
"LMO2",-0.256532034227551,0.40251672245404,4.25,0,7.503,8,"unchanged"
"LMOD1",0.969500404007996,0.0584334140271121,5.2,0,5.007,5,"induced"
"LMOD3",-0.0664578971593242,0.94937027154957,1,1,2.599,1,"unchanged"
"LMX1B",-1.84151344452386,0.02188947523314,1.154,0.923,2.993,13,"repressed"
"LNPEP",0.221641317175376,0.345960091099254,2.8,0,3.126,5,"unchanged"
"LNX1",-0.851806042000348,0.0330135628165069,4.5,0,5.154,4,"repressed"
"LOC100533977",1.20013019852837,0.504970897154248,2,0,3.221,1,"unchanged"
"LOC101080314",0.255445759328663,0.452144467357432,6,0,5.521,1,"unchanged"
"LOC101080391",0.29138674373784,0.643410591339906,6.5,0,5.789,2,"unchanged"
"LOC101080491",-0.756651196558634,0.0107260041453362,2,0.5,6.097,2,"repressed"
"LOC101080856",-0.151732162781643,0.654086555808704,1,1,2.662,2,"unchanged"
"LOC101080879",0.027389500844673,0.916112118098911,6.167,0,7.662,6,"unchanged"
"LOC101080927",-0.378011113994477,0.156711422857564,5,0,2.951,2,"unchanged"
"LOC101081158",1.10395861711469,0.0249219988104821,4,0,4.721,1,"induced"
"LOC101081185",0.248672888792998,0.807897790065754,3.667,0.333,8.132,3,"unchanged"
"LOC101081501",-0.033997618463582,0.950570560717229,3.143,0.286,5.965,7,"unchanged"
"LOC101081556",-0.301931630044113,0.191109942218306,2.2,0.8,6.256,5,"unchanged"
"LOC101081589",0.0235550678768757,0.948979133335976,7,0,7.656,3,"unchanged"
"LOC101081628",0.150770980302817,0.628914074064824,1,1,3.249,3,"unchanged"
"LOC101081641",-0.431899547515582,0.0520392122471222,2,0,6.134,1,"repressed"
"LOC101082007",0.283206242645705,0.700002193516443,7,0,10.848,1,"unchanged"
"LOC101082380",-1.50272001333297,0.0334909029281674,1,1,6.134,2,"repressed"
"LOC101082424",1.89782232080176,0.0179332096117077,4,0,3.79,2,"induced"
"LOC101082437",0.238438299902946,0.608324529068185,6.5,0,4.03,2,"unchanged"
"LOC101082454",0.196673870550978,0.672030585257344,1.5,0.75,4.418,4,"unchanged"
"LOC101082562",-0.348690190027492,0.355898190783622,3,0,2.76,1,"unchanged"
"LOC101082633",-0.457212205792476,0.108198067744515,4,0,2.237,1,"unchanged"
"LOC101082667",2.95926449547363,0.00725253786928956,2.333,0.167,4.836,6,"induced"
"LOC101082677",1.74448692041208,0.0730278974928753,4.5,0,3.258,2,"induced"
"LOC101083114",-0.58674990132245,0.11435748127441,2,0,2.271,1,"unchanged"
"LOC101083149",-0.339817408410795,0.145374916339332,4,0,2.237,1,"unchanged"
"LOC101083392",-0.593883320557581,0.157640047274168,2.4,0,3.171,5,"unchanged"
"LOC101083433",1.61259038570284,0.00567032228060145,3,0,3.657,3,"induced"
"LOC101083444",1.02245294589502,0.0571098976792099,4,0,5.516,3,"induced"
"LOC101083474",-1.21977866958039,0.0833512444551032,1,1,5.638,15,"repressed"
"LOC101083586",-1.19451015370406,0.461087348063254,1,1,4.473,3,"unchanged"
"LOC101083636",0.335776438002672,0.412846727439005,4,0,3.74,1,"unchanged"
"LOC101083640",0.0831893805696167,0.493213557842807,3.667,0.111,4.485,9,"unchanged"
"LOC101083642",0.148164884214871,0.674073831956826,7,0,17.457,1,"unchanged"
"LOC101083645",-0.133273870570815,0.59073189177637,2.667,0,3.398,3,"unchanged"
"LOC101083648",0.0102331832114002,0.955973051822498,3,0,5.061,1,"unchanged"
"LOC101083747",-0.86761178546203,0.168731721842035,2,0.5,3.784,2,"unchanged"
"LOC101083968",-0.246516954551699,0.192492679572711,7,0,17.846,1,"unchanged"
"LOC101083987",-1.48008379319545,0.289587674992197,1,1,2.404,1,"unchanged"
"LOC101084045",-0.459245614477959,0.111311037877483,1.25,0.75,3.399,4,"unchanged"
"LOC101084154",-0.191611379413469,0.10684001472425,1.417,0.75,4.43,12,"unchanged"
"LOC101084194",-0.85833657714289,0.0172647162053211,6.5,0,4.756,2,"repressed"
"LOC101084234",-0.446383305535209,0.177643923959958,3.5,0,4.231,8,"unchanged"
"LOC101084312",0.237390484663568,0.552577350226005,7,0,4.136,2,"unchanged"
"LOC101084417",0.482811532039696,0.390839431440823,2.2,0.6,3.343,5,"unchanged"
"LOC101084518",0.808738026988177,0.0839449590813759,5.5,0.25,6.813,4,"induced"
"LOC101084776",0.2442966922154,0.231223217080513,5.25,0,5.531,4,"unchanged"
"LOC101084793",-2.93957211669915,0.00894429318185634,2.818,0.273,4.587,11,"repressed"
"LOC101084978",-0.305699499248895,0.379547000490081,4.667,0,6.593,3,"unchanged"
"LOC101085079",-0.17560176866212,0.623519777306321,5,0,6.441,1,"unchanged"
"LOC101085134",-0.128893685705842,0.595462890627612,6,0,17.023,1,"unchanged"
"LOC101085233",1.61407004490155,0.00592913875525179,1,1,3.297,2,"induced"
"LOC101085247",0.102868520853846,0.557787158221453,1,1,3.374,2,"unchanged"
"LOC101085348",-0.84756153874134,0.0167319058510916,1.5,0.5,3.22,4,"repressed"
"LOC101085439",-0.0287831957345279,0.900142529342184,4,0,5.619,3,"unchanged"
"LOC101085783",-0.271101281505577,0.2432738594259,6.25,0,9.631,4,"unchanged"
"LOC101085888",-0.179538585513741,0.666017115098342,2.857,0.143,4.142,14,"unchanged"
"LOC101085936",0.0519850485695024,0.80318815346399,5,0.333,13.71,3,"unchanged"
"LOC101085971",0.133393645052812,0.732131312503732,4,0,3.221,1,"unchanged"
"LOC101086041",-0.0422162716975794,0.88881906821124,4.6,0,6.856,5,"unchanged"
"LOC101086085",0.325442508257241,0.172971127207438,2.333,0.333,3.624,3,"unchanged"
"LOC101086180",-0.238555791137776,0.164172706048735,4,0,3.033,2,"unchanged"
"LOC101086240",0.122163640597405,0.86951517572713,1,1,3.568,2,"unchanged"
"LOC101086295",-0.137394399020428,0.612903371355485,5.5,0,3.103,2,"unchanged"
"LOC101086441",0.847426269849705,0.156422953184291,4,0,4.416,3,"unchanged"
"LOC101086557",-0.93210940736465,0.336322317563924,3.333,0,5.031,6,"unchanged"
"LOC101086599",2.15612284864519,0.0295522746327332,2.667,0,4.437,3,"induced"
"LOC101086846",2.84047997998138,0.0362251482335261,5,0,5.978,3,"induced"
"LOC101086852",-0.417869180768346,0.510654439589045,6,0,4.286,1,"unchanged"
"LOC101086986",-0.960400601467062,0.0105158300838607,3,0,5.358,1,"repressed"
"LOC101087240",-0.964671848039038,0.102399998062406,1,1,4.045,1,"unchanged"
"LOC101087322",-0.484958950870357,0.183612058178681,2,0,13.521,1,"unchanged"
"LOC101087446",-0.0199303502158656,0.902247765200618,7,0,5.422,1,"unchanged"
"LOC101087695",-1.2110633000848,0.033882458705998,6,0,8.576,1,"repressed"
"LOC101087696",0.177649002463146,0.249781171544035,7,0,23.05,1,"unchanged"
"LOC101087752",-0.272733570541985,0.213470671094043,1,1,5.981,1,"unchanged"
"LOC101087865",0.334073368702747,0.554594573743699,5,0,3.865,9,"unchanged"
"LOC101087880",0.493527217614117,0.415661019461524,1.5,0.5,2.76,2,"unchanged"
"LOC101088322",-0.518348919985098,0.0800344414621805,3,0,2.76,1,"repressed"
"LOC101088423",-0.124203519179371,0.801069314973826,6,0,5.521,1,"unchanged"
"LOC101088468",2.93711758531374,0.00894893465167681,3.667,0,9.129,3,"induced"
"LOC101088492",0.345702174925579,0.416473425310599,6,0,3.987,1,"unchanged"
"LOC101088520",-0.311466856650976,0.0216022460954953,3.25,0.25,3.43,4,"repressed"
"LOC101088850",-2.65735684729623,0.047882307414613,1.333,0.667,3.314,3,"repressed"
"LOC101089263",-0.178171178858325,0.727109043178099,7,0,9.764,1,"unchanged"
"LOC101089804",0.763032071997946,0.0857449482755848,1.667,0.667,3.445,3,"induced"
"LOC101089914",-0.536547526415353,0.0428619789451795,4,0,5.061,1,"repressed"
"LOC101089933",-0.357644992659296,0.167290727607963,7,0,9.012,1,"unchanged"
"LOC101090165",0.0673056165455712,0.899126731206505,3,0,4.447,1,"unchanged"
"LOC101090169",-0.547366045836847,0.0325268847397691,3.333,0.333,5.617,3,"repressed"
"LOC101090330",2.23794335393482,0.0121444879987254,2.5,0.5,4.429,6,"induced"
"LOC101090352",-1.26997335318146,0.00577770871303924,2.9,0.2,3.687,10,"repressed"
"LOC101090552",-1.73603871420517,0.0334909029281674,1,1,3.987,3,"repressed"
"LOC101090590",-0.525059864147336,0.0654133444431407,1,1,2.76,1,"repressed"
"LOC101090594",-0.166043138117692,0.420432558765284,5,0,5.521,1,"unchanged"
"LOC101090653",-0.174893527410239,0.438658661197045,7,0,6.326,1,"unchanged"
"LOC101090727",-0.758873146495983,0.0431961519362994,6.167,0,7.662,6,"repressed"
"LOC101090728",-0.119195891853779,0.706829712821966,7,0,11.758,1,"unchanged"
"LOC101090977",-0.224516074395067,0.535395723677334,7,0,11.758,1,"unchanged"
"LOC101091111",0.266471533156818,0.530435809535573,5,0,3.074,1,"unchanged"
"LOC101091113",-3.16996976231516,0.0303634568845104,1.111,0.889,5.252,9,"repressed"
"LOC101091168",-0.568647680866297,0.469290071896968,1,1,2.411,1,"unchanged"
"LOC101091237",-0.175940702626818,0.469334816075442,6.167,0,7.662,6,"unchanged"
"LOC101091352",-0.338990290153706,0.23949861879342,3,0.25,6.443,4,"unchanged"
"LOC101091386",-0.888578764780288,0.0716831134273873,2.5,0,3.26,2,"repressed"
"LOC101091418",-2.81889919339576,0.0511222465608314,4.333,0,6.34,3,"repressed"
"LOC101091721",-0.0381524692901212,0.953680500465945,3,0,3.527,1,"unchanged"
"LOC101091741",0.175571261994744,0.499489689828087,6.167,0,7.662,6,"unchanged"
"LOC101091764",0.216192606400757,0.125933183703412,6,0,2.515,1,"unchanged"
"LOC101091772",1.66899047609602,0.0380481105476319,1.5,0.5,3.221,2,"induced"
"LOC101091978",-0.170381439736811,0.784569847125432,3,0,4.103,1,"unchanged"
"LOC101092025",-0.828804353978787,0.117779823565564,3,0,3.206,1,"unchanged"
"LOC101092267",-1.11743844318872,0.031288247898416,3,0,3.206,1,"repressed"
"LOC101092296",0.326862475897572,0.207183153104003,2,0,2.924,1,"unchanged"
"LOC101092471",0.191636914815741,0.195777269682987,6,0,8.053,1,"unchanged"
"LOC101092708",-0.0878939331096644,0.727109043178099,7,0,14.056,1,"unchanged"
"LOC101092754",-0.304938252072941,0.405703253077456,7,0,10.82,1,"unchanged"
"LOC101092762",-1.26976843685518,0.140705083137671,3,0,4.408,1,"unchanged"
"LOC101092973",-0.120475656347335,0.373326518243853,7,0,16.551,1,"unchanged"
"LOC101093001",0.314008348454824,0.129677232283414,7,0,10.587,1,"unchanged"
"LOC101093014",0.0684628023126042,0.792672061969387,2,0,3.064,3,"unchanged"
"LOC101093016",-0.271940602867124,0.694694561379455,5,0,3.081,1,"unchanged"
"LOC101093204",1.94983692115207,0.00835591892055131,4.333,0,4.881,3,"induced"
"LOC101093223",-0.215654086568181,0.323476725380842,7,0,14.739,2,"unchanged"
"LOC101093286",0.610815602450225,0.0117359827762105,4,0,7.577,3,"induced"
"LOC101093299",-0.00709837592838691,0.990939888428072,5,0,7.515,5,"unchanged"
"LOC101093441",0.0025202743833308,0.994882201850971,5,0,3.221,1,"unchanged"
"LOC101093454",0.971040082880434,0.118505988101338,7,0,6.554,1,"unchanged"
"LOC101093537",-0.36927403266701,0.269172462301683,6,0,5.918,1,"unchanged"
"LOC101093554",-0.326766971838621,0.575393268965679,2,0,2.805,1,"unchanged"
"LOC101093701",-0.0168840870387923,0.964795694762818,3.5,0,3.297,2,"unchanged"
"LOC101093705",0.858637300948163,0.097730728043801,7,0,6.554,1,"induced"
"LOC101093721",-0.249418316682291,0.397523590665978,1,1,4.141,1,"unchanged"
"LOC101093727",-0.0497000118499296,0.830082942294495,6.167,0,7.662,6,"unchanged"
"LOC101093795",2.17500152647754,0.0114690382737328,4.5,0,4.524,2,"induced"
"LOC101093854",3.24310675754746,0.00295747396639751,3,0,2.812,3,"induced"
"LOC101093951",-0.134710738995156,0.68094725258045,3.375,0,3.677,8,"unchanged"
"LOC101094047",0.0211473005408354,0.982467088460032,1,1,3.834,1,"unchanged"
"LOC101094096",1.48399452546343,0.317699085877377,2,0.25,5.463,4,"unchanged"
"LOC101094108",-0.83735802949173,0.137521037404982,4,0,5.114,3,"unchanged"
"LOC101094113",0.736771451513934,0.0137795646751651,2,0,2.914,1,"induced"
"LOC101094232",-0.325684150929744,0.045292049724606,7,0,21.58,1,"repressed"
"LOC101094344",1.52668785653859,0.160872974489782,2,0.25,5.463,4,"unchanged"
"LOC101094418",-0.40599272981985,0.0589516055458178,4,0,5.674,1,"repressed"
"LOC101094519",0.223357506086262,0.454255749666611,4,0,3.987,1,"unchanged"
"LOC101094572",-0.453342237059259,0.0560885171642969,6,0,8.895,1,"repressed"
"LOC101094593",3.84539238381114,0.00986695322831124,2,0.25,5.463,4,"induced"
"LOC101094730",-0.0840551684605582,0.709457865552606,2.5,0.5,4.429,6,"unchanged"
"LOC101094990",0.474918018436388,0.743066143950822,2.667,0,2.993,3,"unchanged"
"LOC101095121",1.67421814531003,0.418551374388051,4,0,4.601,1,"unchanged"
"LOC101095292",-1.12617291994039,0.0479551914106545,3,0.2,5.998,5,"repressed"
"LOC101095392",-0.412774102226531,0.143448035433794,1,1,2.531,1,"unchanged"
"LOC101095540",-0.667523471151195,0.288915095335881,2.5,0,3.451,2,"unchanged"
"LOC101095706",0.0708940724023668,0.665228314996248,3,0,2.914,1,"unchanged"
"LOC101096125",-0.455644061616716,0.301765824881536,3,0.5,5.57,2,"unchanged"
"LOC101096219",-0.306905948960748,0.280241999182766,1,1,3.527,1,"unchanged"
"LOC101096317",-1.23906299450004,0.194703900022521,2.818,0.273,4.587,11,"unchanged"
"LOC101096438",0.229516949136771,0.342541833750912,7,0,8.128,1,"unchanged"
"LOC101096635",-1.86215799540861,0.112297995167557,1,1,3.32,3,"unchanged"
"LOC101096649",0.275231331287292,0.239847216554264,5,0,2.454,1,"unchanged"
"LOC101096707",1.14293191499915,0.0435916004902518,3,0.5,3.459,2,"induced"
"LOC101096727",0.103718550957731,0.67556792453938,4,0,3.239,2,"unchanged"
"LOC101096741",3.09903185059201,0.015978157723988,4.333,0,3.663,3,"induced"
"LOC101096748",-0.727700474062764,0.0241514855298661,3.25,0,3.257,4,"repressed"
"LOC101096765",-0.615034087756881,0.0397892962661504,1,1,2.627,2,"repressed"
"LOC101096785",-0.583722573156995,0.416258548304918,4.25,0,3.614,4,"unchanged"
"LOC101096853",1.61169421124647,0.0773848472847078,1.5,0.5,2.991,2,"induced"
"LOC101096860",0.149625062278208,0.711066775519619,7,0,14.739,2,"unchanged"
"LOC101096876",-0.596095780657851,0.0268264069380174,7,0,15.099,1,"repressed"
"LOC101096920",-0.78286570804434,0.0207945221023943,2,0,2.924,1,"repressed"
"LOC101096984",0.0155292722662121,0.978496680476774,2.75,0,4.225,4,"unchanged"
"LOC101097072",0.649978348826844,0.0288174731984482,7,0,6.288,1,"induced"
"LOC101097117",1.89636170747217,0.0290160332017628,4,0,5.222,2,"induced"
"LOC101097240",1.0342909864413,0.111623109945808,2.75,0,4.225,4,"unchanged"
"LOC101097528",-0.0122234856532262,0.957290811385015,7,0,9.763,1,"unchanged"
"LOC101097571",-1.23289259669134,0.0654213459038107,2,0,8.678,1,"repressed"
"LOC101098145",-1.27557779561812,0.0256684856619092,2.25,0,6.319,4,"repressed"
"LOC101098213",-0.297033587627588,0.571498184004948,4,0,4.063,1,"unchanged"
"LOC101098289",-0.634166435029509,0.0933087697130716,4.333,0.333,6.083,3,"repressed"
"LOC101098422",-0.579467034586592,0.167843611823228,1.5,0.5,2.798,2,"unchanged"
"LOC101098498",4.08344505863826,0.00483985549317479,6,0,2.846,1,"induced"
"LOC101098627",0.335261412487131,0.41007572924494,2,0,3.345,2,"unchanged"
"LOC101098680",0.0329414210271612,0.92901068200101,3.333,0,3.936,3,"unchanged"
"LOC101098755",0.399680043670497,0.264380256802063,4,0,3.363,4,"unchanged"
"LOC101098926",-0.128980814292475,0.429758960388664,7,0,11.684,1,"unchanged"
"LOC101099044",-3.37245869609225,0.00633175704965502,1,1,5.093,1,"repressed"
"LOC101099065",0.530594192605759,0.460661813670613,4.25,0,4.528,4,"unchanged"
"LOC101099090",-0.409350960429954,0.0712571254126346,4,0,3.745,1,"repressed"
"LOC101099237",-0.560850959409013,0.181296384312471,5,0,5.214,1,"unchanged"
"LOC101099280",0.271090271432415,0.43706350322883,7,0,8.281,1,"unchanged"
"LOC101099296",0.0162183766028896,0.960186182081946,1,1,2.855,1,"unchanged"
"LOC101099318",0.0102230452651599,0.987080998355935,1,1,3.736,1,"unchanged"
"LOC101099332",0.45839669916873,0.0736884014870304,1.5,0.5,3.558,2,"induced"
"LOC101099434",-0.137707480572764,0.728730381339082,3,0,5.061,3,"unchanged"
"LOC101099651",0.00845893823316635,0.972042689290648,7,0,18.557,1,"unchanged"
"LOC101099850",0.121645462520183,0.484882561320378,3,0,4.294,1,"unchanged"
"LOC101100141",-0.428476780606903,0.156665570861751,4,0,4.141,1,"unchanged"
"LOC101100156",0.738539644624325,0.0765416122896084,7,0,16.103,1,"induced"
"LOC101100387",-1.54590226972401,0.0781871207859736,1.556,0.556,5.074,9,"repressed"
"LOC101100603",0.714095434990946,0.206380721094323,4,0,6.509,1,"unchanged"
"LOC101100621",2.09873906023714,0.0275122462180592,5.5,0,6.028,4,"induced"
"LOC101100756",-0.096896076695951,0.621758632205944,2.143,0.429,4.615,7,"unchanged"
"LOC101100838",0.62392891328665,0.193373471551128,5,0,5.978,3,"unchanged"
"LOC101100850",-1.73037268475458,0.00747719414796414,6,0,4.082,1,"repressed"
"LOC101100947",-0.31612980780254,0.554594573743699,6.333,0,8.077,3,"unchanged"
"LOC101101118",-1.49027694495025,0.0150913646251496,7,0,12.669,1,"repressed"
"LOC102899075",0.388135424160565,0.586656476465735,5.5,0,4.601,2,"unchanged"
"LOC102899165",-0.0570960974307022,0.875796472101112,2.043,0.391,4.075,23,"unchanged"
"LOC102899250",-0.752587988898591,0.110853866182475,1,1,3.394,4,"unchanged"
"LOC102899266",-0.172816941491638,0.59930081731658,4.333,0,4.382,6,"unchanged"
"LOC102899273",0.404883495888786,0.0405419172722453,7,0,4.856,3,"induced"
"LOC102899308",0.31140884545354,0.494563293312976,7,0,6.75,1,"unchanged"
"LOC102899450",0.00832891676921399,0.986235717859171,1.5,0.5,5.061,2,"unchanged"
"LOC102899466",1.45999219082343,0.00996638384053988,5.333,0,8.604,3,"induced"
"LOC102899673",-0.0621966191372278,0.894550682012628,4,0,3.987,1,"unchanged"
"LOC102899716",-0.0617748198784762,0.827575268829983,4.333,0,6.441,3,"unchanged"
"LOC102899880",-0.642757478036875,0.0345733717795844,3,0,5.061,1,"repressed"
"LOC102899974",-0.166138665550038,0.825576536052847,5,0,4.447,2,"unchanged"
"LOC102900083",-0.717591680178979,0.0959109365214975,1,1,3.987,1,"repressed"
"LOC102900166",-0.367053320288751,0.274063480780615,1,1,2.607,1,"unchanged"
"LOC102900202",0.096653774462796,0.896251150556895,2,0,3.025,1,"unchanged"
"LOC102900324",-0.567872377038116,0.220278314696632,1,1,4.294,1,"unchanged"
"LOC102900615",-0.241803120024898,0.50742423916836,3,0.2,4.313,5,"unchanged"
"LOC102900682",1.4036294860772,0.0383152902197673,3,0,3.074,1,"induced"
"LOC102900754",-0.285906056828135,0.178254113394374,3,0,4.447,1,"unchanged"
"LOC102900764",-0.101215272446404,0.771783414109712,5,0,4.275,1,"unchanged"
"LOC102900772",-0.685930191097285,0.280500822655095,1,1,2.76,1,"unchanged"
"LOC102900951",0.224689363047714,0.406511324612106,5.5,0,12.587,2,"unchanged"
"LOC102901082",-1.42632534987461,0.0245732456946972,1.143,0.857,5.048,7,"repressed"
"LOC102901092",-1.33349999942872,0.258734145560299,1,1,3.221,1,"unchanged"
"LOC102901153",0.404414430571313,0.237733318760133,7,0,16.551,1,"unchanged"
"LOC102901165",-0.330433055504761,0.444023805003689,1,1,3.254,1,"unchanged"
"LOC102901244",-0.514506955995184,0.265242115721575,7,0,22.267,1,"unchanged"
"LOC102901250",0.792495335674583,0.0446079532969258,7,0,13.611,1,"induced"
"LOC102901287",0.0685965790889709,0.706476799641864,4,0,3.733,1,"unchanged"
"LOC102901316",-3.47690612285542,0.0289739157534186,3.25,0,9.117,4,"repressed"
"LOC102901427",2.8592695916324,0.0121060633773073,4,0,3.374,1,"induced"
"LOC102901432",1.63096005167783,0.00640390192767277,2.667,0.111,4.019,9,"induced"
"LOC102901440",-0.415074488260592,0.69587955236607,4.667,0.333,5.817,3,"unchanged"
"LOC102901472",-0.2151513121186,0.415996098258194,4.25,0,3.244,4,"unchanged"
"LOC102901600",-0.950105382885387,0.042836968139217,4.375,0,4.099,8,"repressed"
"LOC102901749",0.346404887280334,0.347666731327993,3.5,0.5,3.356,2,"unchanged"
"LOC102902041",-0.189202721095857,0.716798282743637,6.5,0,15.07,2,"unchanged"
"LOC102902050",2.72158208947675,0.00747719414796414,6,0,4.447,2,"induced"
"LOC102902085",-0.887934715915161,0.0590545231981035,2,0,5.981,2,"repressed"
"LOC102902091",-0.522609679278726,0.190699872416517,4,0,3.681,2,"unchanged"
"LOC102902092",0.120376824404704,0.622506497985484,7,0,11.195,1,"unchanged"
"LOC102902186",-0.0592366784236819,0.958014409238883,1.8,0.4,7.576,5,"unchanged"
"LOC102902301",-0.669824075449052,0.0433258559983952,4.5,0,6.784,2,"repressed"
"LOC102902320",-1.04968613546188,0.508225196847344,1,1,6.594,1,"unchanged"
"LOC102902330",-1.39558172593855,0.101716190929061,2,0.75,3.248,4,"unchanged"
"LOC102902347",-0.857418153359919,0.0537253463542949,2,0,3.221,1,"repressed"
"LOC102902472",-1.76095457520975,0.0361766579666213,4.333,0.167,5.235,12,"repressed"
"LOC102902476",-1.65555312642967,0.0118230976038651,2,0,2.76,1,"repressed"
"LOC102902613",0.0130747564910743,0.968567249621041,1,1,2.29,1,"unchanged"
"LOC102902635",1.95186816688435,0.00851620483231796,3,0,3.374,2,"induced"
"LOC102902649",-1.21062885661518,0.074327538614662,7,0,9.135,1,"repressed"
"LOC105259618",1.87889314530276,0.0158011929121123,6.5,0,4.217,2,"induced"
"LOC105259662",-0.907202006158755,0.238224147510639,6,0,7.975,2,"unchanged"
"LOC105259663",0.616862839391331,0.197114194309116,4,0,4.542,2,"unchanged"
"LOC105259666",2.05029181119046,0.15139879006569,2,0,5.428,2,"unchanged"
"LOC105259679",0.188965616550815,0.747805653397767,4.333,0,4.717,3,"unchanged"
"LOC105259692",-0.313749983467791,0.404195533384478,5.333,0,6.083,3,"unchanged"
"LOC105259694",-0.109672124952569,0.8006301224024,7,0,4.141,1,"unchanged"
"LOC105259864",-0.654600762188719,0.630522294217203,4,0.5,10.604,2,"unchanged"
"LOC105259913",-0.0363463789419227,0.93413689746323,6,0,15.949,1,"unchanged"
"LOC105260155",0.616423283409034,0.293673091181851,2,0,2.44,1,"unchanged"
"LOC105260237",-0.00398357236884506,0.990939888428072,7,0,7.975,1,"unchanged"
"LOC105260271",-1.79063517254849,0.0331193683291323,4,0.5,10.604,2,"repressed"
"LOC105260418",-0.137999719227454,0.844327063479351,5.5,0,6.168,2,"unchanged"
"LOC105260422",0.503774129101439,0.258632529459769,7,0,12.294,1,"unchanged"
"LOC105260615",1.88659236709714,0.0558042206455858,5,0,2.76,1,"induced"
"LOC105260774",-1.79099277124484,0.0405848185388168,6,0,4.275,1,"repressed"
"LOC105260865",-0.559277090364013,0.0405848185388168,3,0,2.88,2,"repressed"
"LOC105261065",0.328270697947327,0.304761887139032,5.25,0,5.531,4,"unchanged"
"LOC105261153",1.34790139655098,0.0563613753522505,3,0.667,4.168,3,"induced"
"LOC105261172",1.43907229600911,0.0416610414422797,1,1,3.445,2,"induced"
"LOC105261205",-0.237720167479393,0.444511711381694,6.167,0,7.662,6,"unchanged"
"LOC105261213",-0.0460505543788643,0.885353546456391,5,0.333,13.71,3,"unchanged"
"LOC105261315",-1.54538218512909,0.0660397592490171,1,1,3.561,2,"repressed"
"LOC109491352",-0.50380032148023,0.165293451650356,2,0,2.607,1,"unchanged"
"LOC109491353",-0.193199401240932,0.604213971667953,1.25,0.75,5.107,4,"unchanged"
"LOC109491390",-1.80768199445667,0.0496262778799204,7,0,8.147,1,"repressed"
"LOC109491668",1.75728540422367,0.256682012109033,4,0,3.072,1,"unchanged"
"LOC109492844",0.194158815264624,0.743913208959988,4,0,6.678,3,"unchanged"
"LOC109492846",0.474645992450785,0.193362050439388,5.5,0,12.587,2,"unchanged"
"LOC109492996",0.400785263734018,0.695538652887232,1.5,0.75,3.991,4,"unchanged"
"LOC109493140",2.9106483062778,0.0249170080369284,5.25,0,4.383,4,"induced"
"LOC109494275",0.215623226839057,0.560763915888943,2,0,3.342,2,"unchanged"
"LOC109494588",-0.482686689897077,0.215927777382892,7,0,12.722,2,"unchanged"
"LOC109494881",-0.501636462839948,0.311023507260605,7,0,4.134,1,"unchanged"
"LOC109495204",0.343408483881074,0.549104115009349,5.5,0,3.732,2,"unchanged"
"LOC109495616",-0.685352027384071,0.204189595266873,2.4,0,3.171,5,"unchanged"
"LOC109495671",-0.0282638073354597,0.936020669043442,5,0,7.927,1,"unchanged"
"LOC109495842",-2.79410929174773,0.00611192607806737,4,0,2.635,2,"repressed"
"LOC109496611",-0.251972964315049,0.559618255822531,2.667,0.333,6.032,6,"unchanged"
"LOC109496736",-0.21167732573078,0.815683239697293,2,0,3.681,1,"unchanged"
"LOC109496940",-0.122988201306758,0.615553783620165,2,0,3.374,1,"unchanged"
"LOC109498475",-0.92156822754008,0.139483094448292,4,0,2.827,2,"unchanged"
"LOC109498746",0.24127404786124,0.507500489931326,1,1,2.76,1,"unchanged"
"LOC109499301",-0.170651098846756,0.769973926432517,3.625,0,3.665,8,"unchanged"
"LOC109500091",0.888251461038419,0.120351795730254,3.091,0.182,5.213,11,"unchanged"
"LOC109501218",3.07302965702474,0.0229511832969487,6,0,2.972,1,"induced"
"LOC109501642",0.0893748670504588,0.891939820982298,2,0,6.755,1,"unchanged"
"LOC109502478",0.430373725291821,0.323476725380842,3,0,3.839,3,"unchanged"
"LOC109503361",-0.83193929019047,0.0285782612867601,2.267,0.467,3.978,15,"repressed"
"LOC111556173",2.08246570700947,0.0130218261441627,7,0,7.821,1,"induced"
"LOC111556180",-0.0960621894780749,0.563850726319475,7,0,11.701,1,"unchanged"
"LOC111556191",0.18117665513843,0.409444626268982,5,0,3.374,1,"unchanged"
"LOC111556242",0.427355094255853,0.177016810313704,5.5,0,12.587,2,"unchanged"
"LOC111556665",0.937837609762637,0.0743286937105704,3,0,3.325,3,"induced"
"LOC111557128",0.117590321374176,0.695538652887232,2,0,2.924,1,"unchanged"
"LOC111557541",0.313291899269425,0.472707861916063,4,0,4.908,1,"unchanged"
"LOC111557559",-0.0809269805540085,0.858557265170181,2,0,2.914,1,"unchanged"
"LOC111557751",-0.91180574309414,0.193209034891651,1,1,4.514,2,"unchanged"
"LOC111557763",2.17514086813535,0.0121296261828912,3.333,0,7.191,6,"induced"
"LOC111557813",2.75355631591691,0.0453993991705923,1,1,4.141,1,"induced"
"LOC111557975",0.111048807335245,0.76484116717106,6.25,0,8.12,4,"unchanged"
"LOC111558083",0.192965963142431,0.42227875384057,6,0,7.208,1,"unchanged"
"LOC111558093",0.278113034219646,0.411695341453979,7,0,24.177,2,"unchanged"
"LOC111558123",-0.108249343096734,0.707932289069641,6,0,3.987,1,"unchanged"
"LOC111558250",0.310908258183324,0.577001376236303,3,0,5.744,1,"unchanged"
"LOC111558276",0.891155095944756,0.127434175081015,2.333,0,3.04,3,"unchanged"
"LOC111558580",-0.0180879711029993,0.936020669043442,4,0,2.796,1,"unchanged"
"LOC111558727",-0.240875961218794,0.319814206965405,3.667,0,3.578,3,"unchanged"
"LOC111558945",2.4838233255438,0.00804849531073567,5.25,0,4.376,4,"induced"
"LOC111559047",-0.0663585658236554,0.948979133335976,1.8,0.4,7.576,5,"unchanged"
"LOC111559540",-0.748429807731413,0.0778148572014411,5.25,0,4.982,4,"repressed"
"LOC111559887",-0.52474751907125,0.106438183875725,2.75,0.5,7.522,4,"unchanged"
"LOC111560059",0.0011845295231685,0.997162606597933,7,0,11.001,1,"unchanged"
"LOC111560087",2.22782621155571,0.0431961519362994,1.667,0.667,3.507,3,"induced"
"LOC111560177",2.25801333361852,0.00810044516608624,2.667,0.111,4.019,9,"induced"
"LOC111560178",2.89973562394611,0.00887621894081598,3,0,2.812,3,"induced"
"LOC111560210",-0.59552799219745,0.188583056662139,7,0,7.466,1,"unchanged"
"LOC111560443",1.97108489247701,0.0174663533783162,4,0,3.221,1,"induced"
"LOC111560935",0.240189808463569,0.536677263740255,6.5,0,11.497,2,"unchanged"
"LOC111561928",2.05325136373267,0.125729279404731,2,0,4.601,1,"unchanged"
"LOC123378918",-0.145062833764465,0.586725658468589,7,0,20.913,1,"unchanged"
"LOC123378920",-0.0419595067739307,0.924824587402835,2,0,3.374,1,"unchanged"
"LOC123378931",-0.106370286076584,0.47865766845139,7,0,3.221,1,"unchanged"
"LOC123378934",-1.13123133059079,0.0904314194439572,7,0,7.208,1,"repressed"
"LOC123378959",0.162349567629974,0.747083748679402,6,0,9.815,1,"unchanged"
"LOC123379087",0.0531067938327698,0.826944575632974,3.333,0.333,3.709,3,"unchanged"
"LOC123379350",0.512721481519366,0.771668177763061,3.667,0,3.193,3,"unchanged"
"LOC123379440",-0.0308189043306888,0.954898661517701,1.667,0.333,3.732,3,"unchanged"
"LOC123380152",-0.00264482141359945,0.993497323284639,7,0,10.788,1,"unchanged"
"LOC123380411",0.883537337875138,0.0294825832677184,2,0,2.44,1,"induced"
"LOC123380599",-2.27849813375139,0.0440271670589239,1,1,2.914,1,"repressed"
"LOC123381359",-0.466745479551526,0.21971252128223,7,0,20.568,1,"unchanged"
"LOC123381525",0.0810772140520759,0.845812623201183,7,0,16.218,1,"unchanged"
"LOC123381554",-0.00446445957016905,0.982378333795152,5,0,2.621,1,"unchanged"
"LOC123381619",-2.24060276011709,0.124009728621768,1.25,0.75,3.489,4,"unchanged"
"LOC123381731",-0.226961819480544,0.766736267056147,6,0,6.518,2,"unchanged"
"LOC123381833",-0.551061911923286,0.0563943403855904,2.5,0,3.527,2,"repressed"
"LOC123381925",-0.136406762850241,0.692748348291852,2.5,0,4.275,2,"unchanged"
"LOC123382044",-0.655789247474573,0.586863115341299,6,0,9.815,1,"unchanged"
"LOC123382045",-0.993183930428811,0.297105472148176,6,0,9.815,1,"unchanged"
"LOC123382131",1.35444477067508,0.0460413406365219,4,0,4.144,1,"induced"
"LOC123382240",-0.908096942261531,0.423646451711236,2.75,0.5,5.086,4,"unchanged"
"LOC123382511",-0.384946720200353,0.717283485485382,2,0,3.895,1,"unchanged"
"LOC123382631",0.0921391001531131,0.870746043796821,2.5,0.5,3.144,2,"unchanged"
"LOC123382672",0.0587822497549383,0.895827757607149,3,0,3.473,1,"unchanged"
"LOC123382714",0.260865242827197,0.517569664704218,4,0,2.959,1,"unchanged"
"LOC123383286",-0.250205504420459,0.655899131904717,5.25,0,5.598,4,"unchanged"
"LOC123383329",-0.457622367131259,0.2225104453033,4.333,0,4.717,3,"unchanged"
"LOC123383349",-0.242710164365241,0.639068126794639,2.75,0.25,5.214,4,"unchanged"
"LOC123383807",-0.0703243529580623,0.969764335074881,5,0,5.521,1,"unchanged"
"LOC123383933",2.76379777060683,0.0458088609927711,2.286,0.714,5.619,7,"induced"
"LOC123384041",-0.667296246535167,0.0651360773478326,7,0,11.195,1,"repressed"
"LOC123384080",1.41581274617969,0.135779331310884,4,0,3.495,1,"unchanged"
"LOC123384086",2.33141503655936,0.0312227447740309,5,0,4.371,2,"induced"
"LOC123384088",2.15082987025096,0.0460413406365219,5,0,4.371,2,"induced"
"LOC123384386",-1.58205325133838,0.307454744062219,1.556,0.667,3.968,9,"unchanged"
"LOC123384444",-3.77933110574462,0.0791706164184198,3.571,0.143,3.374,7,"repressed"
"LOC123384753",-1.94692259310003,0.0568963189960909,3.667,0.333,3.017,3,"repressed"
"LOC123384957",-0.728878312771123,0.222751531483691,2.667,0.167,6.165,6,"unchanged"
"LOC123385182",2.32219198156402,0.145586637231976,3.167,0,3.904,6,"unchanged"
"LOC123385427",-0.682333683440424,0.035688997130092,2.182,0.364,4.4,11,"repressed"
"LOC123385779",-0.719011826579697,0.149970684678089,4.333,0,4.795,3,"unchanged"
"LOC123385946",-0.151795604087613,0.452142796038113,1,1,3.296,1,"unchanged"
"LOC123386139",-1.06735804432606,0.0580625731982674,4,0.5,10.604,2,"repressed"
"LOC123386140",-0.96194163605228,0.216297076298158,4,0.5,10.604,2,"unchanged"
"LOC123386183",-0.522449055435469,0.157527386701999,4,0,2.621,1,"unchanged"
"LOC123386232",0.338107939837119,0.496065734263962,4,0,4.601,1,"unchanged"
"LOC123386251",-1.09703577130538,0.0347471908184941,6,0,17.023,1,"repressed"
"LOC123386746",-0.0351699981066591,0.910455588527826,5,0,4.275,1,"unchanged"
"LOC123386774",0.424175067792519,0.198141399229612,6.2,0,4.797,5,"unchanged"
"LONP1",-0.519645321794263,0.0309595154693513,4,0,2.76,1,"repressed"
"LONP2",0.251508047106515,0.763121235421287,1.714,0.429,5.137,14,"unchanged"
"LONRF1",0.151584612557751,0.534709828959379,4.6,0,5.437,5,"unchanged"
"LOXL1",1.10067327011949,0.045902138135855,3,0,4.141,1,"induced"
"LOXL3",0.892791428179364,0.0823229123360991,7,0,10.245,1,"induced"
"LOXL4",2.59328206413321,0.0105383275414171,4.333,0,3.94,3,"induced"
"LPAR2",0.988755929157106,0.0880035874661814,7,0,12.502,1,"induced"
"LPAR5",1.90115212127888,0.0286633569519592,6,0,4.147,2,"induced"
"LPAR6",1.041187492253,0.0428605547208561,2,0,2.607,1,"induced"
"LPCAT1",-0.811355007494578,0.116893844383256,6,0,7.483,2,"unchanged"
"LPCAT2",1.66202905792254,0.0364752016969305,6,0,2.914,1,"induced"
"LPCAT3",0.18337744215247,0.334056018540024,3.25,0,3.606,4,"unchanged"
"LPGAT1",-0.348540612280755,0.641379897517111,2.273,0.364,4.611,11,"unchanged"
"LPIN2",-0.228303856329584,0.300620832567733,2.133,0.533,4.488,15,"unchanged"
"LRCH3",0.133447538544481,0.528495374196409,1.5,0.5,2.793,2,"unchanged"
"LRFN1",0.227789849465698,0.479124046887678,5,0,8.049,2,"unchanged"
"LRFN4",1.37548085865334,0.0227279084675919,6,0,4.916,1,"induced"
"LRG1",2.40620135412863,0.122223208162266,4,0,5.878,1,"unchanged"
"LRGUK",0.37644559514096,0.520835314615563,3,0,3.067,1,"unchanged"
"LRIG1",0.00514379044798297,0.990939888428072,1,1,4.141,1,"unchanged"
"LRIG2",-0.00987510913738809,0.955973051822498,4.5,0.125,5.925,8,"unchanged"
"LRMDA",0.394556072183833,0.447945628450296,2.5,0,2.914,2,"unchanged"
"LRP1",1.55393452188516,0.0151272351877785,3,0,7.055,2,"induced"
"LRP3",1.16836896589079,0.0446159120918565,6,0,7.858,1,"induced"
"LRP5",0.306053783903415,0.0988410165976713,2,0,3.834,1,"induced"
"LRP6",-0.230448432998086,0.350537168439167,2.25,0.5,5.464,4,"unchanged"
"LRPAP1",-0.780527482111962,0.016392845401973,2,0.5,3.5,2,"repressed"
"LRRC14",0.161616624999946,0.448497569856252,7,0,13.12,1,"unchanged"
"LRRC19",-1.67854645890508,0.057014857793432,1.5,0.5,3.029,2,"repressed"
"LRRC23",0.127357726320837,0.846178067897413,6.5,0,6.304,2,"unchanged"
"LRRC24",-0.586978121155579,0.034394325890014,7,0,13.12,1,"repressed"
"LRRC27",-0.22967214229593,0.549629891422701,2,0,3.895,1,"unchanged"
"LRRC32",0.918482278020484,0.0307009235054946,1,1,3.691,2,"induced"
"LRRC38",-1.39873479472594,0.0201412288495628,2,0,2.846,1,"repressed"
"LRRC46",-0.160752556579274,0.703472193413058,1,1,5.674,1,"unchanged"
"LRRC47",0.0136825916297596,0.958589517140205,4,0,4.601,1,"unchanged"
"LRRC51",-0.853265858350047,0.0851881977256557,6,0,3.821,1,"repressed"
"LRRC56",-0.0945392533095095,0.6903669635,3,0,3.441,2,"unchanged"
"LRRC57",-0.469011060156583,0.0762991316712386,3.25,0,3.555,8,"repressed"
"LRRC59",-0.020107062459525,0.938154056073613,2.5,0.5,3.819,4,"unchanged"
"LRRC66",-0.712304038050748,0.0769262956889678,5,0,4.025,2,"repressed"
"LRRC71",2.31536413458172,0.0197929391485239,3,0,2.404,1,"induced"
"LRRC74A",0.498900337338131,0.221270169873299,3.667,0,4.273,3,"unchanged"
"LRRC75A",0.319078937208265,0.658653271237185,3.25,0,3.747,4,"unchanged"
"LRRC75B",0.00564092913414038,0.992051407147016,3.143,0.286,5.965,7,"unchanged"
"LRRC8A",0.177771773707791,0.282485182078601,5,0.2,6.237,5,"unchanged"
"LRRC8B",-0.0586207097063403,0.891674654849242,3.222,0,4.02,9,"unchanged"
"LRRC8D",-0.0284892916880812,0.932778734285864,3,0,3.527,1,"unchanged"
"LRRC8E",-0.640679992439348,0.172130127563902,4,0,5.096,2,"unchanged"
"LRRK2",-1.38378134010294,0.0196362203846438,1.5,0.5,3.374,2,"repressed"
"LRRN3",0.31726958582981,0.728730381339082,1,1,2.851,2,"unchanged"
"LRRN4",1.66742459566335,0.0396043838118619,5,0,4.447,1,"induced"
"LRRN4CL",3.7062307837801,0.00424104458279326,6,0,3.074,1,"induced"
"LSM10",0.213377598852758,0.451420974360204,6.667,0,5.562,3,"unchanged"
"LSM11",0.0606314372571712,0.824259331002113,7,0,13.013,1,"unchanged"
"LSM7",0.0573204346780853,0.838018156609054,4,0,4.506,1,"unchanged"
"LSP1",1.8917250547418,0.0282508753090402,4,0.182,4.626,11,"induced"
"LSR",0.100005124601562,0.568061100820555,4,0,4.97,1,"unchanged"
"LTB",1.38713305435843,0.313651410808311,7,0,9.16,1,"unchanged"
"LTBP2",3.09860857312714,0.00664800829518784,5,0,4.494,1,"induced"
"LTBP4",0.375481462098314,0.580933363235766,4,0,2.652,1,"unchanged"
"LTBR",0.559900976294858,0.0149266796761933,7,0,5.544,1,"induced"
"LTC4S",1.87696250941752,0.0248473127471655,6.5,0,6.65,2,"induced"
"LTF",4.84419797434224,0.0123674422937096,4.5,0,3.984,2,"induced"
"LTN1",-0.333509824888248,0.347859507709249,7,0,15.719,1,"unchanged"
"LUC7L",0.0265498845489018,0.927175425633215,7,0,31.66,1,"unchanged"
"LUC7L3",0.037587200000555,0.857315778602942,3.25,0.5,3.515,4,"unchanged"
"LY75",-0.0802447527018675,0.838963487189202,3,0,3.834,1,"unchanged"
"LY86",1.83832170504885,0.0448070843366155,2,0,2.991,2,"induced"
"LY9",2.41806668803084,0.0245210292328271,6,0,2.607,1,"induced"
"LY96",1.03814843316475,0.0155173814769633,7,0,10.084,2,"induced"
"LYPD1",-0.44328177364115,0.67358421454434,4,0,3.126,1,"unchanged"
"LYPD3",0.290435139774174,0.410147067585754,7,0,10.204,2,"unchanged"
"LYPD6B",0.335752926763205,0.400370274324548,1.222,0.889,4.093,9,"unchanged"
"LYPLA2",0.00340385696609857,0.981300055735286,7,0,18.05,1,"unchanged"
"LYRM1",-0.509275394697512,0.0744464175462972,4.333,0,4.09,3,"repressed"
"LYRM7",-0.396023962177138,0.336495131078317,2.2,0.8,6.286,5,"unchanged"
"LYRM9",0.368220673292196,0.262687310821511,4.333,0,8.734,3,"unchanged"
"LYST",0.363480356457321,0.0594325454378542,4.667,0,7.869,3,"induced"
"LYVE1",0.511491801002114,0.359064746991406,3.429,0,3.553,7,"unchanged"
"LYZL6",0.0486005023757179,0.932388966472175,6,0,7.975,2,"unchanged"
"LZIC",-0.4336923913538,0.0270545007244357,1,1,4.294,2,"repressed"
"LZTFL1",-0.112131076215687,0.626383809029548,4,0,3.134,1,"unchanged"
"LZTR1",-0.0424170535875366,0.84170384950561,6,0,5.858,1,"unchanged"
"MAB21L4",0.498271926496676,0.449520739413799,1.25,0.75,4.87,4,"unchanged"
"MACC1",-0.492260623145696,0.459027198088521,1.75,0.5,4.953,8,"unchanged"
"MACF1",-0.133080950819624,0.532558320585433,3,0,2.76,1,"unchanged"
"MAD2L1BP",0.588849884328682,0.0542600259838227,5,0,2.669,1,"induced"
"MADCAM1",2.45364539535793,0.0619528159161952,7,0,18.845,1,"induced"
"MAFF",1.17456174518357,0.0298075747008926,5,0,4.141,1,"induced"
"MAG",1.81875462568032,0.0982333447365794,2.5,0.5,2.926,2,"induced"
"MAGED1",0.526224640513507,0.0372645777616886,2.25,0,3.374,4,"induced"
"MAGI3",-0.501488376838205,0.022038279220203,2.714,0,4.039,7,"repressed"
"MAGIX",-0.522673784139508,0.0234777932192389,6.333,0,8.077,3,"repressed"
"MAL",0.1945799044552,0.531184415082875,1.562,0.688,4.53,16,"unchanged"
"MAL2",-0.505293718704857,0.0926253651952904,3,0,3.146,1,"repressed"
"MALL",-0.0773144933671031,0.849493387975875,5,0,6.211,2,"unchanged"
"MALRD1",-0.802603343444538,0.32874222109769,3,0,6.292,1,"unchanged"
"MAMDC4",-0.95770245733871,0.0916825850477591,4.5,0,4.463,2,"repressed"
"MAML3",-0.199405101388488,0.406336724327964,4.571,0,5.657,7,"unchanged"
"MAMSTR",0.326388827881393,0.428896959975095,6,0,10.093,3,"unchanged"
"MANBAL",0.125325319711385,0.443658527443227,5.333,0,4.302,3,"unchanged"
"MANSC1",0.194502183622227,0.195401541293281,2,0,3.987,1,"unchanged"
"MAOB",-0.649377806529865,0.362939669785059,3,0,4.345,3,"unchanged"
"MAP10",-0.287425219436834,0.161301204909157,2,0.333,2.995,3,"unchanged"
"MAP1B",0.498164542580005,0.407527133803847,3.333,0,3.169,3,"unchanged"
"MAP1LC3B",-0.44598730577408,0.0592750847266929,2.8,0.4,4.068,5,"repressed"
"MAP1S",0.348886038293874,0.102133337907084,7,0,6.93,1,"unchanged"
"MAP2K1",0.0160299540557816,0.914393389259193,4,0,4.882,1,"unchanged"
"MAP2K2",-0.108961570689599,0.538205196982854,3,0,2.939,1,"unchanged"
"MAP2K5",-0.172762631223665,0.325069731397813,4,0,3.297,2,"unchanged"
"MAP2K6",-0.449446156436309,0.318363718592983,4.5,0,2.912,2,"unchanged"
"MAP2K7",0.162910597719544,0.289570567900281,4,0,3.514,1,"unchanged"
"MAP3K1",0.150976423010176,0.571217273714356,3.75,0,3.453,8,"unchanged"
"MAP3K11",-0.112403725666026,0.547884508272273,7,0,5.61,1,"unchanged"
"MAP3K12",0.520213259053615,0.194756455112771,7,0,16.965,1,"unchanged"
"MAP3K13",-0.978161026936461,0.0216548667130482,3.333,0,4.72,9,"repressed"
"MAP3K14",0.188116096494148,0.475969537203186,5.25,0,4.76,8,"unchanged"
"MAP3K20",-0.0946940354421493,0.626565322591111,1,1,3.446,1,"unchanged"
"MAP3K4",-0.226227028130721,0.0841979915415244,3,0.5,3.877,2,"repressed"
"MAP3K7CL",0.719025851744889,0.233876882170254,4,0,4.141,1,"unchanged"
"MAP4",0.330620534517246,0.093394594024371,5,0,9.508,2,"induced"
"MAP4K1",1.75246321740827,0.0566830042350803,6,0,5.747,1,"induced"
"MAP4K2",-0.30873924755798,0.338853541508272,6,0,6.901,1,"unchanged"
"MAP4K3",-0.365844206813935,0.210694595872676,5,0,9.968,1,"unchanged"
"MAP4K4",0.0274910894716971,0.879292103435069,3.167,0.167,3.319,18,"unchanged"
"MAP6",1.2495550165499,0.038180028594609,5,0,4.172,1,"induced"
"MAP6D1",-0.148096651609865,0.750322442269931,1.5,0.5,3.246,2,"unchanged"
"MAPK1",-0.114108592075682,0.589827524320848,3,0,3.446,1,"unchanged"
"MAPK10",-0.738083557306218,0.0961895330156644,2.5,0.5,3.835,4,"repressed"
"MAPK6",-0.15309493781013,0.657280457817613,1.2,0.8,2.847,5,"unchanged"
"MAPK7",0.297909063262197,0.070448391479059,6,0,5.828,1,"induced"
"MAPK9",-0.3971445467174,0.058788418722734,4,0,2.521,1,"repressed"
"MAPKAP1",-0.178767981454822,0.180597788528647,2,0,4.447,1,"unchanged"
"MAPKAPK2",0.192044148689896,0.281470053090963,4,0,6.775,2,"unchanged"
"MAPKAPK3",0.454808068976299,0.0252715667372639,6,0,4.802,3,"induced"
"MAPRE2",0.264454322354432,0.129922562571179,1.5,0.667,3.274,6,"unchanged"
"MARCHF2",-0.0282710534337474,0.895827757607149,5.4,0,5.149,5,"unchanged"
"MARCHF5",-0.109086051839236,0.590603701000248,2,0,3.843,1,"unchanged"
"MARCKS",0.667100411319406,0.122935861541347,3.5,0,3.757,2,"unchanged"
"MARCKSL1",1.62376401947225,0.0342391265073216,7,0,8.948,1,"induced"
"MARK4",-0.12836442599647,0.453363010268647,2,0,3.566,2,"unchanged"
"MARS1",0.592969616578923,0.00592913875525179,5,0,3.834,1,"induced"
"MARS2",-0.266440672645933,0.423571208687975,3.778,0.222,6.501,9,"unchanged"
"MARVELD1",0.997265098327658,0.0467611658342444,4,0,3.067,1,"induced"
"MAST3",0.140137320400259,0.634023890443014,2,0.5,2.991,2,"unchanged"
"MAT1A",-0.591602249699264,0.604600483426086,2,0.5,3.762,6,"unchanged"
"MATK",2.01799616402113,0.0710306415399417,3,0,3.374,1,"induced"
"MATN1",-0.967017069180874,0.662302722800225,4,0,3.834,1,"unchanged"
"MAVS",-0.0570270431532292,0.667009561471844,7,0,19.27,1,"unchanged"
"MAX",0.294662800734311,0.0799634345403793,5.5,0,3.25,2,"induced"
"MBD1",-0.116829161460089,0.406488488885315,7,0,10.091,1,"unchanged"
"MBD4",0.31611771569716,0.15956783780839,2.5,0.5,3.957,2,"unchanged"
"MBD6",0.112637426462038,0.591880417544868,5,0,3.834,1,"unchanged"
"MBL2",-0.650012821938988,0.424968272966308,2,0.5,3.527,2,"unchanged"
"MBNL1",0.568567860424403,0.0176129405550491,7,0,23.05,1,"induced"
"MBNL2",-0.050132841091961,0.847833185178592,4.4,0,3.685,5,"unchanged"
"MBOAT2",-0.253619157564214,0.502891385099356,2.2,0.2,3.642,5,"unchanged"
"MBP",0.242710164840557,0.110332042433227,4,0.5,9.432,2,"unchanged"
"MBTPS1",0.12774306159408,0.438115949231322,4,0,3.446,1,"unchanged"
"MCCC1",-0.690056314822034,0.112908315076173,7,0,25.552,1,"unchanged"
"MCCC2",-0.836117096736309,0.136639828201675,7,0,12.455,1,"unchanged"
"MCCD1",-1.50046303150497,0.0335439138784219,1,1,3.191,2,"repressed"
"MCEMP1",3.58413656915761,0.0105383275414171,7,0,6.588,1,"induced"
"MCF2L",-0.432584999243489,0.0131825976219421,2,0.5,3.1,2,"repressed"
"MCF2L2",-0.153897510555827,0.716032126658099,5,0,3.681,1,"unchanged"
"MCM2",0.883623255716859,0.0197929391485239,3,0,3.834,1,"induced"
"MCM8",0.692754100947682,0.0472501498458052,1,1,2.805,1,"induced"
"MCOLN3",-1.6003619829551,0.0348067332058564,5,0,5.6,1,"repressed"
"MCP-1",1.98855855367654,0.0230328000925289,1.875,0.625,3.84,8,"induced"
"MCRIP1",-0.281310634266163,0.0323713823341548,6.5,0,7.676,2,"repressed"
"MCTS1",-0.00984090728838005,0.975099033958059,7,0,17.023,2,"unchanged"
"MCU",-0.468699732588983,0.0670080767320751,2,0,7.352,1,"repressed"
"MCUB",0.949688754426898,0.0828380562864226,1.75,0.5,3.883,4,"induced"
"MCUR1",-0.056069361259409,0.789246510048962,7,0,7.663,1,"unchanged"
"MDFI",3.56730566391514,0.011846278560058,5,0,2.76,1,"induced"
"MDH1",-0.848216552398515,0.0406557001982722,2.667,0,3.171,3,"repressed"
"MDH1B",-0.384406920724399,0.315515110645595,2,0,3.374,1,"unchanged"
"MDM2",0.171968017451607,0.320231452306199,4,0,2.76,2,"unchanged"
"MDM4",0.130979594070511,0.668832757633725,2,0,2.531,1,"unchanged"
"MDN1",0.200095175635287,0.34159895404982,6,0,6.479,2,"unchanged"
"ME3",-0.580478010314708,0.0477710467075046,5.429,0.143,6.052,7,"repressed"
"MEAK7",0.000452854678242964,0.998782346081748,6,0,5.904,2,"unchanged"
"MECP2",-0.0937814698603505,0.49211051914253,5,0,4.781,2,"unchanged"
"MECR",-1.22283992681353,0.0239398458623209,1,1,5.061,3,"repressed"
"MED10",0.270186813642192,0.133158830180211,2,0,3.374,1,"unchanged"
"MED12",-0.272918619647124,0.0882316029377475,1,1,4.908,1,"repressed"
"MED13",-0.189845319729578,0.558953551565799,1,1,3.527,2,"unchanged"
"MED16",0.11908269895217,0.328725484408714,2.5,0,3.221,2,"unchanged"
"MED17",0.0657188973975122,0.768314428040453,1,1,4.089,2,"unchanged"
"MED24",-0.0764369606640667,0.593814548974688,4,0,14.665,1,"unchanged"
"MED26",0.0828691841701494,0.659967907779842,5.5,0,5.064,2,"unchanged"
"MED27",0.209144993543513,0.135029018952759,4.333,0,3.199,3,"unchanged"
"MED4",0.0540268446627739,0.717288152201562,5,0,3.315,1,"unchanged"
"MED9",0.0667130229736825,0.726740176855939,5,0,3.607,2,"unchanged"
"MEDAG",4.08704997318762,0.00284687230696171,6,0,5.456,2,"induced"
"MEF2C",0.319385298715242,0.442916752514626,3,0.667,7.442,3,"unchanged"
"MEFV",2.14045925937432,0.0096553145486948,7,0,13.472,1,"induced"
"MEGF9",-0.591745610471951,0.125142809171192,1.75,0.5,3.89,8,"unchanged"
"MEIOB",-0.37727086869632,0.538205196982854,7,0,10.209,2,"unchanged"
"MEIS3",1.10896130509657,0.0669951221781059,6,0,8.368,1,"induced"
"MELTF",-0.073309398593759,0.865309454932621,1,1,3.681,1,"unchanged"
"MEN1",0.063978606436045,0.704459966385162,7,0,8.564,1,"unchanged"
"MET",0.504728318781444,0.147815731382599,3,0.5,4.064,2,"unchanged"
"METAP1D",-0.20714142840973,0.361703457562362,7,0,14.323,1,"unchanged"
"METTL1",-0.308467144715229,0.326125609949498,2,0,4.141,1,"unchanged"
"METTL14",-0.281449562175004,0.0528388882805663,1,1,3.578,3,"repressed"
"METTL15",-0.40512125975485,0.207722946224484,1,1,4.868,3,"unchanged"
"METTL16",0.153390404402111,0.230912069950347,1,1,2.663,1,"unchanged"
"METTL21A",0.237091430634261,0.265523315273193,3,0,3.198,3,"unchanged"
"METTL3",-0.106950524744481,0.633503229221082,4.333,0,5.344,3,"unchanged"
"METTL7A",0.456257094039692,0.0599865902884871,6,0,3.834,1,"induced"
"MFAP2",-0.476405624345771,0.152651381545569,1,1,3.681,1,"unchanged"
"MFAP3",0.165794930925951,0.38925052406375,2.909,0.273,3.299,11,"unchanged"
"MFF",-0.806427880820141,0.0162783812944854,1,1,3.807,2,"repressed"
"MFGE8",0.297623439337089,0.1916045438207,4.667,0,4.359,3,"unchanged"
"MFHAS1",0.000307240326808511,0.999263580972883,1.5,0.5,4.992,2,"unchanged"
"MFN2",-0.410765430178406,0.0491698407859276,5,0,2.772,4,"repressed"
"MFRP",1.26555136814412,0.0882047149096258,4,0,5.827,2,"induced"
"MFSD10",0.54833957943308,0.0943852337241757,3,0,3.374,1,"induced"
"MFSD12",-0.562220881648462,0.317812701599794,6,0,3.527,1,"unchanged"
"MFSD2A",3.19075769340256,0.0048133053088007,5,0,8.588,1,"induced"
"MFSD2B",0.539757041179595,0.095637016861261,7,0,3.915,1,"induced"
"MFSD4A",-2.26886539680084,0.00653320048965886,3.571,0.143,3.452,7,"repressed"
"MFSD8",0.16552834857549,0.572248508890747,4,0,2.76,1,"unchanged"
"MGAT3",-0.220181001683022,0.429758960388664,4,0.143,7.057,7,"unchanged"
"MGMT",-0.395233113506873,0.0777789901891108,2,0,3.296,1,"repressed"
"MGST2",-0.870587906881618,0.017716112189572,6,0,3.987,1,"repressed"
"MIA2",-0.477166821779636,0.126429476564362,7,0,22.054,1,"unchanged"
"MICAL1",0.635200708355303,0.089154212278423,1,1,2.69,2,"induced"
"MICALL1",0.229341475795844,0.202995189641193,6,0,3.607,2,"unchanged"
"MICALL2",1.61561991875296,0.0332173050185885,5,0,7.668,1,"induced"
"MICOS10",-0.310334365977602,0.122674272437034,2.571,0.143,3.909,7,"unchanged"
"MICU1",-0.741550842557357,0.0101320874497578,2,0,7.352,1,"repressed"
"MICU2",-0.55702497102028,0.0514348336931056,4,0,4.141,1,"repressed"
"MID2",-0.320646762120345,0.16191669468433,7,0,15.029,1,"unchanged"
"MIEF1",0.0676826499520633,0.61495714572585,5,0,4.275,1,"unchanged"
"MIF",-0.0952369804184023,0.692158045642978,4,0,5.577,3,"unchanged"
"MIIP",0.10850202256955,0.811661616272674,3,0.5,7.166,2,"unchanged"
"MINAR1",0.467884786978138,0.104348316942467,3.5,0,3.604,2,"unchanged"
"MINDY3",-0.23625406206883,0.358777033594267,1,1,2.939,1,"unchanged"
"MIOX",-3.32086631918328,0.00823889070907114,2,0.5,3.664,2,"repressed"
"MISP",-0.378291697581887,0.285822066365097,1,1,2.016,1,"unchanged"
"MISP3",-0.701196774369425,0.0326560720194185,4,0,3.254,1,"repressed"
"MITF",-0.418019200584777,0.0936136381068117,2.5,0.5,2.741,2,"repressed"
"MKLN1",-0.247017790362241,0.270133114450194,4,0,4.49,2,"unchanged"
"MKNK1",0.234823142402263,0.232953576942502,4,0,2.991,2,"unchanged"
"MLEC",0.0728596343856784,0.703321746272402,4.667,0,4.233,3,"unchanged"
"MLH3",-0.0642097309308722,0.817820301836664,4.333,0,6.063,3,"unchanged"
"MLIP",0.0147441993823243,0.979125527766034,3,0,4.701,1,"unchanged"
"MLST8",0.0224117819784819,0.907325092610764,1,1,4.141,1,"unchanged"
"MLYCD",-0.532077233366994,0.141559479941517,4,0,3.953,1,"unchanged"
"MMD",1.28914824943764,0.0136055106883444,2.333,0.222,3.442,9,"induced"
"MME",-2.1869652123457,0.0154969079768391,1,1,3.757,2,"repressed"
"MMEL1",0.423667658542687,0.622307990089218,7,0,21.317,1,"unchanged"
"MMGT1",-0.0938781341826171,0.685614314551552,7,0,13.189,1,"unchanged"
"MMP15",0.386514481754155,0.131635696863306,4,0,3.677,3,"unchanged"
"MMP19",3.38481659677165,0.00633175704965502,6,0,3.527,1,"induced"
"MMP2",3.5369432491104,0.00577770871303924,6,0,2.914,1,"induced"
"MMP24OS",-0.393504662402342,0.188084646726486,3,0,3.834,1,"unchanged"
"MMP25",0.0796588931362132,0.822017655993582,7,0,11.962,1,"unchanged"
"MMP28",0.568143577561838,0.0929491378057197,4.6,0,4.248,10,"induced"
"MN1",0.155241639464188,0.795193471010107,4,0,3.013,1,"unchanged"
"MNAT1",-0.335755515415515,0.0635575579301884,2,0,3.067,1,"repressed"
"MOB3B",-1.04930789322297,0.0223997366065594,1,1,3.476,3,"repressed"
"MOB3C",0.201871594714046,0.170739892617074,4,0,2.991,2,"unchanged"
"MOGS",0.0627269091529916,0.770984768012777,7,0,19.566,1,"unchanged"
"MORC2",0.051369631618785,0.682381524575245,5,0,4.294,1,"unchanged"
"MORC3",0.200736453541225,0.21971252128223,6,0,7.361,1,"unchanged"
"MORN3",-0.945959433815956,0.0473050964377146,4,0,4.222,3,"repressed"
"MOSMO",-0.262904899657489,0.231883358108281,1.5,0.5,4.025,2,"unchanged"
"MOV10",0.107282519808038,0.472797550534537,2,0,2.914,1,"unchanged"
"MOXD1",1.57620953560207,0.0565966139891037,2,0.333,3.901,3,"induced"
"MPDU1",-0.375970224639448,0.15870967851661,5,0,2.672,1,"unchanged"
"MPDZ",0.216752600591364,0.588106509559054,1,1,2.76,1,"unchanged"
"MPG",-0.439437398649924,0.0354719920177619,4.5,0,4.133,2,"repressed"
"MPHOSPH9",-0.17833932170861,0.276362405086417,5,0,3.527,2,"unchanged"
"MPP3",-0.396224907546352,0.448626265330658,4,0,2.652,1,"unchanged"
"MPPE1",0.277044297706411,0.423231625433055,5,0,6.365,3,"unchanged"
"MPPED1",-0.62506076386278,0.383521440663047,1.333,0.667,4.495,6,"unchanged"
"MPRIP",0.0580998719876984,0.694547349436421,4.5,0,5.225,4,"unchanged"
"MPV17L",-2.12384114760349,0.0311640594835275,2.333,0,4.707,3,"repressed"
"MPZL2",0.721901895213188,0.0655716996727849,4,0,4.856,5,"induced"
"MPZL3",0.0390496447893138,0.886503971309028,5,0,6.551,1,"unchanged"
"MRAS",1.33178773767226,0.00764090158695476,3.571,0,3.789,7,"induced"
"MRC1",1.33220939096937,0.0179846217006349,4,0,3.834,1,"induced"
"MREG",-1.11551068117873,0.0945789302277522,3,0.667,7.924,3,"repressed"
"MRFAP1",-0.122261600802676,0.626704388152671,7,0,7.466,1,"unchanged"
"MRGPRF",0.334179970449879,0.545175260607702,2,0.2,3.818,5,"unchanged"
"MRLN",-0.707935140519557,0.43048691597002,1.588,0.647,4.374,17,"unchanged"
"MRNIP",-0.89460368134846,0.00380200555456329,1,1,3.987,1,"repressed"
"MRPL10",-0.220048322156823,0.194244821525011,1,1,5.674,1,"unchanged"
"MRPL17",-0.284625231155631,0.290881380785124,1,1,2.531,1,"unchanged"
"MRPL27",-0.337925843603345,0.147934760121528,4.5,0,5.299,2,"unchanged"
"MRPL28",-0.556348740622988,0.0545162875048335,7,0,3.615,1,"repressed"
"MRPL3",-0.656295021675088,0.0253967905254643,1,1,3.146,1,"repressed"
"MRPL33",0.482043027070382,0.0244273111522211,6,0,12.292,2,"induced"
"MRPL36",0.0208894907481243,0.94937027154957,1,1,2.76,1,"unchanged"
"MRPL37",-0.417931041223529,0.0675517007892195,3.25,0,3.257,4,"repressed"
"MRPL4",-0.175385144663827,0.339318064872855,7,0,5.665,1,"unchanged"
"MRPL42",-0.328673390774064,0.129846989551654,4.5,0,4.762,2,"unchanged"
"MRPL48",-0.16890440643541,0.254209998758674,4,0.5,13.089,2,"unchanged"
"MRPL58",-0.274516962420126,0.255086547350513,3,0,2.76,1,"unchanged"
"MRPS10",0.0291994965773998,0.942549065793451,3,0,3.745,1,"unchanged"
"MRPS18A",-0.0193489018548672,0.919380508374966,5.5,0,6.179,2,"unchanged"
"MRPS27",-0.332881451853051,0.195086430993082,1,1,2.547,1,"unchanged"
"MRPS28",-0.632151977956142,0.0827432230219817,1,1,2.697,1,"repressed"
"MRPS9",-0.609964107985284,0.0353115232848673,1.667,0.667,4.155,3,"repressed"
"MRRF",-0.454940529503039,0.0293015013645921,2,0,3.369,2,"repressed"
"MRTFA",0.514240635183007,0.0465101900625517,3.75,0.5,7.249,4,"induced"
"MRTFB",-0.0266714580130243,0.907335790889314,3.19,0.238,4.266,21,"unchanged"
"MS4A1",3.79701994536772,0.033882458705998,7,0,8.588,1,"induced"
"MS4A10",-0.192764647888352,0.929558724776208,6,0,5.597,3,"unchanged"
"MS4A7",2.47397036425371,0.0128284909956858,7,0,8.588,1,"induced"
"MSH2",-0.259425323606696,0.152314483997157,1,1,3.745,1,"unchanged"
"MSH6",-0.0114528531651512,0.960298330465845,1,1,2.745,1,"unchanged"
"MSI1",-0.107449289833477,0.782710887590808,2,0,4.447,1,"unchanged"
"MSI2",-0.23891115835404,0.301681710140291,5,0,3.857,1,"unchanged"
"MSL1",0.153393585309418,0.346972159747254,6,0,9.538,2,"unchanged"
"MSMO1",0.0499848192476744,0.895548367621444,2.5,0,3.911,2,"unchanged"
"MSN",0.387647383372861,0.0502828230530936,3.182,0.182,3.789,11,"induced"
"MSRB2",-0.705225788286309,0.119903825076125,6,0,7.925,3,"unchanged"
"MTARC1",-0.490449622423923,0.209017668607821,7,0,17.943,1,"unchanged"
"MTCH1",-0.109407932228946,0.453524558006686,5,0,5.505,2,"unchanged"
"MTDH",0.079979816785273,0.741691030656137,6,0,3.374,1,"unchanged"
"MTERF4",-0.230578231475674,0.230602779625456,2,0,5.981,1,"unchanged"
"MTF1",-0.217529416862878,0.249649921118796,1.857,0.286,3.685,7,"unchanged"
"MTFP1",-0.439495225368963,0.328001600579144,3.333,0,3.327,3,"unchanged"
"MTFR1",-0.475634109106885,0.132911256850378,7,0,10.425,1,"unchanged"
"MTFR2",-0.199637379898111,0.507444289778499,6,0,3.591,1,"unchanged"
"MTHFD1",-0.525001265889625,0.0460224392836349,2,0,2.607,1,"repressed"
"MTHFSD",0.183561219160646,0.531579927630722,4,0.333,6.582,3,"unchanged"
"MTLN",-0.49841010491965,0.0371734078131957,6,0,6.856,1,"repressed"
"MTMR1",0.0911775488781084,0.432209446994911,1.75,0.25,3.067,4,"unchanged"
"MTMR10",-0.64315446714135,0.074116395636281,3.333,0.333,4.601,3,"repressed"
"MTMR11",0.775798448430594,0.0199823256545753,3.5,0,3.103,2,"induced"
"MTMR12",0.212373966005951,0.157527386701999,4.667,0,3.383,6,"unchanged"
"MTMR2",0.198130929210427,0.516527905662609,2.143,0.429,3.767,7,"unchanged"
"MTMR3",-0.14290541131286,0.209041047238154,1.5,0.5,4.601,2,"unchanged"
"MTMR6",0.0897509345853589,0.723037596214668,4,0,4.294,1,"unchanged"
"MTR",-0.0827207891485475,0.775732133686414,2,0,3.834,1,"unchanged"
"MTRFR",-0.564389347003958,0.0197929391485239,5,0,3.527,2,"repressed"
"MTSS1",-0.370255769066019,0.0871760239768214,2,0,5.992,1,"repressed"
"MTTP",-3.25945897433649,0.016392845401973,3,0,3.681,1,"repressed"
"MTUS1",-0.771534361303669,0.0365646297129202,3,0,3.606,3,"repressed"
"MTUS2",-0.277610416742766,0.414923631399158,3.5,0,4.294,4,"unchanged"
"MTX2",-0.482394316101106,0.119697090795811,1.5,0.5,2.782,2,"unchanged"
"MUC13",-0.169212900791456,0.788072963048006,3.2,0,4.249,5,"unchanged"
"MUC2",1.268113934967,0.229070367631063,6,0,6.259,1,"unchanged"
"MUC20",-0.958641527230027,0.0460993611954658,2,0.75,4.289,4,"repressed"
"MUC4",4.08372074051254,0.0048133053088007,1,1,3.327,1,"induced"
"MUL1",-0.34473217134987,0.321521717907467,2,0,3.987,1,"unchanged"
"MUSTN1",0.931186346572854,0.13698061795561,4.667,0,4.755,3,"unchanged"
"MVB12A",-0.213894126099631,0.162205591930398,7,0,14.788,1,"unchanged"
"MVB12B",-0.291569648993808,0.0868264108937109,4.333,0,3.757,6,"repressed"
"MX1",1.94262564860146,0.029714410942754,6,0,10.731,2,"induced"
"MXRA5",1.06002419105494,0.158789225363324,6,0,5.061,2,"unchanged"
"MXRA7",0.413652442815162,0.206380721094323,6,0,4.357,3,"unchanged"
"MYADM",1.05857912128688,0.0172513470571835,3.5,0,4.141,2,"induced"
"MYBL2",2.55780018493884,0.0197929391485239,7,0,11.091,1,"induced"
"MYCBPAP",-0.743535122310305,0.0551427055116205,2,0,9.084,1,"repressed"
"MYCT1",-0.670605925071806,0.0926253651952904,3.75,0,3.388,4,"repressed"
"MYDGF",0.274808210334747,0.177840005879111,4.5,0,6.784,2,"unchanged"
"MYEF2",0.431214161913239,0.125987469726959,1,1,3.911,2,"unchanged"
"MYH14",-0.403625870236539,0.315852617517079,4.5,0,3.604,2,"unchanged"
"MYH7B",-0.174549933976649,0.411266442637269,5.5,0,6.168,2,"unchanged"
"MYL3",-1.24640410138542,0.109731469030014,3,0,3.681,1,"unchanged"
"MYL9",-0.318448245185822,0.332878173910269,3,0,5.061,1,"unchanged"
"MYLK",0.233487698172974,0.327933452256819,4.25,0.25,4.988,4,"unchanged"
"MYO10",-0.0409105876565761,0.900338694933763,3,0.4,4.839,5,"unchanged"
"MYO15A",-1.45595164743037,0.0154969079768391,2,0,5.316,3,"repressed"
"MYO15B",-0.415158897270448,0.373092571481472,4,0,3.994,1,"unchanged"
"MYO1A",0.354720614442728,0.393725742721163,5,0,5.214,1,"unchanged"
"MYO1D",0.522463862910621,0.0916506279641137,2.5,0.056,3.557,18,"induced"
"MYO1E",0.171216826319548,0.413077641834366,1,1,2.914,1,"unchanged"
"MYO1F",2.38916407521905,0.0216548667130482,7,0,5.499,1,"induced"
"MYO1G",1.69543664799757,0.0860597534451636,2,0,3.067,1,"induced"
"MYO3B",1.2800420634326,0.0432247196756821,2.5,0.333,3.926,6,"induced"
"MYO6",-0.451593933467032,0.3141140226976,1,1,3.681,1,"unchanged"
"MYO7A",-0.275477125863459,0.67359915086539,2.5,0.5,3.936,6,"unchanged"
"MYO9A",0.226587334156076,0.299526938829489,2.167,0.667,5.101,6,"unchanged"
"MYOC",3.16530952778017,0.0189802946555561,2.5,0,3.374,2,"induced"
"MYOF",0.755000167105539,0.0151272351877785,3,0.286,4.029,7,"induced"
"MYOM1",-0.638236290436399,0.14316507591602,2,0,3.28,2,"unchanged"
"MYOM3",-0.802548249052687,0.223339965637625,3.5,0,2.632,2,"unchanged"
"MYT1L",0.105538539042686,0.693192995925045,7,0,23.064,1,"unchanged"
"MZB1",2.42313975317212,0.054580541023039,4.5,0,5.033,6,"induced"
"N4BP1",-0.175350340283492,0.0995225623969401,4,0,4.794,3,"repressed"
"NAA10",-0.139800938257895,0.507385195309256,1,1,2.76,1,"unchanged"
"NAA20",-0.243649067201707,0.352707725630458,3,0,3.005,5,"unchanged"
"NAA40",-0.188752281095708,0.181305458563012,3,0,3.013,1,"unchanged"
"NAA60",0.0337667558344394,0.860496908736563,7,0,4.743,1,"unchanged"
"NAALADL1",0.514640137570726,0.413319021757931,7,0,5.981,1,"unchanged"
"NAB1",-0.203758291437814,0.32506373485788,2.667,0,4.17,3,"unchanged"
"NAB2",0.74803057707859,0.0424019671285917,6,0,13.036,1,"induced"
"NABP1",0.633187533643077,0.092553261270678,3.667,0,4.143,3,"induced"
"NADSYN1",-0.311496839481076,0.390371505061475,3.333,0,6.188,3,"unchanged"
"NAF1",0.00818463246354906,0.967331227729372,3,0,5.093,1,"unchanged"
"NAGK",0.0287387601582036,0.874565906467568,1,1,3.779,1,"unchanged"
"NAGLU",0.280652341151119,0.125472914407553,5,0,5.612,1,"unchanged"
"NAGPA",0.367362310725188,0.164164702917541,2.5,0,2.935,2,"unchanged"
"NAMPT",1.11894865892148,0.00986695322831124,1,1,3.681,1,"induced"
"NAP1L3",-0.417270468795052,0.250605848227296,7,0,8.839,1,"unchanged"
"NAP1L5",0.41378960453747,0.232465694486539,7,0,7.361,1,"unchanged"
"NAPA",-0.0638568620578903,0.756773092470489,3.8,0,4.501,5,"unchanged"
"NAPSA",-0.255779256027473,0.828294351851445,2,0,4.609,2,"unchanged"
"NARF",0.300873606140093,0.362124318506784,5,0,3.527,1,"unchanged"
"NAT10",0.276714141840271,0.0873849900896098,7,0,5.686,1,"induced"
"NAT9",0.1197720633834,0.754760562297817,3,0.5,3.671,2,"unchanged"
"NAV1",0.965957209912292,0.0423565956446645,5.25,0,4.505,4,"induced"
"NAXE",-0.127251669946038,0.47865766845139,7,0,10.963,1,"unchanged"
"NBEAL1",-0.407809770208939,0.311841178981485,4,0,5.139,3,"unchanged"
"NCALD",-0.230828692269701,0.374547674648676,2.222,0.556,5.952,9,"unchanged"
"NCAM1",0.875115379132414,0.195529477628402,3,0,4.601,2,"unchanged"
"NCAPG2",0.892945717409916,0.00716241630151416,7,0,12.621,1,"induced"
"NCAPH",1.23175631270271,0.0405848185388168,3,0,2.76,1,"induced"
"NCBP2",-0.394335249904956,0.064283770684678,2.5,0,2.629,2,"repressed"
"NCF4",2.16294356825702,0.0216660521311902,3,0,2.76,1,"induced"
"NCK2",0.37685637076657,0.184179533534193,3,0,3.262,1,"unchanged"
"NCKAP1",-0.451930460994747,0.193271935013694,3.667,0.333,8.156,3,"unchanged"
"NCOA3",0.0724742438981387,0.690407224228849,3,0,3.915,1,"unchanged"
"NCOA4",-1.78252063030846,0.00846724019655075,3,0,4.215,1,"repressed"
"NCS1",0.447113868057101,0.134906125753319,1.6,0.6,5.521,5,"unchanged"
"NCSTN",0.0968645745087153,0.408261545186412,3,0,3.067,1,"unchanged"
"NDFIP1",-0.109699585381398,0.759446332498799,6,0,4.944,1,"unchanged"
"NDFIP2",0.273488195300841,0.260139342901358,7,0,14.472,1,"unchanged"
"NDRG2",-0.326845402419243,0.162525611523667,5,0,3.067,1,"unchanged"
"NDRG4",1.51235727681981,0.00330146632416522,6,0,5.626,3,"induced"
"NDST1",0.0452366786241729,0.740474874210497,7,0,6.288,1,"unchanged"
"NDUFA12",-0.613411020277392,0.0336631622856199,1,1,3.527,1,"repressed"
"NDUFA6",-0.507383670503012,0.0419047367384341,2,0,3.296,1,"repressed"
"NDUFA7",-0.0757929151282335,0.761189433992575,4,0,4.44,3,"unchanged"
"NDUFA8",-0.655410385754313,0.0170588536876254,2.333,0,3.17,3,"repressed"
"NDUFAF1",-0.424738909612383,0.31131491193362,7,0,15.643,1,"unchanged"
"NDUFAF6",-0.488917500896868,0.187340428739952,2.75,0.5,4.913,4,"unchanged"
"NDUFB11",-0.56640939053678,0.0281604421995401,2,0,3.374,1,"repressed"
"NDUFB3",-0.4047213201825,0.0839013654718288,2,0,2.607,1,"repressed"
"NDUFB4",-0.364828040127644,0.153673231831831,1.714,0.714,4.372,7,"unchanged"
"NDUFB7",-0.319372027433071,0.18124652136024,5.5,0,5.138,2,"unchanged"
"NDUFB9",-0.444845268213389,0.10429582732512,7,0,23.577,1,"unchanged"
"NDUFS1",-0.835191531677452,0.0547725837719316,3.5,0,5.623,2,"repressed"
"NDUFS2",-0.506561266714742,0.0577442665436297,5,0,8.374,1,"repressed"
"NDUFS3",-0.753481905510149,0.0162849898496127,3,0.333,4.435,3,"repressed"
"NDUFS5",-0.532296221200358,0.0196462861173838,7,0,7.829,1,"repressed"
"NDUFS6",-0.49192046008605,0.0755064854724282,1,1,2.76,1,"repressed"
"NDUFS8",-0.554156327047473,0.0295522746327332,4,0,2.76,1,"repressed"
"NDUFV1",-0.754466938932202,0.0332919606145021,4,0,5.674,1,"repressed"
"NECAP1",-0.270924853232397,0.343989479370887,2,0,3.527,1,"unchanged"
"NECAP2",0.032336908456382,0.841021541211747,2.2,0.5,4.029,10,"unchanged"
"NECTIN4",0.691886193190861,0.0368024369260075,3.5,0,3.987,2,"induced"
"NEDD4",0.293733652376858,0.382869193123281,6,0,4.344,1,"unchanged"
"NEDD9",0.771873081051431,0.019966382127881,3.6,0,4.241,10,"induced"
"NEK10",0.543819115311754,0.343361116052525,6,0,3.977,1,"unchanged"
"NEK6",1.0993867324969,0.00822196634602517,4.7,0,5.057,20,"induced"
"NELFCD",-0.443851817685231,0.0257314273593809,3.375,0.125,6.238,8,"repressed"
"NEMF",-0.209589890789523,0.340935062088924,7,0,16.698,1,"unchanged"
"NEU1",-0.0750184214517162,0.731728929889203,5,0,5.214,1,"unchanged"
"NEURL1",-0.147688940141431,0.707913557625524,4.333,0,5.265,3,"unchanged"
"NEURL1B",0.139864860974717,0.806949167770915,4.167,0,5.047,6,"unchanged"
"NEURL2",0.161756581194363,0.565572273782209,5.25,0,4.376,4,"unchanged"
"NEURL3",0.424580172028758,0.407602325901219,3.5,0.5,5.36,2,"unchanged"
"NFAM1",0.755712270441559,0.205385601332306,3.5,0,4.574,10,"unchanged"
"NFASC",0.249581471893342,0.711125075673849,2,0,3.067,1,"unchanged"
"NFATC2",0.429360097778478,0.301594692263252,5.333,0,4.555,3,"unchanged"
"NFATC3",-0.012754814397729,0.938948105012166,2.667,0,3.863,3,"unchanged"
"NFE2L1",0.399968441309023,0.0173989746690131,1,1,2.76,1,"induced"
"NFE2L2",0.125713067107162,0.424378957173979,4.214,0.071,3.86,14,"unchanged"
"NFE2L3",-0.237675094667171,0.403481859837069,1,1,3.97,2,"unchanged"
"NFIA",-0.0398914376590245,0.854499794967671,6,0,5.693,1,"unchanged"
"NFKB1",0.396848107867562,0.0976924350772323,3,0,4.601,1,"induced"
"NFKBIB",0.0350681521142553,0.884796551381511,6,0,8.128,1,"unchanged"
"NFKBID",0.376126353657494,0.428916322533995,6,0,3.527,2,"unchanged"
"NFU1",-0.759571491503797,0.078868841035451,4,0,9.594,1,"repressed"
"NFX1",0.160295320417651,0.400877787825678,7,0,5.674,1,"unchanged"
"NFYC",-0.416390299476713,0.0290177312215247,4,0,2.621,1,"repressed"
"NGF",0.825360741869478,0.173700066304521,4.667,0,4.243,6,"unchanged"
"NGLY1",-0.159109278348529,0.302016494904137,7,0,10.788,1,"unchanged"
"NGRN",-0.0563653576181817,0.728730381339082,1,1,2.914,1,"unchanged"
"NHEJ1",0.080135780699798,0.687448202747986,1.5,0.5,3.065,2,"unchanged"
"NHSL1",-0.30184511740119,0.125304379741341,2,0,3.396,2,"unchanged"
"NIBAN2",0.917167931384395,0.0169935525802447,5,0,4.005,3,"induced"
"NIBAN3",2.50782837852993,0.151615277914712,6,0,4.134,1,"unchanged"
"NID1",0.514059184512049,0.0518154563028774,2.2,0,3.21,5,"induced"
"NIF3L1",-0.365591588827993,0.119331187575639,7,0,27.037,1,"unchanged"
"NIN",0.282863759227479,0.223958006063616,6,0,6.594,1,"unchanged"
"NIP7",0.0922357855417437,0.64090178098528,7,0,20.064,1,"unchanged"
"NIPAL2",-0.0210523641146478,0.947685447725531,5,0,2.76,1,"unchanged"
"NIPAL3",-0.404705448220516,0.00793978426049497,4,0,3.347,2,"repressed"
"NKAP",-0.136653306518872,0.364394238488552,7,0,10.275,1,"unchanged"
"NKD1",1.91300484216646,0.0177737577826137,3.714,0,4.455,7,"induced"
"NKG7",1.97625957622201,0.0878688079674737,2,0,2.76,1,"induced"
"NKRF",0.12833736271578,0.509230120638364,5,0,4.339,1,"unchanged"
"NLGN2",1.27509612280398,0.0274696207391984,6,0,4.217,2,"induced"
"NLGN3",0.541084752704616,0.26700941121771,5.5,0,4.217,2,"unchanged"
"NLGN4X",-1.81589747087449,0.022038279220203,3,0,4.908,1,"repressed"
"NLK",-0.277421660965614,0.183011395647596,4.333,0,8.734,3,"unchanged"
"NLRC5",1.93696330357974,0.0239676095514203,3,0.333,3.221,3,"induced"
"NLRP13",-0.380781209409792,0.317371271432247,4,0,9.815,1,"unchanged"
"NLRP5",-1.70846472334694,0.205615601592226,4,0,9.815,1,"unchanged"
"NMB",-1.92042826383033,0.0621040789973636,3.667,0,5.338,3,"repressed"
"NMNAT1",-0.517037881496778,0.0424073395510241,1,1,4.294,2,"repressed"
"NMRK1",-0.763002945396696,0.0188362297514592,3,0,4.754,1,"repressed"
"NOA1",-0.580277655122432,0.0176087917676422,1,1,4.371,2,"repressed"
"NOCT",0.507464831510351,0.483055531105224,1,1,3.144,2,"unchanged"
"NOD1",1.11230996720949,0.00689339204079193,7,0,16.849,1,"induced"
"NOD2",0.996999315201763,0.0310224462966844,6.5,0,4.847,2,"induced"
"NOL12",0.184313763182759,0.366425575077799,6,0,3.945,1,"unchanged"
"NOL3",1.15238559758864,0.0286021702016606,4,0,2.607,1,"induced"
"NOL6",0.242443270936562,0.183565120654591,1,1,2.76,1,"unchanged"
"NOL7",-0.193586345914028,0.339520141049256,3,0,3.067,1,"unchanged"
"NOP14",-0.0853959993116105,0.57847018666305,3,0,3.374,1,"unchanged"
"NOP58",0.286246705406167,0.0370973274632547,1,1,3.48,2,"induced"
"NOS3",0.725284900925455,0.0342918237294242,3.667,0,3.794,3,"induced"
"NOSTRIN",0.599913111888016,0.156876317661626,3,0,4.246,8,"unchanged"
"NOTCH1",0.0640429157561506,0.870822631483703,7,0,10.582,1,"unchanged"
"NOTCH3",0.211957812235823,0.563086296888215,4,0,4.908,1,"unchanged"
"NOTUM",1.63913125844705,0.179900203042012,5.5,0,3.265,2,"unchanged"
"NOVA1",-0.946080677690116,0.0185421209660846,1,1,2.914,1,"repressed"
"NOVA2",-0.238122278427013,0.521182408791303,3.25,0,3.877,4,"unchanged"
"NOX4",-2.76253767960328,0.0197929391485239,1,1,4.286,11,"repressed"
"NOXA1",0.143110391897853,0.654967578648995,2,0,3.067,1,"unchanged"
"NPAS1",0.919607990098318,0.0719055717887209,4,0,3.604,2,"induced"
"NPAS4",0.505762200121309,0.4477789122592,2,0,2.914,1,"unchanged"
"NPAT",-0.121790861287077,0.393012177563548,3.667,0,7.157,3,"unchanged"
"NPB",-1.90998874821539,0.0173325529059779,3.5,0,3.391,2,"repressed"
"NPC1",0.442220148088817,0.0237212617569808,5,0,3.335,3,"induced"
"NPHP3",-0.0321092744695122,0.848363646650254,1.5,0.5,2.473,2,"unchanged"
"NPHS2",-1.27280313124077,0.0875293396197725,2,0,5.674,1,"repressed"
"NPLOC4",-0.117502499674188,0.50028644117027,5,0,3.293,1,"unchanged"
"NPM2",1.23343995174342,0.0972001615310889,7,0,9.346,1,"induced"
"NPM3",0.30799273790963,0.162337804888587,3,0,2.538,1,"unchanged"
"NPTX1",-1.38809217872248,0.017716112189572,3,0,3.987,3,"repressed"
"NPTX2",2.20724807565257,0.178254113394374,3,0,2.996,1,"unchanged"
"NPTXR",1.00633126705503,0.0112190300795494,3.5,0,3.005,2,"induced"
"NPW",-0.0248194347372324,0.945987946109508,2,0,3.489,1,"unchanged"
"NR1D2",-0.672368379452131,0.0272825130609225,3,0,2.846,1,"repressed"
"NR1H3",0.791323904137924,0.0130915038009911,4,0,2.218,1,"induced"
"NR1H4",-1.46432152794742,0.0290160332017628,3,0,2.29,1,"repressed"
"NR1I2",-1.24596288724903,0.161301204909157,7,0,8.041,1,"unchanged"
"NR1I3",-2.72002979511977,0.0233570160399139,4,0,3.446,1,"repressed"
"NR3C1",-0.483784123149037,0.0208891789272678,4.833,0,6.441,6,"repressed"
"NR4A1",-0.886839565583435,0.304379979828154,7,0,14.063,1,"unchanged"
"NR4A2",-0.0847014456279496,0.883972872545245,5.5,0,13.58,2,"unchanged"
"NR5A2",0.550846659328381,0.522016024160655,6,0,2.893,1,"unchanged"
"NR6A1",-0.217266888365558,0.223693506960725,2,0,2.914,1,"unchanged"
"NRAS",0.0372706525818849,0.865309454932621,1,1,3.956,3,"unchanged"
"NRBF2",-0.280673494298783,0.0607541023765624,3.5,0.5,4.262,2,"repressed"
"NRIP1",-0.431816788791667,0.179422467822539,2.909,0.182,4.263,11,"unchanged"
"NRIP2",-0.570486836774454,0.350833536488707,3.667,0.333,6.147,3,"unchanged"
"NRROS",0.349946844551113,0.535395723677334,4.417,0.083,3.897,12,"unchanged"
"NSA2",-0.040894403013227,0.841505954143245,6,0,14.416,1,"unchanged"
"NSD1",-0.06359788384749,0.655689657806317,4.5,0,6.126,2,"unchanged"
"NSD2",-0.203534008329155,0.176980641387573,2,0,2.531,1,"unchanged"
"NSD3",0.120650471203283,0.515136260512436,1,1,3.221,2,"unchanged"
"NSG1",1.05915423859673,0.0490853794497238,1,1,2.88,2,"induced"
"NSMCE1",-0.0578476823927447,0.718943235334161,5.182,0,4.666,11,"unchanged"
"NSMCE2",0.364986949212779,0.0907465741036394,3,0,4.408,1,"induced"
"NSUN3",-0.471529976580482,0.238344392486268,7,0,12.423,1,"unchanged"
"NSUN5",-0.0959877468756396,0.624862696575167,1,1,4.644,1,"unchanged"
"NSUN7",-0.205130603388824,0.687970949452859,1,1,3.067,1,"unchanged"
"NT5C1A",-0.834137966218794,0.135029018952759,2.5,0.5,4.464,2,"unchanged"
"NT5C2",0.155762513121377,0.607779815748108,1,1,4.831,2,"unchanged"
"NT5DC2",0.251867878766284,0.509433469741446,4.667,0,4.456,9,"unchanged"
"NTAN1",-0.175238263912596,0.196365656647738,2,0,4.943,1,"unchanged"
"NTNG2",-1.41297468761402,0.0172513470571835,4.333,0,3.199,3,"repressed"
"NTS",0.978187668035802,0.459277162432373,1,1,2.85,2,"unchanged"
"NUBP1",0.133506015709568,0.467855410893139,5,0,13.24,2,"unchanged"
"NUBPL",0.0741952399209493,0.768085304014198,2.333,0,4.052,3,"unchanged"
"NUDC",-0.113446901390811,0.408466778614945,2,0,2.772,1,"unchanged"
"NUDT13",-1.23704589322336,0.0944337766316946,3,0.25,4.291,4,"repressed"
"NUDT16",-0.509685632151338,0.0841979915415244,2.5,0,4.027,2,"repressed"
"NUDT16L1",-0.512413362327094,0.0514099000705409,2,0,3.315,2,"repressed"
"NUDT22",0.0320011067392363,0.894014295695986,1.5,0.5,3.451,2,"unchanged"
"NUDT4",-0.0135183842630111,0.981031942234248,2,0.333,4.062,3,"unchanged"
"NUDT8",-0.278459928485094,0.341807776206221,6.5,0,4.03,2,"unchanged"
"NUDT9",-0.345706079555709,0.150309669797116,5.5,0,3.342,2,"unchanged"
"NUMA1",0.0165929965896527,0.923590668502732,6,0,3.821,1,"unchanged"
"NUMB",-0.484845877235806,0.0173837458248364,5,0,3.743,2,"repressed"
"NUP107",0.178627614367604,0.28968447972866,1.667,0.667,3.649,3,"unchanged"
"NUP153",0.0974209991152364,0.394972514235863,4,0,3.221,1,"unchanged"
"NUP188",0.230784493517623,0.0880035874661814,6,0,5.521,1,"induced"
"NUP35",-0.101885946367889,0.477961151410504,3.667,0.333,8.156,3,"unchanged"
"NUP62",-0.0247879219498408,0.896553993618074,4,0,3.834,2,"unchanged"
"NUP85",0.0961899214825808,0.494680143791114,1,1,6.441,1,"unchanged"
"NUPR1",0.256530017274134,0.520835314615563,4.5,0,2.832,2,"unchanged"
"NXPH3",0.255874903459103,0.648808476856665,6,0,3.376,3,"unchanged"
"NXPH4",-1.4496984132238,0.0398027032987641,4,0,3.97,3,"repressed"
"NXT1",0.320411470076414,0.24988005898655,7,0,15.769,1,"unchanged"
"NXT2",0.562429817954969,0.022280125159531,7,0,17.483,1,"induced"
"NYAP1",0.6648870238187,0.225997019610191,2,0,2.607,1,"unchanged"
"OAF",0.0504495444022783,0.862916603834898,6,0,12.729,1,"unchanged"
"OAS2",1.17726462341685,0.0380802839871639,2,0,3.895,1,"induced"
"OASL",2.38037897589197,0.014423497993915,1.5,0.5,3.558,2,"induced"
"OAT",-0.457152745452134,0.310244101050508,1.333,0.667,3.702,3,"unchanged"
"OAZ2",-0.0189516798838989,0.899206010575703,6,0,5.981,1,"unchanged"
"OCIAD1",-0.464730625490624,0.149217659647878,2.5,0.5,2.929,2,"unchanged"
"OCIAD2",-1.0745921506326,0.00727384289321545,1.167,0.833,4.419,6,"repressed"
"OCLN",-0.415436254796355,0.237547716550282,1,1,2.607,1,"unchanged"
"OCRL",-0.133262474126754,0.403469665212034,7,0,14.293,1,"unchanged"
"OCSTAMP",2.4317682624088,0.0792485537919042,1.25,0.812,3.914,16,"induced"
"ODAD1",0.173311591121535,0.770320514177353,7,0,9.28,1,"unchanged"
"ODAD4",0.783373657505502,0.0943944943579766,4.5,0,8.841,2,"induced"
"ODF2",0.336549708307722,0.214470165040087,5,0,3.401,1,"unchanged"
"ODF4",-0.980154820698002,0.194375947091837,5.2,0,5.041,5,"unchanged"
"OFD1",0.054209470271287,0.768872957357824,5,0,3.221,1,"unchanged"
"OGA",0.35074473803827,0.0620191442149527,5,0,5.798,4,"induced"
"OGFRL1",0.78339517415175,0.0193306717994123,4.5,0,3.221,2,"induced"
"OGN",0.59297888948839,0.273022924553759,3.167,0.167,3.361,6,"unchanged"
"OLFM1",0.0783030825312903,0.881720876589305,1.333,0.667,3.323,3,"unchanged"
"OLFM2",1.14858994122653,0.0647261285207976,3,0,6.134,2,"induced"
"OLFM4",-0.371293630783371,0.520835314615563,3,0.5,5.049,2,"unchanged"
"OLFML1",0.700376971572932,0.177541623633853,6,0,2.72,1,"unchanged"
"OLFML2B",2.19508661441258,0.0201923415488551,3.25,0,3.514,4,"induced"
"OLR1",2.59850505879756,0.0117359827762105,1.5,0.5,3.865,4,"induced"
"OMD",2.19901822363306,0.0188362297514592,3.167,0.167,3.361,6,"induced"
"OPA3",-0.449694722674273,0.109245541547324,2,0.5,3.033,2,"unchanged"
"OPHN1",-0.507345624683559,0.0875637952807359,1,1,2.76,1,"repressed"
"OPN3",-0.390418816705088,0.187344738741314,3,0,3.987,1,"unchanged"
"ORAI2",-0.154239966425111,0.523579341295109,3,0.5,3.276,2,"unchanged"
"ORC3",-0.440575964596117,0.0804594969855566,1,1,4.199,8,"repressed"
"OSBP",-0.0924672360059207,0.681371007263649,2,0,2.745,1,"unchanged"
"OSBPL10",0.254565145867814,0.218377644823425,3,0,2.17,1,"unchanged"
"OSBPL2",-0.223120182606113,0.0870923057588829,2,0,5.674,1,"repressed"
"OSBPL3",0.179591035629216,0.551884644683705,1.667,0.667,3.846,3,"unchanged"
"OSBPL6",-0.574133863772278,0.0251326255755841,1.429,0.714,3.408,7,"repressed"
"OSBPL9",-0.257669760375647,0.0709020856489185,2.5,0.333,4.178,6,"repressed"
"OSGIN1",0.180228041252021,0.763567132913572,3,0,3.554,2,"unchanged"
"OSR1",-0.291012330687884,0.589932180713017,5.333,0,3.226,3,"unchanged"
"OST4",-0.152131762661995,0.265523315273193,3,0,3.233,2,"unchanged"
"OSTF1",0.371425485683122,0.0930109352988188,3,0,4.754,1,"induced"
"OTUD6B",-0.0698264728893991,0.81822530178603,2,0,3.598,3,"unchanged"
"OTUD7B",-0.036206948493672,0.875724656227906,4,0,4.017,2,"unchanged"
"OTULIN",-0.171071325572342,0.540909712177752,2.75,0.25,3.859,4,"unchanged"
"OTULINL",0.548096696259048,0.0816128970768387,5.667,0,3.732,3,"induced"
"OVCH2",-0.398302657823204,0.683420064326546,2,0,3.895,1,"unchanged"
"OVOL2",-0.907209065606548,0.175333408515008,1,1,4.601,1,"unchanged"
"OXSM",-0.462664779711168,0.21224375727307,7,0,10.788,1,"unchanged"
"OXT",-2.36929332820758,0.0286857093504765,4.5,0,4.452,2,"repressed"
"P2RX2",-0.96346034234823,0.102121488102531,2,0,2.404,1,"unchanged"
"P2RX4",-0.0429743212902869,0.887170812457688,1,1,3.772,3,"unchanged"
"P2RX7",0.587223029014999,0.207917918743755,5,0,4.086,2,"unchanged"
"P2RY6",1.56813795431615,0.031798585121415,3.5,0,3.144,2,"induced"
"P3H2",-0.492432850275386,0.0682433508552489,1.333,0.667,5.561,3,"repressed"
"P3H3",0.755382204248457,0.0515106966353291,7,0,4.6,1,"induced"
"P4HA1",-0.350792096405523,0.233318095440625,2,0,3.067,1,"unchanged"
"PAAF1",-0.19551437993353,0.28603474190226,1,1,3.146,1,"unchanged"
"PABPC4",0.0289316257631018,0.894814887380847,2,0,3.446,1,"unchanged"
"PACC1",-0.129026997528659,0.510603214016739,1.5,0.5,3.274,2,"unchanged"
"PAICS",-0.450311571803928,0.0726562770079695,7,0,13.725,1,"repressed"
"PAK1",-0.0921398109682379,0.795095321721782,2.5,0,3.527,2,"unchanged"
"PAK3",0.954067661306846,0.0770800785658945,6,0,3.834,1,"induced"
"PAK6",-0.193263191871524,0.613032275411198,1,1,3.374,1,"unchanged"
"PALD1",0.516581917094344,0.236035680255924,4,0,5.094,6,"unchanged"
"PALM2AKAP2",0.295070041099591,0.106406711957445,4,0,3.206,1,"unchanged"
"PALMD",0.576118534583823,0.262278006732159,5.25,0,3.604,4,"unchanged"
"PALS1",-1.24860449653316,0.0151272351877785,1,1,4.084,2,"repressed"
"PALS2",-0.108883439053727,0.720764599335867,2,0,3.221,1,"unchanged"
"PAMR1",-0.403007825947194,0.683429637141293,1.75,0.417,3.605,12,"unchanged"
"PAN2",0.106710826895737,0.596585744727429,6,0,3.834,1,"unchanged"
"PANK3",-0.236724711061974,0.557787158221453,1,1,3.527,1,"unchanged"
"PANX1",1.16861424672332,0.0306407340434547,1,1,2.76,1,"induced"
"PAOX",-1.23101897334332,0.0424019671285917,2,0,3.296,1,"repressed"
"PAPLN",-0.928161886985977,0.103832651787594,4,0.5,5.811,2,"unchanged"
"PAPPA",0.963466085548521,0.147486591525946,5,0,5.406,1,"unchanged"
"PAPSS1",-0.128873825749702,0.424183959170742,2.667,0,6.39,3,"unchanged"
"PARD6B",-0.645377363495676,0.11219294530649,1.25,0.75,3.813,8,"unchanged"
"PARK7",-1.04949483990845,0.0125469047404911,7,0,22.117,1,"repressed"
"PARM1",0.53665856447634,0.239414361073359,3.333,0,3.374,3,"unchanged"
"PARP1",-0.0658135488535851,0.71805278556525,4,0,3.374,1,"unchanged"
"PARP11",0.219968305834666,0.359329757105825,3,0.5,4.294,2,"unchanged"
"PARP15",0.787900752886515,0.11296630235665,5,0,2.76,1,"unchanged"
"PARP16",0.0483827177793152,0.782665839530779,5,0,4.195,1,"unchanged"
"PARP3",-0.77552174417696,0.0351861683058426,1,1,4.218,2,"repressed"
"PARP4",0.299629174722363,0.216511329152222,6.5,0,9.627,2,"unchanged"
"PARP6",0.435356606598833,0.0635328105554714,3,0,2.76,1,"induced"
"PARP9",0.142410969735797,0.654701735002278,5,0,2.76,1,"unchanged"
"PARS2",-0.296253343703631,0.314828334417151,3,0.167,4.069,6,"unchanged"
"PARVA",0.12299857951933,0.50148422479459,3.667,0,5.191,3,"unchanged"
"PARVB",0.0318626347392792,0.907325092610764,1,1,2.914,2,"unchanged"
"PARVG",1.98972449068003,0.0492878236177344,5,0,9.662,1,"induced"
"PAWR",-0.270059975294173,0.362321104470864,1.556,0.667,3.702,9,"unchanged"
"PAX2",0.336789290756489,0.320584411437936,2,0,15.43,1,"unchanged"
"PAX8",-0.101364176008624,0.67359915086539,3.5,0,5.31,8,"unchanged"
"PAXBP1",0.151511328151939,0.334483358803597,2,0.5,3.929,2,"unchanged"
"PAXX",-0.072141587506886,0.799005743790277,3,0,4.447,1,"unchanged"
"PBLD",-1.01869714845757,0.182054139340829,2,0,3.221,1,"unchanged"
"PBX1",0.044904694999107,0.873847514856928,2.6,0.6,7.469,5,"unchanged"
"PBX3",0.372566142848154,0.323671514043324,2,0,4.447,1,"unchanged"
"PBX4",0.94902688863512,0.139451333714752,7,0,12.502,1,"unchanged"
"PC",-0.449232458337471,0.36569850092738,5,0,4.045,1,"unchanged"
"PCBP3",0.626761559949772,0.110961608628894,3,0,3.595,1,"unchanged"
"PCCA",-1.26567658953417,0.0272825130609225,1,1,3.374,1,"repressed"
"PCDH12",-0.750517496937023,0.058788418722734,3.364,0.091,4.892,11,"repressed"
"PCDH18",0.0953183433778177,0.900142529342184,1,1,2.76,1,"unchanged"
"PCDH7",-1.136220755443,0.0511222465608314,3,0,4.318,1,"repressed"
"PCDH9",0.550106404344569,0.152859950000985,1,1,3.146,1,"unchanged"
"PCED1B",0.857249198363223,0.389106532314055,2,0.667,3.067,3,"unchanged"
"PCGF6",-0.026128846476063,0.931906693761143,7,0,17.087,1,"unchanged"
"PCK1",0.811646923249488,0.516609530755329,3.333,0,4.784,3,"unchanged"
"PCLO",-0.291751256522955,0.549651049033701,1.333,0.667,3.495,3,"unchanged"
"PCNA",0.199641985181145,0.237158347217778,2,0,3.221,1,"unchanged"
"PCNX1",-0.0797575450712076,0.62077806529671,4,0,3.074,1,"unchanged"
"PCNX3",0.177029119076751,0.229051135475332,7,0,5.61,1,"unchanged"
"PCP4L1",0.0630025468228497,0.941281174932427,4,0,3.446,1,"unchanged"
"PCSK1N",1.11268179173004,0.114675275581983,6,0,3.987,1,"unchanged"
"PCSK6",-0.505457371347774,0.211126327525596,2.333,0.333,3.63,3,"unchanged"
"PCYT1A",-0.0923003999647154,0.688118191516503,1.667,0.333,3.313,3,"unchanged"
"PCYT1B",0.764219697207482,0.183259503982389,3,0,2.914,1,"unchanged"
"PDCD1",2.637329487914,0.00859810667119271,3,0.333,3.491,3,"induced"
"PDCD1LG2",0.159365694728057,0.732284723941924,3.667,0.111,3.799,9,"unchanged"
"PDCD2L",-0.0769234491622512,0.773351698515539,7,0,31.844,1,"unchanged"
"PDCD6",-0.215894825300361,0.29644979473268,1,1,2.196,1,"unchanged"
"PDCL",0.228627862754443,0.164164702917541,1,1,2.745,1,"unchanged"
"PDE10A",0.0322520695289858,0.95921271037894,3,0,3.595,1,"unchanged"
"PDE1A",-0.629701276499332,0.0747469882482458,1.833,0.583,4.828,12,"repressed"
"PDE1B",3.40388895168321,0.00295747396639751,7,0,6.292,1,"induced"
"PDE2A",-0.100046339393001,0.749147006944957,1.667,0.333,3.955,3,"unchanged"
"PDE3A",-0.293852610063878,0.369714829060767,1.75,0.5,3.76,8,"unchanged"
"PDE4A",0.394366641738054,0.247877231687503,7,0,8.715,1,"unchanged"
"PDE4C",-0.0599851266395737,0.934641162567327,7,0,4.134,1,"unchanged"
"PDE6D",-0.154611151423381,0.238224147510639,7,0,10.645,1,"unchanged"
"PDE8A",-0.154163153718983,0.643305138373983,2.2,0.6,4.955,5,"unchanged"
"PDE8B",-0.441122484846003,0.546431140032844,3,0.5,5.373,2,"unchanged"
"PDGFB",0.730296208451385,0.0862132178823082,4.333,0,4.417,6,"induced"
"PDGFD",0.944107582129938,0.0115400332224042,1,1,2.914,1,"induced"
"PDGFRA",1.55275715756207,0.0339698974107621,1.5,0.5,3.221,2,"induced"
"PDGFRL",1.38311795337576,0.0573562552007139,1,1,2.76,1,"induced"
"PDHB",-0.747640164594247,0.0327730393977828,2,0,3.34,1,"repressed"
"PDIA4",0.566560399842198,0.0592750847266929,6.5,0,7.155,2,"induced"
"PDIA5",0.556116298382707,0.0985082505824469,1.667,0.333,4.038,3,"induced"
"PDILT",-1.94186464392296,0.0387793777818307,1,1,2.76,1,"repressed"
"PDK3",-0.608602654098283,0.265242115721575,1.727,0.727,5.192,11,"unchanged"
"PDK4",1.08500867815397,0.195981215443243,7,0,13.817,1,"unchanged"
"PDLIM1",0.535500880418327,0.105670250607546,4.636,0,4.15,11,"unchanged"
"PDLIM2",-0.739931144165201,0.0290177312215247,3,0,2.652,1,"repressed"
"PDLIM3",-0.252831054327222,0.599244481446718,3.667,0,3.476,3,"unchanged"
"PDLIM4",1.43242958339241,0.0294825832677184,5,0,5.003,4,"induced"
"PDP1",0.0364498363829364,0.914012667821723,3,0,3.616,1,"unchanged"
"PDPR",-0.292511565718889,0.0571211301831293,1,1,2.29,1,"repressed"
"PDRG1",0.013668050010236,0.939761842834176,6,0,7.821,1,"unchanged"
"PDSS1",-0.702628461883202,0.162745747199538,1,1,4.045,1,"unchanged"
"PDSS2",-0.673971932425772,0.0579580108768034,1,1,2.914,1,"repressed"
"PDZD2",-1.80644227324665,0.00295747396639751,2,0.667,5.203,3,"repressed"
"PDZD3",-1.09238586922954,0.00589315422349387,5.5,0,3.875,2,"repressed"
"PDZK1",-0.554693512010951,0.16600091819234,1.5,0.5,6.381,2,"unchanged"
"PDZRN3",1.05117131521534,0.0372734830798544,5,0,4.542,1,"induced"
"PDZRN4",-0.780846672350021,0.210646370658697,3,0,5.214,1,"unchanged"
"PEBP1",-1.13575178743214,0.0200517274529446,3,0,5.388,2,"repressed"
"PEBP4",-0.884023915050197,0.0778148572014411,7,0,11.812,1,"repressed"
"PECAM1",1.9601078133867,0.00380200555456329,3.909,0.091,6.31,11,"induced"
"PEF1",-0.0198831843417882,0.900464314857877,5,0,5.393,1,"unchanged"
"PEG3",-0.381841093260284,0.12486490828833,3.8,0.2,4.661,5,"unchanged"
"PELI1",0.0750213085310163,0.904511260840599,3,0.4,4.584,5,"unchanged"
"PELI2",-0.783932486356078,0.0251326255755841,1,1,3.027,2,"repressed"
"PELO",0.0283873063627382,0.894604677899669,2,0,2.701,2,"unchanged"
"PER2",-0.513243481073636,0.24040572413246,4,0.5,13.798,2,"unchanged"
"PER3",-1.36160464930975,0.0430148102817284,5,0,4.246,2,"repressed"
"PET117",-0.408317857743305,0.138711722923997,1,1,4.601,1,"unchanged"
"PEX11A",-0.546459128162614,0.103434098090529,4,0,2.169,1,"unchanged"
"PEX11G",-0.53300504994966,0.0916506279641137,7,0,20.093,1,"repressed"
"PEX12",-0.23993085150501,0.488489898840924,7,0,10.105,1,"unchanged"
"PEX19",0.242052576202886,0.303915612891484,4,0,4.447,1,"unchanged"
"PFDN1",-0.23246056230127,0.210694595872676,3.25,0.125,4.346,8,"unchanged"
"PFKFB3",0.731093556676386,0.0075703897526769,5,0,4.294,1,"induced"
"PFKL",-0.284770794048518,0.142430766631762,7,0,12.502,1,"unchanged"
"PFN2",0.367781918263272,0.223126169019247,1,1,2.607,1,"unchanged"
"PGAM1",0.0255124839115473,0.931939817648749,4,0,3.653,3,"unchanged"
"PGAM2",-1.05128909502108,0.131775451420149,4,0,3.727,2,"unchanged"
"PGAM5",-0.042320700069638,0.803694316975333,4,0,4.195,1,"unchanged"
"PGAP4",0.0449733443936564,0.93142145092367,2,0,3.374,1,"unchanged"
"PGF",1.06941711549787,0.0389114801406352,5,0,4.207,8,"induced"
"PGGT1B",-0.0673786510409418,0.724693562463446,2.5,0,3.258,2,"unchanged"
"PGLS",0.0129067914043217,0.956141711251174,6,0,4.134,1,"unchanged"
"PGPEP1",-0.0133007742110625,0.956771912712196,4.5,0,4.524,2,"unchanged"
"PGRMC1",-0.306805528830677,0.153325456197871,3.5,0,3.451,2,"unchanged"
"PGS1",0.29020688478766,0.0869476361504072,2.667,0,3.681,3,"induced"
"PHACTR4",-0.429011021331466,0.0162831409125398,3.125,0.125,4.977,8,"repressed"
"PHETA1",-0.0638118796786156,0.747990291676914,6,0,7.208,1,"unchanged"
"PHF10",0.0620791129212526,0.748792193068326,6,0,7.821,1,"unchanged"
"PHF13",0.175514731357963,0.299526938829489,3,0,2.809,1,"unchanged"
"PHF19",1.22948456334823,0.0121444879987254,6,0,6.511,8,"induced"
"PHF21B",0.362214917416965,0.493661041255029,3,0,6.901,1,"unchanged"
"PHF5A",0.015682623359595,0.93130446401353,1,1,8.736,1,"unchanged"
"PHGDH",-0.820926908900788,0.0226434689799859,3.5,0.5,4.899,2,"repressed"
"PHKA2",-0.514086548145698,0.202995189641193,3,0,3.987,1,"unchanged"
"PHKG1",1.90697179543636,0.0186038058641746,6,0,2.914,1,"induced"
"PHKG2",0.226044654985652,0.232411202248417,1,1,3.346,2,"unchanged"
"PHLDA3",1.05830737413103,0.0561995076906123,7,0,6.711,1,"induced"
"PHLDB1",0.0404390165804243,0.899078074553231,2,0.333,3.385,3,"unchanged"
"PHLDB2",0.0823087974323418,0.68438901358304,1.808,0.577,4.219,26,"unchanged"
"PHLPP2",-0.0800526620588315,0.78443861503379,4,0,3.34,2,"unchanged"
"PHPT1",-0.285158338497913,0.162558522971046,4.5,0,4.463,2,"unchanged"
"PHTF1",-0.201775956040731,0.268070745987877,1,1,3.221,1,"unchanged"
"PHYHD1",-1.26922936104647,0.0682073887840498,5.75,0,7.015,4,"repressed"
"PI15",1.43653218181292,0.0251764409993911,3,0,4.344,1,"induced"
"PI16",1.97394852956542,0.147777723107091,4,0,5.275,2,"unchanged"
"PIAS1",0.169785680500998,0.463408816787315,6,0,8.656,2,"unchanged"
"PIAS2",-0.183730022851284,0.156086980594111,7,0,23.559,1,"unchanged"
"PIAS4",0.198321433823072,0.218882024669625,5,0,8.742,1,"unchanged"
"PICALM",-0.319712427026124,0.275148002878109,2,0.333,2.718,3,"unchanged"
"PICK1",0.0272062387370235,0.890672929183016,6,0,4.532,2,"unchanged"
"PID1",1.17348905392302,0.0249170080369284,6,0,3.681,1,"induced"
"PIEZO2",-1.85902634814334,0.00567032228060145,1,1,3.272,3,"repressed"
"PIFO",-0.316372392943141,0.711037563136026,6,0,4.675,2,"unchanged"
"PIGA",0.172629547641383,0.5082823699927,4,0,3.146,1,"unchanged"
"PIGC",-0.131112875669577,0.359303624072235,6,0,3.067,1,"unchanged"
"PIGF",-0.209709658522029,0.288832844006783,3.4,0,3.377,5,"unchanged"
"PIGG",-0.154909124886391,0.449841393017508,4,0,4.007,1,"unchanged"
"PIGL",-0.176798300764241,0.537544842703644,3.25,0,3.6,4,"unchanged"
"PIGM",0.469123067258704,0.243884237870422,4,0,4.447,1,"unchanged"
"PIGR",-0.397181653350845,0.319686288748273,3.2,0.2,6.361,5,"unchanged"
"PIGW",-0.165262138806633,0.562760350957247,1,1,2.607,1,"unchanged"
"PIGZ",0.294577795207893,0.380037198492484,5.5,0,13.479,2,"unchanged"
"PIK3C2G",-0.985526449289493,0.11255443089842,1,1,2.686,2,"unchanged"
"PIK3CA",0.0219553313129985,0.942206725875164,1,1,2.914,1,"unchanged"
"PIK3CB",0.30768497276611,0.259531722555146,2,0,5.393,1,"unchanged"
"PIK3CD",2.08758284340774,0.0425833887700531,5.75,0,4.212,4,"induced"
"PIK3CG",2.07802483388297,0.0157007004692057,6,0,5.061,1,"induced"
"PIK3R1",0.337650240442814,0.139480674515891,3.308,0.231,3.728,13,"unchanged"
"PIK3R2",-0.193988199709185,0.22966138638491,5.5,0,7.41,2,"unchanged"
"PIK3R6",1.42571110915761,0.0648853103580468,3,0,3.221,1,"induced"
"PILRA",1.85671644939278,0.0210413463697735,7,0,5.525,1,"induced"
"PIP4K2A",0.286590859006002,0.100108373515859,4,0,3.527,2,"unchanged"
"PIP4K2C",-0.296687288480403,0.0456891736199425,3.667,0,4.964,3,"repressed"
"PIP4P2",-0.509423102551795,0.157702343361044,2,0,3.598,3,"unchanged"
"PIPOX",-0.825420532091526,0.159805425347733,3,0,2.607,1,"unchanged"
"PITPNA",0.235138230734377,0.0671427667615554,7,0,5.674,1,"induced"
"PITRM1",-0.333300099439545,0.329621745662379,1,1,4.141,1,"unchanged"
"PJA1",-0.550495258090784,0.0327730393977828,2.286,0.429,4.097,7,"repressed"
"PKD1",0.576914603372684,0.0424524860089509,5,0,6.316,2,"induced"
"PKD1L2",0.0067101844998161,0.994333737700132,2,0.333,3.581,3,"unchanged"
"PKD2L1",0.749595258292234,0.438538539359194,1,1,3.565,2,"unchanged"
"PKHD1",0.0109583123337353,0.984115139442726,1,1,3.139,3,"unchanged"
"PKIG",-0.931941027984253,0.00567032228060145,7,0,12.583,1,"repressed"
"PKLR",-1.27151844242344,0.0341808116606732,4,0,3.834,1,"repressed"
"PKM",0.541973950715518,0.0635575579301884,3,0,2.76,1,"induced"
"PKNOX2",0.392943460422712,0.398685676786679,3,0.5,5.444,2,"unchanged"
"PKP3",0.544927274820981,0.145518611628798,4,0,5.721,3,"unchanged"
"PLA2G12A",0.594008852681687,0.0085300901316165,7,0,12.49,1,"induced"
"PLA2G2F",-1.00639917938511,0.278268935311099,2,0.5,4.917,4,"unchanged"
"PLA2G3",0.310316583026388,0.396933441579361,6,0,3.607,1,"unchanged"
"PLA2G4A",1.35142740943464,0.00567032228060145,5,0,4.104,4,"induced"
"PLA2G5",-0.282615679756186,0.773631594652983,2,0.5,4.917,4,"unchanged"
"PLA2G6",0.0158432140604239,0.964184784114942,4.5,0,8.205,2,"unchanged"
"PLA2G7",-0.322594177333895,0.578174064609447,3.5,0,4.329,2,"unchanged"
"PLAC8B",2.82380231422532,0.106282444233087,7,0,7.614,1,"unchanged"
"PLAC9",1.8973501046245,0.0103597346332358,5.5,0,6.279,2,"induced"
"PLAGL1",0.567220310553917,0.0379545010963794,5,0,3.134,1,"induced"
"PLAGL2",0.00433253723925286,0.979261986561269,2.75,0.5,7.522,4,"unchanged"
"PLAT",-0.492790069066622,0.099457317074209,2.1,0.5,3.701,10,"repressed"
"PLAU",-0.391003603687716,0.194713932817319,5,0,4.805,4,"unchanged"
"PLAUR",0.906433541856462,0.00835591892055131,3.75,0.25,4.287,4,"induced"
"PLCD1",0.870657643397522,0.0569777941161053,6,0,7.826,1,"induced"
"PLCD4",-0.981356318286844,0.0532488931682245,2,0,4.601,1,"repressed"
"PLCE1",-0.826974154462087,0.0405119844297532,2.667,0.167,3.795,6,"repressed"
"PLCG1",0.441225259528656,0.0642886559804626,4.4,0,3.523,5,"induced"
"PLCXD2",1.06515204120512,0.0131548879972787,5,0,3.681,1,"induced"
"PLCXD3",1.36391883785529,0.0223095177481056,2,0,3.801,3,"induced"
"PLD3",0.428304086174042,0.154755604087295,5,0,3.834,1,"unchanged"
"PLD4",2.47131274984718,0.0351196022472574,5,0,4.677,2,"induced"
"PLEK2",0.440084251241526,0.420130276534776,3,0,4.601,1,"unchanged"
"PLEKHA1",-0.528097128030314,0.195294336637164,3.625,0.375,4.935,8,"unchanged"
"PLEKHA2",0.744616512643161,0.0532488931682245,4.6,0,7.339,5,"induced"
"PLEKHA5",-0.554059770882416,0.0197153311323847,1.5,0.5,3.221,2,"repressed"
"PLEKHA6",-1.27064070311894,0.00771269049153803,6,0,2.996,1,"repressed"
"PLEKHA8",-0.175551493135464,0.147965866015502,3,0,3.071,2,"unchanged"
"PLEKHF1",0.218598946830521,0.448643653042532,3.667,0,7.819,3,"unchanged"
"PLEKHF2",0.557580877483528,0.0461936371749302,4,0,4.112,3,"induced"
"PLEKHG1",0.428088531233511,0.177107338527263,2.389,0.278,4.237,18,"unchanged"
"PLEKHG2",0.568193080560938,0.129379087123194,3.5,0,4.524,2,"unchanged"
"PLEKHM1",0.34274814116878,0.112285842252387,6,0,7.975,2,"unchanged"
"PLEKHO1",-0.144775598254237,0.701310688250051,2,0.333,4.337,6,"unchanged"
"PLIN1",-0.391223098054272,0.160419030416756,4,0,2.169,1,"unchanged"
"PLIN2",0.236035511096611,0.579021756649226,3.667,0,4.736,6,"unchanged"
"PLK3",0.766535232155461,0.0327431006645713,7,0,5.544,1,"induced"
"PLOD1",0.0945518390869369,0.743098948963496,6,0,2.914,1,"unchanged"
"PLP2",0.804055946869337,0.0225295227995674,6.333,0,8.077,3,"induced"
"PLPP3",-0.663773462429302,0.0361240172556811,3.417,0.167,3.995,24,"repressed"
"PLPP5",1.06131962983074,0.0120353527027931,1,1,3.221,2,"induced"
"PLPP6",-0.153706097510407,0.519754732792997,5,0,2.996,1,"unchanged"
"PLPP7",0.477601503756235,0.311662452198022,5,0,13.082,1,"unchanged"
"PLPPR2",1.11567011516057,0.0387540129401979,2,0,3.527,1,"induced"
"PLPPR3",0.555236203581856,0.301681710140291,4,0.333,12.512,3,"unchanged"
"PLS3",0.493113744533644,0.13648808063797,5,0,5.368,1,"unchanged"
"PLSCR3",1.16445619532752,0.0229511832969487,2,0,4.098,1,"induced"
"PLVAP",-0.159352668616254,0.593814548974688,4.4,0.2,5.431,5,"unchanged"
"PLXNB3",-0.312527889594221,0.389233659749736,5,0,7.821,2,"unchanged"
"PM20D1",-0.72766164376218,0.336532474670288,2.889,0.444,3.584,9,"unchanged"
"PM20D2",-0.856853763333151,0.125925902396572,1.8,0.2,4.897,5,"unchanged"
"PMAIP1",1.29926807825681,0.00964917685182227,1.5,0.5,3.184,6,"induced"
"PML",0.472704693962809,0.0383852308898726,3.5,0.25,3.078,4,"induced"
"PMM1",-0.289435357034528,0.114886511382126,2.5,0,3.542,2,"unchanged"
"PMM2",-0.395651386564823,0.168540585148824,3,0,4.033,1,"unchanged"
"PMP22",1.17931849555395,0.0151272351877785,4,0,5.6,3,"induced"
"PMVK",-0.763136748980633,0.0173837458248364,3,0,3.527,1,"repressed"
"PNCK",-0.787712746515921,0.0751940481909239,1,1,5.521,1,"repressed"
"PNKD",0.186267886229514,0.416167379114232,7,0,5.878,1,"unchanged"
"PNMA8A",-0.300236364183155,0.426189569028759,5,0,4.447,1,"unchanged"
"PNN",0.102274512032223,0.605117735955946,7,0,19.126,1,"unchanged"
"PNPO",-0.567068279594039,0.207435825622494,4,0,3.639,3,"unchanged"
"PNPT1",-0.241016391108442,0.25354855988754,2,0.5,2.832,2,"unchanged"
"PNRC1",0.498010014004353,0.0525224354197325,5.75,0,5.832,4,"induced"
"POC1A",0.655326022727739,0.0207945221023943,4,0,3.5,6,"induced"
"POC5",0.286798907749706,0.159666746944383,2,0.5,2.946,2,"unchanged"
"PODN",1.23154095807082,0.00897693540101338,3.6,0.2,5.397,5,"induced"
"PODNL1",3.83792830991625,0.00330146632416522,5,0,3.221,2,"induced"
"PODXL",-0.676504162102324,0.120537098836341,3,0,10.275,1,"unchanged"
"POFUT1",0.126408099096649,0.362390774268671,4,0,3.221,1,"unchanged"
"POGLUT3",0.0818524749747276,0.708727585975223,3.5,0.25,3.489,4,"unchanged"
"POLDIP3",-0.0517022549618877,0.678562876607842,1,1,3.834,1,"unchanged"
"POLE",1.01087159543927,0.0443988085077484,2,0,2.404,1,"induced"
"POLG",0.246860420509509,0.157527386701999,4,0,2.547,1,"unchanged"
"POLG2",-0.254262569318928,0.127440401075739,7,0,14.863,1,"unchanged"
"POLR1A",-0.166454355194724,0.498589919254538,1,1,3.734,5,"unchanged"
"POLR2B",-0.384070100233229,0.111290974270256,1,1,4.371,2,"unchanged"
"POLR2C",-0.0740633501162105,0.577380367243926,1.5,0.5,2.686,2,"unchanged"
"POLR2F",-0.341616349216815,0.0878737250831877,7,0,9.429,1,"repressed"
"POLR2I",-0.0999748776646898,0.671664644484852,7,0,8.742,1,"unchanged"
"POLR2M",-0.087427611262183,0.537247711192374,3,0.25,5.329,4,"unchanged"
"POLR3B",-0.379597573734363,0.0537009906782319,2,0,2.76,1,"repressed"
"POLR3D",0.18688257764382,0.208656318465632,6,0,3.987,1,"unchanged"
"POLR3E",0.339056267372825,0.0151795643224184,6,0,6.594,1,"induced"
"POM121C",0.108692624518128,0.351367339819981,1,1,4.272,2,"unchanged"
"POMP",-0.187528604016634,0.283087102227713,1.857,0.286,4.048,7,"unchanged"
"POMT2",-0.209533965852224,0.303333300342632,1.5,0.5,2.786,2,"unchanged"
"PON1",-2.50464212023522,0.0924740262851425,1,1,2.964,2,"repressed"
"POP1",0.0283928177026667,0.910749152014949,2,0,6.286,1,"unchanged"
"POP4",0.11620973180314,0.432001202071276,3,0,3.489,1,"unchanged"
"POP5",-0.0850818079175095,0.612890055364022,6,0,5.992,1,"unchanged"
"POPDC3",-0.666384289446479,0.226119102961645,2,0,3.013,1,"unchanged"
"PORCN",0.512138791128381,0.112822047433537,6,0,8.895,1,"unchanged"
"POU2AF1",2.04041143568843,0.0233173661629885,3,0,3.787,4,"induced"
"POU3F3",0.0267319308019465,0.960186182081946,1.5,0.5,8.128,2,"unchanged"
"PPA1",-0.245501170416582,0.686879982948082,1,1,2.76,1,"unchanged"
"PPA2",-0.394444880966879,0.0996661321951018,2,0,3.067,1,"repressed"
"PPARA",-1.37811628703652,0.019803145149502,1.8,0.4,5.146,5,"repressed"
"PPARD",0.593602782098353,0.0556067092227686,3.75,0,3.412,4,"induced"
"PPEF2",-1.98078212351382,0.00986695322831124,2,0,4.374,2,"repressed"
"PPFIBP1",0.11550480409629,0.53122362794423,1,1,3.834,1,"unchanged"
"PPFIBP2",-1.039160997157,0.00564895345491955,3,0,3.221,1,"repressed"
"PPIA",0.0646289606306993,0.763711746921019,6,0,4.319,2,"unchanged"
"PPIC",-0.19699266953656,0.665749968124605,2,0,3.681,1,"unchanged"
"PPIF",-0.363642892445124,0.202285754747592,6,0,4.831,2,"unchanged"
"PPIG",-0.0724913969388989,0.571060024475696,7,0,6.618,1,"unchanged"
"PPIL2",0.101933174572086,0.500375118741047,6,0,4.286,1,"unchanged"
"PPIL3",-0.0950764494205059,0.708248375935232,7,0,27.037,1,"unchanged"
"PPL",0.350264137737573,0.368893735322155,2,0,2.697,1,"unchanged"
"PPM1A",-0.0651072139619995,0.748504493594478,3.667,0.333,15.969,3,"unchanged"
"PPM1B",-0.44087678818652,0.0916506279641137,2,0,4.294,1,"repressed"
"PPM1F",0.34828106459645,0.202995189641193,5,0,6.594,1,"unchanged"
"PPM1K",-1.50129132093844,0.00579849586647244,2.5,0,5.138,2,"repressed"
"PPM1L",-0.56705821530168,0.205740653641619,2,0,3.895,1,"unchanged"
"PPME1",0.234757526661997,0.08916759235507,7,0,2.621,1,"induced"
"PPOX",0.298336944732235,0.273346129517088,4,0,4.303,2,"unchanged"
"PPP1CA",0.0669106100237187,0.679833282947464,4.833,0,7.213,6,"unchanged"
"PPP1CC",0.0109008989197568,0.971109455256484,5,0,6.288,1,"unchanged"
"PPP1R11",-0.195546585024291,0.183439904801884,7,0,10.995,1,"unchanged"
"PPP1R12A",0.119553203636719,0.525865946127739,3,0,3.681,1,"unchanged"
"PPP1R13B",0.273440238497057,0.175858803703969,3.25,0.25,5.176,4,"unchanged"
"PPP1R15B",0.108669274094354,0.582919822563966,6,0,4.574,2,"unchanged"
"PPP1R16A",-0.0191670190041826,0.927175425633215,4,0,2.796,1,"unchanged"
"PPP1R16B",-0.866590926864446,0.0328741250565214,3,0,3.221,1,"repressed"
"PPP1R1A",-2.79410181447304,0.00894429318185634,1,1,2.997,5,"repressed"
"PPP1R2",0.259312192131003,0.237977842599369,1.333,0.667,3.221,3,"unchanged"
"PPP1R36",-0.0836748922701744,0.859453233671009,3.5,0,4.295,2,"unchanged"
"PPP1R37",-0.294642878551071,0.0491698407859276,4.667,0,4.692,3,"repressed"
"PPP1R3C",0.966331800471679,0.0550726483384447,2.933,0.133,3.876,15,"induced"
"PPP1R8",0.0135573799637081,0.926743630607145,7,0,17.239,1,"unchanged"
"PPP2R1A",-0.0826322889354785,0.6195909096924,7,0,11.758,1,"unchanged"
"PPP2R2A",0.147524259284162,0.21258016791895,3.5,0.5,3.944,2,"unchanged"
"PPP2R2C",1.52565405483003,0.0189036918046824,5,0,3.374,1,"induced"
"PPP2R3A",0.197782816117734,0.552746719035061,1.182,0.818,5.145,11,"unchanged"
"PPP2R5A",-0.018665845180446,0.9244672300228,6,0,3.439,5,"unchanged"
"PPP2R5B",0.312584266407446,0.083232398259443,2.667,0,3.062,3,"induced"
"PPP2R5D",-0.166560668571732,0.125486072881944,2.5,0,2.793,2,"unchanged"
"PPP2R5E",0.0539002218737643,0.773351698515539,2,0,3.681,1,"unchanged"
"PPP3R1",-0.0400572222321136,0.811550629149381,4,0,3.221,1,"unchanged"
"PPP4R1",0.318883939021815,0.0491698407859276,4,0,4.141,1,"induced"
"PPP4R3B",-0.292125412136846,0.247450066954867,2,0.5,2.832,2,"unchanged"
"PPP5C",0.379868549392719,0.145168034743075,4,0,7.094,3,"unchanged"
"PPP6C",-0.198236076654591,0.247387969256959,7,0,9.477,1,"unchanged"
"PPP6R1",0.251233905314233,0.114675275581983,7,0,3.055,2,"unchanged"
"PPP6R2",-0.0539573397941941,0.699722637563394,2.5,0,3.654,8,"unchanged"
"PPT1",-0.0921766011130662,0.841152627258214,2,0.333,3.639,3,"unchanged"
"PPTC7",-0.281988465066065,0.496749440612355,4.5,0,3.451,2,"unchanged"
"PQBP1",0.15474142708607,0.565314757166349,6,0,2.423,1,"unchanged"
"PRAF2",0.848687866768183,0.0458850046866353,6.333,0,8.077,3,"induced"
"PRAG1",0.582053058210074,0.244468703010988,7,0,8.895,1,"unchanged"
"PRAP1",-0.28886672973279,0.768658691737918,4,0,3.374,1,"unchanged"
"PRCD",0.299939704944546,0.487011577302197,6,0,18.143,1,"unchanged"
"PRDM10",-0.165667612318212,0.467583336443077,3,0,7.49,1,"unchanged"
"PRDX1",-0.286218215337485,0.295842692481787,4.714,0,3.801,7,"unchanged"
"PRDX2",-0.33640855666006,0.124949610914497,6,0,7.748,1,"unchanged"
"PRDX6",-0.807890356761542,0.116257822468299,3.667,0,2.397,3,"unchanged"
"PREB",0.644150838587835,0.00577770871303924,4,0,3.446,1,"induced"
"PRELID1",-0.0159276023276629,0.949594968120409,4,0,4.224,2,"unchanged"
"PRELP",0.385075253095523,0.470995010909408,5.667,0,7.059,6,"unchanged"
"PREX2",0.269179214599748,0.59073189177637,1,1,2.791,4,"unchanged"
"PRICKLE1",-0.104370942984223,0.719483604903406,2,0,4.141,2,"unchanged"
"PRICKLE2",0.707909068609533,0.0930109352988188,4.5,0,4.32,2,"induced"
"PRICKLE3",0.661695274565638,0.02471047103765,6.333,0,8.077,3,"induced"
"PRKAA1",-0.126825713401909,0.606476432896278,4.5,0,10.417,2,"unchanged"
"PRKAA2",-1.03874985666482,0.113066715260664,2.5,0,3.489,4,"unchanged"
"PRKAB1",0.0524410544296243,0.685614314551552,2.4,0.2,4.133,5,"unchanged"
"PRKAG2",-0.326263363680041,0.183998973038471,3.5,0,4.616,8,"unchanged"
"PRKAG3",0.377978158120762,0.256682012109033,3,0,2.914,1,"unchanged"
"PRKAR1A",0.243268135070709,0.0569193970851582,5,0,4.734,1,"induced"
"PRKAR1B",0.0159764896386116,0.968567249621041,7,0,12.115,1,"unchanged"
"PRKAR2A",-0.0532542809336833,0.850617928388105,1,1,3.374,1,"unchanged"
"PRKAR2B",0.516527852030112,0.058599529761808,4,0,3.49,2,"induced"
"PRKCD",0.331802734919049,0.288600471074696,7,0,5.303,1,"unchanged"
"PRKCE",-0.437690027047811,0.0473351896454842,3.357,0.143,4.241,14,"repressed"
"PRKCZ",-0.849558357835735,0.0141024350058848,1.833,0.667,4.22,6,"repressed"
"PRKD2",0.590892370700639,0.183332259094792,4.5,0,4.182,2,"unchanged"
"PRLR",0.159173972807728,0.752335475578484,3,0,3.221,1,"unchanged"
"PRMT1",0.315177989136989,0.15139879006569,6,0,14.319,1,"unchanged"
"PRMT2",-0.191328495101541,0.170514223938325,2.5,0.333,3.565,6,"unchanged"
"PRNP",-0.0678678016265515,0.795863807433363,7,0,5.828,1,"unchanged"
"PROB1",-0.257007233681388,0.520835314615563,4.5,0,5.033,6,"unchanged"
"PROC",-1.69490711033351,0.05571838386576,7,0,11.278,1,"repressed"
"PROCR",1.31969246094528,0.0306407340434547,4.667,0.333,7.808,3,"induced"
"PROK1",-0.379862051915275,0.856652784137917,4.5,0,3.024,2,"unchanged"
"PROM1",1.81503390002966,0.00461258679110443,4.6,0,4.369,5,"induced"
"PROM2",-0.206060127062504,0.470995010909408,2,0,3.221,1,"unchanged"
"PROSER2",-0.358036193887034,0.204011124214428,2.444,0.222,4.288,9,"unchanged"
"PRPF18",0.0266757717073407,0.87450256714453,1.5,0.5,4.001,4,"unchanged"
"PRPF4",-0.24645260264439,0.315515110645595,2.875,0.125,4.022,8,"unchanged"
"PRPF40B",-0.0756514964893569,0.76824432209096,2.667,0.667,4.395,3,"unchanged"
"PRPF4B",-0.00308863477840227,0.988950795786911,7,0,18.095,1,"unchanged"
"PRPF6",-0.045026214576275,0.773336152176298,2.286,0.143,3.912,7,"unchanged"
"PRPF8",-0.111435017807773,0.357589688185317,4,0,3.016,2,"unchanged"
"PRPSAP1",-0.379942577400985,0.288361714553583,3.286,0.143,4.35,7,"unchanged"
"PRPSAP2",0.616084338004207,0.00689339204079193,7,0,6.073,1,"induced"
"PRR12",-0.0724380547328742,0.734315614460044,4,0,3.136,4,"unchanged"
"PRR15L",0.152659541019767,0.637335175788695,6,0,16.179,1,"unchanged"
"PRR18",1.74317739237091,0.0151272351877785,7,0,8.799,1,"induced"
"PRR30",0.889646327502668,0.236469533154692,4,0,3.446,1,"unchanged"
"PRR35",-1.30641234236276,0.0515106966353291,2,0,4.294,1,"repressed"
"PRR36",-0.177829339719629,0.486440086346726,6,0,5.817,1,"unchanged"
"PRR5",-0.769152422679262,0.0454345875358668,2,0.5,5.947,2,"repressed"
"PRR5L",1.24745250145505,0.0225546316127311,2.5,0,3.331,2,"induced"
"PRR7",1.14771072306274,0.0579580108768034,7,0,9.32,1,"induced"
"PRRC2A",0.0637508100811779,0.630279860364718,1,1,2.796,1,"unchanged"
"PRRT3",0.271529850076268,0.471054167268071,7,0,5.368,1,"unchanged"
"PRRX1",0.886736416470465,0.0540634204856211,5,0,6.288,1,"induced"
"PRRX2",2.07856064404723,0.0214669467092927,4.222,0,5.289,9,"induced"
"PRSS23",0.343212960704551,0.0930374871898318,5.429,0.143,6.052,7,"induced"
"PRSS53",-1.23167860057169,0.0197929391485239,1,1,4.294,1,"repressed"
"PRSS57",-0.694102810036381,0.397445674034257,6,0,7.821,1,"unchanged"
"PRTFDC1",-0.659127260490203,0.0818265074570353,5,0,3.834,1,"repressed"
"PRUNE1",-0.071909849334463,0.612890055364022,3.333,0,4.406,3,"unchanged"
"PRX",-0.147055331026608,0.74371598115771,5.333,0,5.586,3,"unchanged"
"PSAP",0.0586443882610528,0.901479177331529,4.545,0.091,4.926,11,"unchanged"
"PSAT1",-0.329798237473518,0.566230326198672,5.5,0,6.66,2,"unchanged"
"PSD3",-0.0944059001935647,0.763121235421287,7,0,4.908,1,"unchanged"
"PSD4",1.24773118256359,0.0529157472414669,5.5,0,5.902,2,"induced"
"PSEN1",0.0521334020089474,0.807422127364484,2,0.5,5.606,4,"unchanged"
"PSEN2",-0.072397759865293,0.809048582442042,4.286,0.286,5.056,7,"unchanged"
"PSMA3",-0.261211073622866,0.224578655104641,7,0,6.316,1,"unchanged"
"PSMA4",-0.123284784568648,0.526754897983133,1.333,0.667,5.788,3,"unchanged"
"PSMA6",-0.0618560375188659,0.759594422926994,6,0,6.331,4,"unchanged"
"PSMB10",-0.205655529018974,0.502891385099356,4.5,0,4.601,2,"unchanged"
"PSMB2",0.112926597224967,0.487011577302197,1,1,3.527,1,"unchanged"
"PSMB5",-0.297877680071362,0.232619128858057,3.5,0,5.38,2,"unchanged"
"PSMB6",-0.0434559883523207,0.795709129411703,3,0,3.681,1,"unchanged"
"PSMC3",-0.0485391843976775,0.756773092470489,4,0,3.108,2,"unchanged"
"PSMC4",0.102992359395956,0.425078049204645,7,0,12.69,1,"unchanged"
"PSMC5",-0.180877895177157,0.230838232780408,2,0,5.503,3,"unchanged"
"PSMD11",-0.372441891982891,0.0652667471261554,1,1,2.991,2,"repressed"
"PSMD5",-0.233025552287592,0.159275567932338,4.25,0,3.244,4,"unchanged"
"PSMD9",0.167581936424756,0.25123903271613,4.25,0,3.969,4,"unchanged"
"PSMF1",-0.379482720505956,0.0617331045034378,7,0,17.257,1,"repressed"
"PSMG4",0.4409937558697,0.16257095936015,7,0,9.885,1,"unchanged"
"PSRC1",0.521842873767861,0.204571840252488,4,0.25,3.97,4,"unchanged"
"PSTPIP1",2.03698633910427,0.0274300926757989,5.4,0,3.309,5,"induced"
"PTAFR",-0.492650553628203,0.187984905460598,4.182,0,4.671,11,"unchanged"
"PTBP1",0.13589945285402,0.329621745662379,6.333,0,17.49,3,"unchanged"
"PTCD2",-0.343609348078158,0.0513875321835898,1,1,2.547,1,"repressed"
"PTCD3",-0.56103593765751,0.0596884990688632,1,1,3.734,5,"repressed"
"PTCH2",1.63711922327664,0.00380200555456329,4,0,3.595,1,"induced"
"PTDSS2",-0.885435433486881,0.00295747396639751,2.5,0,4.261,2,"repressed"
"PTER",-1.73657662837795,0.0252715667372639,1.333,0.833,3.809,6,"repressed"
"PTGDR2",0.66914776631293,0.431133515173704,6,0,5.597,3,"unchanged"
"PTGDS",1.49641725209501,0.0323222481684297,3,0.5,4.984,2,"induced"
"PTGES",1.15294567479327,0.0156804535172979,6,0,7.614,1,"induced"
"PTGIR",1.7117327599127,0.0419769534342681,4.5,0.25,3.817,4,"induced"
"PTGIS",0.504299266783094,0.30443547170761,4,0,4.317,11,"unchanged"
"PTGS2",0.561857931266293,0.541853847130041,5,0,4.104,4,"unchanged"
"PTK2B",2.24892639825546,0.0144800048063897,5,0,2.953,2,"induced"
"PTN",1.89787808685356,0.00996638384053988,2,0,3.681,1,"induced"
"PTOV1",-0.380549970980879,0.0472751835192901,7,0,26.572,1,"repressed"
"PTP4A3",0.830925770741343,0.198666697756456,6,0,9.181,2,"unchanged"
"PTPA",0.272654007199267,0.116987988266661,4,0,4.485,3,"unchanged"
"PTPDC1",0.278675963301135,0.104998049439265,7,0,14.216,1,"unchanged"
"PTPN13",-0.627050754328184,0.0294328086581528,1.737,0.684,4.444,19,"repressed"
"PTPN14",0.370136608693103,0.0856651601769473,1.636,0.636,3.562,11,"induced"
"PTPN2",0.326892422391688,0.0511222465608314,2,0,2.76,1,"induced"
"PTPN20",-1.32676677546986,0.0996770899594066,1.5,0.5,4.217,2,"repressed"
"PTPN5",1.16069443417855,0.180690972301276,1.25,0.75,3.964,4,"unchanged"
"PTPRB",-0.161591000864698,0.683429637141293,3.214,0.071,4.081,14,"unchanged"
"PTPRCAP",2.06195992166705,0.10688613271253,6,0,2.895,2,"unchanged"
"PTPRE",1.36130368895095,0.0197929391485239,3.5,0,5.769,2,"induced"
"PTPRM",0.111275184825136,0.554594573743699,4.333,0,4.117,3,"unchanged"
"PTPRS",0.722129696316677,0.0514099000705409,3.5,0,3.79,2,"induced"
"PTRH1",0.538487957600049,0.0263578602667566,7,0,4.857,1,"induced"
"PTRH2",0.0778014244710388,0.708725449993964,5.25,0,6.125,4,"unchanged"
"PTTG1IP",0.0144857531726625,0.942547196277152,4.5,0,4.555,2,"unchanged"
"PUM1",-0.15168298567992,0.380424176348115,2,0.6,3.23,5,"unchanged"
"PUM3",0.503849442588765,0.0209644356344955,7,0,8.669,1,"induced"
"PURB",0.00491752495222109,0.975278121150638,7,0,10.679,1,"unchanged"
"PVRIG",2.4183303601666,0.0781392204400095,5.5,0,4.143,2,"induced"
"PXDC1",0.272247705648375,0.337570262195801,3.077,0.154,3.874,13,"unchanged"
"PXDNL",-1.37057118185094,0.0454125885238008,7,0,7.763,1,"repressed"
"PXK",0.114717455429666,0.388697883561162,4,0,3.374,1,"unchanged"
"PXMP2",-1.32056519354307,0.040253262586268,2,0,2.404,1,"repressed"
"PYCR1",1.69409864101977,0.0241543909246675,5,0,3.834,1,"induced"
"PYGB",-0.440330001692372,0.0430675006300446,1,1,3.076,1,"repressed"
"PYGM",0.130186251427427,0.761206956012549,2.667,0.333,4.335,3,"unchanged"
"PYGO2",-0.000670226081295411,0.99704867044916,3,0,2.76,1,"unchanged"
"PYROXD2",-0.974124495148108,0.0207945221023943,1.5,0.5,3.92,2,"repressed"
"PYY",1.00437668174445,0.098149364967288,6,0,4.141,1,"induced"
"QDPR",-1.09971183181285,0.0312663490749582,2,0,3.577,2,"repressed"
"QPCTL",0.355886902194779,0.236966286091011,7,0,2.745,1,"unchanged"
"QRICH2",0.0414398453232732,0.923584054124961,4.25,0,3.576,4,"unchanged"
"QSOX2",0.546349173816135,0.0263466071902248,2,0,2.805,1,"induced"
"R3HCC1L",0.00553791290770622,0.979261986561269,2,0,3.489,1,"unchanged"
"RAB10",-0.0776311641600964,0.729197591213231,4,0,2.76,1,"unchanged"
"RAB11FIP5",-0.722414312959549,0.0151272351877785,1.333,0.667,3.017,3,"repressed"
"RAB12",0.0838519328704921,0.498785825610391,5.5,0,5.291,2,"unchanged"
"RAB13",0.254231359768682,0.187984905460598,3,0,2.882,1,"unchanged"
"RAB14",-0.164107851687352,0.337570262195801,3,0,4.141,1,"unchanged"
"RAB17",-0.997528975229478,0.0799970407955991,5.25,0,5.149,4,"repressed"
"RAB1A",-0.28943151431495,0.283773497523734,4,0,4.327,3,"unchanged"
"RAB22A",-0.140235499162614,0.173700066304521,3,0,3.374,1,"unchanged"
"RAB24",-0.0314512708942116,0.833888977459003,4,0,4.224,2,"unchanged"
"RAB29",-0.720159029156862,0.0512586346347616,6,0,7.49,1,"repressed"
"RAB30",-0.598978175298492,0.0863269046779231,2,0.333,3.124,3,"repressed"
"RAB35",0.264057009199338,0.0811533885441305,3,0,2.878,3,"induced"
"RAB37",1.7180993625573,0.0557178500540437,5.5,0,4.71,2,"induced"
"RAB38",-0.163828673472094,0.76915258095897,5,0,2.525,1,"unchanged"
"RAB3A",-0.743616888859315,0.0213639505783175,4,0,3.529,1,"repressed"
"RAB3D",1.43193306749186,0.00819023980252681,2,0,3.527,1,"induced"
"RAB3IL1",0.0401161312395155,0.900464314857877,4.333,0,10.517,3,"unchanged"
"RAB40B",-1.26542518296481,0.00819023980252681,1.667,0.667,4.414,12,"repressed"
"RAB40C",-0.188080963189824,0.574157474959366,2.667,0,3.417,3,"unchanged"
"RAB43",-0.224716052106207,0.245324369203329,7,0,5.981,1,"unchanged"
"RAB5A",0.0950424770355776,0.601284314462994,4,0,3.589,4,"unchanged"
"RAB5C",-0.114247315470314,0.6021842337067,5,0,5.855,5,"unchanged"
"RAB6A",-0.163586717952506,0.555565235014528,4,0.5,13.089,2,"unchanged"
"RAB6B",1.27804568862362,0.0437612489721604,6,0,6.25,1,"induced"
"RAB7A",-0.234801204247873,0.144863933015862,3,0,2.404,1,"unchanged"
"RAB8A",0.470945233659964,0.0304307643693689,6,0,3.067,2,"induced"
"RAB8B",0.0169760555883367,0.943839382893101,3,0,3.221,1,"unchanged"
"RAB9A",0.0364062086977714,0.918738378716119,1.6,0.6,4.018,5,"unchanged"
"RABEPK",0.322399270228351,0.241536345341637,7,0,9.477,1,"unchanged"
"RABGAP1",-0.137734208548836,0.204501094809879,7,0,15.386,2,"unchanged"
"RABGGTB",-0.640787949106127,0.0350285095910011,1,1,4.294,2,"repressed"
"RABL2B",-0.257667744739843,0.0952401600170139,1,1,2.144,1,"repressed"
"RAC1",0.175502676822147,0.158645562465942,4.167,0,7.301,6,"unchanged"
"RAC2",0.989863728066646,0.158326608446329,4.8,0,3.781,5,"unchanged"
"RACGAP1",-0.061422180984207,0.88381754575123,1.5,0.5,3.505,4,"unchanged"
"RACK1",-0.153376888384642,0.45815586540606,3.667,0.333,5.225,3,"unchanged"
"RAD23A",-0.2210946927804,0.14796005842746,4,0,3.47,1,"unchanged"
"RAD51",0.872610742194675,0.156711422857564,3,0,6.288,1,"unchanged"
"RAD51B",-0.215257299823117,0.31285571553722,1.5,0.5,4.963,8,"unchanged"
"RAD9A",-0.155591888271205,0.267968053330768,6,0,3.452,1,"unchanged"
"RADIL",1.12150400362906,0.0550186714815566,2.2,0.2,4.501,5,"induced"
"RAI1",0.0939167282246478,0.523992361883204,4.444,0,7.281,9,"unchanged"
"RALBP1",-0.346145305821343,0.0308085495744682,2.333,0.333,3.155,6,"repressed"
"RALGAPA2",-1.00756558759154,0.0273904981309928,1.75,0.5,4.183,8,"repressed"
"RALGAPB",-0.141265099488279,0.42062347846342,3,0,3.221,1,"unchanged"
"RALGDS",0.84245092825249,0.0625898442559326,4,0,12.022,1,"induced"
"RALGPS1",-0.513260299515459,0.0624550040121452,3,0.2,8.278,5,"repressed"
"RALGPS2",-0.198747464734782,0.465829183739742,3.833,0.167,3.558,6,"unchanged"
"RAMAC",-0.0202774684205105,0.909743804516454,5.333,0,3.561,3,"unchanged"
"RAMP2",-0.074741503755817,0.815464028057632,5,0,2.914,1,"unchanged"
"RANBP10",-0.078558697562443,0.669941822907936,3,0,2.607,1,"unchanged"
"RANBP3",0.0695331942120436,0.535307676620843,7,0,6.882,1,"unchanged"
"RANBP3L",-0.022513284031036,0.979746692591532,5,0,3.374,1,"unchanged"
"RANBP9",0.107651104692347,0.398890000583304,3,0,3.54,2,"unchanged"
"RAP1A",-0.103001384568144,0.262725866204902,1.5,0.5,3.471,2,"unchanged"
"RAP1B",0.30092400750313,0.150061017127001,3.667,0,3.725,6,"unchanged"
"RAP1GAP",-0.742230909472093,0.0451771261838113,1.667,0.667,3.91,3,"repressed"
"RAP1GAP2",0.40540970705493,0.178394761580638,5,0,3.834,1,"unchanged"
"RAPGEF3",-0.148583314756718,0.462342566865405,3.167,0,3.329,6,"unchanged"
"RAPH1",0.341260817469792,0.10429582732512,3.7,0.2,3.548,10,"unchanged"
"RARS1",-0.106144014267494,0.290601979678981,1,1,3.125,2,"unchanged"
"RARS2",-0.386759554192893,0.0335439138784219,1,1,4.199,8,"repressed"
"RASA4B",1.17456490624217,0.0925998462480167,5.667,0,4.317,3,"induced"
"RASAL1",1.2875227164057,0.0667915361310877,7,0,7.821,1,"induced"
"RASAL2",0.100574148763994,0.615916580585105,2.8,0,3.304,5,"unchanged"
"RASGRF2",-0.0901177191472344,0.762275517653352,2.5,0,3.233,6,"unchanged"
"RASGRP1",-0.0788394549244611,0.81364099626624,7,0,10.818,1,"unchanged"
"RASGRP3",-0.19538764353205,0.535307676620843,3.667,0,4.262,3,"unchanged"
"RASGRP4",0.618595600512366,0.117550045860313,3.333,0.333,4.705,3,"unchanged"
"RASL10B",-0.0768263876716366,0.885441538445491,2.667,0,2.727,3,"unchanged"
"RASL11B",1.1679994544217,0.0453659433387351,4.333,0,6.194,3,"induced"
"RASL12",1.28905681745024,0.0168549109739466,5,0,2.218,1,"induced"
"RASSF2",1.67614480096579,0.0512258833650452,5.286,0,3.357,7,"induced"
"RASSF3",-0.0749128963622292,0.809700564753236,5.5,0,4.217,2,"unchanged"
"RASSF7",-0.298550411192346,0.224477415941543,6,0,3.374,1,"unchanged"
"RASSF9",-0.799755052466378,0.108922126218563,1,1,2.85,2,"unchanged"
"RAVER1",-0.0466536202307939,0.711143267312445,1,1,2.607,1,"unchanged"
"RAVER2",-1.68155114373421,0.0172113804114389,4,0,2.76,1,"repressed"
"RBAK",0.0398908294679288,0.777194371292042,7,0,4.537,1,"unchanged"
"RBBP5",0.0851962983395493,0.427282736418033,1,1,2.08,1,"unchanged"
"RBBP8",1.05469690323768,0.02333425501345,2,0,2.914,1,"induced"
"RBBP8NL",0.257074910707556,0.681371007263649,2.333,0.333,4.821,3,"unchanged"
"RBFA",-0.101105892672554,0.561859231416129,5.5,0,6.265,4,"unchanged"
"RBFOX2",0.273847029849223,0.164164702917541,6,0,6.753,3,"unchanged"
"RBKS",-1.61037476109955,0.00759028081265153,3.25,0,3.228,4,"repressed"
"RBM10",-0.115101718954161,0.468604187499185,2,0,3.374,1,"unchanged"
"RBM12B",0.0932107515109442,0.68178959642632,1,1,3.638,2,"unchanged"
"RBM18",0.145812681115334,0.249276278903357,2,0,3.369,2,"unchanged"
"RBM19",0.0169083230448246,0.904531523685858,1,1,3.987,1,"unchanged"
"RBM20",1.32326379797388,0.0483779082682396,2.5,0,3.04,2,"induced"
"RBM22",0.145013885861352,0.329449905786362,6,0,5.572,1,"unchanged"
"RBM25",0.0603355781010348,0.639047779180266,2,0.5,5.606,4,"unchanged"
"RBM47",-0.588700391354739,0.270725799792748,3.5,0,4.064,2,"unchanged"
"RBM5",-0.143906306786775,0.498248484854009,2,0,3.406,2,"unchanged"
"RBMS1",0.405281496392601,0.0115735681715899,4,0,4.612,1,"induced"
"RBMS2",0.528421466853923,0.0771857008492483,5,0,6.732,3,"induced"
"RBMS3",0.710659136123625,0.0922495503864691,4,0,4.368,1,"induced"
"RBP1",-0.750146322818614,0.0172513470571835,4,0.5,9.121,2,"repressed"
"RBP5",-2.67101703371489,0.00295747396639751,2,0,6.461,1,"repressed"
"RBPJ",0.354243261065127,0.0529157472414669,7,0,17.543,1,"induced"
"RC3H2",-0.333901476058979,0.112204847253817,7,0,14.074,1,"unchanged"
"RCAN2",-0.632057435951776,0.0514099000705409,2.5,0,3.067,2,"repressed"
"RCAN3",0.0364447328985582,0.838018156609054,1.667,0.667,4.402,3,"unchanged"
"RCBTB2",-0.0652921087610121,0.72237828815101,5,0,10.177,2,"unchanged"
"RCC1",0.19017407615157,0.468227574322179,3.6,0,3.821,5,"unchanged"
"RCC1L",-0.505532056936962,0.0287852398673793,1.75,0.5,4.409,4,"repressed"
"RCL1",0.295038293215693,0.218403352730876,4,0,3.74,1,"unchanged"
"RCOR1",-0.081837773598525,0.604869233847955,4.6,0.2,5.529,5,"unchanged"
"RCOR2",-0.288344344261968,0.572539640562132,5.667,0,4.55,3,"unchanged"
"RCSD1",1.17286720823715,0.0251847693063407,5.52,0,4.49,25,"induced"
"RDH16",-0.300837195417047,0.622361993496894,7,0,7.643,1,"unchanged"
"RDX",-0.400281011822131,0.0463140638068415,3.5,0,4.869,4,"repressed"
"REC8",0.996874451915739,0.0658713092699301,4,0,2.454,1,"induced"
"RECQL",0.502906436541696,0.0758466669629378,7,0,10.521,1,"induced"
"RECQL4",0.924695740205906,0.0880716325620293,7,0,13.12,1,"induced"
"REEP1",0.129711208869927,0.804129420249623,3,0,2.76,1,"unchanged"
"REEP3",0.234421602830069,0.459277162432373,2,0,3.527,1,"unchanged"
"RELL1",0.591039609557251,0.0424019671285917,4,0,2.836,5,"induced"
"REM1",1.62400893242871,0.029664218267744,4.5,0,4.369,8,"induced"
"REM2",1.36121189968911,0.0105390390043814,5,0,4.019,2,"induced"
"REN",0.690615645417728,0.618886480848767,3,0,5.172,6,"unchanged"
"REPS1",-0.365089718646741,0.0561742811897949,1.429,0.714,4.216,7,"repressed"
"RERG",-0.368604828974516,0.276362405086417,1.917,0.5,4.129,12,"unchanged"
"RESF1",0.649062200931455,0.116987988266661,4,0,3.374,1,"unchanged"
"REST",0.0739363655191427,0.793257436266966,7,0,18.381,1,"unchanged"
"REXO1",0.300839752691504,0.112139802297731,2,0,2.672,1,"unchanged"
"RFC2",0.201691045083452,0.504705425756732,5,0,5.943,4,"unchanged"
"RFC3",0.317609165352934,0.151482873961322,4,0,3.834,1,"unchanged"
"RFLNB",0.419344974056367,0.331728352294674,3,0,3.732,3,"unchanged"
"RFNG",-0.403748827009589,0.0252522610741824,7,0,7.789,1,"repressed"
"RFT1",-0.0464757999271224,0.811661616272674,4,0,2.996,1,"unchanged"
"RFTN1",0.931514906926093,0.0518154563028774,5,0,4.908,1,"induced"
"RFX1",-0.108047642823462,0.674492106932214,3,0.5,3.77,2,"unchanged"
"RFX2",-0.0991956833708283,0.747779912996063,6.25,0,4.93,4,"unchanged"
"RFX5",0.492055561028614,0.108562604559514,5,0,7.562,1,"unchanged"
"RFX7",0.0246182733117943,0.920586308143966,2,0,2.914,1,"unchanged"
"RGCC",0.0584417677187981,0.884902878418578,4.842,0,3.961,19,"unchanged"
"RGMA",1.38777357254761,0.0268633668062826,3,0,2.76,1,"induced"
"RGS10",0.791211452720714,0.225550490156907,5,0,2.607,1,"unchanged"
"RGS14",0.501238263035105,0.158601089587581,3,0,7.975,1,"unchanged"
"RGS16",1.38054630985489,0.0202991758613853,2.769,0.154,3.683,13,"induced"
"RGS19",1.27208871139961,0.0632578233593014,6,0,3.874,1,"induced"
"RGS2",1.32146568809762,0.0266067888397384,2,0,3.527,1,"induced"
"RGS6",-0.446021570479653,0.412667758268445,5,0,6.149,1,"unchanged"
"RHBDD3",-0.657517261414844,0.0197534810453927,1.75,0.75,3.177,4,"repressed"
"RHBDF2",0.972952875433616,0.029833777957027,4,0,2.652,1,"induced"
"RHBG",-3.00975821730373,0.0095045340338583,2,0,4.803,2,"repressed"
"RHCG",-1.25510775427422,0.0121296261828912,1.5,0.5,3.417,6,"repressed"
"RHNO1",1.00400604704112,0.014423497993915,7,0,11.095,1,"induced"
"RHOBTB1",-1.12840825248083,0.0565404384004636,1.333,0.667,3.727,6,"repressed"
"RHOBTB2",0.568034728970869,0.0223095177481056,6.333,0,6.886,3,"induced"
"RHOBTB3",-0.0533291939060931,0.874565906467568,3.5,0,3.681,2,"unchanged"
"RHOH",2.17554327824748,0.0485711156715653,6.5,0,3.371,2,"induced"
"RHOT1",-0.251701256323465,0.260139342901358,7,0,14.418,1,"unchanged"
"RHOU",1.04892322278884,0.0483086244312406,5.333,0,5.316,3,"induced"
"RIC1",0.0107300118729041,0.95993982046425,2,0.5,5.618,2,"unchanged"
"RIC3",-0.166492088002943,0.672555507367867,4,0,3.254,1,"unchanged"
"RIDA",-1.66726465969033,0.0266936210190208,2,0,6.286,1,"repressed"
"RILPL2",-0.487287480315961,0.135857275250801,6.5,0,8.058,2,"unchanged"
"RIMBP2",-0.767002036108152,0.0514348336931056,2.333,0.667,4.18,3,"repressed"
"RIMS2",1.58174380591313,0.0246570571658284,1,1,1.993,1,"induced"
"RIMS3",1.5672541766747,0.0252423058778933,4,0,2.621,1,"induced"
"RING1",0.10036677727131,0.612890055364022,7,0,7.513,1,"unchanged"
"RINT1",0.0623669665674518,0.793707778968279,1,1,4.25,2,"unchanged"
"RIOK1",-0.101462861018531,0.539693694037223,3,0,4.049,5,"unchanged"
"RIPK1",0.365448790725995,0.0467655216404116,7,0,18.082,1,"induced"
"RIPK3",2.84626071045667,0.0117359827762105,5,0,3.109,1,"induced"
"RIPOR1",-0.343824961161245,0.298677794891051,5.333,0,9.784,3,"unchanged"
"RIPOR2",1.61623034608673,0.0573965240839613,4.5,0,4.87,2,"induced"
"RIPOR3",-0.609521751156373,0.222134664086193,1.667,0.333,3.278,3,"unchanged"
"RIT2",-1.18715879947386,0.0570599998616934,1,1,3.607,1,"repressed"
"RITA1",0.255803799069703,0.215560057485334,7,0,4.721,1,"unchanged"
"RLF",0.195868175613046,0.24040572413246,4,0,3.527,1,"unchanged"
"RMC1",0.114543939230244,0.450243460119656,1.5,0.5,3.067,2,"unchanged"
"RMDN2",-1.07695541105265,0.0368078663059152,7,0,22.186,1,"repressed"
"RMDN3",-0.612665163954184,0.161412461803327,3.5,0.5,4.074,2,"unchanged"
"RMI1",-0.366434713862837,0.219093066904786,4,0,5.061,1,"unchanged"
"RMI2",0.349258168919841,0.392473282605726,5.75,0,3.937,4,"unchanged"
"RMND1",-0.517579806937412,0.0402117313471467,3.667,0,4.275,3,"repressed"
"RNASE4",0.518837708430111,0.147046580616814,5.333,0,4.103,3,"unchanged"
"RNASEH2A",0.319548210944419,0.340935062088924,6,0,7.748,1,"unchanged"
"RNASEH2C",-0.305130513809035,0.218423587785517,4,0,4.754,1,"unchanged"
"RND1",2.34766197450737,0.0178795322682736,4,0.25,4.139,4,"induced"
"RNF11",-0.166541557861687,0.58556708770434,4.333,0,3.556,3,"unchanged"
"RNF112",2.65568947273151,0.00758919039671776,4,0,2.745,1,"induced"
"RNF114",-0.325367024353626,0.0492878236177344,2.5,0,2.708,2,"repressed"
"RNF125",0.399644359386269,0.196997094668332,7,0,13.504,1,"unchanged"
"RNF139",-0.0296172193606949,0.855221329753629,4.5,0,14.727,2,"unchanged"
"RNF150",-0.445561599823634,0.396933441579361,3.333,0.167,4.038,6,"unchanged"
"RNF157",0.99372593032272,0.0176087917676422,3,0,3.495,1,"induced"
"RNF166",0.416340790589524,0.029832205638341,7,0,8.895,1,"induced"
"RNF168",-0.372273735434796,0.107258584522461,3,0.667,8.692,3,"unchanged"
"RNF181",-0.101332907079333,0.549922985247932,4,0,3.427,1,"unchanged"
"RNF183",0.0561995433408322,0.888484758817182,2.875,0.125,4.022,8,"unchanged"
"RNF185",-0.279793263664714,0.0521647255773339,6,0,3.607,1,"repressed"
"RNF187",-0.111446063519081,0.657280457817613,7,0,14.723,1,"unchanged"
"RNF19A",0.127288221355197,0.443191546833396,4,0,4.248,7,"unchanged"
"RNF20",0.00572911684958211,0.964284218777016,2,0,3.374,1,"unchanged"
"RNF212B",-2.13292292420027,0.00882599540508907,1.833,0.5,6.714,6,"repressed"
"RNF217",0.120509835619897,0.643305138373983,2,0,3.221,1,"unchanged"
"RNF220",0.0448266160856763,0.770672128090187,4,0,3.221,1,"unchanged"
"RNF227",-0.748083478579576,0.0282641559952992,7,0,21.106,1,"repressed"
"RNF24",0.577470021543097,0.0468576843138442,5,0,6.145,5,"induced"
"RNF39",1.38406210966283,0.0272458216496701,7,0,10.995,1,"induced"
"RNF40",-0.22200928618641,0.15421004838625,4,0.5,8.341,2,"unchanged"
"RNF41",0.343087277308773,0.0502455957359695,3.8,0.1,3.751,10,"induced"
"RNF43",-0.264246050527563,0.446187222607655,6,0,2.773,1,"unchanged"
"RNF44",0.258721240848057,0.100108373515859,7,0,17.519,1,"unchanged"
"RNF8",-0.1961630537254,0.171508710609225,1,1,3.681,1,"unchanged"
"RNFT2",-0.83321539653059,0.00489069565776943,1.778,0.333,3.837,9,"repressed"
"RNMT",0.128930370017239,0.377699203595231,1.5,0.5,3.874,2,"unchanged"
"RNPEPL1",-0.127055226728231,0.508553199264161,7,0,3.45,1,"unchanged"
"RNPS1",0.103423408517157,0.522008572806988,5.5,0,6.024,2,"unchanged"
"ROBO3",-0.030801403020007,0.967935547017045,4,0,3.527,1,"unchanged"
"ROPN1L",-0.540639874784793,0.183565120654591,2,0.333,3.555,3,"unchanged"
"ROR1",0.356766085963767,0.344165413900923,2,0,2.772,1,"unchanged"
"RORC",-1.11452511687552,0.0489929491937334,2,0,3.745,1,"repressed"
"ROS1",-0.202915214811554,0.715197170101521,3.5,0,4.141,2,"unchanged"
"RPA1",-0.430026154699315,0.0231831065586347,3,0,8.799,1,"repressed"
"RPA2",-0.131478395796039,0.502707296609546,5,0,4.141,1,"unchanged"
"RPGR",0.550576002809465,0.0755623456947452,7,0,11.502,1,"induced"
"RPIA",0.401334422839556,0.0323197769555738,6.5,0,5.943,2,"induced"
"RPL13",0.237217848762505,0.485500985190817,1.5,0.5,2.985,2,"unchanged"
"RPL13A",0.335841988225679,0.316755993972727,4,0.2,4.577,5,"unchanged"
"RPL14",0.0494043480480038,0.860924852019661,4,0,2.34,1,"unchanged"
"RPL27A",0.238482750223358,0.404763874280584,7,0,16.716,1,"unchanged"
"RPL29",0.132757841996117,0.651562079657824,2.5,0,3.157,2,"unchanged"
"RPL3",0.06700446458626,0.825162779651505,7,0,6.039,1,"unchanged"
"RPL32",0.0496088891401012,0.839149068885597,2.5,0.5,3.957,2,"unchanged"
"RPL37",0.0384251737985046,0.899206010575703,4.5,0,10.417,2,"unchanged"
"RPL9",-0.181450112654506,0.400401117152113,4,0,4.141,1,"unchanged"
"RPP14",-0.239313022562551,0.301299270050961,3.5,0,4.754,2,"unchanged"
"RPP21",0.148402798278932,0.484882561320378,7,0,14.317,1,"unchanged"
"RPP38",-0.0499083166553786,0.851957412737899,4,0,4.988,3,"unchanged"
"RPP40",-0.165296667347083,0.496294551161824,7,0,5.445,1,"unchanged"
"RPS18",0.111202969850781,0.686182152522775,5,0,4.9,2,"unchanged"
"RPS19",0.392207433684481,0.228794483620995,5,0,5.061,1,"unchanged"
"RPS23",0.278394930388052,0.282932279343719,5,0,4.794,1,"unchanged"
"RPS27",0.313787623729345,0.420830946373689,3,0,2.882,1,"unchanged"
"RPS27L",-0.720200006847037,0.0397892962661504,3,0,3.221,1,"repressed"
"RPS3",0.125825933552749,0.677319925684972,7,0,7.286,1,"unchanged"
"RPS5",0.0750489840258322,0.79562881794595,5,0,6.288,2,"unchanged"
"RPS6KA2",-0.192410619157301,0.532313721780547,2.333,0.667,4.246,3,"unchanged"
"RPS6KA5",0.0848843901438339,0.835025351219807,7,0,10.768,3,"unchanged"
"RPS6KL1",1.50383799529339,0.0281385089530953,3.667,0,3.681,3,"induced"
"RPS7",0.220942358136613,0.470487418397944,5.5,0,6.091,2,"unchanged"
"RPS8",0.242357477552638,0.378709787849846,7,0,5.544,1,"unchanged"
"RPTOR",-0.117807126150943,0.393678956404298,4.2,0,4.141,5,"unchanged"
"RPUSD2",0.149432316384555,0.469991683015715,1.5,0.5,3.604,2,"unchanged"
"RPUSD3",-0.261679767147175,0.197676896877495,7,0,4.372,1,"unchanged"
"RRAGC",-0.311414264071399,0.218403352730876,3,0,3.464,1,"unchanged"
"RRAGD",-0.747675909165687,0.0529157472414669,6,0,6.808,1,"repressed"
"RRAS2",-0.642006806213955,0.0512971277481255,3,0.667,7.121,3,"repressed"
"RRBP1",0.219629717076869,0.241964504892875,5,0,5.393,1,"unchanged"
"RREB1",-0.249259241205931,0.381365986845828,3.364,0.182,5.018,11,"unchanged"
"RRP1",0.154163293498201,0.321044571012898,7,0,6.685,1,"unchanged"
"RRP7A",0.0642772765105839,0.695853773610979,5,0,5.333,2,"unchanged"
"RRP8",0.237140642351701,0.103754428930579,3,0.667,5.71,3,"unchanged"
"RRP9",-0.0799564347792394,0.689880872574225,1,1,4.218,2,"unchanged"
"RSL1D1",0.153552501579085,0.298923224716689,1.5,0.75,4.486,4,"unchanged"
"RSPH1",0.742215040619732,0.236469533154692,3,0.667,7.144,3,"unchanged"
"RSPO3",2.23571502372972,0.0207945221023943,3,0,2.914,1,"induced"
"RSRC2",-0.101436175252334,0.412544786800708,4,0,4.902,2,"unchanged"
"RSU1",0.165067720402769,0.341271120690619,4,0,4.908,1,"unchanged"
"RTCB",0.290163250381319,0.114473417914154,5,0,5.7,1,"unchanged"
"RTEL1",0.262020800339,0.194521345194922,2.5,0,2.76,2,"unchanged"
"RTF1",-0.166270617229587,0.119071841065979,7,0,15.643,1,"unchanged"
"RTKN2",-0.220481837731463,0.639296302191338,5,0,4.754,1,"unchanged"
"RTL10",-0.202760683945324,0.402667264961867,4.5,0,4.747,2,"unchanged"
"RTL6",0.0385301622710399,0.775985030737338,1,1,3.221,1,"unchanged"
"RTL8C",0.162802899804684,0.713104004120623,4,0,3.297,2,"unchanged"
"RTN4",-0.339290495799408,0.134294957724156,3.167,0.333,6.007,6,"unchanged"
"RTN4IP1",-0.485508221205103,0.168952497364163,5,0,4.82,1,"unchanged"
"RTN4R",-0.512341275855853,0.0460660189252026,1.6,0.4,4.335,5,"repressed"
"RTP3",-3.23375712093675,0.0840599271049351,4.667,0,7.296,3,"repressed"
"RTP4",1.10104669933477,0.0612406868965688,7,0,11.042,1,"induced"
"RTRAF",-0.059954165960951,0.68934555122634,1,1,3.485,2,"unchanged"
"RUBCN",0.00438234035146667,0.977721687496631,7,0,11.539,1,"unchanged"
"RUFY4",-0.73591537028275,0.104273835756628,3,0,3.374,1,"unchanged"
"RUNX1",2.71131579854775,0.00295747396639751,6.333,0,4.039,3,"induced"
"RUNX1T1",0.146347149526572,0.684530763400595,2,0,3.527,1,"unchanged"
"RUNX2",2.04041216973746,0.0181605953794278,1,1,3.221,1,"induced"
"RUSC2",0.603002434771142,0.0557413173819516,4.571,0.143,7.188,7,"induced"
"RUVBL2",0.212755583708684,0.369535614334764,3,0,3.595,1,"unchanged"
"RWDD2B",0.0978146137755473,0.519676525577379,7,0,15.719,1,"unchanged"
"RWDD3",-0.220032265050236,0.279551653057083,7,0,26.999,1,"unchanged"
"RWDD4",-0.0347805862107027,0.830082942294495,3,0,3.446,1,"unchanged"
"RYK",0.156729460756059,0.202021306455557,2.25,0.25,3.017,4,"unchanged"
"RYR1",0.164678024293723,0.817635033265277,3.333,0.333,4.705,3,"unchanged"
"S100A2",2.2494162834755,0.092553261270678,7,0,4.941,1,"induced"
"S100A4",1.75865223626129,0.0432738488037047,7,0,4.941,1,"induced"
"S100A6",1.84213199645246,0.028089311943344,5.667,0,4.881,3,"induced"
"S100B",1.10779619860074,0.11296630235665,3,0,3.335,2,"unchanged"
"S100P",0.879225419245965,0.223933021518726,5,0,6.957,2,"unchanged"
"S100PBP",0.159938320257412,0.432480089697197,2,0,2.531,1,"unchanged"
"S100Z",-0.535788138077107,0.233087795978743,1,1,3.451,2,"unchanged"
"S1PR2",0.690340528371168,0.0865465548399512,4.333,0,7.943,3,"induced"
"S1PR3",1.38195694745304,0.0162849898496127,3.615,0,3.866,13,"induced"
"SACS",1.11536564015696,0.0579390121491869,6,0,10.505,2,"induced"
"SAFB",0.062571147570095,0.788353468410304,2,0,4.82,3,"unchanged"
"SAFB2",-0.492774975989387,0.0195182026474223,2,0,4.82,3,"repressed"
"SALL2",0.332053657689312,0.574430212314157,4.333,0,5.344,3,"unchanged"
"SALL3",-1.09796659343968,0.158650718735395,1,1,3.296,1,"unchanged"
"SAMD1",0.386760564769173,0.173265663546652,5.667,0,8.123,3,"unchanged"
"SAMD10",0.247735253824851,0.363517716105743,2.286,0.143,3.912,7,"unchanged"
"SAMD11",0.222091518776328,0.578226851121611,2.5,0,3.834,2,"unchanged"
"SAMD14",1.26550294603692,0.150309669797116,3.333,0.333,3.777,3,"unchanged"
"SAMD4B",0.126130952806553,0.329827586475906,4.667,0,4.461,3,"unchanged"
"SAMM50",-0.799991982919921,0.0631006143524731,2,0,2.996,1,"repressed"
"SAP18",-0.291270251001575,0.109673191764015,3.667,0,3.347,3,"unchanged"
"SAR1B",-0.641627579463888,0.156711422857564,7,0,21.061,1,"unchanged"
"SART1",-0.0152833792411649,0.952896055846399,6,0,2.577,1,"unchanged"
"SART3",0.044145030752035,0.699068229337444,7,0,19.661,1,"unchanged"
"SASH1",-0.427559754376828,0.116893844383256,4.25,0,4.056,4,"unchanged"
"SASH3",0.523601942293282,0.444183476779881,1.333,0.667,3.834,3,"unchanged"
"SASS6",-0.112935634788096,0.671943809119113,2.667,0,3.661,3,"unchanged"
"SAT2",-1.36725027418763,0.00662798804265849,2,0,3.745,1,"repressed"
"SATB1",-0.195529240319942,0.382175067943361,7,0,17.236,1,"unchanged"
"SBK1",1.08799658173694,0.155499728521115,7,0,8.281,1,"unchanged"
"SBNO2",0.939357003913457,0.00759996349250946,2.5,0,2.729,2,"induced"
"SBSPON",0.137645915187144,0.574009973078191,1,1,3.47,2,"unchanged"
"SCAF8",-0.112741068190173,0.504551323546074,6,0,8.291,1,"unchanged"
"SCAP",-0.0683482101151709,0.548506759771263,2,0,3.113,3,"unchanged"
"SCARF2",1.2868613979055,0.0215812549216285,5,0,3.757,1,"induced"
"SCIMP",3.53118838348336,0.0176087917676422,4,0,3.527,2,"induced"
"SCML4",1.69977981238604,0.0197929391485239,7,0,18.685,1,"induced"
"SCNN1A",-0.442003219889762,0.229456633273167,4,0.5,10.361,2,"unchanged"
"SCNN1B",0.129876029201063,0.786589562006725,3,0,4.97,1,"unchanged"
"SCNN1D",-0.363879232894235,0.171637540907432,5,0,6.169,2,"unchanged"
"SCNN1G",-0.0195844423362264,0.971091605179539,2,0,4.794,1,"unchanged"
"SCOC",-0.882430491830535,0.214324237796564,5,0,7.191,1,"unchanged"
"SCRN1",0.650451608706248,0.0569193970851582,5,0,4.195,1,"induced"
"SCTR",-0.292834538084588,0.565434426676435,1,1,2.846,1,"unchanged"
"SCUBE1",-0.00390840752832489,0.996775021927369,1,1,3.41,2,"unchanged"
"SCUBE2",1.21372874811433,0.0115400332224042,3,0,4.558,2,"induced"
"SCUBE3",-0.788160316954166,0.0407028968622887,1,1,2.996,1,"repressed"
"SCYL1",0.155109946626118,0.193440076888007,7,0,6.368,1,"unchanged"
"SCYL3",-0.106927996692075,0.442782973971543,1,1,3.221,2,"unchanged"
"SDC3",-0.267737290809071,0.444023805003689,4.25,0.25,4.639,4,"unchanged"
"SDCBP",0.098647800325792,0.725720703054935,5.5,0,5.172,2,"unchanged"
"SDCBP2",0.258822267765632,0.70766570898888,6,0,6.88,3,"unchanged"
"SDCCAG8",-0.0673988595949249,0.80577831212786,5.333,0,4.138,3,"unchanged"
"SDE2",-0.0898732529491646,0.779673433349635,6,0,6.748,1,"unchanged"
"SDHA",-0.806792181338845,0.084042480897397,2,0,2.746,1,"repressed"
"SDHAF1",-0.0446430908160469,0.836508277823573,5,0,2.823,1,"unchanged"
"SDR39U1",-0.694482566488555,0.0210163981370777,3,0,7.333,2,"repressed"
"SDR42E1",-0.0665226954685227,0.803694316975333,2.75,0.5,8.506,4,"unchanged"
"SEC11A",-0.0900972322061682,0.541580747525661,3.2,0,3.694,5,"unchanged"
"SEC14L1",0.180917906378998,0.197047977830275,4,0,3.221,1,"unchanged"
"SEC14L5",-1.51102243554098,0.0118700675755998,4.5,0,6.015,2,"repressed"
"SEC16B",0.420517311445373,0.342572360473685,2.667,0.333,5.245,3,"unchanged"
"SEC22B",-0.0536978949818945,0.768105542284159,5.5,0,4.562,2,"unchanged"
"SEC23A",0.233996293405732,0.433366546137237,7,0,12.906,1,"unchanged"
"SEC24A",0.0741689899522067,0.841982763459147,7,0,21.061,1,"unchanged"
"SEC24C",-0.0827564901881113,0.538374071708402,7,0,9.508,1,"unchanged"
"SEC31A",-0.303183610094365,0.191977435761745,7,0,8.666,1,"unchanged"
"SEC62",-0.43903681344113,0.0766372465158103,1,1,3.834,1,"repressed"
"SEL1L3",-0.172052378036743,0.64978948386808,1.6,0.4,3.466,5,"unchanged"
"SELE",0.0889774035839115,0.923271600925413,2,0,3.067,1,"unchanged"
"SELENBP1",-1.15284365573335,0.0213639505783175,6.333,0,6.183,3,"repressed"
"SELENOI",-0.343769432861677,0.651407056284983,1,1,4.519,2,"unchanged"
"SELENOM",1.37374481592353,0.0173837458248364,3,0,2.621,1,"induced"
"SELENON",-0.555965401751565,0.0188362297514592,3.4,0,3.299,5,"repressed"
"SELL",2.53084570023701,0.0239751509630162,3,0,3.834,1,"induced"
"SELPLG",1.80708242587893,0.024373666771258,4,0,2.75,3,"induced"
"SEMA4A",1.62174481780054,0.0382643234126017,5.5,0,4.46,4,"induced"
"SEMA4C",-0.09235567066988,0.775473661260393,5.1,0,4.957,10,"unchanged"
"SEMA4F",0.969088920345293,0.0365646297129202,6,0,7.361,1,"induced"
"SEMA6B",0.0449142940369369,0.899206010575703,6,0,4.172,1,"unchanged"
"SEMA6C",-0.523985382417742,0.172952521973433,7,0,6.513,1,"unchanged"
"SENP3",0.112325467019596,0.256069509634306,5,0,2.672,1,"unchanged"
"SENP5",0.0210941008895666,0.900464314857877,2.5,0,2.629,2,"unchanged"
"SENP8",0.0486294646338694,0.899206010575703,2.167,0.667,5.101,6,"unchanged"
"SEPHS2",-0.735780637140945,0.152582490311826,2,0,4.675,1,"unchanged"
"SEPSECS",-0.53103056028815,0.117842374787369,2,0,4.71,2,"unchanged"
"SEPTIN1",2.11554549274584,0.0830996939543653,6,0,11.557,1,"induced"
"SEPTIN10",0.407242942881398,0.0296802256887203,1,1,3.221,1,"induced"
"SEPTIN11",-0.281737577070093,0.343880957453124,2.273,0.182,3.352,11,"unchanged"
"SEPTIN4",0.705997740433833,0.103434098090529,5.5,0,8.616,2,"unchanged"
"SEPTIN5",0.542875821358652,0.13673287840005,3,0,4.754,1,"unchanged"
"SEPTIN8",0.398034435720404,0.04444148936834,6,0,2.538,1,"induced"
"SEPTIN9",0.346076436194323,0.157866247991064,3.8,0,4.656,5,"unchanged"
"SERBP1",-0.285320680376937,0.0399186633551198,2.889,0.222,5.141,9,"repressed"
"SERF2",-0.289998584595965,0.135816825580103,7,0,4.908,1,"unchanged"
"SERINC2",0.265762528269778,0.376291062740539,4.667,0,7.821,3,"unchanged"
"SERINC3",-0.279748275921215,0.128230190598116,7,0,11.549,1,"unchanged"
"SERP2",0.0781350412898703,0.863865092431996,3.5,0.125,3.769,8,"unchanged"
"SERPINA5",-3.23986257155293,0.00703497460027845,2.5,0,3.567,2,"repressed"
"SERPINB1",0.457468359308359,0.113365988714098,4.5,0,3.089,2,"unchanged"
"SERPINB6",0.28818994272903,0.217151765969191,2.5,0.25,3.184,4,"unchanged"
"SERPINE1",3.58304559525097,0.00611192607806737,2.5,0,3.09,2,"induced"
"SERPINF1",1.46810545531486,0.0864081045747139,3.6,0,3.416,5,"induced"
"SERPINF2",-0.696933020735954,0.173246966378648,3.6,0,3.416,5,"unchanged"
"SERPINH1",0.395730741191988,0.241232874709785,7,0,9.858,1,"unchanged"
"SERTAD1",0.93841710781734,0.0330135628165069,7,0,11.364,1,"induced"
"SERTAD4",1.47898269548992,0.0311278057808697,4.75,0,4.767,4,"induced"
"SESN2",0.140766258107848,0.767117427916598,7,0,6.659,1,"unchanged"
"SESTD1",0.39192805795483,0.219848070567729,3.5,0,5.738,4,"unchanged"
"SET",0.028682132718461,0.809295674761829,6.5,0,10.232,2,"unchanged"
"SETD5",0.163359246417907,0.379547000490081,6.5,0,4.355,2,"unchanged"
"SETD6",-0.302922447304404,0.0914743293583092,7,0,17.282,1,"repressed"
"SETD9",0.0727664034125286,0.83923809704824,7,0,33.57,1,"unchanged"
"SEZ6L",3.11744692391331,0.00295747396639751,2,0,3.681,1,"induced"
"SF3A3",0.0157049245998397,0.914573138088622,7,0,8.777,2,"unchanged"
"SF3B1",-0.192992225002597,0.217014701723913,7,0,23.17,1,"unchanged"
"SF3B2",-0.0384247023558899,0.807879881086316,2,0,3.834,1,"unchanged"
"SF3B4",0.12831783574966,0.380339436134615,3.5,0,3.103,2,"unchanged"
"SF3B6",-0.32665723896937,0.149603262013354,1,1,3.786,2,"unchanged"
"SFMBT2",0.551691574082275,0.226320607121533,7,0,12.782,1,"unchanged"
"SFN",2.83307187186902,0.00819023980252681,7,0,8.809,1,"induced"
"SFRP5",2.6897946105779,0.0101722247906667,3.5,0,4.332,4,"induced"
"SFXN5",-0.926891740717216,0.0906299521360861,2,0,3.141,1,"repressed"
"SGCA",1.2378172997777,0.0613290208551806,5,0,3.699,1,"induced"
"SGF29",0.263267438485033,0.350916847491217,6,0,5.05,3,"unchanged"
"SGIP1",-1.33562246607122,0.132477622715141,2.667,0.333,4.294,3,"unchanged"
"SGK1",0.653167473705691,0.264020260592942,2.25,0.25,3.494,8,"unchanged"
"SGK2",-2.17779628072142,0.0193157227496245,2,0.2,4.775,5,"repressed"
"SGMS1",0.117776788934289,0.704311439553746,5,0,8.742,1,"unchanged"
"SGMS2",0.18909550658972,0.615063672689188,1,1,3.681,1,"unchanged"
"SGO2",0.0792471234268164,0.800116258551929,7,0,9.288,1,"unchanged"
"SGPL1",0.235841429068746,0.329621745662379,5.667,0,11.358,3,"unchanged"
"SGPP1",-0.401933899255079,0.456252372618302,1.75,0.5,3.742,4,"unchanged"
"SGPP2",0.180928411701295,0.684723656941065,1,1,2.635,1,"unchanged"
"SGSM3",0.127788153024986,0.674219356358518,1,1,3.987,1,"unchanged"
"SH2D1A",2.47463855868879,0.0379545010963794,7,0,7.208,1,"induced"
"SH2D2A",1.56717364269755,0.0666185177496339,4.333,0,3.323,3,"induced"
"SH2D3C",0.448269013088756,0.317371972798119,5,0,3.681,1,"unchanged"
"SH2D4B",2.21898838694565,0.0131548879972787,6,0,11.952,1,"induced"
"SH3BGRL2",-0.396875164386144,0.168569424874507,7,0,25.755,1,"unchanged"
"SH3BP1",1.79405040094353,0.0253537247828568,6.333,0,7.361,3,"induced"
"SH3BP2",0.849355269280689,0.0164618757926095,5.5,0,3.864,4,"induced"
"SH3BP4",0.532180350920972,0.0460660189252026,1,1,3.689,3,"induced"
"SH3D19",-0.492866633698434,0.0559256023698038,3.667,0,4.24,3,"repressed"
"SH3PXD2A",0.778767951212673,0.124021779271301,5,0,3.644,3,"unchanged"
"SH3RF1",-0.500291908227967,0.3059641922562,2,0,3.064,3,"unchanged"
"SH3YL1",-0.794779761109883,0.0534152012801568,4.333,0,7.364,3,"repressed"
"SHANK2",-0.321024154235821,0.409763379242059,1.4,0.8,4.202,5,"unchanged"
"SHANK3",-0.0834906377114351,0.78443861503379,3.667,0,5.112,3,"unchanged"
"SHC4",-0.272165963650143,0.353293154448258,3,0,3.134,1,"unchanged"
"SHE",-0.251835639064315,0.301009460531141,1,1,2.76,1,"unchanged"
"SHFL",0.416265039394413,0.141072561455819,7,0,10.587,1,"unchanged"
"SHISA6",1.47595206585356,0.197083352462368,2,0,3.144,2,"unchanged"
"SHLD1",-0.229697514427379,0.284134340521056,5.333,0,6.517,3,"unchanged"
"SHLD2",-0.101954922817057,0.605329097915799,2.5,0,3.126,4,"unchanged"
"SHMT1",-0.346721828881464,0.432623467106946,3,0.5,4.988,4,"unchanged"
"SHMT2",-1.45916529412981,0.0166269378073377,6,0,6.386,1,"repressed"
"SHPRH",-0.0885613236485785,0.660206551096364,2,0,3.527,1,"unchanged"
"SHROOM2",-0.776365676855921,0.0399792388861823,3,0,3.514,1,"repressed"
"SHROOM4",0.0368739043347288,0.859660728024202,1,1,4.371,4,"unchanged"
"SIAE",-0.412691034762725,0.101468338189986,3.5,0,5.975,2,"unchanged"
"SIAH2",-0.568883398738602,0.0115735681715899,1,1,3.473,1,"repressed"
"SIAH3",-1.26277975197238,0.134957820351708,4,0,5.806,1,"unchanged"
"SIGIRR",-0.447275659721122,0.0176087917676422,1,1,3.067,1,"repressed"
"SIGLEC15",1.17920085072747,0.280647497835706,4.8,0,4.539,5,"unchanged"
"SIK1",0.243394900125403,0.628822080240188,4.25,0,4.782,4,"unchanged"
"SIKE1",-0.361510975594607,0.104159999299566,1,1,3.604,2,"unchanged"
"SIM2",1.4183150272504,0.0351582015682901,1.143,0.857,3.517,7,"induced"
"SIN3B",0.140057381925581,0.229994535162292,4.333,0,3.188,3,"unchanged"
"SIPA1",1.11657864064955,0.0813881004750893,5,0,4.875,2,"induced"
"SIRT1",-0.176962580923944,0.253931255889505,2,0.333,3.956,3,"unchanged"
"SIRT2",-0.169643260581076,0.41258263273103,6,0,8.128,1,"unchanged"
"SIRT4",-0.105532677065352,0.689929507870438,1,1,4.195,1,"unchanged"
"SIVA1",-0.0219512910594686,0.935409232629432,6,0,3.681,1,"unchanged"
"SKA3",0.953337136555262,0.0700639107044421,5,0.333,8.212,3,"induced"
"SKAP1",0.735618785051464,0.329542829712113,5.333,0,5.522,3,"unchanged"
"SKAP2",-0.0200668384783995,0.895827757607149,1,1,3.374,1,"unchanged"
"SKIDA1",-0.540501064598115,0.122973193528154,7,0,25.528,1,"unchanged"
"SKP2",-0.252912920976393,0.141286726706217,1.5,0.5,4.754,2,"unchanged"
"SLA",1.61033604348756,0.0606404168313472,3.917,0.083,4.469,12,"induced"
"SLA2",1.59177043997117,0.067110372694544,3.5,0,3.859,2,"induced"
"SLAMF8",1.17880559551564,0.192492679572711,3,0,3.067,2,"unchanged"
"SLC10A2",-1.81906156206222,0.0760161117850018,1,1,4.912,3,"repressed"
"SLC10A3",0.306939930049782,0.0682017203396801,6,0,3.987,1,"induced"
"SLC10A5",-0.229146828440627,0.564528077634849,4,0.5,8.204,2,"unchanged"
"SLC10A6",-0.263617967442126,0.504012396978174,1.778,0.722,4.495,18,"unchanged"
"SLC11A1",2.83962429996032,0.00577770871303924,6,0,10.493,1,"induced"
"SLC12A1",-0.440297179712214,0.500124908970576,1,1,3.911,2,"unchanged"
"SLC12A3",-1.84621977870508,0.0468368511955109,2.333,0.667,5.513,3,"repressed"
"SLC12A7",-0.11832764124434,0.530255773646915,2,0,6.901,1,"unchanged"
"SLC12A8",-1.38517149922363,0.0188362297514592,2.5,0.75,8.582,4,"repressed"
"SLC12A9",0.315078336366628,0.280500822655095,1,1,3.067,1,"unchanged"
"SLC13A1",-0.993402140280562,0.369468828059855,1.417,0.583,4.038,12,"unchanged"
"SLC13A4",-1.09350302857041,0.167250844756662,3.625,0,4.324,8,"unchanged"
"SLC13A5",1.43507858183326,0.24971018401738,2.667,0,4.138,3,"unchanged"
"SLC15A2",-1.10776750592862,0.0620671179646159,1,1,2.661,2,"repressed"
"SLC16A10",-1.00475852470922,0.137981886322165,1,1,3.764,4,"unchanged"
"SLC16A12",-0.100343788801506,0.892687963865613,3.25,0,5.175,12,"unchanged"
"SLC16A14",0.880363198531086,0.0529509849668223,4,0,4.754,1,"induced"
"SLC16A4",-2.1953673474105,0.0245984270450917,3.5,0,4.76,2,"repressed"
"SLC16A5",1.04900987449087,0.0140525417859676,3.5,0,4.924,2,"induced"
"SLC16A7",-0.1511150844418,0.81822530178603,2,0,3.221,1,"unchanged"
"SLC16A9",-0.601931473154241,0.53053053726394,1.588,0.647,4.374,17,"unchanged"
"SLC17A1",-0.58242490959313,0.451391546277223,1,1,3.158,3,"unchanged"
"SLC17A2",0.311371582747282,0.707603327879771,3,0,4.644,1,"unchanged"
"SLC17A3",-1.28475222771185,0.107017031264287,1,1,3.158,3,"unchanged"
"SLC17A4",-2.25701140644553,0.0636686952262715,2,0,3.473,1,"repressed"
"SLC19A2",-0.339594543887757,0.29087243839543,2.5,0.5,3.326,2,"unchanged"
"SLC1A5",0.858352977228449,0.0631924958486737,3.5,0,13.802,2,"induced"
"SLC20A1",1.36222504268742,0.00814450262386627,2.5,0,2.991,2,"induced"
"SLC20A2",0.156710292253486,0.261458770614575,5,0,4.045,1,"unchanged"
"SLC22A1",-1.61883880041519,0.0431961519362994,3.5,0.5,9.738,2,"repressed"
"SLC22A12",-0.267544424485166,0.686876254333911,2,0,10.122,1,"unchanged"
"SLC22A13",-0.933849961824251,0.228656330867107,1.5,0.75,3.724,4,"unchanged"
"SLC22A18",-1.13076310913174,0.225731120231596,4,0,8.239,1,"unchanged"
"SLC22A2",0.220954910637562,0.707270945641646,1,1,4.327,3,"unchanged"
"SLC22A3",1.61632825057017,0.0213546922670438,4,0,2.17,1,"induced"
"SLC22A6",-1.8204698611999,0.0561742811897949,1.5,0.5,4.139,8,"repressed"
"SLC22A7",-1.31690604631225,0.366675388309366,1.4,0.8,4.332,5,"unchanged"
"SLC23A1",-1.69702891183349,0.0154969079768391,4.5,0,5.033,6,"repressed"
"SLC25A1",-0.937113399900769,0.0893252700689454,4.333,0,6.142,3,"repressed"
"SLC25A11",-0.369203634671363,0.276634005995256,3,0,3.527,1,"unchanged"
"SLC25A12",-0.0802352385580267,0.503667176762319,7,0,14.323,1,"unchanged"
"SLC25A17",0.0615561270363205,0.718943235334161,1,1,2.76,1,"unchanged"
"SLC25A20",-0.276667539243855,0.363650908193857,1,1,3.374,1,"unchanged"
"SLC25A29",0.40698949540468,0.142829099567527,2.286,0.571,3.904,7,"unchanged"
"SLC25A30",-0.791409691607872,0.0792120067574589,2.8,0,5.146,5,"repressed"
"SLC25A35",-0.331425236367191,0.384078930861094,2,0,3.681,1,"unchanged"
"SLC25A42",-1.33381425190964,0.0436187958598086,4,0,3.563,1,"repressed"
"SLC25A46",-0.0981929339142855,0.804872949832908,3,0,4.045,1,"unchanged"
"SLC25A47",0.717589405190523,0.0584444066561065,4.667,0,14.251,3,"induced"
"SLC25A5",-0.955992878725511,0.0858781973987289,3,0,4.095,5,"repressed"
"SLC26A10",1.24714568046906,0.0464630989825374,3.667,0,4.964,3,"induced"
"SLC26A2",-2.19861011086404,0.00810044516608624,1.5,0.5,3.499,6,"repressed"
"SLC26A4",-1.41291556560574,0.117821569927257,1,1,2.538,1,"unchanged"
"SLC26A9",3.45246401047099,0.00776685331295255,2,0,2.914,1,"induced"
"SLC27A1",-0.258236228429078,0.160419030416756,1,1,3.374,1,"unchanged"
"SLC27A4",-0.416616891317133,0.200300926986114,5,0,7.982,1,"unchanged"
"SLC28A1",-0.576001034346732,0.272600148805809,1.667,0.667,6.11,3,"unchanged"
"SLC29A2",-0.758381730173398,0.396756866056094,1,1,2.837,2,"unchanged"
"SLC2A1",0.219541400880235,0.357812593000941,7,0,7.084,1,"unchanged"
"SLC2A11",-0.704589313520665,0.224046628313992,4,0,5.577,3,"unchanged"
"SLC2A12",-0.344914660299255,0.229070367631063,5,0,3.635,1,"unchanged"
"SLC2A2",-0.705934089703088,0.403059478580935,1,1,3.681,1,"unchanged"
"SLC2A3",0.70204233736776,0.237158347217778,7,0,15.685,1,"unchanged"
"SLC2A9",-0.115223341338864,0.817301392193143,4.4,0,6.41,5,"unchanged"
"SLC30A2",-0.325367957548181,0.734498850910163,3.5,0,5.33,2,"unchanged"
"SLC30A4",-0.547847899765349,0.205814032277411,7,0,16.636,1,"unchanged"
"SLC30A9",-0.517054495019652,0.172185127622278,1,1,3.527,1,"unchanged"
"SLC31A1",-1.04533165405785,0.0295731823435628,3.333,0,3.486,3,"repressed"
"SLC34A1",-4.60348316592078,0.0158935235742152,1.2,0.8,5.167,5,"repressed"
"SLC34A2",3.22644129553735,0.0301250442402139,1.5,0.5,2.707,2,"induced"
"SLC35A1",-0.315359829371807,0.0773241210744189,7,0,16.938,1,"repressed"
"SLC35A2",0.239245970819904,0.184791614922267,6,0,2.423,1,"unchanged"
"SLC35A3",-0.182500872616909,0.773351698515539,2,0,4.195,1,"unchanged"
"SLC35B1",-0.0798993640600303,0.774890169847255,3.75,0.125,5.06,8,"unchanged"
"SLC35C1",0.230429788549857,0.14796005842746,4,0,3.745,1,"unchanged"
"SLC35C2",-0.049923022982461,0.768872957357824,3.2,0.4,4.974,10,"unchanged"
"SLC35E1",0.109208138497113,0.416748711179801,5.5,0,5.064,2,"unchanged"
"SLC35E3",0.520960184094058,0.339414518121174,1.667,0.667,3.649,3,"unchanged"
"SLC35E4",-0.397224815767802,0.23351636245677,5,0,2.939,1,"unchanged"
"SLC35F5",-0.81745341371894,0.0673951682945025,1,1,2.607,1,"repressed"
"SLC36A1",-0.398653969237102,0.167213638976676,6.5,0,7.241,2,"unchanged"
"SLC36A4",0.217776432825141,0.574157474959366,2,0,5.918,1,"unchanged"
"SLC37A1",0.489032157273806,0.153675694133337,3,0.667,7.144,3,"unchanged"
"SLC37A2",1.29871486852846,0.0777459463961132,5.333,0,7.406,3,"induced"
"SLC38A10",0.419893972682471,0.0945127849626101,1.5,0.5,3.744,4,"induced"
"SLC38A3",0.0104881621036919,0.986235717859171,1.5,0.5,4.141,2,"unchanged"
"SLC38A4",2.39960615651165,0.0242958055481675,4,0,2.607,1,"induced"
"SLC38A5",1.45966508603616,0.0804842515528704,6,0,8.895,1,"induced"
"SLC38A6",-0.020068092685853,0.941281174932427,2,0,3.067,1,"unchanged"
"SLC39A10",-0.160114600352371,0.423657307768512,7,0,23.757,1,"unchanged"
"SLC39A11",0.0832171819359475,0.773972739459835,2,0,3.374,1,"unchanged"
"SLC39A13",0.343978115411167,0.209041047238154,5.333,0,8.44,3,"unchanged"
"SLC39A5",-3.43821428445911,0.00409405845559333,2.5,0.5,3.731,2,"repressed"
"SLC39A8",-0.512127435967773,0.0744397064536526,3.5,0.5,5.326,2,"repressed"
"SLC3A2",0.236500961297808,0.604600483426086,5.5,0,2.683,2,"unchanged"
"SLC43A3",-0.473318220547511,0.10579184067398,2.667,0,3.091,6,"unchanged"
"SLC44A1",-0.265274003797818,0.21971252128223,4,0,3.451,2,"unchanged"
"SLC44A2",0.354199499384942,0.200804613234581,5.5,0,5.82,4,"unchanged"
"SLC44A3",0.287619056136985,0.388525295970722,5,0,4.104,2,"unchanged"
"SLC45A4",0.0108812716650224,0.974790328311191,5,0,4.871,4,"unchanged"
"SLC46A1",-0.626901347104405,0.126305041614698,1,1,3.13,2,"unchanged"
"SLC49A3",-0.147492301147428,0.574388689790701,4,0,3.221,1,"unchanged"
"SLC4A11",-0.0513007447504541,0.950510394715663,1.5,0.5,4.371,2,"unchanged"
"SLC4A1AP",-0.255899125299563,0.0603974433750443,1,1,2.718,1,"repressed"
"SLC4A2",-0.14523607903568,0.217390846032805,3,0,2.601,3,"unchanged"
"SLC4A3",-0.0758885090543036,0.782006144417837,6,0,10.187,1,"unchanged"
"SLC4A7",1.32298813978678,0.0197929391485239,4.333,0.111,3.708,9,"induced"
"SLC51A",1.97293157846162,0.0216465513148818,7,0,10.275,1,"induced"
"SLC51B",-1.48578104784484,0.101716190929061,2.667,0,4.646,3,"unchanged"
"SLC52A3",0.454215803979274,0.245987242994978,3,0,2.776,2,"unchanged"
"SLC5A11",-1.06587530221703,0.0484641404674161,1,1,3.987,1,"repressed"
"SLC5A12",-1.0622442655285,0.322675468939074,1,1,3.987,1,"unchanged"
"SLC5A9",0.177587682552162,0.767511054276447,2,0,3.681,1,"unchanged"
"SLC66A2",0.281512509499539,0.314758783857429,5,0,5.744,1,"unchanged"
"SLC6A1",-1.33641557946062,0.108446355722655,1.667,0.333,3.474,6,"unchanged"
"SLC6A11",-1.89281062013935,0.0258086378129451,2,0,4.33,3,"repressed"
"SLC6A13",-0.9249143613635,0.184210120231797,1.778,0.222,4.927,9,"unchanged"
"SLC6A17",0.139168738200385,0.758315575431194,4,0,3.062,2,"unchanged"
"SLC6A18",-2.24990422309888,0.0199338576510324,1,1,2.468,3,"repressed"
"SLC6A19",-2.66581062657499,0.0371734078131957,2.333,0,8.631,3,"repressed"
"SLC6A20",-0.924157031054134,0.237372909002363,1,1,5.76,2,"unchanged"
"SLC6A4",-0.172996750163253,0.718462078218655,1.714,0.429,5.069,7,"unchanged"
"SLC6A7",1.04389159812079,0.110607787254381,2.5,0,4.435,2,"unchanged"
"SLC6A9",1.11907468679029,0.0957023911415016,7,0,5.782,2,"induced"
"SLC7A13",-2.23145584053058,0.0636969423654887,1.6,0.4,5.38,5,"repressed"
"SLC7A5",2.558292997416,0.00409405845559333,5.5,0,7.515,2,"induced"
"SLC7A8",-1.16423097961129,0.0514348336931056,4.625,0.125,3.606,8,"repressed"
"SLC7A9",-1.50378484626744,0.0569193970851582,1.667,0.333,6.885,3,"repressed"
"SLC8A1",-0.74246966365943,0.13698061795561,3,0,4.601,1,"unchanged"
"SLC8A2",0.695590497557911,0.251353766379866,1,1,2.914,1,"unchanged"
"SLC9A1",0.7013887105398,0.0153392148220515,5.571,0,3.995,7,"induced"
"SLC9A3",0.0327902715843456,0.969764335074881,1.5,0.5,3.224,2,"unchanged"
"SLC9A3R1",-0.98731845006571,0.0288762176669726,4.25,0,3.49,4,"repressed"
"SLC9A5",1.30855429852927,0.0335223119645163,6,0,9.138,1,"induced"
"SLC9A6",-0.322072449411216,0.145374916339332,7,0,13.189,1,"unchanged"
"SLC9A8",0.0877003489902917,0.518240847812436,3.75,0,3.423,4,"unchanged"
"SLCO1C1",0.0299684340049341,0.954898661517701,2,0,5.48,2,"unchanged"
"SLCO2A1",1.07643882317254,0.0156880923918952,3,0.333,3.824,3,"induced"
"SLCO2B1",1.76655830508346,0.0126436194687842,3.333,0.111,4.373,9,"induced"
"SLCO3A1",0.894071538446593,0.151615277914712,3.25,0.167,3.315,12,"unchanged"
"SLCO4A1",1.71626288392406,0.00793978426049497,6.5,0,6.311,2,"induced"
"SLITRK1",-1.07973257000921,0.157790408332244,1,1,3.604,2,"unchanged"
"SLITRK2",-1.69045169480135,0.0253610109766304,7,0,14.262,1,"repressed"
"SLITRK4",-0.853483204775984,0.188900706100813,2,0,3.527,2,"unchanged"
"SLK",-0.16407275285428,0.491795248213682,2,0.5,3.072,2,"unchanged"
"SLX4IP",-0.444774511731352,0.0212989627745338,4.5,0,8.914,2,"repressed"
"SMAD1",0.404170842689899,0.0699864506684787,4,0,3.642,4,"induced"
"SMAD3",0.125334627013129,0.578463148924369,4,0.2,3.679,5,"unchanged"
"SMAD5",-0.150942801064471,0.510765020740912,3.4,0,3.313,5,"unchanged"
"SMAGP",0.256616581144056,0.27127012620109,2.75,0.25,4.87,4,"unchanged"
"SMAP1",-0.0179503507827388,0.916880422018138,5,0,8.22,2,"unchanged"
"SMARCA1",-0.57912111367841,0.0289731060615928,7,0,14.293,1,"repressed"
"SMARCB1",0.249651922114158,0.260918060943478,5,0,3.221,1,"unchanged"
"SMARCC1",-0.0268884845474417,0.848711968514114,5,0,3.527,1,"unchanged"
"SMARCD1",0.116704393598284,0.380185234513199,5,0,3.206,1,"unchanged"
"SMARCD3",0.756442378827474,0.0620139116272173,5.5,0,10.637,2,"induced"
"SMC2",0.16121439721497,0.468059363014837,3.5,0,2.884,2,"unchanged"
"SMG1",-0.200309483427927,0.395109052207731,2,0.5,3.232,2,"unchanged"
"SMG5",0.162148103510549,0.268120083232739,3,0,3.857,1,"unchanged"
"SMIM19",-0.412110354626888,0.056879273897975,5,0,4.045,1,"repressed"
"SMIM20",-0.621051800428543,0.0197929391485239,3,0,3.34,1,"repressed"
"SMIM22",1.25400372764865,0.0397923483525588,3.4,0.4,4.952,5,"induced"
"SMIM3",2.01621532966882,0.0048133053088007,4.75,0,6.627,4,"induced"
"SMIM30",0.0296502664324567,0.884695049875601,5,0,8.281,1,"unchanged"
"SMIM38",0.227913751081271,0.727109043178099,2.5,0,3.965,2,"unchanged"
"SMIM6",1.82472745484623,0.0370570713960606,5.667,0,3.801,3,"induced"
"SMO",0.131578729810367,0.494680143791114,7,0,8.742,1,"unchanged"
"SMOX",0.908534080485141,0.0121296261828912,2,0,4.908,3,"induced"
"SMPD2",-0.203364743310489,0.233957429979166,4,0,3.527,1,"unchanged"
"SMPDL3B",0.30932462424617,0.69065256031808,5,0,4.141,1,"unchanged"
"SMPX",-1.80701689716871,0.0227516502840965,1,1,3.63,3,"repressed"
"SMTNL2",0.285764154048154,0.318400201089239,4,0,4.84,1,"unchanged"
"SMURF2",0.148492069429312,0.448626265330658,2,0,3.067,1,"unchanged"
"SMYD1",-0.604481122106251,0.0590545231981035,3,0,2.423,1,"repressed"
"SMYD4",-0.342334107546739,0.157783770183276,3,0,8.799,1,"unchanged"
"SNAI1",1.07137823300724,0.0162831409125398,4,0,3.146,1,"induced"
"SNAP23",-0.193530558187928,0.27371115542112,3.25,0,3.555,8,"unchanged"
"SNAP47",-0.0265386739242937,0.897552366793357,4.5,0,5.262,2,"unchanged"
"SNAPC1",-0.0453689444878771,0.864393296842979,7,0,10.004,1,"unchanged"
"SNAPIN",0.28066974232822,0.140705083137671,4.75,0,8.879,4,"unchanged"
"SNCAIP",0.700354098783027,0.0983656772750392,5,0,2.538,1,"induced"
"SNED1",1.02841720734666,0.0515361497774472,4.5,0.25,4.174,4,"induced"
"SNN",0.402600176935375,0.419804631942116,5.667,0,3.834,3,"unchanged"
"SNRK",-0.421100961810708,0.0223095177481056,3.286,0.286,4.808,7,"repressed"
"SNRPC",-0.0409359857719416,0.816504805278098,3,0,5.214,1,"unchanged"
"SNRPD2",0.00232872887361335,0.992919683598905,7,0,2.745,1,"unchanged"
"SNRPD3",-0.338814113177776,0.0665321557882846,3,0,4.542,1,"repressed"
"SNTB2",0.135398561613817,0.602376483186047,2.333,0,3.718,3,"unchanged"
"SNU13",-0.247138386993279,0.10878259950654,2,0,2.846,1,"unchanged"
"SNUPN",0.00375577273005057,0.984540164134688,4.333,0,4.029,3,"unchanged"
"SNW1",-0.0869543352932061,0.461797605235782,5,0,3.745,1,"unchanged"
"SNX10",0.177870770008917,0.643020043787848,3,0,3.253,2,"unchanged"
"SNX15",-0.0569925237898241,0.794082473321565,5,0,3.067,1,"unchanged"
"SNX17",-0.219899902851253,0.100108373515859,3,0,2.846,1,"unchanged"
"SNX18",-0.0610394187514798,0.801956430447155,1,1,3.067,1,"unchanged"
"SNX19",0.0229938891669779,0.875796472101112,2,0,3.067,1,"unchanged"
"SNX20",2.10518213934917,0.0798276708024679,6.5,0,4.847,2,"induced"
"SNX21",-0.0719729178353496,0.743066143950822,7,0,12.078,1,"unchanged"
"SNX22",0.317684589376111,0.67358421454434,2.111,0.667,3.899,9,"unchanged"
"SNX31",-0.6161313927568,0.13306285906963,1,1,3.517,2,"unchanged"
"SNX33",-0.130344901555798,0.355195974619481,4.333,0,4.029,3,"unchanged"
"SNX7",-0.737123364802137,0.0289731060615928,7,0,14.216,1,"repressed"
"SNX9",-0.0193325200425782,0.941906248419849,4.5,0,3.906,4,"unchanged"
"SOAT1",1.34802951644971,0.0121444879987254,5,0,4.14,3,"induced"
"SOBP",0.917229378692948,0.0926253651952904,2,0,4.141,1,"induced"
"SOCS1",1.95553914716714,0.00577770871303924,5.75,0,3.937,4,"induced"
"SOCS4",0.535673958334106,0.0541621544190516,1,1,2.76,1,"induced"
"SOCS5",0.0535239085494612,0.760832689442117,3.4,0,3.377,5,"unchanged"
"SOCS7",-0.645097247565706,0.0311734940018665,1.333,0.667,3.476,3,"repressed"
"SOD1",-1.08746713583167,0.0436446623872153,2.8,0.2,3.468,5,"repressed"
"SOGA1",0.105068609191556,0.708576248435495,1.5,0.5,3.003,2,"unchanged"
"SORBS2",-0.0282147346454513,0.926501891467266,2.429,0.571,3.655,7,"unchanged"
"SORBS3",0.478190730600613,0.0570035748954199,5,0,8.138,2,"induced"
"SORD",-1.79186044153769,0.0197929391485239,3.5,0,9.485,2,"repressed"
"SORT1",-0.0478066253706757,0.910960115531898,4,0.25,3.97,4,"unchanged"
"SOS1",-0.0404180283875215,0.799581913406532,3,0,3.374,1,"unchanged"
"SOSTDC1",0.739458811525414,0.0905336197350588,1,1,3.492,2,"induced"
"SOWAHB",0.424062691860931,0.321044571012898,2.273,0.182,3.352,11,"unchanged"
"SOWAHC",-0.580645521509981,0.0488848459154072,5,0,3.451,2,"repressed"
"SOX13",-0.110795667784516,0.701125737099856,4,0,4.067,6,"unchanged"
"SOX17",-0.0407124969905084,0.917881037856896,6,0,17.023,1,"unchanged"
"SOX4",0.304878863647484,0.549826892992682,6.5,0,24.481,2,"unchanged"
"SOX7",-0.424035412178759,0.154171729406659,3.571,0,4.031,7,"unchanged"
"SP100",1.2802939891069,0.0189697804198601,7,0,6.554,1,"induced"
"SP2",0.0623367603781722,0.743913208959988,6.5,0,8.331,2,"unchanged"
"SP3",0.114216776442655,0.533190796325895,2,0,3.221,1,"unchanged"
"SP6",0.313703000542655,0.294065166586854,4.333,0,5.268,3,"unchanged"
"SPA17",0.0639861714787378,0.914376381011335,3.5,0,5.975,2,"unchanged"
"SPAAR",2.52701398689831,0.00327118314837507,5.5,0,7.105,2,"induced"
"SPAG6",1.57371463186152,0.0721023017520733,6,0,17.33,1,"induced"
"SPARC",1.31378406981151,0.043521603278735,4.556,0,5.184,9,"induced"
"SPARCL1",1.57260318547416,0.0125469047404911,3,0,3.191,2,"induced"
"SPAST",-0.123717791846663,0.314383878903314,7,0,15.428,1,"unchanged"
"SPATA13",-0.0619501072962958,0.735984401596684,1.6,0.4,3.481,5,"unchanged"
"SPATA16",-1.24102338289074,0.395973702072429,1,1,4.831,4,"unchanged"
"SPATA2",-0.423642358296515,0.0426892493539394,2.4,0.2,3.222,5,"repressed"
"SPATA24",-0.879959363769236,0.0354453785458302,4.5,0,5.033,6,"repressed"
"SPATA2L",0.212859089519609,0.426399274377693,7,0,10.418,2,"unchanged"
"SPATS2L",-0.271241586741785,0.373046955642697,2,0,3.987,1,"unchanged"
"SPC24",0.632291589010798,0.271738953837762,4.5,0,4.447,2,"unchanged"
"SPEF2",-0.198029712360523,0.650123667429676,1,1,5.906,1,"unchanged"
"SPEG",0.995115363011587,0.0336531499672259,6,0,7.16,2,"induced"
"SPHK1",0.877643035105645,0.0559628987332254,6,0,4.701,1,"induced"
"SPI1",2.05561331810846,0.0321178422322815,5.333,0,8.44,3,"induced"
"SPIB",4.04204885146729,0.0173837458248364,7,0,13.091,1,"induced"
"SPIN1",-0.0736626862353598,0.672030585257344,3.4,0.2,5.829,5,"unchanged"
"SPINDOC",0.105386114892287,0.665799417686656,2,0.714,4.358,7,"unchanged"
"SPNS2",-0.279591055395768,0.38215298323824,4,0.125,5.881,8,"unchanged"
"SPNS3",0.209759306692165,0.686134299010214,3.5,0,4.079,2,"unchanged"
"SPOCD1",0.351738647116843,0.574634989596565,3.667,0,3.394,3,"unchanged"
"SPOCK2",0.0252705199831,0.967060731392546,5,0,2.914,1,"unchanged"
"SPOCK3",-0.706888858041791,0.353722954561636,4,0,3.895,1,"unchanged"
"SPON2",1.30129318862945,0.0646909234837626,5.75,0,4.332,4,"induced"
"SPOP",-0.155947767902262,0.177140725746631,4,0,3.987,1,"unchanged"
"SPP2",-2.92936089834357,0.222209190553788,2.833,0,4.566,6,"unchanged"
"SPPL2B",-0.253999157067634,0.282656919838024,3,0,3.565,3,"unchanged"
"SPPL3",0.0932835340990268,0.459027198088521,2,0,4.701,1,"unchanged"
"SPRING1",-0.42078153790235,0.045902138135855,1.778,0.333,3.837,9,"repressed"
"SPRYD7",0.148599514798915,0.42622233858034,5,0,3.134,1,"unchanged"
"SPTAN1",-0.351224050631686,0.0906451413108044,2.4,0.4,3.477,5,"repressed"
"SPTBN1",-0.352229060481983,0.142114487892268,3.6,0,5.229,5,"unchanged"
"SPTBN2",-0.472301696276073,0.213557260071742,3,0,5.243,1,"unchanged"
"SPTBN4",0.122354609106215,0.809295674761829,5,0,4.383,2,"unchanged"
"SPTSSA",-0.109821821382776,0.624704006490491,2.625,0.125,3.574,8,"unchanged"
"SPX",-0.570529535041076,0.0636686952262715,7,0,10.521,1,"repressed"
"SQLE",-0.372185047840877,0.278327445251255,2,0,4.384,4,"unchanged"
"SRA1",0.147260754813345,0.401461918049099,7,0,3.221,1,"unchanged"
"SRC",0.399941953824797,0.0317680613081981,5,0,3.628,12,"induced"
"SRCIN1",0.977101199926516,0.150331865363516,4,0,5.38,1,"unchanged"
"SRD5A1",-0.430875974706645,0.0397892962661504,3,0,3.067,1,"repressed"
"SRD5A2",-1.3634196417557,0.133061655145771,1.25,0.75,5.053,4,"unchanged"
"SREBF2",0.10911546278969,0.718462078218655,5,0,3.595,1,"unchanged"
"SRGAP2",-0.0934027018928978,0.747805653397767,4,0,4.372,1,"unchanged"
"SRL",-0.912697785442343,0.0326118325042886,3,0,2.907,2,"repressed"
"SRPK2",0.0425099395192508,0.730509492447074,7,0,15.336,1,"unchanged"
"SRPK3",1.06257448123146,0.0396810970543105,5,0,7.821,2,"induced"
"SRRM2",-0.11091877914278,0.53657109717038,7,0,21.064,1,"unchanged"
"SRRM3",-1.79440672874321,0.00835591892055131,2,0,3.18,2,"repressed"
"SRSF1",-0.0171419835812339,0.891452401127127,2.25,0.5,4.703,4,"unchanged"
"SRSF10",0.0148742595347278,0.931906693761143,5,0,5.293,6,"unchanged"
"SRSF3",0.178425944665135,0.245720692355512,3,0,2.846,1,"unchanged"
"SRSF4",0.126486321390336,0.444407562739641,3.75,0,5.078,4,"unchanged"
"SRSF5",-0.176588451779956,0.360982170196737,1,1,2.247,1,"unchanged"
"SRXN1",0.727149443140688,0.0735609325737109,6,0,10.084,1,"induced"
"SSBP1",0.0556008351712967,0.649603507146044,1,1,3.451,2,"unchanged"
"SSBP3",0.0749369620832701,0.669320907835704,3.389,0.167,4.863,18,"unchanged"
"SSC4D",-0.0426880557754598,0.960114853158766,5,0,8.431,2,"unchanged"
"SSH2",1.18171913097659,0.00810044516608624,3.667,0,3.218,6,"induced"
"SSH3",0.0112448655668231,0.948699342353009,4,0,3.067,1,"unchanged"
"SSR1",-0.138018480359759,0.560186854270581,2,0,2.914,1,"unchanged"
"SSR2",0.0651932202001753,0.769128717576649,7,0,12.034,1,"unchanged"
"SSR4",0.40637978387542,0.260139342901358,7,0,11.502,1,"unchanged"
"SSTR2",-2.8481550565187,0.0105158300838607,3.5,0,4.69,2,"repressed"
"SSUH2",0.45222874222173,0.426170867328862,2.667,0,4.294,3,"unchanged"
"ST13",-0.67178356492319,0.0209812486455079,1,1,2.76,1,"repressed"
"ST3GAL1",0.474773107129872,0.0292827066519072,4,0,4.063,1,"induced"
"ST3GAL2",-0.140517194212292,0.456446488056429,3.25,0.25,6.411,4,"unchanged"
"ST3GAL5",-0.287290274993804,0.231732176978986,3.462,0.154,4.156,13,"unchanged"
"ST6GAL2",-0.178028817634932,0.704336322189276,3,0,3.987,3,"unchanged"
"ST6GALNAC3",-1.18991319514189,0.124404304756222,1,1,5.604,4,"unchanged"
"ST6GALNAC4",1.27983354657218,0.0197409500403066,7,0,10.683,1,"induced"
"ST8SIA1",1.0982453219546,0.139451333714752,1,1,3.834,1,"unchanged"
"ST8SIA4",0.122858454480972,0.841652616893227,7,0,9.887,1,"unchanged"
"ST8SIA5",-0.443038806341157,0.254173148748011,4,0,7.668,1,"unchanged"
"STAB1",0.484897130125153,0.174020338094682,4.667,0,4.456,9,"unchanged"
"STAB2",0.0724006926154466,0.918852295348887,1.6,0.4,4.271,5,"unchanged"
"STAC",-0.180922858882881,0.763121235421287,3.333,0,3.604,3,"unchanged"
"STAC2",0.98813354405039,0.0945501417804416,3,0,3.738,4,"induced"
"STAC3",1.17150407192024,0.0230294800587811,5,0,4.212,1,"induced"
"STAG3",0.718776973402423,0.350914399190896,5,0,10.198,2,"unchanged"
"STAMBP",0.114205323351311,0.392750394644041,7,0,29.821,1,"unchanged"
"STARD10",0.284120277311785,0.437962705960663,4.333,0,6.135,3,"unchanged"
"STARD13",0.368241870719882,0.159666746944383,7,0,18.876,1,"unchanged"
"STARD3NL",-0.105853371482671,0.615919064370151,1,1,4.261,3,"unchanged"
"STARD8",-1.01336281639934,0.00670220056546078,4.5,0,10.352,2,"repressed"
"STARD9",0.227043164287281,0.587587913564145,3.25,0,3.555,8,"unchanged"
"STAT2",0.351130723983139,0.194636694170825,4,0,3.834,1,"unchanged"
"STAT4",1.08718571124775,0.108351662549167,1,1,4.158,2,"unchanged"
"STAU1",-0.0572248998409233,0.628822080240188,5.5,0,15.761,2,"unchanged"
"STC1",-1.52453691672996,0.019803145149502,2.286,0,3.123,7,"repressed"
"STC2",0.646733560894802,0.161139057497312,5,0,5,1,"unchanged"
"STEAP3",0.916443749703161,0.00698531122215053,7,0,13.396,1,"induced"
"STIL",0.586621201270373,0.0940465370616175,7,0,6.15,1,"induced"
"STIM2",0.171149989926098,0.185415670971536,4,0,4.909,6,"unchanged"
"STIMATE",-0.0252405605532182,0.880925508883906,1,1,2.729,2,"unchanged"
"STING1",1.37046055737945,0.0416663030593841,5.333,0,5.879,3,"induced"
"STK10",1.28573950319798,0.02333425501345,6,0,6.629,2,"induced"
"STK17B",2.24995950792585,0.0156880923918952,4.667,0,3.783,3,"induced"
"STK3",-0.0355800191054989,0.886907664245507,2.5,0,3.21,2,"unchanged"
"STK32B",-0.206329480242631,0.481981925337773,2,0,3.31,2,"unchanged"
"STK32C",-0.312568596360282,0.53359318793888,4,0,7.168,4,"unchanged"
"STK38L",0.198486567075208,0.319814206965405,2,0,5.214,1,"unchanged"
"STK39",0.0674310527229682,0.797599541418146,7,0,16.266,1,"unchanged"
"STMN1",0.823374930689623,0.160690326462196,5,0,7.361,1,"unchanged"
"STOM",-0.271806844015199,0.318715141226753,4.286,0,3.826,7,"unchanged"
"STOML1",0.481853890942847,0.0447281812260952,3.5,0.25,3.078,4,"induced"
"STOML2",-0.338699272834187,0.0234777932192389,7,0,10.812,1,"repressed"
"STON1",0.293440110438728,0.591530459321773,5,0,4.447,1,"unchanged"
"STOX1",-0.919943108439433,0.00677539041992639,3,0,10.735,1,"repressed"
"STPG1",0.387271359570017,0.426472651670148,4,0,3.347,2,"unchanged"
"STRA6",-0.768866625556617,0.276075138705809,2.4,0.3,3.613,10,"unchanged"
"STRADA",0.289717657398367,0.16605122564322,2,0,3.221,1,"unchanged"
"STRADB",-0.59065640323165,0.221059227001729,2.125,0.625,5.006,8,"unchanged"
"STRN3",0.0311918481271904,0.91291317841816,5,0,2.607,1,"unchanged"
"STS",0.386928401482876,0.229994535162292,1,1,3.144,2,"unchanged"
"STT3B",-0.160482804823771,0.459157095031009,7,0,2.772,1,"unchanged"
"STUM",0.440619657452686,0.397445674034257,2,0,2.939,1,"unchanged"
"STX11",1.37117115053669,0.0370395342801982,7,0,10.786,1,"induced"
"STX1A",1.47016554463511,0.0199636855636103,2.75,0,2.983,4,"induced"
"STX1B",-0.332256824695945,0.347407054528403,4,0,6.742,1,"unchanged"
"STX3",-0.831478679842556,0.0235621663342889,3.273,0.091,5.154,11,"repressed"
"STX4",0.107912259631294,0.5668932898141,4,0,6.742,1,"unchanged"
"STX6",0.393563277536221,0.0626137057027038,3.167,0,3.975,6,"induced"
"STX7",-0.195718800340782,0.588425465762025,2.5,0,7.002,2,"unchanged"
"STXBP1",0.304210359963011,0.116850625984224,7,0,4.335,1,"unchanged"
"SUCLG1",-0.937040568046453,0.0252423058778933,1,1,2.404,1,"repressed"
"SUFU",-0.0391390650787358,0.831822200359083,2.333,0.667,4.645,3,"unchanged"
"SULF1",1.20620352438021,0.0837464750610979,2.5,0.5,3.451,2,"induced"
"SULF2",0.275137696768806,0.603733491964796,3,0,5.061,1,"unchanged"
"SULT1B1",-1.41032833617847,0.164252948760454,3.333,0,5.031,6,"unchanged"
"SULT1C2",-1.22340397596397,0.0572582355845164,1.625,0.5,3.442,8,"repressed"
"SUMO1",-0.571137301516292,0.00731756310893154,1,1,3.48,2,"repressed"
"SUN2",0.836378146782061,0.0111396223445771,6,0,4.973,1,"induced"
"SUPT3H",0.180002446277387,0.615422863940178,5,0,3.607,1,"unchanged"
"SUPT7L",-0.323482273656275,0.192904183814496,1,1,2.718,1,"unchanged"
"SUPV3L1",-0.103099974859493,0.578435251633852,6,0,4.82,1,"unchanged"
"SUSD1",-0.0418561020536785,0.877180621517084,4,0,3.987,1,"unchanged"
"SUSD4",-1.27882074594111,0.0121444879987254,1,1,3.527,1,"repressed"
"SUSD6",-0.0481307864685929,0.79081803933856,3.5,0,7.608,2,"unchanged"
"SUV39H1",0.639175497696999,0.0799920156940941,7,0,6.441,1,"induced"
"SUZ12",-0.0865244938915386,0.765772669190052,6,0,4.821,1,"unchanged"
"SV2C",-0.515950111495047,0.300620832567733,1,1,2.607,1,"unchanged"
"SVEP1",3.03981786908634,0.00509288658207903,1,1,2.837,2,"induced"
"SVIL",0.948845935828647,0.00753105946404048,2.571,0.143,3.523,7,"induced"
"SWAP70",0.275628651295943,0.15876459264227,3.5,0,3.124,2,"unchanged"
"SWSAP1",0.0598338309192874,0.779328685993785,2,0,3.527,1,"unchanged"
"SYAP1",-0.697422773124488,0.0950437442125729,2.6,0.4,8.189,5,"repressed"
"SYCE1L",-0.833447200745057,0.3634780051472,6,0,6.901,1,"unchanged"
"SYDE1",0.22809866438085,0.289977802963498,3,0,2.891,2,"unchanged"
"SYN1",0.759830832980243,0.154359500016009,4,0.5,6.27,2,"unchanged"
"SYN3",-1.70515975216372,0.0777459463961132,1,1,2.17,1,"repressed"
"SYNC",0.98157973743004,0.0135983527585162,5,0,5.214,1,"induced"
"SYNE3",0.850856772570802,0.0534326366070139,7,0,7.237,2,"induced"
"SYNE4",0.106510588895836,0.698789169087969,5,0,2.823,1,"unchanged"
"SYNGR1",-0.398164814349051,0.0475071344217997,7,0,6.039,1,"repressed"
"SYNJ2",1.14594919188499,0.0108056645043231,4.4,0,3.959,5,"induced"
"SYNPO",0.497206427091074,0.167213638976676,4.333,0,3.839,6,"unchanged"
"SYP",-0.764875085229766,0.0450474957923004,1,1,2.76,1,"repressed"
"SYT11",1.49300808481876,0.00851814989145768,7,0,5.422,1,"induced"
"SYT12",3.88163975656619,0.00626077304637086,3.5,0,3.43,4,"induced"
"SYT13",-0.242300337947417,0.768872957357824,1,1,2.319,1,"unchanged"
"SYT17",-0.521397179781915,0.0884261644610334,1,1,2.914,2,"repressed"
"SYT3",0.862055806811954,0.0975908243000296,4,0,3.375,1,"induced"
"SYT8",0.0710349205676333,0.88170459337267,6,0,5.063,2,"unchanged"
"SYTL1",0.915755880452599,0.159097787300541,6,0,3.374,1,"unchanged"
"SYTL3",-0.0384712962990559,0.971091605179539,3,0,3.719,3,"unchanged"
"SYTL4",0.244891199622769,0.314828334417151,7,0,10.889,1,"unchanged"
"SZRD1",-0.0479926942678208,0.747659049856016,2.2,0.5,4.029,10,"unchanged"
"TAAR1",-0.899293526451813,0.270322499383131,2,0,3.207,3,"unchanged"
"TAB1",-0.137922551623919,0.371688634060574,3.25,0,4.735,4,"unchanged"
"TAB2",-0.122099181385619,0.275210618988137,2,0.25,3.408,4,"unchanged"
"TAB3",-0.199583637306738,0.558201274804616,2.4,0.6,3.636,5,"unchanged"
"TACC2",-0.0347423197614845,0.924492737629551,7,0,9.968,1,"unchanged"
"TACC3",1.49226793407366,0.0221474447125904,6,0,7.111,1,"induced"
"TACO1",-0.280924960803106,0.421623505318089,2.5,0.75,7.496,4,"unchanged"
"TADA2A",0.281404055819962,0.0464475744451974,4,0,2.196,1,"induced"
"TADA2B",0.378654340594499,0.0526076695855016,3.333,0,3.885,3,"induced"
"TAF11",-0.0942448896790502,0.557783242497693,4,0,3.491,14,"unchanged"
"TAF1B",0.18632597194649,0.286790194309746,7,0,20.518,1,"unchanged"
"TAF1D",0.115884179278893,0.610292697963403,1,1,4.089,2,"unchanged"
"TAF5",-0.285645862058923,0.17128178457779,7,0,17.087,1,"unchanged"
"TAGAP",2.52714869978675,0.0105854976039101,6,0,5.674,1,"induced"
"TAGLN",1.34126445866681,0.026646308848004,2,0.5,3.834,2,"induced"
"TAGLN2",0.56618238471046,0.0141629003102845,7,0,9.578,1,"induced"
"TAL1",0.227539284176945,0.612665933526567,2,0.75,4.279,4,"unchanged"
"TANC2",-0.433753081976109,0.0808643859250289,3,0,3.834,1,"repressed"
"TANGO2",0.139650951264814,0.409226415523877,4.333,0,7.009,3,"unchanged"
"TANK",-0.0905547111166549,0.555732332706073,7,0,20.862,1,"unchanged"
"TAOK3",-0.0119680235927939,0.948793257990736,4.667,0,4.686,3,"unchanged"
"TARBP1",0.162143975549267,0.396212918229311,3,0.667,5.418,3,"unchanged"
"TARDBP",-0.0745736933016401,0.600042170051975,5,0,3.221,1,"unchanged"
"TARS2",-0.289582279580813,0.180892117622359,3.333,0.333,3.709,3,"unchanged"
"TASL",2.09894374887137,0.0278508428011452,2.25,0.25,4.112,4,"induced"
"TATDN1",-0.0577182680562869,0.657280457817613,7,0,23.577,1,"unchanged"
"TBC1D10A",-0.236646851369806,0.427207563437929,4.667,0,3.732,3,"unchanged"
"TBC1D10C",1.35226949340297,0.0653820812601504,6,0,3.452,1,"induced"
"TBC1D15",-0.267487259893072,0.529549933373346,1,1,3.466,7,"unchanged"
"TBC1D16",0.456017458541802,0.202995189641193,1,1,5.13,3,"unchanged"
"TBC1D20",0.0698109965520821,0.549050372526423,4,0,2.846,1,"unchanged"
"TBC1D24",0.165236404657972,0.626322578253921,3.857,0.143,3.166,7,"unchanged"
"TBC1D30",0.16849962888854,0.639068126794639,7,0,11.655,1,"unchanged"
"TBC1D4",-0.959938909715193,0.0407492337094649,7,0,21.061,1,"repressed"
"TBC1D8",0.350089173292068,0.197376236387527,3,0,4.754,1,"unchanged"
"TBC1D8B",-0.368998714281599,0.707603327879771,6,0,7.975,1,"unchanged"
"TBC1D9",0.506044383488165,0.0930109352988188,3,0,5.935,2,"induced"
"TBCA",-0.162007323693603,0.302506750419634,2,0,3.953,1,"unchanged"
"TBCB",0.242939862447189,0.254752180195177,7,0,8.742,1,"unchanged"
"TBCE",-0.133985711856749,0.589376583106512,1,1,3.527,1,"unchanged"
"TBCK",-0.174374900697898,0.28058332054027,2,0,3.874,1,"unchanged"
"TBL2",0.385394214335393,0.0125469047404911,6,0,12.597,2,"induced"
"TBP",-0.397161125146547,0.0888796958494696,2,0,3.221,1,"repressed"
"TBRG1",-0.483771893820599,0.109245541547324,1,1,4.538,6,"unchanged"
"TBX1",2.1449261978677,0.0317196793213829,3,0,4.444,3,"induced"
"TBX2",-0.109801198875916,0.631193871684476,3,0,4.349,2,"unchanged"
"TBX21",1.5901515895646,0.10429582732512,4.5,0,3.757,2,"unchanged"
"TBX3",0.096232494089957,0.759926920367544,3,0.5,4.141,2,"unchanged"
"TBXAS1",1.90404993879807,0.0095045340338583,1,1,3.338,2,"induced"
"TCAF1",0.408537544824921,0.383920789245921,6,0,13.771,2,"unchanged"
"TCEA1",-0.205068303107977,0.265242115721575,2,0,2.953,2,"unchanged"
"TCEA2",-0.316124774987402,0.0820851301893825,4,0,3.874,1,"repressed"
"TCEAL1",0.0866196930089087,0.578325630807379,6,0,3.527,1,"unchanged"
"TCEANC",-0.0697668306661194,0.762615861636997,1.6,0.6,4.018,5,"unchanged"
"TCF20",0.0235913090932485,0.847609484520504,5,0,10.738,2,"unchanged"
"TCF21",0.32641892355059,0.605518664770349,1.5,0.5,3.503,2,"unchanged"
"TCF23",-0.32569457921761,0.739080392452632,4,0,3.446,1,"unchanged"
"TCF7",0.635452089307523,0.428469998118595,6,0,4.601,1,"unchanged"
"TCF7L1",0.0138295962882022,0.967849830050751,1.333,0.667,3.092,6,"unchanged"
"TCFL5",-0.21501536313166,0.352195333636826,3,0.667,3.75,3,"unchanged"
"TCIM",-0.496441212961344,0.12074335390361,3,0,3.385,4,"unchanged"
"TCN2",-0.926768698771947,0.0220912522215913,1,1,3.473,1,"repressed"
"TCP11L1",0.0189799499705163,0.935409232629432,1.5,0.667,3.717,6,"unchanged"
"TCTE1",0.433917532634303,0.501979032191062,4,0,2.237,1,"unchanged"
"TCTN3",0.0132500003738203,0.948067837844689,1,1,3.551,1,"unchanged"
"TDP2",0.0358074682708169,0.889268961152461,1,1,3.051,1,"unchanged"
"TDRD7",-0.472853242132649,0.0359326695903402,1,1,6.163,2,"repressed"
"TDRD9",1.51267837489233,0.182780816135593,7,0,25.034,1,"unchanged"
"TEAD1",0.0381833387699846,0.926750044230752,4,0,3.067,1,"unchanged"
"TEC",-0.180395282441943,0.413378595189465,2.75,0.5,2.872,4,"unchanged"
"TECPR1",0.169777686252246,0.548700347407875,3,0,4.941,1,"unchanged"
"TEDC1",-0.466049244987476,0.191420605996274,6,0,5.101,1,"unchanged"
"TEF",-0.881861603659547,0.00698531122215053,6,0,4.841,1,"repressed"
"TEK",-0.114160013891897,0.728353311869996,3.125,0,3.633,8,"unchanged"
"TENT2",-0.00890251814521115,0.960035379799859,3,0,2.607,1,"unchanged"
"TENT4A",0.151532594213686,0.341666808273781,1,1,2.846,1,"unchanged"
"TENT4B",-0.900964016947146,0.0240579197277217,2,0.25,3.058,4,"repressed"
"TENT5B",-0.184575188582957,0.602234108292587,5,0,4.244,3,"unchanged"
"TERF2",-0.17915829932251,0.0865189883942141,3.667,0.111,4.485,9,"repressed"
"TESC",1.3475108519524,0.0660592700488777,4.75,0,3.606,4,"induced"
"TESK1",0.0396406609576196,0.845166880110878,4,0.167,3.697,6,"unchanged"
"TESPA1",0.0957005649478022,0.87461988415912,4,0,3.067,1,"unchanged"
"TET2",0.0572386358718191,0.822478157732756,6,0,4.644,1,"unchanged"
"TET3",-0.17712629511785,0.255955183949042,4,0,4.328,3,"unchanged"
"TEX22",-0.544515492018896,0.162196579898504,6,0,8.742,1,"unchanged"
"TEX35",-1.71758117638465,0.0154969079768391,3,0,5.693,1,"repressed"
"TFAP2A",0.161479603809617,0.564933534231485,2,0,5.27,1,"unchanged"
"TFAP4",0.229948046601796,0.508225196847344,2,0,3.681,1,"unchanged"
"TFDP1",0.0398925830544039,0.762615861636997,1,1,2.914,1,"unchanged"
"TFPI",-0.6364176266138,0.0767377576887523,1,1,4.045,1,"repressed"
"TFPI2",1.74693057904579,0.00900256111141386,2,0,2.697,1,"induced"
"TFRC",0.0334007275666455,0.961983354568322,5.571,0,4.838,7,"unchanged"
"TGFB1I1",1.04130149782625,0.0224144085431265,2.667,0,3.587,3,"induced"
"TGFB2",1.36999005862856,0.00655177768067473,5,0,3.296,1,"induced"
"TGFB3",1.23475187436331,0.02471047103765,6,0,4.882,1,"induced"
"TGFBI",1.65444867393436,0.00583861250673906,3,0,3.615,1,"induced"
"TGFBR1",0.273646815096143,0.181305458563012,6,0,4.408,1,"unchanged"
"TGFBR2",-0.103435865668633,0.659333480972814,3.077,0.308,3.876,13,"unchanged"
"TGFBR3",-0.438826289345873,0.183253789409845,1.333,0.667,3.681,3,"unchanged"
"TGFBRAP1",-0.0410076636467442,0.748955261953809,7,0,23.157,1,"unchanged"
"TGM3",2.60885057200763,0.0890166800938493,1.5,0.5,3.698,4,"induced"
"TGOLN2",0.0371614473835136,0.807562553630673,1,1,5.573,1,"unchanged"
"THAP3",0.148607527497517,0.625775128706359,4,0,3.374,2,"unchanged"
"THAP4",-0.560285453507886,0.0181678534324601,4,0,2.652,1,"repressed"
"THAP8",-0.356524644143883,0.0653659476999576,5,0,2.823,1,"repressed"
"THAP9",0.108820866341734,0.688937036748772,7,0,8.666,1,"unchanged"
"THBS2",1.64382433978621,0.0643043973481276,2.714,0.286,4.032,7,"induced"
"THEM4",-1.55080428208571,0.0393848059581539,3.667,0,5.083,3,"repressed"
"THEMIS2",0.486792534497856,0.305456487893472,5,0,3.851,2,"unchanged"
"THG1L",0.00842930891059845,0.970311448834683,7,0,13.013,1,"unchanged"
"THNSL2",-0.292050673562521,0.279747069647874,5,0,13.393,2,"unchanged"
"THOC2",-0.100698166413604,0.530596979736463,5,0,2.607,1,"unchanged"
"THOC5",0.152037108934723,0.326493726820025,2,0,4.524,2,"unchanged"
"THRA",-0.727849219280263,0.00330146632416522,4,0,14.665,1,"repressed"
"THSD1",-0.685511080599107,0.136083236912908,1,1,2.914,1,"unchanged"
"THSD4",0.233232446775934,0.414566789798527,3,0,4.244,2,"unchanged"
"TIAL1",-0.0803386571566422,0.506152869014441,6,0,2.652,1,"unchanged"
"TICAM1",0.0492518990024724,0.786271016349268,6,0,3.563,1,"unchanged"
"TICRR",0.985569714807829,0.0656799585869116,4,0,3.382,2,"induced"
"TIFA",1.62420326541295,0.0239676095514203,6,0,5.878,1,"induced"
"TIGD2",-0.246545921228777,0.331728352294674,3,0,4.754,1,"unchanged"
"TIGIT",2.97655176932573,0.0189036918046824,2,0.5,3.26,2,"induced"
"TIMD4",2.27660521466542,0.0353646636007993,2,0,2.805,1,"induced"
"TIMM10B",0.181751488460024,0.444324013973737,4.5,0,9.16,2,"unchanged"
"TIMM13",0.0193502663246825,0.91270838580878,5,0,3.099,2,"unchanged"
"TIMM17A",-0.344332731796087,0.406053379488729,5.2,0,5.007,5,"unchanged"
"TIMM17B",0.0821364251285495,0.699722637563394,6,0,2.423,1,"unchanged"
"TIMM21",-0.431077747774561,0.0249170080369284,1,1,2.76,1,"repressed"
"TIMM9",-0.178226440625755,0.452431209625445,1,1,3.834,1,"unchanged"
"TIMP1",2.97289309426881,0.00521674962531086,5.667,0,4.652,3,"induced"
"TIMP3",0.918100491146735,0.0234359866434948,4,0,5.338,2,"induced"
"TINAG",-2.25970886118294,0.0154969079768391,1.5,0.5,6.188,4,"repressed"
"TIRAP",0.0620989777047591,0.71661349343591,7,0,23.771,1,"unchanged"
"TLCD3A",-0.0883763143244725,0.701495920440725,1,1,3.144,2,"unchanged"
"TLCD5",0.421278162960901,0.230595270498914,5,0,3.733,1,"unchanged"
"TLDC2",-1.74416013342321,0.027473965702495,1.5,0.5,3.003,2,"repressed"
"TLE1",0.712843024267106,0.0259079977966257,1.5,0.5,3.144,2,"induced"
"TLE2",0.168948393905803,0.639296302191338,4.5,0,4.496,4,"unchanged"
"TLK1",-0.195687165076059,0.260214313786935,2.333,0.667,4.794,3,"unchanged"
"TLL2",-1.58280864219168,0.0197929391485239,1.5,0.5,3.067,2,"repressed"
"TLR3",0.306052344124001,0.442789872127896,6,0,5.529,2,"unchanged"
"TM2D2",0.203525228821844,0.198220266491147,3,0,3.296,1,"unchanged"
"TM4SF1",0.471254987899624,0.138103374386623,3.667,0,3.675,6,"unchanged"
"TM4SF18",-0.348252771209064,0.334287209308458,2,0.167,3.86,6,"unchanged"
"TM6SF1",0.572781224779875,0.244468703010988,3,0,3.221,2,"unchanged"
"TM7SF3",-0.532405956480644,0.120864308364085,1.6,0.5,3.525,10,"unchanged"
"TM9SF3",-0.185736328442275,0.531898520522452,2.25,0.5,4.247,4,"unchanged"
"TM9SF4",-0.137240228015679,0.225421076558518,7,0,19.196,1,"unchanged"
"TMA16",0.347679093746609,0.0757248753056251,1,1,2.76,1,"induced"
"TMC6",-0.0482705105031824,0.803872625407002,3,0,3.608,1,"unchanged"
"TMCC1",0.299769060195429,0.0720562278418992,3,0,3.374,1,"induced"
"TMED1",0.101846757068468,0.63866500182055,2.5,0,2.914,2,"unchanged"
"TMED10",0.0847972327665572,0.618590044026361,3,0.429,5.036,7,"unchanged"
"TMED6",-0.785537370374669,0.378093464677391,7,0,20.064,1,"unchanged"
"TMED9",0.198354786576884,0.149580760276303,7,0,5.161,1,"unchanged"
"TMEM100",0.972140344553722,0.051965663694011,3,0,3.911,2,"induced"
"TMEM102",-0.365274195112309,0.265523315273193,5,0,3.595,1,"unchanged"
"TMEM106A",-0.80083101851667,0.00891271954032265,2.4,0.4,4.747,5,"repressed"
"TMEM106B",-0.416389589326831,0.27371115542112,2,0,3.374,1,"unchanged"
"TMEM106C",-0.247772726318343,0.231732176978986,3,0,3.744,1,"unchanged"
"TMEM116",-1.18885353411123,0.0371734078131957,1.222,0.778,4.716,9,"repressed"
"TMEM119",2.06709021532399,0.0158811821882055,3,0,3.74,3,"induced"
"TMEM120B",-0.497829212257536,0.170514223938325,3,0.333,3.884,6,"unchanged"
"TMEM121",0.703455122162139,0.140196489485557,6,0,3.745,1,"unchanged"
"TMEM125",-0.103129626641527,0.830908767916144,1,1,3.987,1,"unchanged"
"TMEM129",0.331292333253156,0.0459748272006041,6,0,7.111,1,"induced"
"TMEM130",0.164945699181091,0.797599541418146,2,0.333,4.68,3,"unchanged"
"TMEM139",-1.76675545215557,0.0162831409125398,3,0,3.834,1,"repressed"
"TMEM143",-0.486100810783675,0.0539443273954416,4,0,3.706,2,"repressed"
"TMEM144",0.768106911701089,0.0863269046779231,7,0,5.183,1,"induced"
"TMEM150B",1.47660149952849,0.0237041501647449,5.667,0,8.093,3,"induced"
"TMEM150C",1.36655491900935,0.0736024985915653,3,0,4.192,3,"induced"
"TMEM156",2.26264683166945,0.0231831065586347,5,0,9.524,4,"induced"
"TMEM160",-0.00100058499287092,0.997928849622522,3,0,2.796,1,"unchanged"
"TMEM17",0.334026513277903,0.197556194260314,4.286,0.143,6.285,7,"unchanged"
"TMEM170A",-0.222894966136954,0.560439958290409,4,0,5.222,2,"unchanged"
"TMEM171",0.448613618674791,0.331586815681798,3,0,3.374,1,"unchanged"
"TMEM174",-1.02828004052804,0.210576642619687,1,1,3.363,2,"unchanged"
"TMEM175",-0.159049942711594,0.383960817238439,1.5,0.5,3.063,2,"unchanged"
"TMEM177",0.447641076249083,0.262846686948942,3.5,0,3.871,2,"unchanged"
"TMEM178A",-0.819342665084231,0.122729402028178,2.5,0,2.876,2,"unchanged"
"TMEM178B",-0.989489371513866,0.108146933266541,1.364,0.818,4.025,11,"unchanged"
"TMEM179",1.74923783712977,0.0632578233593014,4.667,0,4.192,3,"induced"
"TMEM179B",-0.19587325014558,0.214969117590308,2,0,2.846,1,"unchanged"
"TMEM181",1.30874992193911,0.00402024589363734,5,0,8.281,2,"induced"
"TMEM184A",-0.865112019269608,0.070448391479059,7,0,12.897,1,"repressed"
"TMEM184C",-0.575112813157692,0.0769262956889678,1,1,3.604,2,"repressed"
"TMEM186",0.155434149563167,0.492565230288766,3,0,4.033,1,"unchanged"
"TMEM187",-0.598431362372011,0.0548445071463114,4.8,0,5.521,5,"repressed"
"TMEM19",-0.0895085669875266,0.793432127814179,3,0,3.067,1,"unchanged"
"TMEM200C",-0.122976121021323,0.899206010575703,1.333,0.667,2.751,3,"unchanged"
"TMEM201",0.217182999403152,0.199066707585306,5,0,3.358,4,"unchanged"
"TMEM205",-0.138310972681282,0.666019870361839,2,0,3.527,1,"unchanged"
"TMEM207",-1.34228270178405,0.0940259056502073,1,1,2.944,2,"repressed"
"TMEM208",-0.201253057618872,0.267254161714329,6,0,9.138,1,"unchanged"
"TMEM209",-0.0983388150299804,0.655899131904717,4.333,0,4.856,3,"unchanged"
"TMEM213",-1.29539751414247,0.00823889070907114,1.389,0.833,4.029,18,"repressed"
"TMEM214",0.231725691529167,0.208431116683771,5,0,4.42,1,"unchanged"
"TMEM218",-0.236049910546279,0.183253789409845,3,0.5,5.444,2,"unchanged"
"TMEM222",-0.029917733348011,0.876567051381926,2,0,5.214,1,"unchanged"
"TMEM231",0.169558402751772,0.469966369755477,7,0,10.211,1,"unchanged"
"TMEM243",-0.000725665364307737,0.996717214490695,3,0,2.607,1,"unchanged"
"TMEM252",1.44639036087283,0.0720821546809943,2,0,3.947,2,"induced"
"TMEM254",-0.123091812287517,0.659609541097186,5,0,3.987,1,"unchanged"
"TMEM26",-0.81098507393365,0.121304918765444,2,0.333,3.378,6,"unchanged"
"TMEM265",0.125736323942531,0.633449157275333,1,1,3.346,2,"unchanged"
"TMEM267",0.0503831600430646,0.820669506985718,5,0,5.424,2,"unchanged"
"TMEM268",0.83346983663111,0.144943161966779,5.667,0,7.9,3,"unchanged"
"TMEM273",1.88364360405726,0.0271308113002908,4,0,3.297,2,"induced"
"TMEM35A",0.423280505256206,0.248593891860116,7,0,10.889,1,"unchanged"
"TMEM35B",1.04376940703073,0.0535445443423943,7,0,18.666,1,"induced"
"TMEM37",-0.643963276203225,0.144917654038172,3,0,4.66,1,"unchanged"
"TMEM41B",0.000828867452008275,0.998839277726951,6,0,9.088,2,"unchanged"
"TMEM42",0.147991317760285,0.517023921281481,2.5,0,3.156,2,"unchanged"
"TMEM44",0.702644764175604,0.194888621276591,7,0,15.796,1,"unchanged"
"TMEM45B",-0.453444725160985,0.348353806287484,5,0,3.397,1,"unchanged"
"TMEM52",1.14234597921536,0.0934862623839326,7,0,9.642,1,"induced"
"TMEM52B",-1.84087978121236,0.0277099180794711,1.5,0.5,3.865,4,"repressed"
"TMEM53",-0.0858233345049202,0.830082942294495,3.667,0,6.047,3,"unchanged"
"TMEM59L",2.07075172273982,0.0323713823341548,3,0,5.992,1,"induced"
"TMEM63A",-0.28739549640976,0.138450743039929,7,0,6.134,1,"unchanged"
"TMEM63C",-0.160161614027815,0.788669481066583,6.25,0,4.76,4,"unchanged"
"TMEM65",-0.18999210816144,0.462115711515622,1.333,0.667,3.348,3,"unchanged"
"TMEM67",-0.500689672008661,0.145586637231976,1,1,3.638,2,"unchanged"
"TMEM70",-0.168847321327711,0.533076887695654,7,0,10.084,2,"unchanged"
"TMEM72",-1.63347980123127,0.00954731099840168,1.455,0.545,4.713,11,"repressed"
"TMEM79",-0.27820440180116,0.571341350628899,3,0,3.857,1,"unchanged"
"TMEM82",-0.851236635570076,0.112771775564094,5.667,0,9.68,3,"unchanged"
"TMEM87A",0.188789793098194,0.10429582732512,1.5,0.5,3.371,4,"unchanged"
"TMEM9",-0.615541153600602,0.0162849898496127,5,0,7.64,1,"repressed"
"TMEM94",-0.271303754360494,0.0781680615154118,1,1,3.527,1,"repressed"
"TMEM98",-0.730695379438808,0.0194312438148758,7,0,4.42,1,"repressed"
"TMIGD1",-0.311110835070486,0.519754732792997,5,0,8.281,1,"unchanged"
"TMOD2",-0.21105270638634,0.650270596255934,5,0,3.495,1,"unchanged"
"TMPO",-0.0525581678026628,0.804872949832908,7,0,15.527,1,"unchanged"
"TMPRSS13",1.67528439481237,0.0896636784274363,4.5,0,5.619,2,"induced"
"TMPRSS15",-3.67189463474118,0.014868352526799,1,1,4.494,1,"repressed"
"TMPRSS2",-0.155750355227529,0.711037563136026,4,0,3.874,1,"unchanged"
"TMSB10",0.905579474152364,0.0916506279641137,4,0,3.683,2,"induced"
"TMTC1",-0.540975659032138,0.0281604421995401,1,1,4.447,1,"repressed"
"TMTC2",1.37913696685397,0.0153748728377728,2,0,3.495,1,"induced"
"TMUB2",0.191586086322243,0.108850046304701,5,0,4.195,1,"unchanged"
"TNC",2.69213043835915,0.0307173588380016,4,0,3.987,1,"induced"
"TNFAIP1",0.0809468961575277,0.652000271703892,3,0,4.644,1,"unchanged"
"TNFAIP3",0.988663516366014,0.0157846824161605,1.333,0.667,3.421,3,"induced"
"TNFRSF11A",1.39092202916191,0.0198308810469827,5.167,0,4.241,6,"induced"
"TNFRSF13B",2.40673515536871,0.071597016671302,5,0,2.33,1,"induced"
"TNFRSF13C",2.8039507499595,0.070889689971251,5,0,3.458,3,"induced"
"TNFRSF14",0.282563741156308,0.496292933080611,5,0,4.984,2,"unchanged"
"TNFRSF17",0.234704552869609,0.683432824699281,1,1,3.374,1,"unchanged"
"TNFRSF19",0.283350898625816,0.556223115081139,4.25,0,6.164,4,"unchanged"
"TNFRSF1A",0.681235149195947,0.0119390606348893,6.5,0,10.483,4,"induced"
"TNFRSF21",1.08040486277743,0.0248548919072436,3.5,0,3.407,2,"induced"
"TNFRSF25",0.733122777379487,0.235323994231864,5.5,0,4.229,2,"unchanged"
"TNFRSF9",-0.244051372925218,0.493699456706785,7,0,22.117,1,"unchanged"
"TNFSF10",-0.0203132353683619,0.965504442300684,1.5,0.5,2.837,2,"unchanged"
"TNFSF13B",1.77822425479185,0.0128584544723351,1,1,2.454,1,"induced"
"TNFSF15",2.20290614610289,0.00353711993599745,4,0,4.856,3,"induced"
"TNIP1",-0.185211769513907,0.250846752556066,4.333,0.111,4.49,9,"unchanged"
"TNK1",0.451661918767857,0.153647386282609,6,0,3.623,1,"unchanged"
"TNKS1BP1",0.907741943197032,0.0176931143007265,5.75,0,5.785,4,"induced"
"TNNI2",0.65616693086174,0.244234988946154,4,0.182,4.626,11,"unchanged"
"TNNT2",0.277626089600591,0.678019198691543,3,0,2.535,2,"unchanged"
"TNPO1",-0.405565754093765,0.206065578159666,3.25,0,9.123,4,"unchanged"
"TNPO2",0.122329011173254,0.253623713224977,6.333,0,8.346,3,"unchanged"
"TNRC6A",-0.0282520690337513,0.889401386696199,4.25,0,3.769,4,"unchanged"
"TNS1",0.162250390615439,0.633449157275333,5,0,3.5,3,"unchanged"
"TNS2",0.379953253065205,0.21360560986018,5.5,0,5.237,2,"unchanged"
"TNS3",0.205618971106422,0.403469665212034,2,0,1.916,1,"unchanged"
"TNXB",0.861015820381346,0.0935366453128856,5.333,0,6.477,3,"induced"
"TOLLIP",-0.191665778730704,0.228952566773904,7,0,5.214,1,"unchanged"
"TOM1L1",-0.853942404384228,0.0484641404674161,6,0,7.789,1,"repressed"
"TOM1L2",-0.368996343302767,0.0532488931682245,3.2,0.2,5.056,5,"repressed"
"TOMM22",-0.339104430635924,0.0352126130323532,3.5,0,3.568,2,"repressed"
"TOMM40",-0.134850572896646,0.651211623149527,4.8,0,4.754,5,"unchanged"
"TOMM6",-0.139452100028628,0.468594963380653,5,0,3.374,2,"unchanged"
"TOMT",-0.691049713973203,0.261276149404615,4.5,0,3.214,2,"unchanged"
"TOP1",-0.245294799291417,0.127475090772062,3.667,0.333,4.035,6,"unchanged"
"TOP2B",0.234733979324737,0.219724657590437,7,0,10.788,1,"unchanged"
"TOR1A",0.0818194961279062,0.579916861058807,3.25,0,3.356,4,"unchanged"
"TOX3",-0.628174612664561,0.0698038735192814,1,1,3.731,4,"repressed"
"TP53I11",0.117848084103539,0.707603327879771,3.333,0.238,4.593,21,"unchanged"
"TP53INP1",0.744908012841292,0.0723447830805805,2,0,3.895,2,"induced"
"TPD52",-0.204105961708672,0.588311030575954,1,1,3.834,1,"unchanged"
"TPD52L1",-0.104137619557629,0.903433628446515,6,0,3.169,1,"unchanged"
"TPK1",0.454207295068,0.0804959982002191,5,0,2.805,1,"induced"
"TPM2",1.06387731821381,0.0409431042564798,6.5,0,6.433,2,"induced"
"TPM3",0.282867199323756,0.190409057896709,4,0,2.939,1,"unchanged"
"TPM4",1.28769525145379,0.00680787315136597,7,0,7.821,1,"induced"
"TPPP3",-0.0187162744738889,0.971575244245922,6,0,5.547,2,"unchanged"
"TPRG1L",-0.140801183710597,0.653552742485008,2,0,3.681,1,"unchanged"
"TPRKB",-0.227396676895899,0.115239290862625,7,0,29.821,1,"unchanged"
"TPX2",1.6349920537946,0.0162831409125398,3.444,0.111,3.283,9,"induced"
"TRABD",0.383432235075806,0.0571980941635364,4,0,4.294,1,"induced"
"TRAF3",0.434300573505398,0.077166502920966,2,0,3.681,1,"induced"
"TRAF3IP2",0.333056440962464,0.0771857008492483,7,0,10.211,1,"induced"
"TRAF3IP3",0.105616260213529,0.895872233378438,4,0.25,5.064,4,"unchanged"
"TRAF6",-0.0646048695723347,0.715590431726879,2.333,0,3.639,3,"unchanged"
"TRAFD1",-0.159982750233248,0.266802208409816,5,0,5.96,1,"unchanged"
"TRAK1",-0.111006796529186,0.432001202071276,4,0.25,6.697,4,"unchanged"
"TRAK2",-0.502746933373843,0.0484641404674161,2.125,0.625,5.006,8,"repressed"
"TRAPPC1",-0.115383377906739,0.633449157275333,3,0,3.34,1,"unchanged"
"TRAPPC11",-0.0460213162012009,0.821911329769833,3,0,3.446,1,"unchanged"
"TRAPPC12",0.092475028145059,0.628015219709227,3,0,1.757,1,"unchanged"
"TRAPPC14",0.183802304512082,0.24694583494644,7,0,17.023,1,"unchanged"
"TRAPPC5",-0.116114431042258,0.51028545197444,7,0,6.588,1,"unchanged"
"TRAPPC6B",-0.0794887589527868,0.788840783653104,7,0,19.126,1,"unchanged"
"TRAPPC8",-0.20882871150619,0.454628213621717,1.5,0.5,4.093,2,"unchanged"
"TRARG1",0.641553956825969,0.406336724327964,2.714,0.143,4.155,7,"unchanged"
"TRDMT1",0.199753006239609,0.522820839768494,5,0,11.316,2,"unchanged"
"TREM2",3.12606704402701,0.0223095177481056,1,1,3.221,1,"induced"
"TREML1",1.74673924722806,0.0689907245197935,1,1,3.221,1,"induced"
"TRERF1",0.593733064675164,0.174067717284116,6,0,5.243,1,"unchanged"
"TREX1",0.181409869848734,0.561859231416129,1.25,0.75,3.855,4,"unchanged"
"TREX2",-0.0347539495375107,0.908159986495904,5.333,0,6.083,3,"unchanged"
"TRIB1",0.210638168632043,0.618047044030281,4,0.333,5.226,3,"unchanged"
"TRIL",-0.262073969991086,0.564056370225223,1,1,3.077,8,"unchanged"
"TRIM13",0.207378886824905,0.363895553334315,5,0,3.134,1,"unchanged"
"TRIM2",0.234525478273715,0.557418447939419,4,0,3.681,2,"unchanged"
"TRIM25",0.483998574310939,0.0732025113237811,3,0,5.061,1,"induced"
"TRIM29",1.00640394124436,0.290993584671036,2,0,2.76,1,"unchanged"
"TRIM3",0.347187171485098,0.11435748127441,2,0,2.808,1,"unchanged"
"TRIM4",-0.148314121637271,0.556582269609867,7,0,7.609,1,"unchanged"
"TRIM44",0.0178192316664534,0.914763005053288,3,0,2.745,1,"unchanged"
"TRIM47",0.305998122963732,0.0459452603555016,2,0,5.828,1,"induced"
"TRIM5",0.383726924566157,0.147285643563003,7,0,10.848,1,"unchanged"
"TRIM50",-2.32218391164035,0.00771152118155691,3,0,6.251,1,"repressed"
"TRIM52",0.703547267161328,0.0698788804213046,7,0,15.916,2,"induced"
"TRIM56",0.116231900018218,0.373995162913139,6,0,8.036,2,"unchanged"
"TRIM66",-0.860365482828605,0.0890151145571034,1.5,0.5,2.81,2,"repressed"
"TRIO",0.519999084156825,0.0347670199242918,3.118,0,3.736,17,"induced"
"TRIT1",-0.269773610417256,0.172109297170175,3,0.286,4.484,7,"unchanged"
"TRMT10A",-0.490277668400596,0.239952885950027,3,0,3.681,1,"unchanged"
"TRMT44",-0.00282965089728826,0.990380842412589,1.667,0.333,3.958,3,"unchanged"
"TRMT5",-0.404720523468837,0.143126394262777,2,0,3.067,1,"unchanged"
"TRMT6",0.439058730033112,0.0245984270450917,1,1,2.805,1,"induced"
"TRMT61A",0.32359265145404,0.0675238863846414,6,0,4.291,1,"induced"
"TRMU",0.247264065940263,0.103355618207388,4,0,2.538,1,"unchanged"
"TRNAU1AP",-0.331843676125971,0.198141399229612,7,0,9.242,1,"unchanged"
"TRNT1",-0.261924336242794,0.190699872416517,7,0,10.283,1,"unchanged"
"TRPC1",0.161654576864549,0.615790887457517,5,0,4.348,1,"unchanged"
"TRPC6",1.10481103605098,0.107219124252137,6,0,5.828,1,"unchanged"
"TRPM2",1.6030554911537,0.0166137631391334,5,0,2.914,1,"induced"
"TRPM3",0.240860283662538,0.704311439553746,2,0,2.531,1,"unchanged"
"TRPM4",0.222570797517955,0.351643703276323,7,0,21.722,1,"unchanged"
"TRPM5",-2.13702740340826,0.0134067645822225,5,0,5.674,1,"repressed"
"TRPT1",-0.728469959833912,0.0231115242562938,1.5,0.5,3.451,2,"repressed"
"TRPV2",1.65379859018898,0.0194530216514743,5,0,8.665,2,"induced"
"TRPV3",-0.842442835417691,0.107168493305567,4,0,3.978,6,"unchanged"
"TRPV4",0.109179495804155,0.680443923415295,2,0,3.681,1,"unchanged"
"TRPV5",-0.209084002579963,0.741063241674575,4,0,3.221,1,"unchanged"
"TRPV6",0.674361954114018,0.110853866182475,4,0,3.221,1,"unchanged"
"TRUB2",-0.467958866897449,0.0426925450429777,4,0,4.498,3,"repressed"
"TSEN15",-0.189689470344722,0.358881319339643,1,1,2.196,1,"unchanged"
"TSEN2",-0.206601486986306,0.237733318760133,3,0,3.221,1,"unchanged"
"TSFM",-0.0685508113958857,0.831364620742575,2,0,4.141,1,"unchanged"
"TSHZ3",0.217613245714051,0.551557771892573,4,0,8.429,1,"unchanged"
"TSNAXIP1",0.898052148401926,0.0853867651344787,3,0,2.607,1,"induced"
"TSPAN1",-0.323891714362148,0.265242115721575,3,0,3.874,1,"unchanged"
"TSPAN10",-1.16009952427431,0.0234777932192389,5,0,3.293,1,"repressed"
"TSPAN12",-0.601296541780443,0.0194530216514743,5,0,13.557,2,"repressed"
"TSPAN13",0.130163040124586,0.719421125725574,4.5,0,3.144,2,"unchanged"
"TSPAN14",0.457867212043642,0.0158070313831402,2,0.5,3.618,2,"induced"
"TSPAN15",0.73191142750315,0.11662410554183,4.857,0,4.574,7,"unchanged"
"TSPAN18",0.607523000406307,0.210058960168075,2,0,4.601,1,"unchanged"
"TSPAN2",0.0687687265016401,0.851528912712565,4.6,0,3.437,5,"unchanged"
"TSPAN31",0.054683702939184,0.671078812140894,6,0,7.055,1,"unchanged"
"TSPAN33",-0.709403262742307,0.0596884990688632,3,0,7.246,4,"repressed"
"TSPAN5",-0.599250467369783,0.0799512230428823,1,1,2.42,1,"repressed"
"TSPAN6",-0.174056456565825,0.470571152396583,7,0,8.588,1,"unchanged"
"TSPAN7",-0.598789231357168,0.029664218267744,2,0.5,3.784,2,"repressed"
"TSPAN8",0.519295311275913,0.242999273971394,2.667,0.333,3.374,3,"unchanged"
"TSPAN9",0.0271472257790597,0.88881906821124,3.667,0,7.094,3,"unchanged"
"TSPOAP1",-0.181385322926201,0.487597681846264,6,0,11.296,1,"unchanged"
"TSR3",-0.345175710498708,0.117486993311258,6.5,0,7.515,2,"unchanged"
"TSSC4",0.247752516611828,0.233876882170254,3,0,11.535,1,"unchanged"
"TST",0.420486300434855,0.333026037567278,3,0,3.537,2,"unchanged"
"TSTD1",-0.536805577910622,0.0799634345403793,1,1,2.607,1,"repressed"
"TSTD3",-0.586289518904909,0.19790245416436,7,0,9.401,1,"unchanged"
"TTBK2",-0.46317542951006,0.0870700480135168,1.333,0.667,3.204,3,"repressed"
"TTC13",0.445916730889651,0.0458892371478637,2,0,3.374,1,"induced"
"TTC16",0.02060537810747,0.956818774243886,7,0,4.857,1,"unchanged"
"TTC23L",0.934253885490392,0.0591074799874075,1,1,3.155,2,"induced"
"TTC28",0.223022450792151,0.443585071907784,1,1,4.257,2,"unchanged"
"TTC30B",-0.222880036416979,0.496010656452995,3,0,3.803,3,"unchanged"
"TTC37",-0.579533990182342,0.0781463962629694,1,1,4.677,2,"repressed"
"TTC38",-1.18351097406239,0.047843353578036,4.75,0,7.887,4,"repressed"
"TTC39A",2.11341244018839,0.0048133053088007,3.333,0,2.986,3,"induced"
"TTC39B",-0.577642485002527,0.251178594531607,2.25,0.25,5.091,4,"unchanged"
"TTC7B",-0.212171386577454,0.471310126170378,3.5,0,3.836,4,"unchanged"
"TTLL10",-0.107714732229406,0.850153641360992,6,0,5.121,1,"unchanged"
"TTLL6",0.111904538107177,0.880495629852295,2.667,0.417,4.939,12,"unchanged"
"TTPAL",-0.00823934813791194,0.975099033958059,4,0,3.834,1,"unchanged"
"TUBA1A",0.964856554877237,0.0318808211900874,4.333,0,4.268,3,"induced"
"TUBB2B",1.95165035477156,0.0213639505783175,7,0,9.885,1,"induced"
"TUBB6",1.48227821387562,0.0162971527039249,3,0,3.343,1,"induced"
"TUBE1",-0.0136027966716683,0.977539592190899,7,0,8.516,1,"unchanged"
"TUSC1",0.17805165565433,0.558023251052722,7,0,37.727,1,"unchanged"
"TUSC2",-0.294229099967714,0.209077122842601,6,0,12.515,2,"unchanged"
"TUSC3",-0.14119507094969,0.594983253446636,1,1,3.625,3,"unchanged"
"TVP23A",0.834081968491653,0.140939453721587,6.4,0,6.147,5,"unchanged"
"TWSG1",-0.314557921953337,0.0954536041727182,1.75,0.5,3.55,4,"repressed"
"TXLNA",-0.100165553357229,0.396835334251776,2,0,3.221,1,"unchanged"
"TXLNG",-0.295571848348905,0.299425252383401,2.6,0.4,8.189,5,"unchanged"
"TXN2",-0.519316993473579,0.0499036681023631,3,0,2.76,2,"repressed"
"TXNDC11",0.33359420431221,0.0463140638068415,5,0,8.722,2,"induced"
"TXNDC12",-0.280439804781675,0.112940250295106,2.667,0.333,4.335,3,"unchanged"
"TXNDC5",0.961533418604422,0.0368078663059152,2.75,0.25,3.934,4,"induced"
"TXNIP",1.38310230821787,0.0105383275414171,3,0.2,6.993,5,"induced"
"TXNL4A",-0.237998761804088,0.188266910489527,2,0,5.981,2,"unchanged"
"TXNRD1",-0.0965012982594189,0.740021671444888,4.5,0,9.687,2,"unchanged"
"TXNRD2",-0.569617787686306,0.0445100977765566,7,0,7.208,1,"repressed"
"TYK2",0.506432326745817,0.0636686952262715,3.5,0,4.371,2,"induced"
"TYRO3",-0.835179340024722,0.117034802366419,3.2,0.2,4.115,5,"unchanged"
"TYROBP",2.20801739342719,0.0174313281063748,6,0,3.527,2,"induced"
"TYW3",-0.699816538219086,0.219554313762318,1.8,0.4,4.035,5,"unchanged"
"U2AF1",0.0918409236137343,0.564288159663914,2.667,0,3.111,3,"unchanged"
"UACA",-0.139480706809322,0.543292285968063,6.5,0,7.821,2,"unchanged"
"UBA1",0.166161049304025,0.298521425507544,7,0,15.643,1,"unchanged"
"UBAC1",-0.213655048355457,0.138031057293785,5.5,0,2.87,2,"unchanged"
"UBAC2",-0.0633458293619356,0.521169877665081,7,0,21.96,1,"unchanged"
"UBALD2",0.408273461091497,0.0984500357830439,3.667,0,3.288,3,"induced"
"UBAP2L",0.0838879557145304,0.484480408058477,4,0,2.939,1,"unchanged"
"UBASH3A",2.37771290394167,0.0421735529810793,5,0,3.221,1,"induced"
"UBC",-0.594248380238013,0.381623007531433,4.5,0,3.309,2,"unchanged"
"UBE2B",-0.0867617525842599,0.726826477087934,7,0,11.494,1,"unchanged"
"UBE2D2",0.28908164473627,0.0321178422322815,7,0,14.1,1,"induced"
"UBE2H",-0.147631191079966,0.231623067642713,2.75,0.25,3.304,4,"unchanged"
"UBE2I",0.239589872459343,0.165187431280594,6.5,0,17.708,2,"unchanged"
"UBE2O",0.0310222839468217,0.887231282637664,2,0,3.146,2,"unchanged"
"UBE2QL1",-0.679674373324813,0.1416963728261,2,0,3.374,1,"unchanged"
"UBE3C",-0.0837108083081635,0.549283923732135,1,1,3.874,1,"unchanged"
"UBFD1",-0.0979462755448886,0.334087712355927,4.333,0,3.997,3,"unchanged"
"UBOX5",-0.0645609302562953,0.729197591213231,4.5,0,5.768,2,"unchanged"
"UBP1",0.207526735614646,0.0613290208551806,3,0,3.911,2,"induced"
"UBR4",-0.207068057179879,0.153325456197871,1.333,0.667,2.894,3,"unchanged"
"UBR5",-0.0409544943961198,0.78443861503379,6,0,4.07,1,"unchanged"
"UBTD1",-0.4996230957281,0.0744262657543416,3.5,0,3.997,2,"repressed"
"UBTF",0.223386273739633,0.350325125220218,6,0,5.931,2,"unchanged"
"UBXN10",3.50751332684754,0.00409405845559333,1,1,4.287,2,"induced"
"UBXN11",0.0315413229960799,0.933606999020201,7,0,11.414,1,"unchanged"
"UBXN2A",-0.180995426781848,0.51853822909502,5,0,2.531,1,"unchanged"
"UBXN6",-0.0918880788818175,0.595610228252963,3.667,0,3.783,3,"unchanged"
"UBXN8",-0.389468701733359,0.0953528780067734,7,0,21.891,1,"repressed"
"UCHL1",-0.0217764806347045,0.949687409580824,1,1,3.74,1,"unchanged"
"UCMA",-1.1715923904609,0.100536379611569,2.4,0,8.189,5,"unchanged"
"UFSP2",-0.163542162985032,0.259039393340006,3.667,0,3.476,3,"unchanged"
"UGCG",0.773216746227959,0.00705532640337426,6,0,5.521,1,"induced"
"UGDH",0.0325583703131285,0.846178067897413,4,0,4.141,1,"unchanged"
"UGP2",-0.669747764431935,0.0921488556046722,2,0,4.141,1,"repressed"
"ULK2",0.168078323706697,0.287312476444558,3,0,3.446,1,"unchanged"
"ULK3",0.320373160054703,0.285700601795875,3.5,0,4.48,4,"unchanged"
"ULK4",-0.298052498290578,0.370537589031776,7,0,23.028,1,"unchanged"
"UMOD",-1.65553446520206,0.0621040789973636,1.077,0.923,4.273,13,"repressed"
"UNC119B",-0.351747211395849,0.0192263288591387,3.2,0.2,3.326,5,"repressed"
"UNC13D",-0.19744530779449,0.509261637869935,2,0,1.976,1,"unchanged"
"UNC5C",0.901705040093811,0.123458911813646,4,0,3.374,1,"unchanged"
"UNC93B1",0.867100114371738,0.0464221673467313,4,0,2.76,1,"induced"
"UPB1",-2.3547617226954,0.0288102921536759,3.667,0,3.912,6,"repressed"
"UPK3A",-0.0684894386689969,0.900464314857877,4.5,0,4.876,2,"unchanged"
"UPK3B",1.25876131639445,0.0192359074871682,3,0,4.601,1,"induced"
"UPK3BL2",1.0617515234914,0.0573406405686427,3,0,2.76,1,"induced"
"UQCC1",-0.621943273079855,0.0166137631391334,3,0,2.29,1,"repressed"
"UQCC2",-0.46342036599687,0.0694842483743579,5,0,6.546,1,"repressed"
"UQCRC1",-0.649943965136496,0.0691323171234467,1,1,2.939,1,"repressed"
"URB1",0.341048431658201,0.0521463756356215,3.5,0,5.978,2,"induced"
"URGCP",0.115145805874669,0.311775671105967,7,0,27.919,1,"unchanged"
"URI1",0.00605941855279024,0.972201547050804,7,0,21.624,1,"unchanged"
"UROS",-0.305881033268841,0.145067471111718,2.143,0.429,4.615,7,"unchanged"
"USB1",-0.717659575235701,0.0263466071902248,4.5,0,4.081,2,"repressed"
"USHBP1",-0.311157221359532,0.401610128301977,5,0,3.595,1,"unchanged"
"USO1",-0.303404578229263,0.0991342200337312,2.75,0.5,3.749,4,"repressed"
"USP1",0.0274555744650957,0.870780564993169,3,0,8.143,1,"unchanged"
"USP14",-0.149365182723063,0.509591246816461,7,0,13.865,1,"unchanged"
"USP16",-0.162529430670777,0.35224176645048,7,0,15.719,1,"unchanged"
"USP2",0.322198779673582,0.608324529068185,4,0,6.511,2,"unchanged"
"USP20",-0.160671810976226,0.451597120583802,3.25,0,3.356,4,"unchanged"
"USP3",-0.214905971249247,0.261592271083668,3,0,5.214,2,"unchanged"
"USP35",0.824242782696047,0.127824004615685,3,0,3.834,1,"unchanged"
"USP42",0.162363201256682,0.172109297170175,7,0,19.215,1,"unchanged"
"USP45",0.463985939257936,0.145546485606745,7,0,9.401,1,"unchanged"
"USP47",-0.264384437232447,0.109673191764015,1,1,3.221,1,"unchanged"
"USP49",0.153265862137042,0.606502067779442,7,0,7.972,1,"unchanged"
"USP53",0.735993831937665,0.124299161567243,3,0,3.484,3,"unchanged"
"USP6NL",-0.0496600791211899,0.78443861503379,4.333,0.333,7.823,3,"unchanged"
"USP9X",-0.0239744867472718,0.92509715926427,3.8,0,5.739,5,"unchanged"
"USPL1",0.0417286427781089,0.719421125725574,1,1,2.869,2,"unchanged"
"UST",0.820338583541526,0.0132668454776897,5,0,4.294,1,"induced"
"UTP11",-0.0673886533444952,0.675827134414433,5,0,3.681,1,"unchanged"
"UTP4",0.21130651205121,0.134456252945222,2.2,0.2,3.273,5,"unchanged"
"UTS2R",-1.48720428896379,0.0971006327185307,1,1,4.294,1,"repressed"
"UXT",-0.108765869183167,0.639047779180266,5,0.333,9.855,3,"unchanged"
"VAMP4",-0.135617482533108,0.458130758564066,7,0,27.451,1,"unchanged"
"VAMP7",-0.587886817580669,0.115138600398953,4.333,0.333,6.083,3,"unchanged"
"VANGL1",0.316395937550766,0.0536106084034361,1,1,6.594,1,"induced"
"VANGL2",-0.357803482063192,0.537097449790781,3.75,0,4.028,4,"unchanged"
"VAPA",-0.268399606985279,0.220449366533486,2,0.333,5.521,3,"unchanged"
"VAPB",-0.71499707763507,0.021392470102332,3,0,3.374,1,"repressed"
"VASH1",0.692654044071843,0.167594378310839,3,0.5,4.991,2,"unchanged"
"VASH2",0.614660874710158,0.172625339927722,1,1,3.874,1,"unchanged"
"VAV1",2.15555456832589,0.0189384347967215,5,0,3.207,2,"induced"
"VAV2",0.0414372860117975,0.77302231196686,3,0,5.23,1,"unchanged"
"VAV3",-0.805486522497482,0.0131548879972787,7,0,9.508,1,"repressed"
"VCAM1",0.333441703808578,0.608324529068185,2.857,0,3.612,7,"unchanged"
"VCAN",2.65424461881589,0.0177966999882356,5.5,0,3.757,2,"induced"
"VCPIP1",0.0965145214505192,0.706802806549896,4,0,3.221,1,"unchanged"
"VDAC1",-0.413977363526345,0.115081664924258,6,0,2.454,1,"unchanged"
"VDR",0.33930558321493,0.454946258345994,3,0,4.517,2,"unchanged"
"VEPH1",-1.30521512318075,0.0193822693800695,4,0,9.493,1,"repressed"
"VEZF1",0.132918528911464,0.407446032676259,5.5,0,19.437,2,"unchanged"
"VEZT",0.314516346014516,0.034375433327419,3.75,0,3.107,4,"induced"
"VIL1",-0.587629835790827,0.288746780166997,3.5,0.5,4.629,2,"unchanged"
"VILL",0.628208318068713,0.322507915357251,7,0,5.243,1,"unchanged"
"VIPR1",1.92153241401404,0.0395908921581793,3,0,3.095,3,"induced"
"VMP1",0.73685989833198,0.00577770871303924,1.25,0.75,3.879,4,"induced"
"VPS13C",-0.0641927140909573,0.789884033259279,2,0,2.538,1,"unchanged"
"VPS16",-0.0215828737405639,0.936020669043442,7,0,4.495,1,"unchanged"
"VPS18",-0.0425075901773928,0.840001228221949,1,1,3.045,2,"unchanged"
"VPS26C",-0.370233667266051,0.0233261598943043,3.25,0,2.813,4,"repressed"
"VPS33B",0.174042075170206,0.326291406861517,1,1,2.914,1,"unchanged"
"VPS36",-0.0184652179897817,0.950510394715663,4,0,3.296,1,"unchanged"
"VPS37A",-0.37043450050658,0.442031397223427,1.5,0.5,3.203,2,"unchanged"
"VPS37B",0.467639563405759,0.020427199164574,5,0,7.324,4,"induced"
"VPS52",0.137871237873124,0.373439255278083,5,0,4.9,2,"unchanged"
"VPS53",-0.135262636152632,0.335388976826477,7,0,26.384,1,"unchanged"
"VPS9D1",-0.0342018952495708,0.888632856217982,2,0,4.145,1,"unchanged"
"VRK1",0.0341665543869674,0.910977622775884,6,0,8.235,1,"unchanged"
"VSIG10L",-0.97895470380012,0.191798808699644,7,0,6.639,1,"unchanged"
"VSIG2",-0.508622282934053,0.325069731397813,7,0,8.742,1,"unchanged"
"VWA8",-0.847327234334779,0.0499729677971358,1.857,0.286,4.531,7,"repressed"
"VWDE",-1.75479712819744,0.0110062061561326,1,1,5.061,1,"repressed"
"VWF",1.26254977119696,0.0430148102817284,4.375,0,4.131,8,"induced"
"WAC",-0.165950966412631,0.366029207846063,1.333,0.667,3.425,3,"unchanged"
"WARS2",0.0500244736962827,0.822695783913888,1,1,3.296,1,"unchanged"
"WAS",1.44011931939109,0.063669124638002,7,0,6.441,1,"induced"
"WASHC3",-0.966489380287119,0.00897213543179523,1.5,0.5,4.543,6,"repressed"
"WASHC5",-0.760251243900346,0.0905314466594175,1.2,0.8,4.347,5,"repressed"
"WBP1",-0.643455471925711,0.0234777932192389,5,0,11.498,2,"repressed"
"WBP2",-0.247276008491052,0.419804631942116,2,0,1.976,1,"unchanged"
"WDCP",0.086318988404166,0.689865368225382,7,0,3.915,1,"unchanged"
"WDFY2",-0.18658546413546,0.257319103836232,1,1,3.745,1,"unchanged"
"WDFY4",0.889773220601072,0.270133114450194,4,0,3.987,1,"unchanged"
"WDHD1",0.607048968912085,0.091666818311589,2,0,2.76,1,"induced"
"WDR11",-0.181282578233662,0.483055531105224,2.667,0,4.016,3,"unchanged"
"WDR18",0.10083878271709,0.582551551197887,5.222,0,4.939,9,"unchanged"
"WDR19",-0.348075577479566,0.0789957591563873,3.667,0,3.197,3,"repressed"
"WDR20",-0.123131100788661,0.445081976369939,6.5,0,7.371,2,"unchanged"
"WDR26",0.14826334772042,0.188656036295312,4,0,2.936,2,"unchanged"
"WDR27",-0.157957063416623,0.593516506408902,3,0,4.494,1,"unchanged"
"WDR3",0.252801496669865,0.0425281252345578,6,0,4.447,1,"induced"
"WDR33",-0.0136427352700021,0.929203433414477,3,0,4.72,3,"unchanged"
"WDR36",0.143436103583145,0.564324672816055,6,0,10.582,1,"unchanged"
"WDR38",0.785450963982786,0.258734145560299,1,1,2.76,1,"unchanged"
"WDR4",0.625552435849356,0.0188977379676765,4.333,0,5.012,3,"induced"
"WDR45",-0.132665353663951,0.254776708095142,6.333,0,8.077,3,"unchanged"
"WDR45B",-0.0380168659714419,0.785279455396044,1.667,0.667,4.414,12,"unchanged"
"WDR48",-0.100548716930811,0.392128865522987,6,0,5.751,2,"unchanged"
"WDR5",0.0935315400457259,0.444183476779881,7,0,14.876,1,"unchanged"
"WDR5B",-0.502653965835966,0.0849442372150859,2.667,0,4.629,3,"repressed"
"WDR62",1.13301052479198,0.0354529385318799,5,0,2.823,1,"induced"
"WDR73",-0.52962073040556,0.0744262657543416,4,0,6.338,2,"repressed"
"WDR86",0.668153576412696,0.334917805901771,3.5,0.5,9.585,2,"unchanged"
"WDR91",-0.848743290590138,0.0162849898496127,2,0.5,6.377,2,"repressed"
"WDR93",-0.0694775654958688,0.869684729278799,4,0,2.169,1,"unchanged"
"WEE1",1.48424235138802,0.0117359827762105,6,0,2.672,1,"induced"
"WEE2",-1.76206433123967,0.0954710275737263,1,1,3.451,2,"repressed"
"WFDC1",1.7025475069461,0.00757553782513904,3,0.333,4.394,3,"induced"
"WFIKKN2",-0.420012656783241,0.602926621752129,6,0,4.573,2,"unchanged"
"WFS1",0.244823622087141,0.173016934632441,1,1,3.527,2,"unchanged"
"WIPF1",1.49451070709683,0.0198308810469827,7,0,4.271,5,"induced"
"WIPF2",-0.299869775016258,0.0880716325620293,5.333,0,4.36,3,"repressed"
"WIPF3",0.0468827365672926,0.902225761474714,5,0,2.936,2,"unchanged"
"WIPI1",0.874246140605393,0.021631068081382,2,0,4.266,1,"induced"
"WIPI2",-0.192716911522243,0.155045035998812,1.4,0.6,3.632,5,"unchanged"
"WNK2",-0.271933087855508,0.447897046263571,3,0,2.996,1,"unchanged"
"WNT10A",1.40205382893741,0.0857121114228499,2,0,3.221,1,"induced"
"WNT2B",-1.79955709563597,0.0881322103112212,7,0,5.785,1,"repressed"
"WNT4",2.82063711683684,0.0209293334598765,1,1,2.914,1,"induced"
"WNT5B",0.617911600216247,0.335364132241652,5,0,4.447,1,"unchanged"
"WNT9B",1.05865767663569,0.15362545656798,1,1,2.416,1,"unchanged"
"WSB1",0.276598022128499,0.227732568869584,4.8,0,3.948,5,"unchanged"
"WSCD1",-0.191312678133361,0.557418447939419,3.143,0,4.711,14,"unchanged"
"WWC3",0.234864184788512,0.376920327079633,1,1,3.221,1,"unchanged"
"WWP1",-0.840864878728782,0.11652375951977,1.5,0.5,3.56,2,"unchanged"
"WWTR1",-0.249819887808627,0.229072734706597,2.733,0.2,3.852,30,"unchanged"
"XDH",-0.211496798053573,0.708248375935232,1,1,4.056,4,"unchanged"
"XG",0.99580664646997,0.0766372465158103,7,0,4.754,1,"induced"
"XKR8",-0.214544920060658,0.443442407781117,5,0,4.141,1,"unchanged"
"XKRX",0.589331952668503,0.32427541964078,7,0,10.889,1,"unchanged"
"XNDC1N",-0.0463009499266993,0.926501891467266,1,1,3.56,3,"unchanged"
"XPA",-0.440295503749475,0.0916082793251021,4,0,6.594,1,"repressed"
"XPNPEP1",-0.05345952274868,0.857226743036373,3.5,0,4.217,2,"unchanged"
"XPO6",0.450992673810767,0.0205408553222843,7,0,8.281,1,"induced"
"XPO7",-1.03757493523676,0.00793978426049497,1.111,0.889,3.721,9,"repressed"
"XPR1",-0.530732753610318,0.0671203880590067,1,1,3.2,5,"repressed"
"XRCC1",0.0834494593323241,0.773336152176298,5,0,4.141,1,"unchanged"
"XYLT2",0.0731394213594907,0.720674500230277,5.5,0,5.368,2,"unchanged"
"YAP1",-0.252665858765747,0.174662096179091,3.643,0.071,4.296,14,"unchanged"
"YARS1",0.3265036069068,0.0775137359750349,2,0,2.531,1,"induced"
"YARS2",-0.226039734592467,0.31815854387607,2,0,3.067,1,"unchanged"
"YDJC",0.128360050375108,0.648313953665959,2,0,2.319,1,"unchanged"
"YEATS2",0.243087685370066,0.0814585473544807,1.5,0.5,4.232,2,"induced"
"YJU2B",-0.196544684472339,0.42227875384057,7,0,10.208,1,"unchanged"
"YKT6",0.0644191381559454,0.728486445571027,3.333,0,4.939,3,"unchanged"
"YLPM1",-0.0196205414176305,0.884914137224397,5,0,4.494,1,"unchanged"
"YPEL5",0.0414425142491703,0.82318372618672,1,1,3.374,1,"unchanged"
"YTHDC2",0.000238895435005659,0.999460493193205,7,0,5.161,1,"unchanged"
"YWHAG",-0.146228800016185,0.48147966602873,2.8,0.4,4.817,5,"unchanged"
"YWHAQ",0.262217748487426,0.0735251586284386,2,0.5,3.666,4,"induced"
"YWHAZ",0.248022170798252,0.0836488692555007,2.545,0.182,5.056,11,"induced"
"ZAP70",1.55571928817664,0.112476126020722,7,0,3.728,1,"unchanged"
"ZBED3",-0.183636221397197,0.517460655250164,3,0,5.674,1,"unchanged"
"ZBED9",-0.109985822181677,0.752828007679721,7,0,8.296,2,"unchanged"
"ZBTB1",0.101378551993801,0.602936372744642,4,0,2.914,1,"unchanged"
"ZBTB10",-0.0327429175070524,0.907208358673031,1.5,0.5,5.127,2,"unchanged"
"ZBTB11",-0.207076653802257,0.255690541893694,7,0,9.915,2,"unchanged"
"ZBTB20",-0.186885324302899,0.371259233400666,2.5,0.75,4.055,4,"unchanged"
"ZBTB22",0.295956877613912,0.072100070532442,3,0,3.215,1,"induced"
"ZBTB26",-0.340993936341768,0.217014701723913,7,0,15.386,2,"unchanged"
"ZBTB40",-0.261953369313241,0.210727109564255,3,0,4.09,3,"unchanged"
"ZBTB6",-0.15999992993106,0.67155032778739,7,0,15.386,2,"unchanged"
"ZBTB7B",0.165373367359041,0.670951147825431,3,0,5.981,1,"unchanged"
"ZC2HC1B",1.26587948713776,0.115138600398953,3.667,0,3.272,3,"unchanged"
"ZC3H12A",0.898553323139679,0.0385220227802154,7,0,8.051,2,"induced"
"ZC3H12C",-0.146488923662912,0.480010957153455,4.333,0,9.73,3,"unchanged"
"ZC3H4",-0.137156303236411,0.307059063239492,2.5,0,2.914,2,"unchanged"
"ZC3H7A",-0.0867672157485266,0.489627489587703,2,0,4.677,2,"unchanged"
"ZC3HAV1",0.0844472427362897,0.663068635326918,2.333,0.333,5.012,3,"unchanged"
"ZC3HC1",-0.0934595085988486,0.517569664704218,2.5,0,3.181,2,"unchanged"
"ZCCHC10",0.0422876868887241,0.846804707490485,3.5,0,3.144,2,"unchanged"
"ZCCHC3",0.00635654513708062,0.975551315661651,6.5,0,6.74,2,"unchanged"
"ZCCHC8",0.0637652676643965,0.715197170101521,4,0,4.902,2,"unchanged"
"ZDBF2",0.270703356228817,0.598339712378097,5,0,5.214,1,"unchanged"
"ZDHHC1",-0.496307540347511,0.0116287507899487,1,1,2.803,2,"repressed"
"ZDHHC17",-0.0204769394517843,0.944646221847588,2,0,2.697,1,"unchanged"
"ZDHHC3",-0.152436828807098,0.329524378300482,3.5,0,5.094,4,"unchanged"
"ZDHHC8",0.456009041999773,0.224401948732507,5,0,3.177,1,"unchanged"
"ZDHHC9",-0.683468649014681,0.0258514873869919,1.333,0.667,3.834,3,"repressed"
"ZEB2",0.231341315088422,0.55508090695019,1.3,0.8,4.239,10,"unchanged"
"ZFAND1",-0.324595057520387,0.201665820621341,1.5,0.5,2.914,2,"unchanged"
"ZFAND5",0.920091142053084,0.011664606282323,2,0,2.914,1,"induced"
"ZFAND6",-0.0164909101400488,0.898206631934196,4,0,6.145,1,"unchanged"
"ZFAT",-0.294257023613578,0.373326518243853,3,0.5,2.072,2,"unchanged"
"ZFHX3",0.307473697843236,0.214173148787368,5.8,0,4.896,5,"unchanged"
"ZFP3",-0.0319777228499403,0.884634671826797,7,0,19.664,1,"unchanged"
"ZFP37",0.218794976301462,0.496065734263962,7,0,5.313,1,"unchanged"
"ZFP41",-0.216963338511183,0.0621830377979809,1,1,2.914,1,"repressed"
"ZFP42",0.618914101403824,0.19302286285418,3,0,3.067,1,"unchanged"
"ZFP62",-0.199550135927266,0.131394466444964,7,0,17.959,1,"unchanged"
"ZFPM1",0.39143683147487,0.0933742345738312,4.5,0,5.252,6,"induced"
"ZFYVE1",-0.0985380141813499,0.478277262470762,4,0.111,3.682,9,"unchanged"
"ZFYVE26",-0.783279362436414,0.0750713004562631,1.5,0.5,4.963,8,"repressed"
"ZFYVE9",-0.214609159056306,0.136177520145689,7,0,22.619,1,"unchanged"
"ZHX1",-0.309846498169384,0.149140290530177,1,1,3.719,4,"unchanged"
"ZKSCAN1",-0.169437757687677,0.421232671434503,3.222,0,5.437,9,"unchanged"
"ZKSCAN5",-0.0995247601219065,0.536894319684349,2,0,5.368,1,"unchanged"
"ZKSCAN8",0.072001399407482,0.775370844829253,7,0,16.722,2,"unchanged"
"ZMAT4",1.34750760822264,0.0619528159161952,1,1,2.803,2,"induced"
"ZMPSTE24",-0.0934058531920314,0.734498850910163,2,0,6.288,1,"unchanged"
"ZMYM2",-0.159028689533153,0.386352287666239,7,0,17.176,1,"unchanged"
"ZMYM4",-0.107144528662681,0.509591246816461,3,0,5.214,1,"unchanged"
"ZNF106",-0.510685020924036,0.0128572231189043,3.25,0,3.555,8,"repressed"
"ZNF114",3.57753182902566,0.0186544045273736,3,0,3.834,1,"induced"
"ZNF132",-0.22085693834535,0.353391474445461,7,0,13.552,1,"unchanged"
"ZNF134",-0.0519881128079538,0.816527117257869,7,0,14.739,2,"unchanged"
"ZNF16",0.0387634777102375,0.847609484520504,7,0,11.684,1,"unchanged"
"ZNF169",0.173260241099828,0.480279925489497,7,0,19.308,1,"unchanged"
"ZNF174",-0.128112500558673,0.465278489415817,7,0,23.044,1,"unchanged"
"ZNF182",0.354703118302425,0.149281378761591,4,0.5,10.812,2,"unchanged"
"ZNF205",-0.0206375122553641,0.88881906821124,6,0,8.428,1,"unchanged"
"ZNF212",0.145136803355505,0.451850262232654,4,0,3.446,1,"unchanged"
"ZNF213",-0.334838872470555,0.028089311943344,7,0,15.242,2,"repressed"
"ZNF217",0.418370606889791,0.0971135087102278,6.667,0,5.522,3,"induced"
"ZNF219",-0.170933922126018,0.36028058792349,6,0,4.793,1,"unchanged"
"ZNF260",-0.138010293903323,0.444727035205668,7,0,10.139,1,"unchanged"
"ZNF263",0.2937852410379,0.16199347824644,7,0,8.128,1,"unchanged"
"ZNF268",-0.0477431064725842,0.773336152176298,5,0,3.221,1,"unchanged"
"ZNF277",0.0146634166854565,0.953680500465945,1.5,0.5,3.148,4,"unchanged"
"ZNF281",0.0216333992734761,0.935409232629432,7,0,22.976,1,"unchanged"
"ZNF283",0.291581323376551,0.235033146435472,7,0,11.342,1,"unchanged"
"ZNF287",0.413923355942578,0.0626137057027038,7,0,17.022,1,"induced"
"ZNF296",1.94791922127559,0.0530134831948327,5,0,2.538,1,"induced"
"ZNF300",0.747764608074064,0.0458088609927711,7,0,8.097,2,"induced"
"ZNF304",0.289428135146786,0.184459934397009,6,0,3.987,1,"unchanged"
"ZNF319",0.0470313348158768,0.760561642206765,4.5,0,4.081,2,"unchanged"
"ZNF329",0.261470408609736,0.114104865818339,7,0,10.122,1,"unchanged"
"ZNF330",0.00781478662703972,0.960035379799859,4,0,3.221,1,"unchanged"
"ZNF331",0.0379900200012484,0.881083962635675,7,0,8.645,1,"unchanged"
"ZNF35",-0.367363716174537,0.134006033043239,7,0,13.62,1,"unchanged"
"ZNF350",0.7406327396702,0.0386312249413789,7,0,11.701,1,"induced"
"ZNF358",-0.133130067176873,0.36311841882611,7,0,20.093,1,"unchanged"
"ZNF365",0.450058081187152,0.353908522661023,5,0,4.754,1,"unchanged"
"ZNF366",-0.501720827095652,0.116987988266661,3.778,0.111,4.427,9,"unchanged"
"ZNF382",-0.0830214501206012,0.792374614051998,7,0,10.139,1,"unchanged"
"ZNF385D",-0.0151184621917713,0.979626955705274,1,1,3.527,1,"unchanged"
"ZNF394",0.0422085461914605,0.874614097065994,2,0,5.368,1,"unchanged"
"ZNF397",-0.478999817877026,0.0326834978771648,1,1,3.374,1,"repressed"
"ZNF408",-0.0284120148420133,0.864187667136512,1,1,2.525,1,"unchanged"
"ZNF41",0.694184476821438,0.035792609831868,3,0,4.601,2,"induced"
"ZNF414",0.209346590608027,0.484305736301318,7,0,5.499,1,"unchanged"
"ZNF425",-0.311147111240733,0.0386312249413789,7,0,17.356,1,"repressed"
"ZNF428",-0.3139462139128,0.189256469393579,2,0,3.072,1,"unchanged"
"ZNF432",-0.23534034881902,0.182451818853011,7,0,12.722,2,"unchanged"
"ZNF438",-0.0564674911590934,0.749948666860955,2.308,0.385,4.461,13,"unchanged"
"ZNF445",0.115907080720878,0.475510899147297,5,0,6.339,3,"unchanged"
"ZNF462",0.176474403367648,0.535908780341377,3,0,3.296,1,"unchanged"
"ZNF469",0.329940862985491,0.324757481004395,2.333,0.5,4.296,6,"unchanged"
"ZNF500",0.0503793379651225,0.825641081420031,4.667,0,10.633,3,"unchanged"
"ZNF501",-0.00162030611289676,0.995850570695151,7,0,4.809,1,"unchanged"
"ZNF514",-1.1139691483474,0.0335439138784219,7,0,9.012,1,"repressed"
"ZNF516",0.708406050841792,0.0102695443597228,5,0,3.6,2,"induced"
"ZNF524",-0.27573108342074,0.146314220277928,6,0,6.476,1,"unchanged"
"ZNF532",0.324167114730579,0.194416620066482,3.214,0.071,3.899,14,"unchanged"
"ZNF555",0.10917556599982,0.643363296359,6.25,0,7.824,4,"unchanged"
"ZNF572",-0.0300143972229626,0.933961639329202,3,0,3.64,2,"unchanged"
"ZNF574",0.194611349992099,0.310983077580886,4,0,3.74,1,"unchanged"
"ZNF576",-0.238160164539448,0.323096835129601,2,0,3.072,1,"unchanged"
"ZNF579",0.0907309110906036,0.736047937226785,6,0,6.476,1,"unchanged"
"ZNF580",-0.145551435365816,0.523302964470838,7,0,14.961,1,"unchanged"
"ZNF581",0.103918758187405,0.663885073304779,7,0,14.961,1,"unchanged"
"ZNF584",0.260262176346103,0.233380199414753,6.5,0,11.684,2,"unchanged"
"ZNF592",-0.0480747825521233,0.665962006686653,3.2,0,3.694,5,"unchanged"
"ZNF597",0.323139824963479,0.235046741694359,7,0,4.743,1,"unchanged"
"ZNF599",0.229507157186874,0.488553300883347,7,0,9.477,1,"unchanged"
"ZNF606",-0.242611272169904,0.0875337299184036,7,0,19.802,1,"repressed"
"ZNF609",0.142634683730757,0.483055531105224,4,0,5.243,1,"unchanged"
"ZNF613",0.0498947923676512,0.807861302143671,7,0,12.722,2,"unchanged"
"ZNF629",-0.220451306483696,0.12533243519236,4.5,0,12.216,2,"unchanged"
"ZNF630",0.296053263900286,0.579657316359585,6,0,8.895,1,"unchanged"
"ZNF641",-0.141601410066934,0.55081241038638,4,0.5,11.656,2,"unchanged"
"ZNF644",-0.236660465413029,0.370363907244135,1,1,5.521,1,"unchanged"
"ZNF652",-0.214769070918545,0.308541549322719,7,0,4.939,2,"unchanged"
"ZNF653",0.0401063792905334,0.891114390188532,7,0,8.295,1,"unchanged"
"ZNF655",-0.0852316735493268,0.617880373116199,7,0,6.478,1,"unchanged"
"ZNF662",-0.217118991467943,0.402374982272562,7,0,15.006,1,"unchanged"
"ZNF671",-0.507641959718216,0.267997536130235,6.167,0,7.662,6,"unchanged"
"ZNF684",0.253799891779798,0.352824517271512,7,0,7.259,1,"unchanged"
"ZNF687",0.362046354845464,0.0505834449234147,7,0,13.608,1,"induced"
"ZNF697",-0.66712252946117,0.108828102263676,1.333,0.667,6.339,3,"unchanged"
"ZNF70",-0.273926641132492,0.262846686948942,1,1,5.693,1,"unchanged"
"ZNF740",0.139775883695298,0.394174632977324,3,0,4.063,1,"unchanged"
"ZNF764",0.160186880398935,0.351367339819981,7,0,18.014,1,"unchanged"
"ZNF768",-0.310681008649193,0.0166137631391334,4,0,3.846,1,"repressed"
"ZNF770",-0.509065495848122,0.291673924305606,2.2,0.8,5.115,5,"unchanged"
"ZNF771",-0.299662088310528,0.191420605996274,6,0,8.036,1,"unchanged"
"ZNF772",-0.0290460938308814,0.918518883457943,7,0,7.366,1,"unchanged"
"ZNF774",-0.421604336557176,0.16811344143351,2,0.5,3.168,2,"unchanged"
"ZNF775",-0.20977278964305,0.337705442459597,5,0,3.067,1,"unchanged"
"ZNF783",0.252475693672914,0.095637016861261,4.5,0,10.965,2,"induced"
"ZNF786",0.111183464633577,0.487011577302197,7,0,17.356,1,"unchanged"
"ZNF789",0.15936929794285,0.74902727851899,7,0,7.177,1,"unchanged"
"ZNF79",0.0848944824792199,0.773867471670597,7,0,16.151,1,"unchanged"
"ZNF790",0.184887541715693,0.53351537324461,6.5,0,8.392,2,"unchanged"
"ZNF800",0.258297679279004,0.253618545938351,5,0,4.142,1,"unchanged"
"ZNF81",0.053153040728722,0.857155976887443,5,0.333,9.855,3,"unchanged"
"ZNF831",2.09842032640804,0.0887226109611925,6,0,5.138,2,"induced"
"ZNF835",-0.563053682301685,0.096735441933275,5,0,4.737,1,"repressed"
"ZNF839",-0.080137117471665,0.57990224009465,6,0,5.521,1,"unchanged"
"ZNF852",0.0306524045002177,0.9406884497749,5,0,6.339,3,"unchanged"
"ZNF862",-0.337918220042718,0.22999324057815,6,0,10.428,1,"unchanged"
"ZNF865",0.0850905863212734,0.672463337164563,6,0,6.476,1,"unchanged"
"ZNRF1",0.117571478226856,0.695538652887232,4.667,0,4.675,3,"unchanged"
"ZP1",0.33019402157166,0.663681824490907,6,0,5.597,3,"unchanged"
"ZPR1",-0.00288621819469981,0.988290741490936,4,0,2.607,1,"unchanged"
"ZRANB1",-0.00779805920194754,0.96003892292975,3,0,3.407,2,"unchanged"
"ZSCAN12",-0.00267618699181238,0.994389436219811,7,0,5.906,1,"unchanged"
"ZSCAN16",-0.0600460124503117,0.706802806549896,7,0,9.693,1,"unchanged"
"ZSCAN18",0.202111164272059,0.234788473579568,7,0,10.122,1,"unchanged"
"ZSCAN2",-0.575974663052528,0.0530975450597964,5,0,8.895,1,"repressed"
"ZSCAN23",-0.0346545765536672,0.950921149300886,7,0,8.296,2,"unchanged"
"ZSWIM1",-0.268517389544875,0.354975950955331,5,0,4.908,1,"unchanged"
"ZXDC",0.07173345791798,0.694694561379455,5,0,5.368,1,"unchanged"
"ZYG11B",-1.0545520786647,0.038827652639209,1,1,5.437,2,"repressed"
"ZYX",0.991771791090218,0.00793978426049497,3,0,2.454,1,"induced"
"ZZZ3",-0.293018443499429,0.0485680881186734,2,0.5,5.494,2,"repressed"
