"gene_symbol","direction","module","retained"
"MEDAG","up","9",FALSE
"OSMR","up","9",FALSE
"A4GALT","up","5",FALSE
"DIO3","up","10",FALSE
"HGF","up","9",FALSE
"HIF1A","up","8",FALSE
"BASP1","up","9",FALSE
"LOC101093854","up","3",FALSE
"RRP12","up","9",FALSE
"LOC101098920","up","11",FALSE
"CRISPLD2","up","6",FALSE
"PDE1B","up","10",FALSE
"FGF7","up","7",FALSE
"SEZ6L","up","7",FALSE
"DSG3","up","5",FALSE
"SLC38A1","up","7",FALSE
"CTPS1","up","7",FALSE
"STAT3","up","5",FALSE
"GFPT2","up","12",FALSE
"RUNX1","up","10",FALSE
"LRP8","up","18",FALSE
"PSTPIP2","up","13",FALSE
"LAIR1","up","10",FALSE
"EVA1C","up","6",FALSE
"ADAMTSL2","up","14",FALSE
"SPAAR","up","5",FALSE
"F3","up","12",FALSE
"PODNL1","up","4",FALSE
"FSTL3","up","6",FALSE
"MICAL2","up","9",FALSE
"FCGR3A","up","10",FALSE
"NDRG4","up","5",FALSE
"MAP3K6","up","6",FALSE
"IL15RA","up","10",FALSE
"TNFSF15","up","14",FALSE
"NLRP3","up","9",FALSE
"PTCH2","up","12",FALSE
"PECAM1","up","8",FALSE
"CD163","up","17",FALSE
"ADGRG3","up","5",FALSE
"MYC","up","18",FALSE
"GRIN3A","up","4",FALSE
"TMEM181","up","9",FALSE
"RRM2","up","16",FALSE
"UBXN10","up","5",FALSE
"SPSB1","up","12",FALSE
"HSPB8","up","3",FALSE
"HRCT1","up","5",FALSE
"LOX","up","1",FALSE
"SLC7A5","up","2",FALSE
"ALDH1L2","up","10",FALSE
"CGREF1","up","7",FALSE
"MOV10L1","up","5",FALSE
"CLEC12A","up","10",FALSE
"LRRN4CL","up","3",FALSE
"KLF4","up","9",FALSE
"LAMC2","up","5",FALSE
"UAP1","up","6",FALSE
"PROM1","up","5",FALSE
"IL7R","up","4",FALSE
"SLC46A3","up","9",FALSE
"C5AR1","up","10",FALSE
"PPRC1","up","6",FALSE
"IGFBP4","up","10",FALSE
"SOX9","up","5",FALSE
"CYP2S1","up","6",FALSE
"MUC4","up","5",FALSE
"MFSD2A","up","12",FALSE
"CDYL2","up","9",FALSE
"ETV4","up","5",FALSE
"EHF","up","18",FALSE
"PVR","up","9",FALSE
"CEBPB","up","12",FALSE
"PTPN1","up","9",FALSE
"VSIG4","up","10",FALSE
"IGSF3","up","5",FALSE
"ICOSLG","up","4",FALSE
"RTN2","up","6",FALSE
"LOC101089971","up","2",FALSE
"SMIM3","up","1",FALSE
"TTC39A","up","11",FALSE
"TNFRSF12A","up","5",FALSE
"CD86","up","1",FALSE
"LOC101098498","up","2",FALSE
"SMOC2","up","1",FALSE
"C5AR2","up","10",FALSE
"SVEP1","up","1",FALSE
"TIMP1","up","10",FALSE
"FOSL2","up","12",FALSE
"PKP1","up","7",FALSE
"MGAT2","up","9",FALSE
"DUSP5","up","6",FALSE
"SCARA3","up","1",FALSE
"PI3","up","3",FALSE
"DDIT4","up","9",FALSE
"EMP1","up","1",FALSE
"NRIP3","up","5",FALSE
"CLEC2B","up","10",FALSE
"CCDC71L","up","12",FALSE
"LOC101083433","up","12",FALSE
"CLU","up","5",FALSE
"PLA2G4A","up","1",FALSE
"SLC11A1","up","10",FALSE
"CAPN5","up","1",FALSE
"EIF4A1","up","6",FALSE
"MYO5A","up","10",FALSE
"CH25H","up","12",FALSE
"PREB","up","9",FALSE
"SOCS1","up","12",FALSE
"PLD2","up","1",FALSE
"KRT17","up","12",FALSE
"VMP1","up","14",FALSE
"ATP8B1","up","16",FALSE
"ACTN1","up","1",FALSE
"IL11","up","12",FALSE
"MMP2","up","6",FALSE
"STEAP4","up","6",FALSE
"FGL2","up","12",FALSE
"TGFBI","up","10",FALSE
"DUSP6","up","10",FALSE
"ICAM1","up","12",FALSE
"ANGPTL4","up","5",FALSE
"MARS1","up","9",FALSE
"ACKR2","up","14",FALSE
"LOC101085233","up","3",FALSE
"ETV7","up","5",FALSE
"CLCF1","up","5",FALSE
"CD248","up","3",FALSE
"LOC101089223","up","4",FALSE
"SERPINE1","up","9",FALSE
"SYT12","up","7",FALSE
"ODAPH","up","5",FALSE
"CRISP1","up","5",FALSE
"PRG4","up","1",FALSE
"BMP8A","up","3",FALSE
"MMP19","up","1",FALSE
"PIEZO1","up","3",FALSE
"C1QA","up","10",FALSE
"IGFBP6","up","4",FALSE
"IL1RL1","up","14",FALSE
"CYP4V2","up","11",FALSE
"LOC102901432","up","12",FALSE
"DNASE1L3","up","13",FALSE
"PPP1R14C","up","5",FALSE
"B4GALT1","up","18",FALSE
"ADGRE1","up","17",FALSE
"INHBB","up","5",FALSE
"SPON1","up","10",FALSE
"TGFB2","up","5",FALSE
"LOC123378936","up","9",FALSE
"CHSY1","up","13",FALSE
"C1QB","up","10",FALSE
"EDN1","up","14",FALSE
"CRLF1","up","4",FALSE
"SERPINE2","up","5",FALSE
"IL1R1","up","14",FALSE
"LTBP2","up","4",FALSE
"DUSP14","up","1",FALSE
"SEMA4B","up","5",FALSE
"TPM4","up","1",FALSE
"GPR65","up","4",FALSE
"MAP3K8","up","12",FALSE
"PRPSAP2","up","18",FALSE
"NOD1","up","5",FALSE
"RIN1","up","3",FALSE
"PRR16","up","1",FALSE
"KLF10","up","5",FALSE
"STEAP3","up","5",FALSE
"MYBPC2","up","5",FALSE
"UGCG","up","14",FALSE
"PLAAT3","up","3",FALSE
"LIF","up","12",FALSE
"NCAPG2","up","9",FALSE
"PPP1R13L","up","3",FALSE
"CE2H19orf33","up","3",FALSE
"EGR2","up","12",FALSE
"LOC101082667","up","5",FALSE
"RELN","up","11",FALSE
"PMEPA1","up","3",FALSE
"GREM2","up","3",FALSE
"PAQR4","up","3",FALSE
"KIAA1210","up","9",FALSE
"KRT7","up","3",FALSE
"CBFB","up","8",FALSE
"NOL10","up","5",FALSE
"GLIPR2","up","4",FALSE
"LOC102902050","up","13",FALSE
"ARL6IP5","up","5",FALSE
"SVIL","up","10",FALSE
"LOC101081428","up","8",FALSE
"CD69","up","2",FALSE
"EVI2A","up","4",FALSE
"ABCA8","up","1",FALSE
"SRGN","up","4",FALSE
"PFKFB3","up","9",FALSE
"LOC101096188","up","10",FALSE
"WFDC1","up","9",FALSE
"RNF112","up","1",FALSE
"SBNO2","up","1",FALSE
"MRAS","up","4",FALSE
"COL5A2","up","1",FALSE
"SLC46A2","up","18",FALSE
"LOC101092190","up","10",FALSE
"GJB3","up","7",FALSE
"MSMP","up","10",FALSE
"GPER1","up","6",FALSE
"SLC26A9","up","5",FALSE
"CTNNBIP1","up","6",FALSE
"FCGR2B","up","4",FALSE
"CSF1R","up","10",FALSE
"IL10RA","up","4",FALSE
"CST7","up","4",FALSE
"PTP4A1","up","8",FALSE
"C1QC","up","10",FALSE
"CB3H15orf48","up","5",FALSE
"PTPRJ","up","16",FALSE
"CD14","up","10",FALSE
"SLCO4A1","up","12",FALSE
"TNFRSF1B","up","3",FALSE
"ERN1","up","13",FALSE
"TEAD3","up","5",FALSE
"ZYX","up","6",FALSE
"DRAM1","up","4",FALSE
"CDKN1A","up","10",FALSE
"LOC105260590","up","5",FALSE
"SPTLC2","up","16",FALSE
"HTR1D","up","1",FALSE
"ZBTB39","up","8",FALSE
"CD80","up","4",FALSE
"LOC111558945","up","3",FALSE
"EMILIN2","up","4",FALSE
"DUOX1","up","1",FALSE
"SPP1","up","5",FALSE
"SSH2","up","9",FALSE
"LOC111560177","up","12",FALSE
"ADCY4","up","3",FALSE
"HORMAD2","up","14",FALSE
"SLC20A1","up","16",FALSE
"CEBPD","up","12",FALSE
"SFN","up","7",FALSE
"ALOX5AP","up","4",FALSE
"LXN","up","1",FALSE
"RAB3D","up","3",FALSE
"ANKRD1","up","3",FALSE
"NEK6","up","4",FALSE
"IL4R","up","12",FALSE
"LUM","up","1",FALSE
"SPAG1","up","16",FALSE
"RAB31","up","1",FALSE
"GPC4","up","16",FALSE
"DNASE1L1","up","4",FALSE
"TREM1","up","12",FALSE
"PLAUR","up","10",FALSE
"FAM3D","up","16",FALSE
"PNPLA2","up","3",FALSE
"CD300A","up","5",FALSE
"LOC101093204","up","10",FALSE
"LOC102902635","up","4",FALSE
"HHIPL1","up","10",FALSE
"HERC5","up","1",FALSE
"SYT11","up","1",FALSE
"GLIPR1","up","4",FALSE
"PLA2G12A","up","1",FALSE
"FADS3","up","3",FALSE
"FBLN1","up","1",FALSE
"GALNT6","up","3",FALSE
"COL8A1","up","9",FALSE
"CKAP4","up","3",FALSE
"ZFP36L2","up","1",FALSE
"PDCD1","up","4",FALSE
"COL16A1","up","1",FALSE
"UPP1","up","5",FALSE
"LOC111560178","up","12",FALSE
"LOC101088902","up","6",FALSE
"FBLIM1","up","1",FALSE
"SOAT2","up","1",FALSE
"DNM1","up","4",FALSE
"HTRA3","up","1",FALSE
"CYP27C1","up","5",FALSE
"TLR2","up","10",FALSE
"LOC101088468","up","10",FALSE
"PODN","up","3",FALSE
"ADAMTSL4","up","1",FALSE
"AOAH","up","4",FALSE
"TFPI2","up","3",FALSE
"LOC102902249","up","4",FALSE
"GAS7","up","4",FALSE
"ANXA2","up","3",FALSE
"TMOD1","up","6",FALSE
"HYAL2","up","4",FALSE
"CREB3L1","up","1",FALSE
"GLUL","up","6",FALSE
"TLR8","up","10",FALSE
"ANKS1B","up","9",FALSE
"ADGRG2","up","5",FALSE
"MIDN","up","12",FALSE
"TBXAS1","up","10",FALSE
"MSR1","up","10",FALSE
"CDC42EP1","up","6",FALSE
"ISM1","up","4",FALSE
"FHL1","up","1",FALSE
"PMAIP1","up","4",FALSE
"CD53","up","4",FALSE
"NFKBIA","up","6",FALSE
"MEFV","up","1",FALSE
"CCR1","up","4",FALSE
"TRIM14","up","17",FALSE
"FLT3","up","9",FALSE
"NAMPT","up","8",FALSE
"TIFAB","up","12",FALSE
"ARHGAP22","up","4",FALSE
"LOC101094593","up","4",FALSE
"GNL3","up","12",FALSE
"MTHFD2","up","1",FALSE
"GPRC5A","up","5",FALSE
"COL5A1","up","1",FALSE
"RARRES1","up","1",FALSE
"ELN","up","1",FALSE
"PTN","up","6",FALSE
"LOC102899466","up","5",FALSE
"ADAMTS2","up","1",FALSE
"RUNDC3A","up","5",FALSE
"MAST2","up","3",FALSE
"CD44","up","3",FALSE
"DTX1","up","3",FALSE
"CLDN1","up","5",FALSE
"SFRP5","up","9",FALSE
"SEC24D","up","9",FALSE
"ZNF516","up","5",FALSE
"WDR75","up","9",FALSE
"ANXA3","up","5",FALSE
"SCARB2","up","1",FALSE
"PLAC9","up","4",FALSE
"MMP7","up","3",FALSE
"ALOX5","up","5",FALSE
"UNC5CL","up","8",FALSE
"FAM110B","up","3",FALSE
"SHISAL1","up","1",FALSE
"MYORG","up","14",FALSE
"CDKN2B","up","3",FALSE
"KBTBD8","up","11",FALSE
"LOXL4","up","1",FALSE
"CCDC86","up","6",FALSE
"CSTB","up","4",FALSE
"RASSF1","up","3",FALSE
"TXNIP","up","8",FALSE
"ELF3","up","5",FALSE
"CLDN3","up","3",FALSE
"MCEMP1","up","4",FALSE
"CCR5","up","4",FALSE
"JAK2","up","11",FALSE
"REM2","up","10",FALSE
"PXDN","up","14",FALSE
"PRPH","up","3",FALSE
"TAGAP","up","4",FALSE
"ZBP1","up","2",FALSE
"DOC2B","up","1",FALSE
"SYNJ2","up","1",FALSE
"CCL21","up","7",FALSE
"SCN1B","up","10",FALSE
"TRIM35","up","3",FALSE
"C1S","up","1",FALSE
"INHCA","up","5",FALSE
"TRIB3","up","10",FALSE
"ADAMTS4","up","9",FALSE
"ADAMTSL3","up","1",FALSE
"KPNA2","up","9",FALSE
"BCL3","up","12",FALSE
"CA2H3orf14","up","1",FALSE
"VASP","up","6",FALSE
"CYSLTR1","up","2",FALSE
"SLC39A14","up","8",FALSE
"IFI6","up","17",FALSE
"FN1","up","1",FALSE
"LZTS1","up","17",FALSE
"TRANK1","up","1",FALSE
"GNG10","up","10",FALSE
"SH3PXD2B","up","1",FALSE
"DUOXA1","up","1",FALSE
"HAVCR1","up","5",FALSE
"TLCD4","up","2",FALSE
"SUN2","up","9",FALSE
"NPTXR","up","6",FALSE
"ACTB","up","6",FALSE
"SAMD9L","up","17",FALSE
"MILR1","up","10",FALSE
"LOC101093795","up","9",FALSE
"LOC102900020","up","4",FALSE
"BRSK1","up","4",FALSE
"BAZ1A","up","10",FALSE
"PDGFD","up","12",FALSE
"SCUBE2","up","1",FALSE
"ARHGEF5","up","5",FALSE
"IL18R1","up","4",FALSE
"UBASH3B","up","4",FALSE
"IFI44L","up","17",FALSE
"ENC1","up","12",FALSE
"RBMS1","up","14",FALSE
"PIK3R5","up","2",FALSE
"IL1RL2","up","1",FALSE
"AGT","up","5",FALSE
"GPR171","up","10",FALSE
"AHNAK2","up","3",FALSE
"ZFAND5","up","8",FALSE
"COL1A1","up","1",FALSE
"MYBL1","up","5",FALSE
"FCAR","up","12",FALSE
"FHOD1","up","3",FALSE
"LOC101093286","up","13",FALSE
"ARSB","up","11",FALSE
"NRBP2","up","5",FALSE
"ARRDC4","up","5",FALSE
"FLNC","up","1",FALSE
"NEU3","up","10",FALSE
"WEE1","up","5",FALSE
"OLR1","up","10",FALSE
"CD96","up","2",FALSE
"PLXNC1","up","4",FALSE
"HTR7","up","9",FALSE
"LOC100169654","up","4",FALSE
"RIPK3","up","2",FALSE
"ANXA1","up","3",FALSE
"TSKU","up","17",FALSE
"GPM6B","up","1",FALSE
"PLXNA1","up","5",FALSE
"LOC109501870","up","14",FALSE
"MDFI","up","3",FALSE
"KCNN4","up","4",FALSE
"DCTD","up","3",FALSE
"TNFRSF1A","up","9",FALSE
"ZDHHC14","up","3",FALSE
"GPR34","up","11",FALSE
"PLPP5","up","4",FALSE
"ACER2","up","11",FALSE
"COL13A1","up","9",FALSE
"SAMSN1","up","4",FALSE
"LOC102901427","up","4",FALSE
"PEAR1","up","1",FALSE
"LOC111557763","up","3",FALSE
"MID1IP1","up","3",FALSE
"GREM1","up","1",FALSE
"SMOX","up","14",FALSE
"LOC101090330","up","10",FALSE
"KIF21B","up","2",FALSE
"MPEG1","up","10",FALSE
"PHF19","up","6",FALSE
"EVI2B","up","2",FALSE
"GFOD1","up","9",FALSE
"ENDOD1","up","4",FALSE
"C1R","up","1",FALSE
"SOAT1","up","1",FALSE
"ADGRD1","up","1",FALSE
"LTF","up","3",FALSE
"ITIH4","up","14",FALSE
"CMKLR1","up","1",FALSE
"KLF2","up","3",FALSE
"B4GALT6","up","2",FALSE
"IL13RA1","up","1",FALSE
"MMP13","up","5",FALSE
"CASP8","up","10",FALSE
"SPARCL1","up","1",FALSE
"CHRD","up","1",FALSE
"ACKR1","up","2",FALSE
"TBL2","up","16",FALSE
"GNAL","up","10",FALSE
"CCN4","up","14",FALSE
"SIGLEC1","up","17",FALSE
"LOC105260977","up","4",FALSE
"S100A11","up","3",FALSE
"C1QTNF5","up","4",FALSE
"ZFHX2","up","5",FALSE
"YWHAH","up","6",FALSE
"SLCO2B1","up","1",FALSE
"PADI1","up","18",FALSE
"SGCB","up","1",FALSE
"CDRT1","up","15",FALSE
"CLIC1","up","3",FALSE
"MYO1H","up","13",FALSE
"FAM20A","up","1",FALSE
"MS4A7","up","10",FALSE
"CAV1","up","7",FALSE
"TNFSF13B","up","1",FALSE
"INPP4B","up","13",FALSE
"TMEM185B","up","16",FALSE
"LOC111556173","up","4",FALSE
"AP2A1","up","6",FALSE
"ZBBX","up","5",FALSE
"LOC101089059","up","6",FALSE
"NR1H3","up","12",FALSE
"SH2D4B","up","8",FALSE
"ATP8B4","up","4",FALSE
"PLCXD2","up","5",FALSE
"MFAP4","up","1",FALSE
"FICD","up","2",FALSE
"ISG20","up","2",FALSE
"NBL1","up","7",FALSE
"FAR2","up","1",FALSE
"MYD88","up","6",FALSE
"KRT16","up","7",FALSE
"UST","up","10",FALSE
"TAP1","up","4",FALSE
"IER2","up","6",FALSE
"MAPRE1","up","9",FALSE
"FRMD4A","up","1",FALSE
"FKBP10","up","1",FALSE
"H6PD","up","5",FALSE
"IQGAP1","up","10",FALSE
"TNFRSF6B","up","2",FALSE
"SLC12A4","up","3",FALSE
"AMY2B","up","13",FALSE
"ANXA5","up","3",FALSE
"SYNC","up","5",FALSE
"GRID1","up","6",FALSE
"ASTE1","up","7",FALSE
"LOC109497364","up","3",FALSE
"MMD","up","1",FALSE
"KDELR3","up","1",FALSE
"CDR2L","up","1",FALSE
"DNAH5","up","5",FALSE
"MMP14","up","3",FALSE
"LTBP1","up","1",FALSE
"MTCL1","up","5",FALSE
"LOC101094113","up","6",FALSE
"TUBB2A","up","5",FALSE
"LRRC3","up","4",FALSE
"SLC16A5","up","7",FALSE
"CSF1","up","4",FALSE
"AMPD2","up","3",FALSE
"TAGLN2","up","3",FALSE
"LOC101096402","up","6",FALSE
"TEAD4","up","1",FALSE
"CTXND1","up","6",FALSE
"KIAA1755","up","4",FALSE
"SHF","up","3",FALSE
"ARL4C","up","4",FALSE
"MUC5B","up","5",FALSE
"IRAK4","up","1",FALSE
"RHNO1","up","6",FALSE
"OASL","up","17",FALSE
"SOCS3","up","12",FALSE
"PTK2B","up","4",FALSE
"ITGA10","up","1",FALSE
"NOP2","up","6",FALSE
"CFP","up","2",FALSE
"FCGR1A","up","4",FALSE
"SCN9A","up","5",FALSE
"ARPC5","up","1",FALSE
"HACD4","up","4",FALSE
"C7","up","1",FALSE
"ACTG1","up","6",FALSE
"VARS1","up","9",FALSE
"IFNAR1","up","11",FALSE
"LTBR","up","6",FALSE
"TACSTD2","up","7",FALSE
"PIAS3","up","14",FALSE
"APOE","up","3",FALSE
"LRP1","up","1",FALSE
"C3AR1","up","10",FALSE
"LMNA","up","6",FALSE
"PMP22","up","3",FALSE
"TOP2A","up","7",FALSE
"SLC45A3","up","5",FALSE
"PRR18","up","5",FALSE
"MYOF","up","5",FALSE
"ABCA6","up","4",FALSE
"DGKQ","up","8",FALSE
"CD276","up","7",FALSE
"POLR3E","up","5",FALSE
"HMGB2","up","3",FALSE
"LOXL2","up","3",FALSE
"AXIN2","up","7",FALSE
"IL17RA","up","10",FALSE
"TRIM55","up","5",FALSE
"SLC2A6","up","4",FALSE
"LOC111558116","up","2",FALSE
"C6","up","2",FALSE
"SLC9A1","up","3",FALSE
"TMTC2","up","1",FALSE
"COL6A3","up","1",FALSE
"ANKRD33B","up","14",FALSE
"TCERG1","up","13",FALSE
"CSRP1","up","1",FALSE
"GDF15","up","5",FALSE
"MAK","up","5",FALSE
"FOXS1","up","1",FALSE
"UCP2","up","2",FALSE
"CXCL16","up","3",FALSE
"FGF2","up","13",FALSE
"LY96","up","14",FALSE
"CENPW","up","7",FALSE
"ROR2","up","1",FALSE
"SEMA4D","up","5",FALSE
"PTK7","up","3",FALSE
"FOXJ1","up","16",FALSE
"PTGES","up","12",FALSE
"SLCO2A1","up","18",FALSE
"STK17B","up","2",FALSE
"PIK3CG","up","2",FALSE
"ARAP2","up","13",FALSE
"TNFAIP3","up","2",FALSE
"RAB7B","up","4",FALSE
"DOCK9","up","13",FALSE
"P4HA3","up","5",FALSE
"LOC105259618","up","2",FALSE
"COTL1","up","4",FALSE
"CD48","up","4",FALSE
"TSPAN14","up","13",FALSE
"COL12A1","up","14",FALSE
"TMEM119","up","1",FALSE
"CNN2","up","1",FALSE
"IL27RA","up","3",FALSE
"ADGRA1","up","4",FALSE
"SIRPB2","up","1",FALSE
"LOC101096741","up","1",FALSE
"PIF1","up","3",FALSE
"ANGPT4","up","4",FALSE
"DUSP15","up","3",FALSE
"ATP8B2","up","1",FALSE
"SMPDL3A","up","4",FALSE
"F13A1","up","4",FALSE
"NUDT15","up","12",FALSE
"MATN4","up","3",FALSE
"SNAI1","up","12",FALSE
"LARP6","up","1",FALSE
"TPX2","up","7",FALSE
"ARHGAP27","up","7",FALSE
"TNFSF8","up","4",FALSE
"GALNT2","up","5",FALSE
"CXCR2","up","10",FALSE
"BARD1","up","7",FALSE
"S1PR3","up","1",FALSE
"LOC101096492","up","2",FALSE
"TUBB6","up","9",FALSE
"SH3BP2","up","5",FALSE
"ADAMTS14","up","1",FALSE
"LOC102899212","up","18",FALSE
"TRPM2","up","4",FALSE
"CFAP73","up","3",FALSE
"ITGB6","up","16",FALSE
"TMEM127","up","5",FALSE
"MAMDC2","up","9",FALSE
"EDN2","up","5",FALSE
"LOC101092340","up","14",FALSE
"HAUS5","up","7",FALSE
"KIF4A","up","7",FALSE
"R3HDM4","up","3",FALSE
"PTPN9","up","13",FALSE
"RASL12","up","14",FALSE
"SERPING1","up","1",FALSE
"TPM1","up","1",FALSE
"NIBAN2","up","3",FALSE
"TMEM43","up","3",FALSE
"PLOD2","up","14",FALSE
"MYADM","up","1",FALSE
"INHBA","up","12",FALSE
"FLNA","up","1",FALSE
"CENPF","up","7",FALSE
"CERK","up","1",FALSE
"SPIB","up","2",FALSE
"VIM","up","3",FALSE
"SELENOM","up","3",FALSE
"SUN1","up","16",FALSE
"SLC35B2","up","3",FALSE
"NFE2L1","up","9",FALSE
"TYROBP","up","4",FALSE
"CD74","up","4",FALSE
"LOC111556169","up","4",FALSE
"LOC111560443","up","4",FALSE
"ITGAM","up","10",FALSE
"BHLHE22","up","12",FALSE
"TLR9","up","3",FALSE
"CALU","up","1",FALSE
"IFITM5","up","17",FALSE
"RNF157","up","4",FALSE
"SCIMP","up","2",FALSE
"ANTXR1","up","1",FALSE
"OSCAR","up","4",FALSE
"MBNL1","up","13",FALSE
"TNKS1BP1","up","1",FALSE
"SLC17A9","up","2",FALSE
"NKD1","up","1",FALSE
"VCAN","up","1",FALSE
"CDC20","up","7",FALSE
"FOXP4","up","3",FALSE
"CLN5","up","10",FALSE
"TNFAIP8","up","4",FALSE
"RND1","up","12",FALSE
"KIF11","up","7",FALSE
"LOC101082424","up","2",FALSE
"GRK3","up","4",FALSE
"PWP2","up","3",FALSE
"MRC1","up","11",FALSE
"MELK","up","7",FALSE
"FXYD5","up","4",FALSE
"F2RL2","up","9",FALSE
"APOBR","up","4",FALSE
"ITGB2","up","4",FALSE
"RUNX2","up","1",FALSE
"RGS4","up","12",FALSE
"LAMA3","up","3",FALSE
"FNDC4","up","1",FALSE
"MLF1","up","3",FALSE
"BCL2L15","up","5",FALSE
"LOC102899271","up","4",FALSE
"KLHDC8A","up","6",FALSE
"SUCNR1","up","1",FALSE
"BTG3","up","6",FALSE
"PLEC","up","6",FALSE
"ISLR","up","1",FALSE
"CFB","up","12",FALSE
"PHKG1","up","3",FALSE
"ZNF114","up","2",FALSE
"B3GALNT1","up","1",FALSE
"CLEC3B","up","4",FALSE
"TLR7","up","4",FALSE
"PRIMA1","up","6",FALSE
"ENTPD1","up","9",FALSE
"OMD","up","9",FALSE
"PRPS1","up","13",FALSE
"FAM114A1","up","14",FALSE
"TUBB","up","3",FALSE
"CHI3L1","up","4",FALSE
"TRIP13","up","3",FALSE
"WDR4","up","6",FALSE
"LOC101093312","up","13",FALSE
"TIGIT","up","4",FALSE
"SETD7","up","1",FALSE
"PPP2R2C","up","18",FALSE
"WDR55","up","9",FALSE
"VAV1","up","2",FALSE
"LRRFIP1","up","3",FALSE
"CARD19","up","15",FALSE
"SP100","up","4",FALSE
"TP53TG5","up","3",FALSE
"MYOC","up","2",FALSE
"GIMAP6","up","2",FALSE
"GPR25","up","2",FALSE
"CTTNBP2NL","up","14",FALSE
"DCDC2","up","16",FALSE
"UPK3B","up","5",FALSE
"SRPX","up","1",FALSE
"SLAMF1","up","2",FALSE
"OGFRL1","up","11",FALSE
"LAX1","up","2",FALSE
"TLR1","up","10",FALSE
"MMP11","up","1",FALSE
"MAMLD1","up","14",FALSE
"TRPV2","up","4",FALSE
"MAP1A","up","1",FALSE
"CENPE","up","7",FALSE
"DGKG","up","5",FALSE
"IFNGR1","up","10",FALSE
"EGR3","up","12",FALSE
"CARS1","up","7",FALSE
"CRLF2","up","4",FALSE
"DKC1","up","6",FALSE
"AEN","up","7",FALSE
"CDK1","up","7",FALSE
"WDR1","up","5",FALSE
"FOXM1","up","7",FALSE
"SLC39A7","up","9",FALSE
"ST6GALNAC4","up","9",FALSE
"ADAM19","up","4",FALSE
"FOXF2","up","1",FALSE
"CYTH4","up","2",FALSE
"ZNF436","up","14",FALSE
"ARL4A","up","10",FALSE
"SCML4","up","2",FALSE
"ABCG1","up","3",FALSE
"FOSL1","up","4",FALSE
"SLC4A7","up","13",FALSE
"DLGAP4","up","15",FALSE
"ARPC1B","up","4",FALSE
"MYBL2","up","7",FALSE
"MCM2","up","7",FALSE
"PTPRE","up","4",FALSE
"LRRC71","up","3",FALSE
"DOCK6","up","7",FALSE
"CRLF3","up","2",FALSE
"ZCCHC24","up","1",FALSE
"FASTKD1","up","11",FALSE
"CORO1C","up","9",FALSE
"LOC102900156","up","3",FALSE
"EMB","up","2",FALSE
"BMP3","up","7",FALSE
"LCP2","up","4",FALSE
"GSTM3","up","1",FALSE
"CD109","up","1",FALSE
"TNFRSF11A","up","4",FALSE
"LAMB1","up","5",FALSE
"WIPF1","up","2",FALSE
"GRHL3","up","18",FALSE
"KIF20A","up","7",FALSE
"RHOB","up","9",FALSE
"PISD","up","6",FALSE
"ATP10A","up","1",FALSE
"TIGAR","up","8",FALSE
"STX1A","up","3",FALSE
"NEDD9","up","3",FALSE
"MTMR11","up","1",FALSE
"ZNF367","up","5",FALSE
"BMP1","up","3",FALSE
"KLHL6","up","2",FALSE
"BUB1","up","7",FALSE
"ARHGDIB","up","13",FALSE
"ANKRD52","up","1",FALSE
"OLFML2B","up","1",FALSE
"ACLY","up","12",FALSE
"TMEM154","up","2",FALSE
"SERPINB8","up","3",FALSE
"RGS16","up","12",FALSE
"METTL2A","up","9",FALSE
"PRC1","up","7",FALSE
"CIITA","up","2",FALSE
"GLI2","up","1",FALSE
"VPS37B","up","15",FALSE
"DPYSL2","up","3",FALSE
"XPO6","up","3",FALSE
"PHC2","up","3",FALSE
"FBN1","up","1",FALSE
"COL7A1","up","1",FALSE
"SPIDR","up","3",FALSE
"GBP5","up","2",FALSE
"RSPO3","up","9",FALSE
"POC1A","up","5",FALSE
"NUSAP1","up","7",FALSE
"FAM3C","up","13",FALSE
"TMSB4X","up","3",FALSE
"ARL11","up","4",FALSE
"MAD2L1","up","13",FALSE
"WNT4","up","3",FALSE
"PUM3","up","9",FALSE
"LOC101101025","up","2",FALSE
"CB4H12orf75","up","1",FALSE
"IFNAR2","up","4",FALSE
"CMTM3","up","1",FALSE
"PDGFRB","up","1",FALSE
"PILRA","up","4",FALSE
"BUD23","up","18",FALSE
"LGALS3","up","3",FALSE
"LOC105259729","up","7",FALSE
"SLC41A2","up","16",FALSE
"CCNB1","up","8",FALSE
"ADGRG1","up","16",FALSE
"RSKR","up","11",FALSE
"NOP16","up","6",FALSE
"PFN1","up","3",FALSE
"SLC22A3","up","4",FALSE
"TUBB2B","up","3",FALSE
"MMRN1","up","13",FALSE
"LCNL1","up","3",FALSE
"ITGB1","up","14",FALSE
"PRRX2","up","1",FALSE
"SCARF2","up","1",FALSE
"DAGLB","up","5",FALSE
"EFHD2","up","3",FALSE
"RABGEF1","up","14",FALSE
"WIPI1","up","10",FALSE
"SLC51A","up","8",FALSE
"RIPK2","up","10",FALSE
"MYO1F","up","4",FALSE
"LOC101082822","up","4",FALSE
"NCF4","up","4",FALSE
"CARD8","up","10",FALSE
"FAM104A","up","6",FALSE
"FCHSD1","up","2",FALSE
"MAP7D3","up","1",FALSE
"KCNK10","up","18",FALSE
"INPP5F","up","5",FALSE
"CCDC40","up","15",FALSE
"KIF18B","up","7",FALSE
"TACC3","up","4",FALSE
"LEF1","up","3",FALSE
"EVPL","up","12",FALSE
"EEF2K","up","11",FALSE
"NXT2","up","11",FALSE
"LCP1","up","2",FALSE
"TREM2","up","4",FALSE
"LUZP2","up","14",FALSE
"PLCXD3","up","1",FALSE
"KLF6","up","14",FALSE
"CLIC6","up","3",FALSE
"RHOBTB2","up","3",FALSE
"APCDD1","up","1",FALSE
"SIDT1","up","2",FALSE
"TGFB1I1","up","1",FALSE
"P2RY10","up","2",FALSE
"CCND3","up","9",FALSE
"FHL3","up","1",FALSE
"PLP2","up","3",FALSE
"IKBKE","up","4",FALSE
"PRR5L","up","7",FALSE
"EFEMP2","up","1",FALSE
"EIF2AK3","up","11",FALSE
"ADAM12","up","1",FALSE
"ARID3C","up","6",FALSE
"POLR1F","up","8",FALSE
"LRFN4","up","3",FALSE
"CASP3","up","10",FALSE
"GRAMD1A","up","3",FALSE
"MCM3","up","4",FALSE
"LOC101094897","up","1",FALSE
"GFOD2","up","3",FALSE
"CREM","up","8",FALSE
"GDPD3","up","9",FALSE
"LRRIQ1","up","16",FALSE
"PLSCR3","up","3",FALSE
"LOC109501218","up","3",FALSE
"ABCA9","up","11",FALSE
"KCNAB2","up","2",FALSE
"CHRNB2","up","18",FALSE
"IRF9","up","4",FALSE
"STAC3","up","5",FALSE
"MCP-1","up","12",FALSE
"DSCC1","up","1",FALSE
"MKI67","up","7",FALSE
"PARP8","up","4",FALSE
"LMLN","up","11",FALSE
"TMEM156","up","4",FALSE
"CAD","up","5",FALSE
"UBE2C","up","7",FALSE
"KRT18","up","5",FALSE
"POU2AF1","up","2",FALSE
"CYP1B1","up","9",FALSE
"CLIC3","up","6",FALSE
"PLEKHN1","up","3",FALSE
"CANT1","up","5",FALSE
"ADAMTS3","up","1",FALSE
"EMP2","up","3",FALSE
"STK10","up","4",FALSE
"RBBP8","up","16",FALSE
"PRR29","up","5",FALSE
"ADAM8","up","4",FALSE
"MCTP2","up","1",FALSE
"TIMP3","up","9",FALSE
"ITK","up","2",FALSE
"CCND2","up","3",FALSE
"VAMP1","up","2",FALSE
"DHX37","up","3",FALSE
"CSGALNACT2","up","11",FALSE
"HKDC1","up","5",FALSE
"DHX58","up","17",FALSE
"TMEM150B","up","4",FALSE
"PRAM1","up","4",FALSE
"NPC1","up","11",FALSE
"PPM1M","up","6",FALSE
"ARID5A","up","6",FALSE
"ASNS","up","3",FALSE
"EPSTI1","up","17",FALSE
"CD58","up","9",FALSE
"TIFA","up","1",FALSE
"GPR153","up","1",FALSE
"NLRC5","up","2",FALSE
"SELL","up","2",FALSE
"CLMP","up","1",FALSE
"LAMA2","up","14",FALSE
"MCM6","up","7",FALSE
"GLI1","up","4",FALSE
"SRM","up","6",FALSE
"INPP5A","up","3",FALSE
"ISLR2","up","6",FALSE
"PYCR1","up","3",FALSE
"YBX3","up","8",FALSE
"RHBDF1","up","3",FALSE
"GALNT7","up","14",FALSE
"DONSON","up","10",FALSE
"SLC38A4","up","9",FALSE
"CTLA4","up","3",FALSE
"NCAPG","up","7",FALSE
"ADAMTS9","up","16",FALSE
"CPNE2","up","3",FALSE
"IL22RA1","up","5",FALSE
"SELPLG","up","4",FALSE
"ADAM9","up","14",FALSE
"NEXN","up","1",FALSE
"AFAP1","up","1",FALSE
"MRPL33","up","9",FALSE
"AEBP1","up","1",FALSE
"LY9","up","2",FALSE
"NOP56","up","6",FALSE
"FAM83D","up","7",FALSE
"TRMT6","up","8",FALSE
"COL1A2","up","1",FALSE
"RIMS2","up","16",FALSE
"CD244","up","3",FALSE
"TGFB3","up","1",FALSE
"PRICKLE3","up","3",FALSE
"CXCR6","up","2",FALSE
"SCN5A","up","3",FALSE
"ITGA5","up","1",FALSE
"CAVIN1","up","1",FALSE
"LTC4S","up","3",FALSE
"TNFRSF21","up","8",FALSE
"PID1","up","1",FALSE
"LOC101100942","up","1",FALSE
"LOC109493140","up","2",FALSE
"LOC101081158","up","11",FALSE
"ATG2A","up","3",FALSE
"CYP21A2","up","1",FALSE
"KLRG2","up","6",FALSE
"ATP2C2","up","7",FALSE
"LOC101080845","up","6",FALSE
"MYH9","up","1",FALSE
"DDX58","up","17",FALSE
"HSPG2","up","3",FALSE
"SOCS6","up","16",FALSE
"NGEF","up","5",FALSE
"PI15","up","11",FALSE
"GFI1","up","2",FALSE
"RAB27A","up","11",FALSE
"RCSD1","up","1",FALSE
"TMEM151A","up","4",FALSE
"ITPR3","up","5",FALSE
"GPR39","up","5",FALSE
"CCDC149","up","3",FALSE
"RUNX3","up","2",FALSE
"SOD3","up","5",FALSE
"GMPR2","up","15",FALSE
"RIMS3","up","2",FALSE
"MAPKAPK3","up","6",FALSE
"CRACDL","up","3",FALSE
"NMD3","up","14",FALSE
"SH3BP1","up","4",FALSE
"ALAS1","up","8",FALSE
"RAP2B","up","4",FALSE
"ECT2","up","7",FALSE
"COL17A1","up","7",FALSE
"P4HA2","up","5",FALSE
"DENND2A","up","1",FALSE
"USP18","up","17",FALSE
"EMP3","up","4",FALSE
"ERO1A","up","13",FALSE
"LHX4","up","12",FALSE
"SIT1","up","2",FALSE
"SMOC1","up","4",FALSE
"ITGB4","up","7",FALSE
"TROAP","up","7",FALSE
"TLE1","up","3",FALSE
"LOC101090518","up","2",FALSE
"IFRD1","up","10",FALSE
"SLC5A5","up","5",FALSE
"PKMYT1","up","7",FALSE
"NUMBL","up","1",FALSE
"PIM3","up","12",FALSE
"QSOX2","up","12",FALSE
"LGALS1","up","3",FALSE
"CDT1","up","7",FALSE
"PTRH1","up","15",FALSE
"PDLIM7","up","3",FALSE
"DLGAP5","up","7",FALSE
"SIDT2","up","4",FALSE
"LAPTM5","up","4",FALSE
"CCNL2","up","3",FALSE
"RGS2","up","13",FALSE
"MID1","up","14",FALSE
"TAGLN","up","1",FALSE
"ARC","up","12",FALSE
"MIS18BP1","up","2",FALSE
"CILP2","up","3",FALSE
"LTB4R","up","3",FALSE
"KRT19","up","7",FALSE
"XYLT1","up","4",FALSE
"DAPK3","up","15",FALSE
"OAS1","up","17",FALSE
"TGIF1","up","5",FALSE
"FLII","up","6",FALSE
"FCER1G","up","4",FALSE
"GCSAM","up","2",FALSE
"GALNT3","up","16",FALSE
"RGMA","up","1",FALSE
"SCN7A","up","1",FALSE
"GINS4","up","1",FALSE
"TSPO","up","3",FALSE
"TMEM200B","up","1",FALSE
"LASP1","up","3",FALSE
"PTP4A2","up","3",FALSE
"TMEM273","up","2",FALSE
"ALKBH3","up","15",FALSE
"RNF39","up","3",FALSE
"ITPKC","up","5",FALSE
"HSPA14","up","9",FALSE
"ZFP69","up","6",FALSE
"PSTPIP1","up","4",FALSE
"COL3A1","up","1",FALSE
"PTDSS1","up","2",FALSE
"NLGN2","up","1",FALSE
"SPAG5","up","7",FALSE
"LOC101100621","up","4",FALSE
"CLEC4E","up","2",FALSE
"GMPPB","up","9",FALSE
"TPBG","up","3",FALSE
"EPOP","up","6",FALSE
"GJB4","up","7",FALSE
"MMP12","up","4",FALSE
"SYNGR2","up","6",FALSE
"LOC111558969","up","4",FALSE
"HECTD2","up","11",FALSE
"MINPP1","up","14",FALSE
"TASL","up","2",FALSE
"EHD2","up","1",FALSE
"CD6","up","2",FALSE
"CASP4","up","4",FALSE
"DDIT3","up","15",FALSE
"S100A6","up","3",FALSE
"GADD45G","up","8",FALSE
"ZMYND15","up","5",FALSE
"LOC111557369","up","2",FALSE
"RPS6KL1","up","7",FALSE
"LIG1","up","3",FALSE
"JDP2","up","1",FALSE
"LSP1","up","4",FALSE
"ADGRE5","up","3",FALSE
"PHETA2","up","1",FALSE
"ITPRIPL2","up","1",FALSE
"CASTOR1","up","9",FALSE
"TCF19","up","7",FALSE
"TREML2","up","2",FALSE
"CAPN10","up","15",FALSE
"CMTR1","up","12",FALSE
"LTV1","up","9",FALSE
"GGT7","up","1",FALSE
"NME1","up","2",FALSE
"NOL3","up","3",FALSE
"LPAR5","up","3",FALSE
"PSMB8","up","4",FALSE
"PNMA1","up","3",FALSE
"IFIT5","up","8",FALSE
"LOC101097072","up","3",FALSE
"HCLS1","up","2",FALSE
"BIRC2","up","13",FALSE
"ABCA10","up","4",FALSE
"MYO9B","up","4",FALSE
"MYCBP2","up","1",FALSE
"TGM2","up","9",FALSE
"LOC101083623","up","7",FALSE
"BCOR","up","1",FALSE
"LGI4","up","1",FALSE
"LOC111561763","up","1",FALSE
"NKAIN1","up","3",FALSE
"LOC101097117","up","1",FALSE
"CHRNB1","up","5",FALSE
"ZC3H12D","up","2",FALSE
"FOLR2","up","4",FALSE
"MARCHF1","up","2",FALSE
"RBPJL","up","5",FALSE
"B4GALT4","up","1",FALSE
"DDX39A","up","3",FALSE
"CHPF2","up","7",FALSE
"ST3GAL1","up","10",FALSE
"IL33","up","1",FALSE
"S100A10","up","4",FALSE
"FCMR","up","2",FALSE
"LOC101096719","up","4",FALSE
"CSF2RB","up","4",FALSE
"ZSWIM4","up","1",FALSE
"SAPCD2","up","7",FALSE
"PDLIM4","up","3",FALSE
"VCL","up","14",FALSE
"LOC123380411","up","5",FALSE
"LOC101101321","up","3",FALSE
"DSE","up","1",FALSE
"CC1H1orf216","up","4",FALSE
"GCNT3","up","5",FALSE
"LOC101086599","up","2",FALSE
"GJA5","up","10",FALSE
"SMIM29","up","3",FALSE
"REM1","up","13",FALSE
"SEPTIN10","up","14",FALSE
"FAP","up","1",FALSE
"CCR2","up","2",FALSE
"MX1","up","17",FALSE
"MAFF","up","12",FALSE
"RNF166","up","2",FALSE
"MAPK3","up","10",FALSE
"RHBDF2","up","4",FALSE
"IFI16","up","4",FALSE
"MTHFD1L","up","3",FALSE
"FMO2","up","14",FALSE
"ISG15","up","17",FALSE
"ZFP90","up","11",FALSE
"SLC34A2","up","5",FALSE
"LOC101081885","up","5",FALSE
"PLET1","up","4",FALSE
"CHST10","up","3",FALSE
"SPECC1L","up","14",FALSE
"SYK","up","2",FALSE
"ARPC5L","up","6",FALSE
"GLB1","up","9",FALSE
"RAB8A","up","6",FALSE
"CENPA","up","7",FALSE
"LOC101090615","up","4",FALSE
"KCNMA1","up","9",FALSE
"ADAM15","up","6",FALSE
"PANX1","up","12",FALSE
"PROCR","up","1",FALSE
"LRRC32","up","1",FALSE
"TNC","up","1",FALSE
"OSBP2","up","8",FALSE
"NDUFA4L2","up","2",FALSE
"CREB3L2","up","2",FALSE
"LOC101091023","up","3",FALSE
"CCNL1","up","13",FALSE
"IRAG1","up","1",FALSE
"TPST1","up","1",FALSE
"CEMIP","up","4",FALSE
"NOD2","up","3",FALSE
"DUSP2","up","2",FALSE
"LMCD1","up","1",FALSE
"SERTAD4","up","7",FALSE
"LOC123384086","up","2",FALSE
"MCOLN2","up","2",FALSE
"CACNA1E","up","3",FALSE
"IL1RAP","up","11",FALSE
"LOC101082144","up","5",FALSE
"NRCAM","up","16",FALSE
"CELF2","up","2",FALSE
"E2F2","up","7",FALSE
"AP1S2","up","1",FALSE
"SLAMF6","up","2",FALSE
"PTPRC","up","2",FALSE
"DTL","up","7",FALSE
"ADIRF","up","6",FALSE
"TBX1","up","13",FALSE
"SRC","up","5",FALSE
"P2RY6","up","4",FALSE
"ISG20L2","up","6",FALSE
"FMNL1","up","2",FALSE
"IRF8","up","2",FALSE
"ATAD2","up","11",FALSE
"TUBA1A","up","6",FALSE
"AGR2","up","3",FALSE
"GNB5","up","13",FALSE
"PPIE","up","3",FALSE
"ESPL1","up","7",FALSE
"SPI1","up","4",FALSE
"UBE2D2","up","13",FALSE
"SAE1","up","3",FALSE
"RPIA","up","3",FALSE
"PTGDS","up","4",FALSE
"TSHZ2","up","6",FALSE
"TMEM59L","up","3",FALSE
"MCMBP","up","13",FALSE
"RBM3","up","8",FALSE
"VWA5A","up","17",FALSE
"COL6A2","up","1",FALSE
"FST","up","13",FALSE
"METTL13","up","7",FALSE
"PDE4B","up","13",FALSE
"HFE","up","1",FALSE
"COLGALT1","up","3",FALSE
"ZBTB42","up","5",FALSE
"PLK3","up","6",FALSE
"PIMREG","up","7",FALSE
"TAP2","up","4",FALSE
"LOC101098301","up","7",FALSE
"GRM2","up","15",FALSE
"PNMT","up","2",FALSE
"IL10RB","up","3",FALSE
"FNDC1","up","3",FALSE
"USP39","up","9",FALSE
"NXNL2","up","2",FALSE
"TMEM39A","up","1",FALSE
"SERTAD1","up","6",FALSE
"A2M","up","4",FALSE
"AGAP2","up","4",FALSE
"MASP1","up","10",FALSE
"CFAP54","up","16",FALSE
"CD3E","up","4",FALSE
"FERMT3","up","2",FALSE
"MOSPD2","up","8",FALSE
"LOC123385051","up","5",FALSE
"PSPC1","up","6",FALSE
"MYLIP","up","3",FALSE
"PLEK","up","4",FALSE
"JPT1","up","3",FALSE
"LOC111560874","up","2",FALSE
"MICALL2","up","3",FALSE
"CD1D","up","4",FALSE
"ASPM","up","11",FALSE
"LOC101082993","up","11",FALSE
"NCKAP1L","up","2",FALSE
"FIBIN","up","8",FALSE
"DAW1","up","5",FALSE
"SPN","up","4",FALSE
"KIF2C","up","7",FALSE
"PEA15","up","1",FALSE
"PPP3CC","up","13",FALSE
"CENPM","up","7",FALSE
"ZNF550","up","1",FALSE
"FAM102B","up","2",FALSE
"SLC9A5","up","3",FALSE
"CLEC2D","up","2",FALSE
"FOXL1","up","13",FALSE
"MIDEAS","up","11",FALSE
"GPSM1","up","1",FALSE
"LAT2","up","2",FALSE
"SPEG","up","3",FALSE
"AURKB","up","7",FALSE
"SLC1A4","up","4",FALSE
"IER5L","up","6",FALSE
"LUZP1","up","14",FALSE
"MS4A1","up","2",FALSE
"LOC101085539","up","4",FALSE
"PDGFRA","up","1",FALSE
"LOC102901658","up","18",FALSE
"LOC101082866","up","2",FALSE
"PRF1","up","2",FALSE
"KLHL26","up","6",FALSE
"ST14","up","5",FALSE
"HHAT","up","8",FALSE
"MYO1C","up","3",FALSE
"CAPG","up","3",FALSE
"MARCKSL1","up","3",FALSE
"JCHAIN","up","2",FALSE
"NOS3","up","10",FALSE
"FGF22","up","3",FALSE
"MPZL1","up","1",FALSE
"VEZT","up","14",FALSE
"NOM1","up","14",FALSE
"SPRED3","up","12",FALSE
"RASA3","up","4",FALSE
"ATP1B3","up","9",FALSE
"CILP","up","13",FALSE
"HDGFL3","up","1",FALSE
"LOC101100766","up","4",FALSE
"TRIO","up","8",FALSE
"FKBP5","up","8",FALSE
"NOTCH2","up","1",FALSE
"TBC1D2B","up","1",FALSE
"KCNJ14","up","1",FALSE
"IRAG2","up","2",FALSE
"SDK1","up","10",FALSE
"PLD4","up","2",FALSE
"EMILIN1","up","1",FALSE
"AGPAT4","up","3",FALSE
"ATF3","up","16",FALSE
"SIM2","up","5",FALSE
"LOC105260551","up","4",FALSE
"EBI3","up","4",FALSE
"ARHGAP30","up","2",FALSE
"TIMD4","up","4",FALSE
"BSN","up","5",FALSE
"ATP9A","up","7",FALSE
"POU2F2","up","2",FALSE
"CD68","up","4",FALSE
"WDR62","up","7",FALSE
"DCLRE1C","up","2",FALSE
"CRIP2","up","15",FALSE
"CDCA8","up","7",FALSE
"SULT2B1","up","10",FALSE
"CD300LF","up","4",FALSE
"BHLHA15","up","2",FALSE
"GPR132","up","7",FALSE
"ZNF41","up","13",FALSE
"B4GALT5","up","16",FALSE
"VSIR","up","3",FALSE
"TTC9C","up","6",FALSE
"GEMIN6","up","9",FALSE
"MIS12","up","6",FALSE
"GGTA1","up","4",FALSE
"SAMD4A","up","1",FALSE
"FCRL5","up","2",FALSE
"LOC101086846","up","2",FALSE
"HIVEP3","up","4",FALSE
"SMC5","up","11",FALSE
"IKZF1","up","2",FALSE
"GXYLT2","up","11",FALSE
"KCNK6","up","1",FALSE
"CD28","up","3",FALSE
"DOK5","up","5",FALSE
"IFI35","up","3",FALSE
"LPCAT2","up","2",FALSE
"LOC109496912","up","6",FALSE
"LOC101082108","up","4",FALSE
"KLHL36","up","6",FALSE
"SEMA4F","up","4",FALSE
"MCTP1","up","11",FALSE
"NECTIN4","up","18",FALSE
"BICD2","up","1",FALSE
"STAT6","up","4",FALSE
"TXNDC5","up","2",FALSE
"GRK5","up","1",FALSE
"MMP24","up","1",FALSE
"S1PR4","up","2",FALSE
"TGFB1","up","1",FALSE
"IRF1","up","3",FALSE
"STX11","up","2",FALSE
"SMIM6","up","7",FALSE
"NOP58","up","15",FALSE
"LOC101097085","up","4",FALSE
"DPYSL4","up","18",FALSE
"LOC102901560","up","15",FALSE
"CD2","up","4",FALSE
"ELL","up","4",FALSE
"MAGED1","up","1",FALSE
"SETBP1","up","11",FALSE
"ARRB2","up","4",FALSE
"ADGRB1","up","15",FALSE
"PDZRN3","up","1",FALSE
"THBD","up","7",FALSE
"LTBP3","up","3",FALSE
"ZBTB16","up","8",FALSE
"MKX","up","1",FALSE
"BSPRY","up","8",FALSE
"KIFC1","up","7",FALSE
"BCL11B","up","2",FALSE
"LOC101090324","up","4",FALSE
"SMAP2","up","2",FALSE
"DUSP4","up","12",FALSE
"LITAF","up","3",FALSE
"IER3","up","8",FALSE
"SH2D1A","up","2",FALSE
"PLAGL1","up","1",FALSE
"TMEM132E","up","7",FALSE
"CXCR3","up","2",FALSE
"COLEC12","up","1",FALSE
"LOC101091772","up","4",FALSE
"ST6GAL1","up","7",FALSE
"B3GNT9","up","1",FALSE
"KCNAB3","up","3",FALSE
"NLE1","up","3",FALSE
"GARS1","up","9",FALSE
"OAS2","up","17",FALSE
"ARHGAP6","up","10",FALSE
"HARS1","up","9",FALSE
"TRMT1","up","3",FALSE
"MAP6","up","15",FALSE
"PTGFRN","up","5",FALSE
"CDCA7","up","4",FALSE
"SEMA3C","up","14",FALSE
"CD37","up","2",FALSE
"SEMA4A","up","2",FALSE
"CRY1","up","8",FALSE
"LOC102900682","up","2",FALSE
"PML","up","4",FALSE
"CCDC120","up","3",FALSE
"ESYT1","up","3",FALSE
"ZC3H12A","up","12",FALSE
"GPN2","up","6",FALSE
"CFLAR","up","8",FALSE
"ZNF350","up","4",FALSE
"KCTD17","up","4",FALSE
"CAND2","up","6",FALSE
"GIMAP8","up","2",FALSE
"PLPPR2","up","3",FALSE
"CD5","up","2",FALSE
"IGF1","up","11",FALSE
"CDC42EP5","up","3",FALSE
"ADCY3","up","2",FALSE
"ATP13A2","up","6",FALSE
"COL6A1","up","1",FALSE
"PGF","up","3",FALSE
"CFAP92","up","3",FALSE
"AKNA","up","2",FALSE
"HELZ2","up","17",FALSE
"VIPR1","up","16",FALSE
"NUCB2","up","1",FALSE
"LRRN4","up","7",FALSE
"GZMK","up","2",FALSE
"SRPK3","up","3",FALSE
"KLHL29","up","1",FALSE
"PTPN22","up","2",FALSE
"GAL3ST4","up","1",FALSE
"SNPH","up","3",FALSE
"SMIM22","up","5",FALSE
"GIMAP2","up","2",FALSE
"CEP20","up","1",FALSE
"CXCL8","up","13",FALSE
"SURF6","up","6",FALSE
"ARHGDIA","up","15",FALSE
"IFIT2","up","17",FALSE
"ANKLE2","up","14",FALSE
"ZCCHC2","up","11",FALSE
"DHRS7B","up","3",FALSE
"ABI3","up","3",FALSE
"LOC102899273","up","8",FALSE
"DGKA","up","2",FALSE
"NCAPH","up","7",FALSE
"CDK5RAP3","up","15",FALSE
"GNA15","up","4",FALSE
"RAD54L","up","7",FALSE
"EML4","up","2",FALSE
"GSDMD","up","2",FALSE
"LOC101090473","up","2",FALSE
"IL34","up","3",FALSE
"CSF3R","up","2",FALSE
"ARHGAP11A","up","7",FALSE
"RNF31","up","4",FALSE
"PRDX4","up","2",FALSE
"P2RX5","up","3",FALSE
"CAST","up","7",FALSE
"PTGS1","up","3",FALSE
"GMIP","up","2",FALSE
"CNOT9","up","3",FALSE
"CHPF","up","3",FALSE
"CHFR","up","3",FALSE
"KCNE3","up","4",FALSE
"STK19","up","6",FALSE
"TPM2","up","1",FALSE
"RGS18","up","17",FALSE
"ARHGAP36","up","8",FALSE
"CCDC187","up","2",FALSE
"UBE2S","up","6",FALSE
"IKBKG","up","10",FALSE
"BCAN","up","2",FALSE
"RYR3","up","16",FALSE
"RHBDD2","up","3",FALSE
"HK2","up","13",FALSE
"LOC101082109","up","8",FALSE
"NIFK","up","9",FALSE
"CTSO","up","11",FALSE
"CD7","up","2",FALSE
"BTBD19","up","6",FALSE
"LOC105261172","up","2",FALSE
"ZBTB2","up","1",FALSE
"CF1H1orf112","up","4",FALSE
"STING1","up","17",FALSE
"BAK1","up","3",FALSE
"ATP2B4","up","7",FALSE
"SETD1B","up","4",FALSE
"STXBP5L","up","5",FALSE
"GADD45B","up","12",FALSE
"RELA","up","3",FALSE
"CD3G","up","2",FALSE
"JAK1","up","12",FALSE
"PTGIR","up","9",FALSE
"MDC1","up","1",FALSE
"FURIN","up","5",FALSE
"UBASH3A","up","2",FALSE
"INAVA","up","16",FALSE
"NAV1","up","1",FALSE
"NAB2","up","1",FALSE
"RELL1","up","10",FALSE
"EFS","up","1",FALSE
"PKD1","up","3",FALSE
"WDR3","up","12",FALSE
"CDC45","up","3",FALSE
"PIK3CD","up","2",FALSE
"RGS1","up","13",FALSE
"DNAJC18","up","1",FALSE
"LOC101092254","up","2",FALSE
"LPAR6","up","1",FALSE
"ASF1B","up","6",FALSE
"VWF","up","13",FALSE
"ACTA2","up","9",FALSE
"PIK3AP1","up","2",FALSE
"LOC111560087","up","3",FALSE
"MYO3B","up","1",FALSE
"S100A4","up","4",FALSE
"KNL1","up","11",FALSE
"IRF2BPL","up","10",FALSE
"TCIRG1","up","3",FALSE
"RNASEH2B","up","6",FALSE
"TMEM123","up","2",FALSE
"SPARC","up","1",FALSE
"BZW2","up","15",FALSE
"CA2H19orf38","up","3",FALSE
"LOC101096707","up","3",FALSE
"KLC2","up","15",FALSE
"MAN1C1","up","1",FALSE
"KRT5","up","2",FALSE
"CCDC69","up","2",FALSE
"RAB6B","up","5",FALSE
"GIMAP5","up","2",FALSE
"ADORA2B","up","2",FALSE
"LOC102900594","up","1",FALSE
"CLEC7A","up","4",FALSE
"GASK1A","up","7",FALSE
"IL12RB1","up","2",FALSE
"POLE","up","7",FALSE
"CD1H11orf24","up","2",FALSE
"SEPTIN8","up","1",FALSE
"CORO1A","up","2",FALSE
"MSC","up","4",FALSE
"DIMT1","up","14",FALSE
"LOC111558023","up","8",FALSE
"SLC66A3","up","4",FALSE
"ADORA3","up","4",FALSE
"FBLN7","up","7",FALSE
"ABCA1","up","14",FALSE
"SLAMF7","up","2",FALSE
"ATF4","up","6",FALSE
"LOC105260059","up","11",FALSE
"BIN2","up","2",FALSE
"LOC102901250","up","2",FALSE
"LRP3","up","3",FALSE
"SBSN","up","4",FALSE
"PRXL2C","up","1",FALSE
"HPS6","up","5",FALSE
"DOCK2","up","2",FALSE
"STOML1","up","6",FALSE
"ELANE","up","2",FALSE
"LY86","up","2",FALSE
"CLEC4D","up","4",FALSE
"SH3KBP1","up","4",FALSE
"POLD1","up","3",FALSE
"AGFG2","up","6",FALSE
"PDXK","up","8",FALSE
"LLGL1","up","3",FALSE
"MLXIP","up","14",FALSE
"CENPO","up","3",FALSE
"RASL11B","up","1",FALSE
"CACNG4","up","5",FALSE
"MAP3K15","up","16",FALSE
"NFIX","up","3",FALSE
"CDC42SE1","up","13",FALSE
"PSME2","up","3",FALSE
"CCR10","up","2",FALSE
"LOC111557813","up","1",FALSE
"EIF4G3","up","11",FALSE
"SLC2A10","up","1",FALSE
"NPR2","up","1",FALSE
"CD160","up","2",FALSE
"LBR","up","2",FALSE
"ZNF300","up","1",FALSE
"LOC123383933","up","13",FALSE
"CORO2A","up","18",FALSE
"PRAF2","up","1",FALSE
"TTC13","up","13",FALSE
"LOXL1","up","1",FALSE
"IER5","up","4",FALSE
"PBDC1","up","9",FALSE
"TRIM47","up","15",FALSE
"CLIP3","up","1",FALSE
"TMEM129","up","6",FALSE
"LOC123384088","up","2",FALSE
"LOC123382131","up","3",FALSE
"KLF16","up","6",FALSE
"CXCR4","up","2",FALSE
"LOC101080774","up","17",FALSE
"MMP9","up","2",FALSE
"SH3BP4","up","5",FALSE
"CCL5","up","2",FALSE
"PLEKHF2","up","11",FALSE
"ZUP1","up","2",FALSE
"TXNDC11","up","6",FALSE
"RIMS4","up","12",FALSE
"GPR182","up","9",FALSE
"BTG1","up","3",FALSE
"TNFAIP8L2","up","4",FALSE
"UNC93B1","up","4",FALSE
"ARHGAP9","up","2",FALSE
"TADA2A","up","18",FALSE
"SLC26A10","up","3",FALSE
"SHISA8","up","2",FALSE
"FXYD1","up","1",FALSE
"MRTFA","up","4",FALSE
"SLC25A28","up","15",FALSE
"SHROOM1","up","8",FALSE
"CDCA4","up","3",FALSE
"CFTR","up","16",FALSE
"MARVELD1","up","1",FALSE
"LCK","up","2",FALSE
"RIPK1","up","7",FALSE
"RNF24","up","10",FALSE
"CRYAB","up","5",FALSE
"SPRYD3","up","6",FALSE
"CACNB3","up","3",FALSE
"TSPAN32","up","3",FALSE
"HSF4","up","3",FALSE
"MCM8","up","5",FALSE
"NPDC1","up","6",FALSE
"HELLS","up","13",FALSE
"CLDN15","up","9",FALSE
"LOC101094376","up","17",FALSE
"DNAH9","up","5",FALSE
"LOC101093345","up","3",FALSE
"ALS2CL","up","7",FALSE
"KIF15","up","7",FALSE
"FAM214B","up","7",FALSE
"HECTD3","up","15",FALSE
"TBC1D10B","up","3",FALSE
"DEPTOR","up","8",FALSE
"CLIC2","up","1",FALSE
"POLR1G","up","8",FALSE
"IKZF3","up","2",FALSE
"LOC101088996","up","2",FALSE
"GATA6","up","1",FALSE
"CARD11","up","2",FALSE
"IRX1","up","5",FALSE
"GRAP2","up","2",FALSE
"CGAS","up","17",FALSE
"LOC123378922","up","3",FALSE
"RHOU","up","5",FALSE
"SEMA7A","up","4",FALSE
"RBM20","up","7",FALSE
"HS3ST1","up","3",FALSE
"PPP1R9B","up","4",FALSE
"DBF4","up","2",FALSE
"CPT1C","up","3",FALSE
"RCC2","up","4",FALSE
"RHOH","up","2",FALSE
"MATN2","up","1",FALSE
"TRAM2","up","4",FALSE
"ROBO2","up","11",FALSE
"BCL2L12","up","3",FALSE
"NOL9","up","12",FALSE
"BAX","up","3",FALSE
"PLCH1","up","16",FALSE
"ADAR","up","6",FALSE
"SLC25A38","up","6",FALSE
"CAV2","up","16",FALSE
"NECTIN1","up","7",FALSE
"NSG1","up","12",FALSE
"WASF2","up","14",FALSE
"CDCA5","up","7",FALSE
"CEP112","up","3",FALSE
"GRAP","up","2",FALSE
"ANGPTL2","up","1",FALSE
"LOC123382218","up","4",FALSE
"CDC7","up","11",FALSE
"SEMA5A","up","14",FALSE
"PPP4R1","up","14",FALSE
"RASA2","up","11",FALSE
"HCST","up","2",FALSE
"RIOX1","up","18",FALSE
"ADAMTS16","up","12",FALSE
"PARVG","up","2",FALSE
"FMOD","up","1",FALSE
"CSNK1D","up","15",FALSE
"BEND6","up","1",FALSE
"GCH1","up","9",FALSE
"TRIM38","up","1",FALSE
"ADGRG5","up","2",FALSE
"BMP6","up","10",FALSE
"EOMES","up","2",FALSE
"SCARB1","up","6",FALSE
"TEPSIN","up","3",FALSE
"ADGRE2","up","1",FALSE
"KREMEN1","up","15",FALSE
"C2CD2","up","6",FALSE
"AMIGO3","up","5",FALSE
"AQP9","up","4",FALSE
"PDGFA","up","5",FALSE
"RNF41","up","13",FALSE
"PATL1","up","13",FALSE
"RASAL3","up","2",FALSE
"MSN","up","1",FALSE
"DOK2","up","4",FALSE
"ENKUR","up","16",FALSE
"MXRA8","up","1",FALSE
"PSME4","up","8",FALSE
"CD209","up","17",FALSE
"GNE","up","6",FALSE
"FCRLA","up","2",FALSE
"AKAP13","up","14",FALSE
"DOP1B","up","10",FALSE
"CFAP77","up","16",FALSE
"ZNF687","up","7",FALSE
"FLOT1","up","3",FALSE
"HIVEP2","up","11",FALSE
"LOC105261012","up","12",FALSE
"ADGRB2","up","7",FALSE
"ANKRD29","up","11",FALSE
"KCTD12","up","1",FALSE
"TRAT1","up","2",FALSE
"PTPN2","up","13",FALSE
"RASSF2","up","2",FALSE
"EXOSC10","up","12",FALSE
"DDX20","up","12",FALSE
"GNAI2","up","3",FALSE
"EIF2AK2","up","17",FALSE
"PTPRS","up","3",FALSE
"LOC101092550","up","18",FALSE
"P3H3","up","3",FALSE
"PLXNA3","up","3",FALSE
"BUB1B","up","10",FALSE
"SNED1","up","1",FALSE
"P2RY8","up","2",FALSE
"GRWD1","up","15",FALSE
"FES","up","3",FALSE
"RFTN1","up","1",FALSE
"NID1","up","14",FALSE
"HIGD1A","up","8",FALSE
"TMEM100","up","13",FALSE
"FKBP7","up","1",FALSE
"TIMP2","up","1",FALSE
"URB1","up","8",FALSE
"CLEC5A","up","4",FALSE
"PRKCQ","up","2",FALSE
"TNFRSF8","up","12",FALSE
"RNF19B","up","3",FALSE
"DTYMK","up","6",FALSE
"PNRC1","up","5",FALSE
"TRIB2","up","13",FALSE
"TADA2B","up","15",FALSE
"IFNGR2","up","3",FALSE
"PSMB9","up","4",FALSE
"CCN2","up","13",FALSE
"RPL22L1","up","13",FALSE
"LOC101088734","up","2",FALSE
"TRIP10","up","3",FALSE
"DNPH1","up","7",FALSE
"AJM1","up","4",FALSE
"RNF122","up","4",FALSE
"RBPJ","up","1",FALSE
"IRF4","up","2",FALSE
"CD81","up","3",FALSE
"PSD4","up","2",FALSE
"POLH","up","11",FALSE
"CYBB","up","4",FALSE
"DMPK","up","1",FALSE
"SLC16A14","up","9",FALSE
"DLG4","up","1",FALSE
"ACADL","up","11",FALSE
"IRS1","up","11",FALSE
"KCTD5","up","15",FALSE
"ZNF296","up","2",FALSE
"POGLUT1","up","11",FALSE
"PPP1R18","up","4",FALSE
"NRP2","up","4",FALSE
"TLNRD1","up","15",FALSE
"RBM6","up","15",FALSE
"EMD","up","15",FALSE
"KIF3C","up","1",FALSE
"ADCY7","up","4",FALSE
"WDR37","up","9",FALSE
"PLEKHA2","up","2",FALSE
"DENND5A","up","1",FALSE
"BATF","up","2",FALSE
"ZNF513","up","6",FALSE
"GAB3","up","4",FALSE
"FCHO1","up","2",FALSE
"OAS3","up","17",FALSE
"LOC101100937","up","6",FALSE
"ADA2","up","2",FALSE
"SYNE3","up","2",FALSE
"CEP85","up","3",FALSE
"A2ML1","up","6",FALSE
"ITGA2","up","16",FALSE
"ZBTB9","up","5",FALSE
"TMEM35B","up","3",FALSE
"MFSD5","up","2",FALSE
"VANGL1","up","16",FALSE
"CDR2","up","9",FALSE
"RRP1B","up","6",FALSE
"ITGA4","up","2",FALSE
"ST3GAL4","up","1",FALSE
"TONSL","up","15",FALSE
"P2RX1","up","4",FALSE
"GNA14","up","1",FALSE
"PRRX1","up","18",FALSE
"SOCS4","up","11",FALSE
"ZC3H8","up","11",FALSE
"MAD2L1BP","up","7",FALSE
"CWC22","up","10",FALSE
"DENND1C","up","2",FALSE
"GRK6","up","2",FALSE
"TMEM165","up","16",FALSE
"MZB1","up","2",FALSE
"DOK3","up","2",FALSE
"DENND2B","up","5",FALSE
"CD3D","up","2",FALSE
"GAS2L1","up","6",FALSE
"UBA7","up","17",FALSE
"RADIL","up","1",FALSE
"FKBP11","up","2",FALSE
"ESYT2","up","14",FALSE
"RNF130","up","13",FALSE
"PPP1R3C","up","7",FALSE
"IRF5","up","2",FALSE
"CNP","up","3",FALSE
"PPARD","up","3",FALSE
"CD27","up","2",FALSE
"RAB37","up","2",FALSE
"RUSC2","up","9",FALSE
"GPSM2","up","7",FALSE
"ARHGAP45","up","2",FALSE
"LOC105260615","up","2",FALSE
"LPXN","up","2",FALSE
"SPHK1","up","9",FALSE
"APBB1IP","up","2",FALSE
"ITGAX","up","4",FALSE
"ZNFX1","up","10",FALSE
"SLC35D2","up","8",FALSE
"BLK","up","2",FALSE
"PHLDA3","up","1",FALSE
"GPX8","up","1",FALSE
"CHRDL1","up","9",FALSE
"SRI","up","1",FALSE
"IFIH1","up","17",FALSE
"BACE1","up","14",FALSE
"CD79A","up","2",FALSE
"LOC105261153","up","4",FALSE
"IL16","up","2",FALSE
"IDO1","up","4",FALSE
"CLN8","up","6",FALSE
"ATAD5","up","2",FALSE
"MOXD1","up","1",FALSE
"AMBP","up","8",FALSE
"FGD2","up","2",FALSE
"MAP4K1","up","2",FALSE
"PCYOX1L","up","4",FALSE
"PCOLCE","up","1",FALSE
"SRF","up","9",FALSE
"SCRN1","up","3",FALSE
"PRKAR1A","up","6",FALSE
"FUT11","up","11",FALSE
"ERICH2","up","5",FALSE
"SLC5A6","up","16",FALSE
"ADAM28","up","11",FALSE
"PLCD1","up","3",FALSE
"SORBS3","up","9",FALSE
"CD2H1orf198","up","1",FALSE
"CREBZF","up","11",FALSE
"ARRDC2","up","18",FALSE
"LOC101083444","up","2",FALSE
"CCDC61","up","6",FALSE
"TRABD","up","6",FALSE
"CREB3L4","up","4",FALSE
"CD8A","up","2",FALSE
"CARMIL2","up","2",FALSE
"PNPLA8","up","8",FALSE
"SLC8B1","up","8",FALSE
"UPK3BL2","up","2",FALSE
"PDGFRL","up","1",FALSE
"KIAA0100","up","9",FALSE
"LDAF1","up","13",FALSE
"ZNF792","up","11",FALSE
"RIPOR2","up","2",FALSE
"CCR7","up","2",FALSE
"XRN2","up","10",FALSE
"LOC111560441","up","2",FALSE
"UBE2J1","up","2",FALSE
"LOC109497182","up","2",FALSE
"WDR82","up","10",FALSE
"LGALS9","up","17",FALSE
"SYNPO2","up","1",FALSE
"MOB3A","up","2",FALSE
"SACS","up","4",FALSE
"DACT1","up","1",FALSE
"FRMPD2","up","8",FALSE
"PRR7","up","4",FALSE
"ARSJ","up","1",FALSE
"MORC4","up","14",FALSE
"LIMD1","up","6",FALSE
"B4GALT2","up","3",FALSE
"JUNB","up","12",FALSE
"AP1B1","up","8",FALSE
"LMOD1","up","9",FALSE
"SLC25A47","up","2",FALSE
"MST1R","up","2",FALSE
"CHST14","up","3",FALSE
"LIMK1","up","4",FALSE
"PRKAR2B","up","1",FALSE
"SLC25A14","up","5",FALSE
"GRAMD2B","up","8",FALSE
"WDR43","up","8",FALSE
"SPECC1","up","6",FALSE
"PLEKHH1","up","16",FALSE
"NTNG1","up","7",FALSE
"LOC101084636","up","1",FALSE
"PKDCC","up","9",FALSE
"TTC23L","up","16",FALSE
"SLC38A2","up","11",FALSE
"CCDC141","up","11",FALSE
"RELB","up","3",FALSE
"LAMC3","up","14",FALSE
"PDIA4","up","6",FALSE
"PCSK7","up","4",FALSE
"LYST","up","11",FALSE
"CTTN","up","15",FALSE
"FCRL3","up","2",FALSE
"DTX4","up","1",FALSE
"PLCB2","up","4",FALSE
"TFEB","up","3",FALSE
"CEBPG","up","10",FALSE
"METTL7A","up","8",FALSE
"CPXM1","up","1",FALSE
"BTK","up","2",FALSE
"LYL1","up","2",FALSE
"MGLL","up","15",FALSE
"CFD","up","2",FALSE
"PRKX","up","4",FALSE
"GPX7","up","1",FALSE
"ANO1","up","6",FALSE
"THBS1","up","14",FALSE
"CIC","up","1",FALSE
"RPS6KA4","up","3",FALSE
"DUS3L","up","3",FALSE
"SLA","up","2",FALSE
"MED30","up","13",FALSE
"LOC101100212","up","3",FALSE
"ZBED1","up","3",FALSE
"RNF213","up","17",FALSE
"LCAT","up","3",FALSE
"TLR6","up","4",FALSE
"RAMP1","up","3",FALSE
"LBH","up","1",FALSE
"KCNA3","up","2",FALSE
"BICDL1","up","18",FALSE
"KIRREL1","up","1",FALSE
"RTP4","up","17",FALSE
"UBP1","up","11",FALSE
"ABL1","up","1",FALSE
"LEPROTL1","up","9",FALSE
"SGCA","up","3",FALSE
"PRKCB","up","2",FALSE
"GIPC1","up","3",FALSE
"TMEM54","up","6",FALSE
"CAPN1","up","3",FALSE
"PAM","up","14",FALSE
"ZMAT4","up","5",FALSE
"MADCAM1","up","4",FALSE
"SMARCD3","up","3",FALSE
"OGA","up","11",FALSE
"PLEKHA4","up","1",FALSE
"SAMHD1","up","4",FALSE
"INCENP","up","7",FALSE
"ANK1","up","15",FALSE
"HIC1","up","1",FALSE
"RSAD2","up","17",FALSE
"SAP25","up","2",FALSE
"SIGLEC5","up","2",FALSE
"RALGDS","up","3",FALSE
"ZNF287","up","11",FALSE
"STX6","up","7",FALSE
"RNPEP","up","3",FALSE
"IMPDH1","up","3",FALSE
"BATF2","up","2",FALSE
"SLC1A5","up","8",FALSE
"RGS19","up","2",FALSE
"TMEM179","up","18",FALSE
"FCRL2","up","2",FALSE
"LOC111556210","up","3",FALSE
"HEATR1","up","8",FALSE
"PARP6","up","3",FALSE
"PKM","up","6",FALSE
"TYK2","up","3",FALSE
"TUT7","up","11",FALSE
"WAS","up","2",FALSE
"ZBTB7A","up","15",FALSE
"IL2RG","up","2",FALSE
"CLIP2","up","3",FALSE
"SYTL5","up","2",FALSE
"DNAAF3","up","3",FALSE
"SMIM5","up","18",FALSE
"ELF4","up","4",FALSE
"PLCG1","up","15",FALSE
"GALNT1","up","8",FALSE
"SMC1A","up","5",FALSE
"EPHB6","up","3",FALSE
"THBS2","up","1",FALSE
"MCM5","up","7",FALSE
"NUP205","up","11",FALSE
"FCRLB","up","2",FALSE
"SPON2","up","15",FALSE
"OLFM2","up","17",FALSE
"IL2RB","up","2",FALSE
"SLC15A3","up","4",FALSE
"PHF11","up","4",FALSE
"COL4A1","up","5",FALSE
"PIK3R6","up","4",FALSE
"EDNRA","up","1",FALSE
"FGR","up","17",FALSE
"GCC1","up","6",FALSE
"COL18A1","up","1",FALSE
"CD180","up","2",FALSE
"TBC1D10C","up","2",FALSE
"FAM78A","up","2",FALSE
"FAM43A","up","1",FALSE
"ZAN","up","7",FALSE
"RBP4","up","18",FALSE
"MPZL2","up","16",FALSE
"NUP160","up","11",FALSE
"RASD2","up","13",FALSE
"NCF2","up","4",FALSE
"NPNT","up","7",FALSE
"TICRR","up","7",FALSE
"IL2RA","up","2",FALSE
"TP53","up","3",FALSE
"REC8","up","4",FALSE
"TESC","up","7",FALSE
"PREX1","up","2",FALSE
"POGLUT2","up","1",FALSE
"MLLT11","up","3",FALSE
"P3H1","up","3",FALSE
"SGTB","up","11",FALSE
"CXCL9","up","2",FALSE
"GRAMD2A","up","8",FALSE
"TSC22D3","up","8",FALSE
"B3GLCT","up","14",FALSE
"FRMD6","up","1",FALSE
"GNB2","up","3",FALSE
"NXN","up","4",FALSE
"ARSI","up","7",FALSE
"ADAM17","up","3",FALSE
"SH2D2A","up","2",FALSE
"RASAL1","up","5",FALSE
"DKK2","up","1",FALSE
"INPP5D","up","2",FALSE
"ANAPC1","up","2",FALSE
"DOCK7","up","8",FALSE
"MEIS3","up","3",FALSE
"E2F6","up","8",FALSE
"SLA2","up","2",FALSE
"PITPNA","up","6",FALSE
"PKIB","up","9",FALSE
"TOX","up","2",FALSE
"CCRL2","up","4",FALSE
"GNPDA2","up","14",FALSE
"MAP7D1","up","1",FALSE
"ADGRA2","up","1",FALSE
"TRMT61A","up","15",FALSE
"RCN3","up","1",FALSE
"SLC16A11","up","5",FALSE
"TTC7A","up","2",FALSE
"RIT1","up","16",FALSE
"CHEK1","up","7",FALSE
"SLC10A3","up","7",FALSE
"LZTS2","up","15",FALSE
"MAGOH","up","4",FALSE
"IRX6","up","6",FALSE
"CISH","up","8",FALSE
"CXCR5","up","2",FALSE
"FAM111B","up","10",FALSE
"RAP2A","up","1",FALSE
"DAPP1","up","2",FALSE
"SYCP2","up","4",FALSE
"SCMH1","up","15",FALSE
"TREML1","up","4",FALSE
"SYT14","up","8",FALSE
"DNER","up","12",FALSE
"NLRC3","up","2",FALSE
"SCG5","up","5",FALSE
"MTA2","up","3",FALSE
"CHAF1A","up","7",FALSE
"NTMT1","up","2",FALSE
"PRELID3A","up","12",FALSE
"LOC101085272","up","8",FALSE
"FSTL1","up","1",FALSE
"LOC101100417","up","7",FALSE
"CCNJ","up","8",FALSE
"CD274","up","4",FALSE
"TRIM52","up","13",FALSE
"SMAD1","up","1",FALSE
"COL4A2","up","5",FALSE
"ICAM3","up","2",FALSE
"SKA3","up","18",FALSE
"GM2A","up","4",FALSE
"FILIP1L","up","14",FALSE
"RAI14","up","6",FALSE
"MAPK7","up","6",FALSE
"JOSD1","up","13",FALSE
"LURAP1L","up","1",FALSE
"EML2","up","15",FALSE
"TNFRSF13C","up","2",FALSE
"MATK","up","2",FALSE
"UCK2","up","6",FALSE
"DACT3","up","1",FALSE
"GPR180","up","1",FALSE
"TNFRSF13B","up","2",FALSE
"IL36G","up","9",FALSE
"NPAS1","up","4",FALSE
"CPNE8","up","1",FALSE
"RGS11","up","3",FALSE
"EGFR","up","16",FALSE
"TMCC1","up","3",FALSE
"GDF7","up","2",FALSE
"MEGF6","up","12",FALSE
"TMEM252","up","8",FALSE
"ZBTB22","up","15",FALSE
"SPAG6","up","16",FALSE
"B3GALT4","up","6",FALSE
"LAMC1","up","1",FALSE
"LPIN1","up","12",FALSE
"TP53INP1","up","13",FALSE
"CSRNP1","up","8",FALSE
"GAB2","up","2",FALSE
"RCN1","up","3",FALSE
"COL14A1","up","3",FALSE
"LOC101082677","up","2",FALSE
"LOC105260178","up","2",FALSE
"POLE3","up","13",FALSE
"ASPHD2","up","3",FALSE
"FOXO3","up","8",FALSE
"TRIM25","up","5",FALSE
"NCF1","up","2",FALSE
"TLR10","up","2",FALSE
"CDH1","up","16",FALSE
"LRWD1","up","15",FALSE
"LHX6","up","1",FALSE
"YWHAQ","up","10",FALSE
"TNIK","up","4",FALSE
"SRXN1","up","12",FALSE
"FNDC3B","up","8",FALSE
"ZBTB24","up","11",FALSE
"SELENOH","up","3",FALSE
"TMEM150C","up","1",FALSE
"ASB6","up","10",FALSE
"IL21R","up","2",FALSE
"LOC101099332","up","17",FALSE
"CDCA7L","up","3",FALSE
"KCNA5","up","2",FALSE
"DDX60","up","17",FALSE
"ARHGEF40","up","3",FALSE
"BLM","up","4",FALSE
"LOC111556665","up","5",FALSE
"S100A8","up","2",FALSE
"SLC25A19","up","3",FALSE
"ATXN7L3","up","3",FALSE
"DEF6","up","2",FALSE
"FABP4","up","4",FALSE
"CASS4","up","4",FALSE
"LOC105259606","up","17",FALSE
"CPNE9","up","12",FALSE
"CHST1","up","3",FALSE
"TBC1D1","up","1",FALSE
"STRIP1","up","3",FALSE
"BFSP1","up","15",FALSE
"DTX3L","up","17",FALSE
"FCRL1","up","2",FALSE
"DIXDC1","up","1",FALSE
"KRT8","up","5",FALSE
"IFITM10","up","4",FALSE
"CEACAM1","up","8",FALSE
"JPH2","up","1",FALSE
"VSIG10","up","16",FALSE
"LOC101083316","up","4",FALSE
"RPGR","up","16",FALSE
"TMA16","up","9",FALSE
"IL1R2","up","18",FALSE
"RECQL","up","9",FALSE
"TMEM221","up","4",FALSE
"NFATC4","up","3",FALSE
"TEDC2","up","3",FALSE
"WDR46","up","6",FALSE
"IFI44","up","17",FALSE
"CD79B","up","2",FALSE
"LOC101100156","up","4",FALSE
"ASAP1","up","1",FALSE
"HABP4","up","3",FALSE
"XG","up","1",FALSE
"ZFP1","up","11",FALSE
"VWA3A","up","5",FALSE
"BARX2","up","5",FALSE
"ARHGEF19","up","3",FALSE
"MDK","up","3",FALSE
"CCDC88B","up","2",FALSE
"DDB2","up","3",FALSE
"EME1","up","12",FALSE
"PAX5","up","2",FALSE
"LOC101101581","up","10",FALSE
"PAK3","up","3",FALSE
"TRAF3","up","3",FALSE
"PTPN7","up","2",FALSE
"AGER","up","3",FALSE
"HP","up","5",FALSE
"CA13","up","4",FALSE
"HIF3A","up","8",FALSE
"RBMS2","up","1",FALSE
"TRAF3IP2","up","16",FALSE
"ARF6","up","3",FALSE
"GPBAR1","up","4",FALSE
"LOC101096853","up","15",FALSE
"CYTIP","up","2",FALSE
"YARS1","up","9",FALSE
"CYP3A131","up","8",FALSE
"BMI1","up","11",FALSE
"CPED1","up","1",FALSE
"SLC37A2","up","2",FALSE
"CD4","up","2",FALSE
"APOLD1","up","8",FALSE
"ADCY6","up","8",FALSE
"SFRP4","up","7",FALSE
"SMARCD2","up","3",FALSE
"BAG2","up","4",FALSE
"ARHGAP4","up","2",FALSE
"PVRIG","up","2",FALSE
"BLNK","up","2",FALSE
"SLC9A9","up","3",FALSE
"DDX21","up","8",FALSE
"CBLB","up","11",FALSE
"PTGER2","up","12",FALSE
"GGN","up","3",FALSE
"KLC1","up","1",FALSE
"GMFG","up","2",FALSE
"TTC27","up","2",FALSE
"TNFAIP2","up","3",FALSE
"SH2B3","up","4",FALSE
"DCTPP1","up","6",FALSE
"OSM","up","13",FALSE
"KCNC3","up","8",FALSE
"DCN","up","1",FALSE
"ADAMTS12","up","14",FALSE
"OCSTAMP","up","2",FALSE
"PTPRU","up","8",FALSE
"IL18BP","up","3",FALSE
"MUC1","up","16",FALSE
"CB3H15orf39","up","4",FALSE
"ADAMTS1","up","5",FALSE
"GDPGP1","up","2",FALSE
"ARHGEF10L","up","16",FALSE
"CELSR1","up","5",FALSE
"XPC","up","10",FALSE
"SLC30A3","up","3",FALSE
"RABGGTA","up","15",FALSE
"GABPB2","up","13",FALSE
"CEP128","up","7",FALSE
"HM13","up","6",FALSE
"SNX20","up","2",FALSE
"SERPINI1","up","6",FALSE
"MDFIC","up","3",FALSE
"DNAJA4","up","8",FALSE
"MAX","up","6",FALSE
"SUV39H1","up","15",FALSE
"EFNB1","up","15",FALSE
"ESYT3","up","5",FALSE
"KNTC1","up","7",FALSE
"AKIP1","up","6",FALSE
"SLC30A7","up","8",FALSE
"SLC38A5","up","2",FALSE
"TPK1","up","6",FALSE
"FGF10","up","3",FALSE
"KLHL42","up","1",FALSE
"NFKBIZ","up","16",FALSE
"PLCB3","up","3",FALSE
"PHLDA2","up","8",FALSE
"RAB35","up","13",FALSE
"ARMC12","up","8",FALSE
"RUBCNL","up","2",FALSE
"SIPA1","up","2",FALSE
"FHL2","up","3",FALSE
"YEATS2","up","9",FALSE
"ZNF496","up","3",FALSE
"PUSL1","up","2",FALSE
"OTULINL","up","4",FALSE
"CCNE1","up","2",FALSE
"CYBRD1","up","13",FALSE
"HPS3","up","14",FALSE
"AURKA","up","7",FALSE
"GRIN3B","up","4",FALSE
"LOXL3","up","4",FALSE
"MAPK11","up","6",FALSE
"USP13","up","13",FALSE
"FAM184B","up","18",FALSE
"DDX49","up","9",FALSE
"LOC101101103","up","2",FALSE
"MCUB","up","4",FALSE
"XBP1","up","9",FALSE
"CLDN6","up","5",FALSE
"GYG1","up","15",FALSE
"CCR6","up","2",FALSE
"SEPTIN1","up","2",FALSE
"PPP2R5B","up","1",FALSE
"KLF5","up","16",FALSE
"GPR157","up","14",FALSE
"CE1H17orf53","up","7",FALSE
"YWHAZ","up","10",FALSE
"SULF1","up","1",FALSE
"PAK1IP1","up","8",FALSE
"PRMT7","up","2",FALSE
"LPIN3","up","9",FALSE
"WDR77","up","8",FALSE
"TATDN2","up","1",FALSE
"BCO2","up","5",FALSE
"LOC101084518","up","4",FALSE
"OGT","up","11",FALSE
"LOC101095064","up","1",FALSE
"GORAB","up","1",FALSE
"COL9A2","up","3",FALSE
"FGG","up","5",FALSE
"CLIP4","up","1",FALSE
"CC1H1orf162","up","17",FALSE
"ADO","up","10",FALSE
"PHLDB3","up","3",FALSE
"MAN2A1","up","14",FALSE
"UNC5B","up","1",FALSE
"GSN","up","13",FALSE
"ZBTB7C","up","4",FALSE
"TSNAXIP1","up","16",FALSE
"CHST7","up","1",FALSE
"SLC35D1","up","8",FALSE
"PTPN14","up","14",FALSE
"WNT10A","up","2",FALSE
"ZDHHC18","up","7",FALSE
"LOC101089804","up","5",FALSE
"CSKMT","up","6",FALSE
"TMEM86B","up","6",FALSE
"RHOD","up","15",FALSE
"MYO1G","up","2",FALSE
"PDGFB","up","3",FALSE
"REEP4","up","7",FALSE
"SNRPB","up","15",FALSE
"ATF5","up","3",FALSE
"TMEM144","up","11",FALSE
"LOC101094717","up","2",FALSE
"AMBRA1","up","16",FALSE
"ZNHIT6","up","10",FALSE
"SERPINF1","up","3",FALSE
"CALHM5","up","1",FALSE
"KLF11","up","8",FALSE
"PTPRN2","up","8",FALSE
"S1PR2","up","4",FALSE
"HOXC11","up","1",FALSE
"PGS1","up","3",FALSE
"LOC101094346","up","5",FALSE
"BCL9L","up","1",FALSE
"SOCS2","up","1",FALSE
"ARAP1","up","1",FALSE
"CTXND2","up","4",FALSE
"BST2","up","17",FALSE
"IFIT3","up","17",FALSE
"NAT10","up","2",FALSE
"KIF24","up","16",FALSE
"HOPX","up","2",FALSE
"EFCC1","up","1",FALSE
"EEF1E1","up","8",FALSE
"TINAGL1","up","15",FALSE
"NKG7","up","2",FALSE
"HMOX1","up","4",FALSE
"ACTR1A","up","9",FALSE
"LPAR2","up","6",FALSE
"SYNGR3","up","15",FALSE
"NUP188","up","2",FALSE
"PYCR3","up","8",FALSE
"RECQL4","up","7",FALSE
"PTPN6","up","2",FALSE
"ITGB7","up","2",FALSE
"MFRP","up","1",FALSE
"GJC1","up","1",FALSE
"LOC105260851","up","11",FALSE
"GTPBP2","up","3",FALSE
"NALF2","up","5",FALSE
"SHC1","up","8",FALSE
"ZNF831","up","2",FALSE
"CAP2","up","13",FALSE
"PDCD2","up","8",FALSE
"TGM3","up","18",FALSE
"CAMK2D","up","13",FALSE
"MICAL1","up","2",FALSE
"CAMK4","up","2",FALSE
"PPME1","up","5",FALSE
"ICE1","up","9",FALSE
"CD151","up","15",FALSE
"ZNF746","up","3",FALSE
"CDCP1","up","8",FALSE
"RECK","up","1",FALSE
"TMEM138","up","3",FALSE
"TMPRSS13","up","2",FALSE
"UBR7","up","7",FALSE
"SENP1","up","11",FALSE
"MEST","up","2",FALSE
"SERGEF","up","3",FALSE
"CCDC24","up","3",FALSE
"GGCT","up","8",FALSE
"CD247","up","2",FALSE
"SOSTDC1","up","6",FALSE
"SCN8A","up","11",FALSE
"BUB3","up","8",FALSE
"STK17A","up","2",FALSE
"WNT7B","up","6",FALSE
"LOC105261234","up","2",FALSE
"DNAJB9","up","8",FALSE
"NSMCE2","up","11",FALSE
"FEN1","up","15",FALSE
"PPP1R3B","up","1",FALSE
"SHKBP1","up","2",FALSE
"CD52","up","2",FALSE
"STAT1","up","17",FALSE
"ZDHHC20","up","11",FALSE
"HDAC7","up","3",FALSE
"OSBPL5","up","15",FALSE
"TMEM229B","up","3",FALSE
"ECM1","up","1",FALSE
"NFKB2","up","3",FALSE
"TMSB10","up","3",FALSE
"ZNF34","up","3",FALSE
"MYO1D","up","10",FALSE
"WDHD1","up","3",FALSE
"LOC101080285","up","2",FALSE
"DCAF15","up","3",FALSE
"HIP1R","up","2",FALSE
"TNK2","up","3",FALSE
"CNTNAP1","up","1",FALSE
"RAPGEF5","up","1",FALSE
"NEFM","up","8",FALSE
"SEMA3A","up","11",FALSE
"RBMS3","up","1",FALSE
"INTS11","up","15",FALSE
"LOC105260055","up","2",FALSE
"S100A2","up","3",FALSE
"NABP1","up","2",FALSE
"S100A9","up","2",FALSE
"GNB3","up","3",FALSE
"COG3","up","14",FALSE
"RASA4B","up","17",FALSE
"ABHD4","up","3",FALSE
"SOBP","up","1",FALSE
"KDM7A","up","11",FALSE
"CACNB1","up","3",FALSE
"PLOD3","up","8",FALSE
"SPDL1","up","4",FALSE
"JAZF1","up","1",FALSE
"MMP28","up","1",FALSE
"VPS26B","up","3",FALSE
"ZNF317","up","16",FALSE
"PRICKLE2","up","1",FALSE
"TBC1D9","up","4",FALSE
"OSTF1","up","3",FALSE
"PRSS23","up","8",FALSE
"CFL2","up","8",FALSE
"ACVRL1","up","1",FALSE
"CALCRL","up","9",FALSE
"ZFPM1","up","3",FALSE
"FAM53C","up","14",FALSE
"MAP4","up","3",FALSE
"TMEM52","up","8",FALSE
"MEF2A","up","8",FALSE
"TNXB","up","3",FALSE
"SLAIN1","up","2",FALSE
"TSEN34","up","3",FALSE
"NUP210","up","2",FALSE
"SH3GL3","up","6",FALSE
"STIL","up","2",FALSE
"DRAXIN","up","5",FALSE
"CAVIN3","up","15",FALSE
"P2RY14","up","17",FALSE
"CTHRC1","up","3",FALSE
"ZNF391","up","14",FALSE
"MFSD10","up","4",FALSE
"ODAD4","up","16",FALSE
"SLC38A10","up","3",FALSE
"STAC2","up","5",FALSE
"TLR5","up","12",FALSE
"EPDR1","up","7",FALSE
"CTSW","up","2",FALSE
"LIMD2","up","2",FALSE
"ADAM22","up","1",FALSE
"MFSD2B","up","16",FALSE
"ZNF783","up","18",FALSE
"SLC6A9","up","4",FALSE
"HHIP","up","9",FALSE
"PRDM8","up","1",FALSE
"FAM102A","up","2",FALSE
"PAG1","up","2",FALSE
"FOXRED2","up","16",FALSE
"WDR74","up","15",FALSE
"PHLDA1","up","11",FALSE
"ADAMTS7","up","1",FALSE
"KIF27","up","16",FALSE
"DZIP1","up","8",FALSE
"RTL5","up","7",FALSE
"RHOA","up","9",FALSE
"ZNF217","up","2",FALSE
"GPSM3","up","2",FALSE
"NPM2","up","2",FALSE
"ELP6","up","5",FALSE
"MALT1","up","8",FALSE
"APBA2","up","13",FALSE
"LRRC25","up","17",FALSE
"KEL","up","2",FALSE
"SYT3","up","7",FALSE
"NFKB1","up","1",FALSE
"LOC101093705","up","4",FALSE
"ARMCX3","up","1",FALSE
"ANO9","up","5",FALSE
"NPC2","up","4",FALSE
"NOLC1","up","10",FALSE
"PYY","up","6",FALSE
"MAG","up","2",FALSE
"CHST3","up","3",FALSE
"SNCAIP","up","13",FALSE
"BCL2L1","up","8",FALSE
"KLF7","up","8",FALSE
"UBALD2","up","15",FALSE
"CCR3","up","2",FALSE
"PDIA5","up","13",FALSE
"ACRBP","up","4",FALSE
"TMEM158","up","1",FALSE
"LRP5","up","5",FALSE
"POLD4","up","6",FALSE
"BMPER","up","13",FALSE
"PIM2","up","2",FALSE
"LRRN2","up","6",FALSE
"BLOC1S4","up","10",FALSE
"THTPA","up","5",FALSE
"SEPTIN2","up","1",FALSE
"RAC3","up","3",FALSE
"C1RL","up","5",FALSE
"THAP12","up","8",FALSE
"RASGRP2","up","2",FALSE
"ZNF131","up","8",FALSE
"PLEKHO2","up","4",FALSE
"C2","up","4",FALSE
"DNAJC3","up","8",FALSE
"EDEM2","up","12",FALSE
"UBE2Z","up","15",FALSE
"CALM2","up","18",FALSE
"CA10","up","8",FALSE
"CE3H16orf54","up","2",FALSE
"DDX18","up","10",FALSE
"S100A1","down","5",FALSE
"ATP6V1G3","down","7",FALSE
"PTDSS2","down","2",FALSE
"PDZD2","down","5",FALSE
"RBP5","down","11",FALSE
"GCGR","down","5",FALSE
"HRG","down","5",FALSE
"PLD5","down","4",FALSE
"THRA","down","11",FALSE
"ATP6V1C2","down","7",FALSE
"DLG2","down","4",FALSE
"ALDH16A1","down","12",FALSE
"MRNIP","down","5",FALSE
"HMX2","down","1",FALSE
"FUZ","down","9",FALSE
"KCNA4","down","6",FALSE
"INSRR","down","1",FALSE
"FREM3","down","6",FALSE
"GAMT","down","14",FALSE
"VEGFA","down","4",FALSE
"SLC39A5","down","1",FALSE
"PFKM","down","6",FALSE
"SLC9A4","down","1",FALSE
"ANKS4B","down","1",FALSE
"DHDH","down","2",FALSE
"GABRD","down","5",FALSE
"PHYHIPL","down","3",FALSE
"FAM117A","down","12",FALSE
"IGFBP5","down","4",FALSE
"SYPL2","down","5",FALSE
"LOC102902597","down","5",FALSE
"GRB14","down","5",FALSE
"CD4H9orf116","down","11",FALSE
"ALDH9A1","down","5",FALSE
"IMPA2","down","12",FALSE
"YPEL1","down","11",FALSE
"VTI1B","down","2",FALSE
"OTUD3","down","5",FALSE
"DCC","down","4",FALSE
"ARHGAP24","down","5",FALSE
"AMT","down","1",FALSE
"ATP6V1E2","down","5",FALSE
"CNDP1","down","2",FALSE
"AIF1L","down","4",FALSE
"ZNF672","down","2",FALSE
"AGA","down","3",FALSE
"RNFT2","down","5",FALSE
"RPL3L","down","12",FALSE
"PRRG3","down","7",FALSE
"SLC34A3","down","1",FALSE
"BMP4","down","4",FALSE
"SLC18B1","down","5",FALSE
"PPFIBP2","down","4",FALSE
"OXGR1","down","7",FALSE
"PKIG","down","2",FALSE
"PIEZO2","down","4",FALSE
"GRM3","down","5",FALSE
"SLC4A1","down","7",FALSE
"KNG1","down","5",FALSE
"BMERB1","down","4",FALSE
"LOC101090352","down","4",FALSE
"YAE1","down","1",FALSE
"FRAS1","down","7",FALSE
"LSAMP","down","11",FALSE
"SNRPN","down","9",FALSE
"PPM1K","down","1",FALSE
"ZNF385B","down","3",FALSE
"DLL4","down","4",FALSE
"PDZD3","down","2",FALSE
"ARMC10","down","4",FALSE
"COBL","down","5",FALSE
"DGLUCY","down","6",FALSE
"NPY2R","down","6",FALSE
"LOC109495842","down","5",FALSE
"SLC2A4RG","down","12",FALSE
"DPF3","down","1",FALSE
"STK16","down","5",FALSE
"LOC101099044","down","5",FALSE
"GSDME","down","12",FALSE
"LOC123382643","down","2",FALSE
"GCNT2","down","5",FALSE
"LOC102902213","down","3",FALSE
"SYT1","down","13",FALSE
"MFSD4A","down","5",FALSE
"IAPP","down","1",FALSE
"SARDH","down","1",FALSE
"GALM","down","12",FALSE
"FANCF","down","1",FALSE
"SAT2","down","1",FALSE
"HEPACAM2","down","1",FALSE
"ANKMY2","down","7",FALSE
"STARD8","down","1",FALSE
"STOX1","down","3",FALSE
"SHBG","down","11",FALSE
"FGF9","down","2",FALSE
"ASAH2","down","2",FALSE
"LIN52","down","1",FALSE
"FGF1","down","13",FALSE
"TEF","down","12",FALSE
"FANCC","down","14",FALSE
"SERPINA5","down","1",FALSE
"METRN","down","1",FALSE
"OCIAD2","down","2",FALSE
"SUMO1","down","2",FALSE
"HEBP1","down","12",FALSE
"LOC101100850","down","7",FALSE
"PRXL2B","down","10",FALSE
"PFKFB1","down","1",FALSE
"BEX2","down","5",FALSE
"RBKS","down","5",FALSE
"TRIM50","down","5",FALSE
"PLEKHA6","down","5",FALSE
"CRTAC1","down","1",FALSE
"CDK19","down","5",FALSE
"HSD17B14","down","10",FALSE
"ADI1","down","2",FALSE
"ASB16","down","1",FALSE
"FOXO4","down","11",FALSE
"CCNG2","down","3",FALSE
"ECI2","down","1",FALSE
"ADSS1","down","1",FALSE
"XPO7","down","5",FALSE
"NIPAL3","down","4",FALSE
"KLK1","down","1",FALSE
"RAPGEF2","down","3",FALSE
"LOC101099137","down","6",FALSE
"SLC26A2","down","1",FALSE
"LOC101088927","down","14",FALSE
"CLDN10","down","5",FALSE
"PCDH17","down","4",FALSE
"OXTR","down","7",FALSE
"HSPB1","down","11",FALSE
"EVC","down","5",FALSE
"CB3H15orf40","down","14",FALSE
"ZC3H7B","down","1",FALSE
"PCK2","down","1",FALSE
"RAB40B","down","1",FALSE
"KHK","down","1",FALSE
"VEGFB","down","10",FALSE
"TMEM213","down","5",FALSE
"MIOX","down","1",FALSE
"RAB11FIP1","down","6",FALSE
"KLHL3","down","1",FALSE
"EDRF1","down","8",FALSE
"LOC109492504","down","1",FALSE
"UBB","down","10",FALSE
"PCBD2","down","5",FALSE
"SRRM3","down","11",FALSE
"PLIN5","down","2",FALSE
"GAS2","down","1",FALSE
"NCOA4","down","1",FALSE
"LOC101097553","down","14",FALSE
"SNRNP25","down","2",FALSE
"CA14","down","1",FALSE
"FTL","down","1",FALSE
"RNF212B","down","3",FALSE
"TMEM106A","down","3",FALSE
"GATM","down","5",FALSE
"LOC101084793","down","1",FALSE
"PPP1R1A","down","11",FALSE
"EFCAB2","down","11",FALSE
"ENGASE","down","9",FALSE
"NENF","down","9",FALSE
"WASHC3","down","1",FALSE
"WNK4","down","11",FALSE
"FMO1","down","1",FALSE
"TTI1","down","1",FALSE
"FTCD","down","1",FALSE
"SNURF","down","1",FALSE
"SLC5A2","down","1",FALSE
"SLC4A9","down","7",FALSE
"RHBG","down","1",FALSE
"EDA","down","13",FALSE
"FOXRED1","down","1",FALSE
"TMEM72","down","5",FALSE
"HOGA1","down","1",FALSE
"GPAT3","down","1",FALSE
"TSHZ1","down","3",FALSE
"PPEF2","down","1",FALSE
"COL24A1","down","6",FALSE
"CSRNP3","down","5",FALSE
"COMT","down","1",FALSE
"GUK1","down","12",FALSE
"AQP2","down","10",FALSE
"SHISAL2B","down","4",FALSE
"APIP","down","5",FALSE
"G0S2","down","5",FALSE
"MICU1","down","1",FALSE
"ZER1","down","5",FALSE
"LOC109494586","down","4",FALSE
"WNK1","down","1",FALSE
"RERE","down","3",FALSE
"MPND","down","2",FALSE
"CAPRIN2","down","1",FALSE
"ACSM3","down","7",FALSE
"FABP3","down","2",FALSE
"LOC101095032","down","2",FALSE
"SSTR2","down","1",FALSE
"TLN2","down","6",FALSE
"LOC101086986","down","2",FALSE
"CCDC30","down","5",FALSE
"RNF208","down","2",FALSE
"RNLS","down","1",FALSE
"COL4A3","down","3",FALSE
"AAMDC","down","12",FALSE
"BIRC7","down","2",FALSE
"EXOC3L2","down","4",FALSE
"FXYD2","down","2",FALSE
"FKBP8","down","10",FALSE
"VTN","down","1",FALSE
"RAB28","down","2",FALSE
"DIO1","down","1",FALSE
"PPP2R2D","down","2",FALSE
"B4GALNT3","down","1",FALSE
"LOC101080491","down","5",FALSE
"TMEM151B","down","12",FALSE
"FLT1","down","4",FALSE
"COX20","down","10",FALSE
"GPT2","down","1",FALSE
"VWDE","down","1",FALSE
"STAU2","down","1",FALSE
"ACAD8","down","1",FALSE
"BRI3","down","2",FALSE
"FOXI1","down","1",FALSE
"ADH4","down","1",FALSE
"CBFA2T2","down","1",FALSE
"KITLG","down","4",FALSE
"ODR4","down","1",FALSE
"PPP2R5C","down","1",FALSE
"MTMR4","down","1",FALSE
"KBTBD12","down","7",FALSE
"PRRT1B","down","5",FALSE
"SIAH2","down","9",FALSE
"YPEL2","down","3",FALSE
"JSRP1","down","1",FALSE
"MSANTD4","down","10",FALSE
"ZDHHC1","down","6",FALSE
"BCAT2","down","10",FALSE
"KLHL21","down","5",FALSE
"RASSF4","down","2",FALSE
"CNST","down","4",FALSE
"ACE","down","8",FALSE
"ACSS2","down","11",FALSE
"NUDT5","down","4",FALSE
"RABGAP1L","down","7",FALSE
"THRB","down","1",FALSE
"FAM161B","down","6",FALSE
"SCG3","down","5",FALSE
"HEXD","down","12",FALSE
"FAM222A","down","12",FALSE
"LOC102902476","down","2",FALSE
"DDN","down","4",FALSE
"CDKL1","down","1",FALSE
"ZNF410","down","8",FALSE
"SEC14L5","down","4",FALSE
"DCLK2","down","4",FALSE
"YBX2","down","6",FALSE
"TECR","down","1",FALSE
"PPP2R2B","down","14",FALSE
"EFNB2","down","4",FALSE
"RHCG","down","1",FALSE
"GRB7","down","8",FALSE
"LOC101092510","down","5",FALSE
"SUSD4","down","2",FALSE
"FIGNL2","down","1",FALSE
"COQ8A","down","5",FALSE
"EGF","down","1",FALSE
"SIRT5","down","2",FALSE
"SUSD2","down","1",FALSE
"RGS7","down","7",FALSE
"TCEA3","down","2",FALSE
"AIFM3","down","14",FALSE
"PARK7","down","1",FALSE
"HAO2","down","1",FALSE
"SNX3","down","5",FALSE
"PAIP2B","down","12",FALSE
"TRNP1","down","2",FALSE
"TMEM61","down","1",FALSE
"LOC111558740","down","5",FALSE
"CEP63","down","8",FALSE
"ZNF106","down","3",FALSE
"CACYBP","down","5",FALSE
"FAM13A","down","7",FALSE
"ASB13","down","1",FALSE
"VAV3","down","1",FALSE
"IFT172","down","5",FALSE
"MCF2L","down","7",FALSE
"NDUFA1","down","2",FALSE
"AK5","down","1",FALSE
"APBA1","down","7",FALSE
"PTGFR","down","7",FALSE
"TRPM5","down","1",FALSE
"COL20A1","down","11",FALSE
"EIF4A2","down","5",FALSE
"NPEPPS","down","1",FALSE
"KLC4","down","5",FALSE
"OGG1","down","11",FALSE
"MOGAT1","down","5",FALSE
"DDIT4L","down","1",FALSE
"ERLIN2","down","1",FALSE
"SSNA1","down","9",FALSE
"TESK2","down","8",FALSE
"ANPEP","down","1",FALSE
"PALM3","down","8",FALSE
"SEC13","down","1",FALSE
"ZNF667","down","5",FALSE
"FRMD1","down","1",FALSE
"HDDC3","down","10",FALSE
"PRKCZ","down","10",FALSE
"MKKS","down","5",FALSE
"CE2H19orf12","down","2",FALSE
"RHPN2","down","4",FALSE
"FAM43B","down","2",FALSE
"NR3C2","down","7",FALSE
"ELF5","down","6",FALSE
"SMIM4","down","10",FALSE
"SVOPL","down","7",FALSE
"ADHFE1","down","1",FALSE
"SFXN2","down","1",FALSE
"TMPRSS15","down","6",FALSE
"SORCS1","down","4",FALSE
"TMEM145","down","2",FALSE
"ACP1","down","1",FALSE
"LOC101101118","down","1",FALSE
"FAAH","down","1",FALSE
"UBL4A","down","10",FALSE
"AP2A2","down","5",FALSE
"IGFBP2","down","4",FALSE
"RAB11FIP5","down","7",FALSE
"PALS1","down","3",FALSE
"GPD1","down","1",FALSE
"COX7A1","down","2",FALSE
"TTC8","down","6",FALSE
"ZADH2","down","2",FALSE
"PLXNB1","down","8",FALSE
"SLC23A1","down","2",FALSE
"TINAG","down","1",FALSE
"MYO15A","down","1",FALSE
"TEX35","down","5",FALSE
"MME","down","1",FALSE
"LOC101087791","down","7",FALSE
"LOC101083779","down","14",FALSE
"SPR","down","11",FALSE
"TKFC","down","5",FALSE
"DDAH1","down","1",FALSE
"YBX1","down","11",FALSE
"LRRC20","down","2",FALSE
"SLC34A1","down","1",FALSE
"CFAP70","down","6",FALSE
"SEMA5B","down","4",FALSE
"ALDH2","down","1",FALSE
"ATPAF2","down","2",FALSE
"PSPH","down","1",FALSE
"SYNM","down","1",FALSE
"MFF","down","1",FALSE
"TMEM139","down","1",FALSE
"CACNA1S","down","4",FALSE
"LOC109493846","down","14",FALSE
"PHACTR4","down","3",FALSE
"RAB36","down","1",FALSE
"TMEM9","down","1",FALSE
"NRG4","down","1",FALSE
"LOC105259628","down","1",FALSE
"NDUFS3","down","1",FALSE
"WDR91","down","14",FALSE
"DLG3","down","8",FALSE
"BRIP1","down","1",FALSE
"COQ6","down","1",FALSE
"MTTP","down","3",FALSE
"LRPAP1","down","1",FALSE
"BTBD6","down","11",FALSE
"UQCC1","down","1",FALSE
"ZNF768","down","10",FALSE
"SHMT2","down","1",FALSE
"LOC101085348","down","14",FALSE
"KCNQ4","down","7",FALSE
"UAP1L1","down","1",FALSE
"DPH5","down","7",FALSE
"VRK3","down","2",FALSE
"HIKESHI","down","5",FALSE
"ADA","down","4",FALSE
"NDUFA8","down","2",FALSE
"FKBP4","down","5",FALSE
"OXCT1","down","2",FALSE
"RAVER2","down","1",FALSE
"SAP130","down","12",FALSE
"RBP1","down","2",FALSE
"NTNG2","down","3",FALSE
"LOC101084194","down","11",FALSE
"EGLN1","down","3",FALSE
"FAM162A","down","2",FALSE
"NPB","down","11",FALSE
"NUMB","down","3",FALSE
"PMVK","down","2",FALSE
"LOC102901986","down","1",FALSE
"CLEC3A","down","7",FALSE
"RNF32","down","1",FALSE
"DECR1","down","1",FALSE
"CALR3","down","14",FALSE
"STMN3","down","10",FALSE
"CRLS1","down","1",FALSE
"LCTL","down","13",FALSE
"STXBP4","down","3",FALSE
"PLEKHD1","down","2",FALSE
"PPARGC1A","down","1",FALSE
"HNF4G","down","5",FALSE
"GSTK1","down","1",FALSE
"SIGIRR","down","10",FALSE
"NOA1","down","5",FALSE
"PCNT","down","5",FALSE
"KNSTRN","down","2",FALSE
"ATP5MG","down","2",FALSE
"MGST2","down","1",FALSE
"NPTX1","down","4",FALSE
"TLCD1","down","2",FALSE
"CA8","down","1",FALSE
"LOC109501563","down","5",FALSE
"CLASP1","down","1",FALSE
"KIF20B","down","3",FALSE
"HNMT","down","1",FALSE
"PCBD1","down","1",FALSE
"COL9A1","down","4",FALSE
"THAP4","down","2",FALSE
"ASIC4","down","4",FALSE
"ACO1","down","1",FALSE
"EMX1","down","1",FALSE
"FRZB","down","2",FALSE
"ATP6V0A4","down","7",FALSE
"ZMAT1","down","7",FALSE
"NOVA1","down","7",FALSE
"FIS1","down","10",FALSE
"CFAP410","down","11",FALSE
"CGNL1","down","3",FALSE
"SLC12A8","down","1",FALSE
"SELENON","down","13",FALSE
"NMRK1","down","1",FALSE
"DIPK1B","down","1",FALSE
"RIMS1","down","5",FALSE
"CD99L2","down","12",FALSE
"TMEM147","down","2",FALSE
"LOC101085531","down","2",FALSE
"RMND5A","down","3",FALSE
"FGFR2","down","5",FALSE
"NAGS","down","1",FALSE
"PKP4","down","5",FALSE
"ADAP2","down","14",FALSE
"GATC","down","1",FALSE
"UNC119B","down","1",FALSE
"PHYKPL","down","1",FALSE
"SGK2","down","1",FALSE
"GYG2","down","9",FALSE
"LOC101091395","down","1",FALSE
"VEPH1","down","1",FALSE
"TMEM98","down","13",FALSE
"TSPAN12","down","13",FALSE
"GLRX","down","1",FALSE
"MRPS2","down","10",FALSE
"CARD6","down","3",FALSE
"SAFB2","down","9",FALSE
"BCKDK","down","1",FALSE
"IDO2","down","1",FALSE
"TCAIM","down","1",FALSE
"LRRK2","down","1",FALSE
"SMS","down","1",FALSE
"IVD","down","1",FALSE
"AFTPH","down","1",FALSE
"NDUFS5","down","2",FALSE
"AP1G2","down","6",FALSE
"PLEKHA5","down","3",FALSE
"GPRC6A","down","1",FALSE
"DMRT2","down","7",FALSE
"SLC1A7","down","1",FALSE
"RHBDD3","down","2",FALSE
"MMS19","down","9",FALSE
"NOX4","down","1",FALSE
"TLL2","down","2",FALSE
"CRYBG1","down","1",FALSE
"PRSS53","down","11",FALSE
"SNX32","down","8",FALSE
"CEP104","down","5",FALSE
"SORD","down","1",FALSE
"LOC105261261","down","6",FALSE
"MTRFR","down","12",FALSE
"SMIM20","down","2",FALSE
"HS1BP3","down","1",FALSE
"SLC25A48","down","2",FALSE
"PRDX5","down","2",FALSE
"CCNQ","down","11",FALSE
"PPARA","down","1",FALSE
"STC1","down","5",FALSE
"TRAPPC2L","down","2",FALSE
"SNX2","down","1",FALSE
"B4GAT1","down","6",FALSE
"NDRG3","down","4",FALSE
"IDNK","down","2",FALSE
"KDR","down","4",FALSE
"SLC6A18","down","11",FALSE
"REV1","down","1",FALSE
"COX15","down","5",FALSE
"MPP2","down","1",FALSE
"PEBP1","down","1",FALSE
"LRRC38","down","4",FALSE
"DNAJC19","down","1",FALSE
"PGK1","down","1",FALSE
"ZC3H14","down","3",FALSE
"MPC2","down","2",FALSE
"CCDC93","down","3",FALSE
"GAREM1","down","1",FALSE
"CCNI","down","5",FALSE
"GALNT11","down","1",FALSE
"HEBP2","down","2",FALSE
"FBP1","down","1",FALSE
"RENBP","down","1",FALSE
"GULP1","down","3",FALSE
"MCRIP2","down","11",FALSE
"CD3H18orf21","down","1",FALSE
"UBQLN2","down","1",FALSE
"ABHD15","down","5",FALSE
"TBCC","down","3",FALSE
"GALK1","down","14",FALSE
"ZNF280D","down","1",FALSE
"PYROXD2","down","1",FALSE
"LOC101096920","down","13",FALSE
"SLC25A27","down","3",FALSE
"HYKK","down","1",FALSE
"LMAN2L","down","1",FALSE
"NR3C1","down","13",FALSE
"CES4A","down","6",FALSE
"ST13","down","1",FALSE
"NUGGC","down","9",FALSE
"SDR39U1","down","8",FALSE
"SMDT1","down","1",FALSE
"AQP11","down","1",FALSE
"SLX4IP","down","6",FALSE
"SELENBP1","down","1",FALSE
"APOO","down","1",FALSE
"RAB3A","down","2",FALSE
"ASL","down","1",FALSE
"VAPB","down","1",FALSE
"ABAT","down","1",FALSE
"FNIP2","down","1",FALSE
"NCKAP5","down","13",FALSE
"A3GALT2","down","2",FALSE
"LOC101088520","down","9",FALSE
"AMDHD2","down","1",FALSE
"SEMA4G","down","1",FALSE
"SLC25A6","down","10",FALSE
"AASS","down","1",FALSE
"CA3H20orf194","down","7",FALSE
"MAP3K13","down","3",FALSE
"CPEB3","down","7",FALSE
"KMO","down","1",FALSE
"APLNR","down","4",FALSE
"NABP2","down","10",FALSE
"LMX1B","down","4",FALSE
"NIPAL1","down","7",FALSE
"TENM1","down","7",FALSE
"MAGI3","down","3",FALSE
"NLGN4X","down","5",FALSE
"INO80B","down","12",FALSE
"TCN2","down","1",FALSE
"MCAT","down","2",FALSE
"LOC101099553","down","6",FALSE
"MORN2","down","8",FALSE
"YIPF1","down","1",FALSE
"COLQ","down","7",FALSE
"SNRK","down","5",FALSE
"AUTS2","down","8",FALSE
"PCBP4","down","9",FALSE
"MOB3B","down","3",FALSE
"YIPF2","down","12",FALSE
"CAMKK2","down","1",FALSE
"ARHGEF18","down","9",FALSE
"CCDC8","down","12",FALSE
"LYRM4","down","9",FALSE
"LOC101081013","down","12",FALSE
"PHGDH","down","6",FALSE
"FBXO28","down","3",FALSE
"FMO5","down","1",FALSE
"TP53BP2","down","6",FALSE
"ILRUN","down","2",FALSE
"CNNM2","down","1",FALSE
"SMPX","down","5",FALSE
"HSD17B6","down","11",FALSE
"DCAF5","down","2",FALSE
"NRN1L","down","4",FALSE
"MMUT","down","1",FALSE
"CF1H1orf105","down","1",FALSE
"LOC101099773","down","1",FALSE
"ABHD14B","down","1",FALSE
"TMEM126A","down","1",FALSE
"CCS","down","9",FALSE
"A1CF","down","1",FALSE
"GLTPD2","down","2",FALSE
"TRPT1","down","12",FALSE
"ATP6V1D","down","1",FALSE
"NDUFV3","down","2",FALSE
"TBXA2R","down","9",FALSE
"RPA1","down","2",FALSE
"TMEM260","down","7",FALSE
"NIPSNAP2","down","3",FALSE
"CHCHD3","down","2",FALSE
"AIFM1","down","1",FALSE
"LYSMD1","down","2",FALSE
"VPS26C","down","14",FALSE
"SERPIND1","down","1",FALSE
"STK32A","down","1",FALSE
"GPI","down","5",FALSE
"COA3","down","2",FALSE
"TBC1D13","down","1",FALSE
"NR1I3","down","1",FALSE
"HOXA7","down","2",FALSE
"ELOVL7","down","7",FALSE
"SYT10","down","7",FALSE
"LARGE1","down","4",FALSE
"STOML2","down","11",FALSE
"GANC","down","1",FALSE
"TSPAN10","down","2",FALSE
"WBP1","down","9",FALSE
"SELENOO","down","2",FALSE
"MAGIX","down","2",FALSE
"CDON","down","1",FALSE
"BBS9","down","4",FALSE
"MTNR1B","down","1",FALSE
"STX3","down","1",FALSE
"DYNC2I2","down","10",FALSE
"CSDE1","down","1",FALSE
"NEK4","down","1",FALSE
"GKAP1","down","3",FALSE
"PRSS12","down","8",FALSE
"MECR","down","1",FALSE
"CYP2C41","down","13",FALSE
"CFAP119","down","6",FALSE
"SNX24","down","1",FALSE
"TENT4B","down","1",FALSE
"CF1H1orf115","down","8",FALSE
"MRPL22","down","2",FALSE
"LOC101096748","down","14",FALSE
"HSPD1","down","1",FALSE
"SQSTM1","down","6",FALSE
"THUMPD1","down","3",FALSE
"TFCP2","down","6",FALSE
"RNF5","down","12",FALSE
"GATB","down","1",FALSE
"KARS1","down","12",FALSE
"LOC102901082","down","1",FALSE
"NDUFC1","down","1",FALSE
"ARVCF","down","14",FALSE
"MRPS5","down","2",FALSE
"NR1D1","down","12",FALSE
"SLC16A4","down","1",FALSE
"TMUB1","down","11",FALSE
"FBXO16","down","6",FALSE
"LPL","down","1",FALSE
"WDR72","down","1",FALSE
"FANK1","down","7",FALSE
"LOC123385657","down","11",FALSE
"ANKRD53","down","1",FALSE
"TIMM21","down","2",FALSE
"AGPS","down","1",FALSE
"LOC101100178","down","1",FALSE
"FAN1","down","12",FALSE
"OSBPL6","down","5",FALSE
"PELI2","down","3",FALSE
"CCSER1","down","5",FALSE
"GCAT","down","1",FALSE
"LAMTOR3","down","1",FALSE
"NDUFAB1","down","1",FALSE
"ATP5MF","down","2",FALSE
"SCCPDH","down","10",FALSE
"FAM210B","down","2",FALSE
"LOC101095686","down","5",FALSE
"SUCLG1","down","1",FALSE
"RFNG","down","10",FALSE
"LDHD","down","1",FALSE
"PTER","down","1",FALSE
"AR","down","3",FALSE
"SLITRK2","down","4",FALSE
"MRPL3","down","1",FALSE
"MB21D2","down","7",FALSE
"TOM1","down","2",FALSE
"LOC101098145","down","1",FALSE
"THSD7B","down","5",FALSE
"NELFCD","down","6",FALSE
"SLC6A11","down","8",FALSE
"LOC101090534","down","1",FALSE
"LOC102899897","down","1",FALSE
"ZDHHC9","down","1",FALSE
"OSCP1","down","6",FALSE
"GPM6A","down","1",FALSE
"CRKL","down","1",FALSE
"AQP6","down","7",FALSE
"TRPV1","down","3",FALSE
"TDRD5","down","4",FALSE
"PRODH2","down","7",FALSE
"MTFR1L","down","9",FALSE
"ASB1","down","2",FALSE
"SUGT1","down","5",FALSE
"ACADM","down","1",FALSE
"ITIH1","down","1",FALSE
"DPYS","down","1",FALSE
"USB1","down","2",FALSE
"ALDH5A1","down","1",FALSE
"EXTL1","down","11",FALSE
"DYNLRB2","down","8",FALSE
"CIAO2A","down","1",FALSE
"KY","down","1",FALSE
"GLRX5","down","2",FALSE
"KLHL32","down","5",FALSE
"HAAO","down","1",FALSE
"RIDA","down","1",FALSE
"TMEM266","down","1",FALSE
"GPBP1L1","down","2",FALSE
"CCDC148","down","8",FALSE
"ACAT1","down","1",FALSE
"PPM1H","down","1",FALSE
"LOC101084409","down","8",FALSE
"DNAJC4","down","2",FALSE
"LOC101096876","down","1",FALSE
"LOC109493406","down","1",FALSE
"FAM222B","down","1",FALSE
"RBPMS2","down","1",FALSE
"TMEM25","down","5",FALSE
"DPCD","down","8",FALSE
"ABHD3","down","1",FALSE
"ATP6V1B1","down","1",FALSE
"GTSE1","down","1",FALSE
"LZIC","down","5",FALSE
"CA2","down","1",FALSE
"MRPS36","down","1",FALSE
"TRIQK","down","3",FALSE
"NR1D2","down","3",FALSE
"LOC123385878","down","1",FALSE
"VPS35L","down","1",FALSE
"GK","down","1",FALSE
"PCCA","down","1",FALSE
"RALGAPA2","down","1",FALSE
"TLDC2","down","9",FALSE
"MARF1","down","4",FALSE
"BSND","down","1",FALSE
"CYREN","down","8",FALSE
"GATA2","down","1",FALSE
"DPP4","down","1",FALSE
"KAT14","down","2",FALSE
"CARMIL3","down","8",FALSE
"TMEM52B","down","1",FALSE
"MGAT4B","down","1",FALSE
"PPT2","down","9",FALSE
"STK36","down","6",FALSE
"PMPCB","down","1",FALSE
"DSTYK","down","3",FALSE
"GRHPR","down","2",FALSE
"MCEE","down","1",FALSE
"ZNF213","down","9",FALSE
"PACSIN2","down","8",FALSE
"CAMKK1","down","4",FALSE
"NDUFB11","down","2",FALSE
"TMTC1","down","5",FALSE
"FCGRT","down","2",FALSE
"CLPP","down","12",FALSE
"RNF227","down","6",FALSE
"ANTKMT","down","10",FALSE
"TFB2M","down","1",FALSE
"CNTFR","down","1",FALSE
"DEPDC7","down","3",FALSE
"LOC109503361","down","1",FALSE
"DPP10","down","4",FALSE
"MAP7","down","1",FALSE
"ELL3","down","14",FALSE
"NPHS1","down","4",FALSE
"OXT","down","2",FALSE
"TAMM41","down","1",FALSE
"RCC1L","down","2",FALSE
"UPB1","down","1",FALSE
"BDH2","down","1",FALSE
"SLC9A3R1","down","1",FALSE
"BLOC1S1","down","9",FALSE
"ITIH2","down","1",FALSE
"CEP126","down","5",FALSE
"SNX7","down","1",FALSE
"SMARCA1","down","7",FALSE
"LOC102901316","down","5",FALSE
"AVPR1A","down","1",FALSE
"NR1H4","down","7",FALSE
"TENM4","down","12",FALSE
"PTPRD","down","1",FALSE
"NFYC","down","9",FALSE
"CDK18","down","1",FALSE
"AATK","down","7",FALSE
"PDLIM2","down","10",FALSE
"NDUFAF7","down","14",FALSE
"GOT1","down","1",FALSE
"MOCS2","down","2",FALSE
"NPRL2","down","9",FALSE
"MRRF","down","1",FALSE
"CYYR1","down","13",FALSE
"MMACHC","down","1",FALSE
"ALDH6A1","down","1",FALSE
"PTPN13","down","3",FALSE
"ACADSB","down","1",FALSE
"GLYAT","down","1",FALSE
"PHKA1","down","7",FALSE
"FABP1","down","1",FALSE
"SPG7","down","9",FALSE
"D2HGDH","down","1",FALSE
"NDUFS8","down","2",FALSE
"LENEP","down","1",FALSE
"SLC31A1","down","1",FALSE
"RND2","down","9",FALSE
"TSPAN7","down","4",FALSE
"FERMT1","down","1",FALSE
"SLC4A8","down","2",FALSE
"SIRT3","down","12",FALSE
"PAIP2","down","4",FALSE
"NR2F6","down","2",FALSE
"IFT52","down","8",FALSE
"SIL1","down","9",FALSE
"ERBB2","down","5",FALSE
"LOC101091113","down","1",FALSE
"RPRD1A","down","4",FALSE
"PCBP2","down","12",FALSE
"AMACR","down","1",FALSE
"ATP5F1E","down","10",FALSE
"SIM1","down","6",FALSE
"KCNJ1","down","11",FALSE
"ABCC6","down","7",FALSE
"CYB5A","down","2",FALSE
"RALBP1","down","3",FALSE
"NME4","down","2",FALSE
"HSP90AA1","down","6",FALSE
"ARMT1","down","1",FALSE
"WT1","down","4",FALSE
"LONP1","down","2",FALSE
"DCXR","down","2",FALSE
"DMAC1","down","11",FALSE
"DNAJC15","down","2",FALSE
"MPV17L","down","1",FALSE
"SOCS7","down","1",FALSE
"ETFB","down","2",FALSE
"QDPR","down","1",FALSE
"SMYD3","down","13",FALSE
"PDE11A","down","7",FALSE
"LOC101099779","down","1",FALSE
"LOC101092267","down","2",FALSE
"NUDT2","down","2",FALSE
"ESRRG","down","1",FALSE
"BPHL","down","1",FALSE
"BCKDHB","down","1",FALSE
"PTPRQ","down","4",FALSE
"MRPS14","down","1",FALSE
"GPRIN3","down","4",FALSE
"HLF","down","1",FALSE
"APOM","down","1",FALSE
"NAT8L","down","1",FALSE
"SLC7A7","down","1",FALSE
"SPIRE1","down","1",FALSE
"PRSS16","down","4",FALSE
"CA15","down","2",FALSE
"ENTPD5","down","1",FALSE
"TDRP","down","4",FALSE
"HAGHL","down","1",FALSE
"PINK1","down","1",FALSE
"GPX1","down","10",FALSE
"RMDN1","down","1",FALSE
"CDKN1C","down","9",FALSE
"MCRIP1","down","10",FALSE
"KIF5C","down","1",FALSE
"EFNB3","down","12",FALSE
"AADAT","down","1",FALSE
"HDAC6","down","1",FALSE
"PLPBP","down","1",FALSE
"LOC101090169","down","14",FALSE
"SRL","down","1",FALSE
"MISP3","down","14",FALSE
"ZNF397","down","3",FALSE
"RNF214","down","13",FALSE
"TOP3B","down","2",FALSE
"GRTP1","down","1",FALSE
"PJA1","down","7",FALSE
"PDHB","down","1",FALSE
"KANSL1L","down","3",FALSE
"ENKD1","down","6",FALSE
"PPP1R16B","down","1",FALSE
"RIPK4","down","8",FALSE
"COA5","down","1",FALSE
"CCDC198","down","1",FALSE
"LNX1","down","1",FALSE
"CCDC32","down","4",FALSE
"ARSK","down","13",FALSE
"LOC105260271","down","1",FALSE
"EIF4E3","down","1",FALSE
"EPS8L2","down","2",FALSE
"AHCY","down","1",FALSE
"FMO4","down","7",FALSE
"NDUFV1","down","1",FALSE
"TAT","down","1",FALSE
"KCNJ9","down","1",FALSE
"COG4","down","2",FALSE
"NINJ1","down","11",FALSE
"AMIGO1","down","5",FALSE
"LOC101090552","down","1",FALSE
"SYDE2","down","3",FALSE
"LOC101082380","down","1",FALSE
"METTL22","down","6",FALSE
"PCSK4","down","8",FALSE
"MCCD1","down","1",FALSE
"RARS2","down","1",FALSE
"ZNF514","down","1",FALSE
"SUSD3","down","2",FALSE
"HS3ST3A1","down","4",FALSE
"ZC4H2","down","6",FALSE
"PUS10","down","1",FALSE
"EGLN3","down","2",FALSE
"NDUFA12","down","1",FALSE
"CLPTM1","down","2",FALSE
"LOC101086361","down","9",FALSE
"CCDC113","down","13",FALSE
"SLC4A5","down","4",FALSE
"LOC101087695","down","9",FALSE
"CCT3","down","2",FALSE
"HMGCL","down","1",FALSE
"INSR","down","3",FALSE
"EHD3","down","4",FALSE
"ZCWPW1","down","8",FALSE
"TTC36","down","2",FALSE
"SHPK","down","3",FALSE
"ECHS1","down","1",FALSE
"DSC3","down","4",FALSE
"CCT4","down","5",FALSE
"BEX3","down","4",FALSE
"RALYL","down","1",FALSE
"MRPL1","down","1",FALSE
"ASB8","down","1",FALSE
"PKLR","down","5",FALSE
"METTL9","down","1",FALSE
"CUX1","down","11",FALSE
"CHRNA4","down","11",FALSE
"AKR1A1","down","1",FALSE
"CXXC5","down","10",FALSE
"OTUD1","down","3",FALSE
"AZIN2","down","1",FALSE
"LRRC24","down","2",FALSE
"SDHD","down","1",FALSE
"DAB1","down","3",FALSE
"ATP5PO","down","2",FALSE
"LOC102899880","down","2",FALSE
"C2CD5","down","7",FALSE
"SLC25A39","down","2",FALSE
"LOC123386251","down","8",FALSE
"LOC101098257","down","1",FALSE
"MCOLN3","down","1",FALSE
"NDUFB8","down","2",FALSE
"LDOC1","down","1",FALSE
"PARD3","down","3",FALSE
"RABGGTB","down","3",FALSE
"TSR2","down","10",FALSE
"PARP3","down","7",FALSE
"NFIB","down","1",FALSE
"TOMM22","down","2",FALSE
"KCNJ10","down","11",FALSE
"ARHGAP12","down","1",FALSE
"TFB1M","down","2",FALSE
"PHB1","down","2",FALSE
"AK4","down","1",FALSE
"MRPS9","down","1",FALSE
"GLS","down","1",FALSE
"PKP2","down","1",FALSE
"ILDR2","down","1",FALSE
"METAP1","down","3",FALSE
"SPATA24","down","2",FALSE
"CABP1","down","4",FALSE
"HPCAL4","down","1",FALSE
"MIPOL1","down","1",FALSE
"MPG","down","10",FALSE
"ITPKA","down","2",FALSE
"LOC123385427","down","1",FALSE
"FRMD7","down","7",FALSE
"BAHCC1","down","4",FALSE
"SNX12","down","1",FALSE
"DAB2","down","1",FALSE
"WHAMM","down","1",FALSE
"C1QTNF3","down","13",FALSE
"FAM20B","down","3",FALSE
"TDRD7","down","6",FALSE
"FH","down","1",FALSE
"ALDH4A1","down","1",FALSE
"METTL17","down","9",FALSE
"ABLIM2","down","11",FALSE
"NMNAT3","down","1",FALSE
"PLPP3","down","7",FALSE
"LOC102902472","down","5",FALSE
"LHX1","down","1",FALSE
"ZMYM3","down","9",FALSE
"ATG10","down","7",FALSE
"FMNL2","down","7",FALSE
"GLRX3","down","2",FALSE
"NADK","down","2",FALSE
"AARS2","down","9",FALSE
"ENHO","down","10",FALSE
"CRACD","down","5",FALSE
"CLPB","down","1",FALSE
"AGL","down","1",FALSE
"LOC101093179","down","1",FALSE
"RSRP1","down","8",FALSE
"CIAO3","down","11",FALSE
"BET1L","down","10",FALSE
"HOMER3","down","1",FALSE
"MTUS1","down","1",FALSE
"NCOA7","down","1",FALSE
"LOC101089258","down","1",FALSE
"TMEM62","down","4",FALSE
"ZMYND12","down","1",FALSE
"RMDN2","down","1",FALSE
"GLTP","down","7",FALSE
"THNSL1","down","3",FALSE
"MDGA1","down","4",FALSE
"SLCO4C1","down","1",FALSE
"CD2H10orf143","down","10",FALSE
"MTLN","down","10",FALSE
"ADGRV1","down","8",FALSE
"TMEM116","down","1",FALSE
"SLC6A19","down","1",FALSE
"DMTN","down","1",FALSE
"ATP2C1","down","6",FALSE
"CARF","down","1",FALSE
"XYLB","down","1",FALSE
"CBR4","down","1",FALSE
"G6PC1","down","1",FALSE
"NDUFA9","down","1",FALSE
"CALB1","down","1",FALSE
"ABCC2","down","5",FALSE
"SDHAF3","down","1",FALSE
"AGPAT3","down","1",FALSE
"PFAS","down","6",FALSE
"EFHD1","down","6",FALSE
"PLAG1","down","13",FALSE
"ESRRB","down","11",FALSE
"DTNBP1","down","2",FALSE
"CD4H9orf43","down","8",FALSE
"CNIH4","down","13",FALSE
"ASPDH","down","1",FALSE
"MXI1","down","3",FALSE
"ALDH7A1","down","1",FALSE
"ARMH1","down","6",FALSE
"OGFOD2","down","11",FALSE
"UBE3D","down","2",FALSE
"PDE1C","down","7",FALSE
"LDHB","down","2",FALSE
"ATG101","down","11",FALSE
"PPCS","down","1",FALSE
"UBE4B","down","1",FALSE
"ANOS1","down","4",FALSE
"WDR81","down","11",FALSE
"NUDT14","down","11",FALSE
"ATP5F1A","down","1",FALSE
"GSS","down","1",FALSE
"SPINK5","down","2",FALSE
"ZNF425","down","9",FALSE
"RELL2","down","14",FALSE
"LOC101098453","down","9",FALSE
"PDILT","down","11",FALSE
"ZYG11B","down","1",FALSE
"LOC123381008","down","1",FALSE
"MERTK","down","5",FALSE
"LRP2","down","3",FALSE
"AZGP1","down","2",FALSE
"NRL","down","2",FALSE
"FZD1","down","14",FALSE
"L3HYPDH","down","1",FALSE
"SUCLG2","down","1",FALSE
"THEM4","down","1",FALSE
"NADK2","down","3",FALSE
"PPP3CA","down","3",FALSE
"SLC17A5","down","1",FALSE
"CD4H9orf64","down","1",FALSE
"SELENOW","down","9",FALSE
"USP48","down","3",FALSE
"GCDH","down","1",FALSE
"NDUFA13","down","2",FALSE
"ACOX3","down","1",FALSE
"RPS27L","down","1",FALSE
"SRD5A1","down","11",FALSE
"LOC101096765","down","1",FALSE
"NXPH4","down","8",FALSE
"LOC101091533","down","2",FALSE
"PPFIA1","down","1",FALSE
"SAXO2","down","6",FALSE
"SERBP1","down","9",FALSE
"SHROOM2","down","5",FALSE
"SCAPER","down","13",FALSE
"RMND1","down","1",FALSE
"NUDT7","down","1",FALSE
"TTR","down","12",FALSE
"PXMP2","down","2",FALSE
"ENPP6","down","1",FALSE
"B3GNT7","down","10",FALSE
"PLCE1","down","3",FALSE
"LOC105260865","down","4",FALSE
"LOC105260774","down","2",FALSE
"MDH1","down","1",FALSE
"CELSR2","down","6",FALSE
"DMAC2","down","12",FALSE
"CFAP91","down","13",FALSE
"PTPRO","down","4",FALSE
"RGN","down","1",FALSE
"GRK4","down","1",FALSE
"TIMM44","down","2",FALSE
"SCUBE3","down","1",FALSE
"TBC1D4","down","1",FALSE
"LOC101084270","down","7",FALSE
"PDZD11","down","6",FALSE
"OGDH","down","1",FALSE
"TM7SF2","down","2",FALSE
"GBA2","down","2",FALSE
"PHB2","down","2",FALSE
"BLCAP","down","1",FALSE
"JTB","down","10",FALSE
"APP","down","6",FALSE
"LOC101092274","down","1",FALSE
"TTC33","down","3",FALSE
"CISD1","down","1",FALSE
"LYPD6","down","4",FALSE
"PJA2","down","3",FALSE
"ATP5F1C","down","1",FALSE
"EAF2","down","1",FALSE
"RAPGEF4","down","7",FALSE
"ISOC2","down","1",FALSE
"HNF1A","down","8",FALSE
"COX10","down","10",FALSE
"DCUN1D4","down","1",FALSE
"PIKFYVE","down","7",FALSE
"BCL2L13","down","3",FALSE
"NDUFA6","down","2",FALSE
"SMIM24","down","1",FALSE
"LTO1","down","10",FALSE
"KRBA2","down","3",FALSE
"CRIP3","down","14",FALSE
"CA1H5orf58","down","6",FALSE
"NDNF","down","4",FALSE
"CLK4","down","4",FALSE
"CBLN2","down","4",FALSE
"COL4A4","down","13",FALSE
"PAOX","down","1",FALSE
"SLCO1A2","down","2",FALSE
"NMNAT1","down","1",FALSE
"NDUFA4","down","5",FALSE
"LOC105260979","down","1",FALSE
"PNP","down","14",FALSE
"MRPL12","down","2",FALSE
"CCDC14","down","13",FALSE
"TPP1","down","1",FALSE
"TOMM70","down","1",FALSE
"F8","down","7",FALSE
"SPATA2","down","1",FALSE
"TRUB2","down","1",FALSE
"LOC102901600","down","4",FALSE
"LOC101089914","down","2",FALSE
"CBL","down","3",FALSE
"GOLGA7","down","4",FALSE
"PER3","down","10",FALSE
"REEP6","down","2",FALSE
"CYP26B1","down","7",FALSE
"ASPA","down","8",FALSE
"ZMYND8","down","6",FALSE
"ALS2","down","6",FALSE
"PYGB","down","9",FALSE
"CDH16","down","1",FALSE
"SLC22A1","down","1",FALSE
"LOC101090727","down","13",FALSE
"FSD2","down","6",FALSE
"MRPS33","down","1",FALSE
"LOC102902301","down","5",FALSE
"DYNLL2","down","2",FALSE
"SDHC","down","1",FALSE
"KIRREL3","down","14",FALSE
"ASTN1","down","11",FALSE
"EI24","down","1",FALSE
"USP27X","down","5",FALSE
"SLC25A42","down","1",FALSE
"SOD1","down","1",FALSE
"FN3K","down","12",FALSE
"EMC3","down","1",FALSE
"GPR108","down","1",FALSE
"NDUFB5","down","1",FALSE
"DNAJC28","down","1",FALSE
"NBR1","down","3",FALSE
"TMEM108","down","6",FALSE
"NAGA","down","1",FALSE
"LOC123380599","down","1",FALSE
"C1D","down","1",FALSE
"FOXK2","down","1",FALSE
"STUB1","down","10",FALSE
"PARD3B","down","4",FALSE
"CALCOCO2","down","1",FALSE
"MLLT10","down","5",FALSE
"TXNRD2","down","12",FALSE
"RAB11A","down","1",FALSE
"FAM168A","down","4",FALSE
"FXR1","down","3",FALSE
"ECI1","down","2",FALSE
"HDHD3","down","1",FALSE
"ESPN","down","2",FALSE
"MRPL49","down","2",FALSE
"CRYL1","down","2",FALSE
"MRPL45","down","2",FALSE
"ALPL","down","1",FALSE
"EIF4EBP2","down","1",FALSE
"AKAP9","down","7",FALSE
"ELAPOR2","down","3",FALSE
"NAAA","down","5",FALSE
"GLYCTK","down","1",FALSE
"SYP","down","10",FALSE
"MTCH2","down","1",FALSE
"ARHGEF16","down","2",FALSE
"IBA57","down","2",FALSE
"ESRP2","down","2",FALSE
"ATP5MC1","down","2",FALSE
"RAP1GAP","down","11",FALSE
"LOC101094232","down","13",FALSE
"COBLL1","down","3",FALSE
"ARHGAP35","down","1",FALSE
"CASK","down","3",FALSE
"PXDNL","down","6",FALSE
"PRR5","down","10",FALSE
"PEPD","down","1",FALSE
"MTX1","down","2",FALSE
"ANP32A","down","10",FALSE
"BNC2","down","1",FALSE
"PIP4K2C","down","4",FALSE
"CES3","down","5",FALSE
"POLL","down","9",FALSE
"LOC102901312","down","6",FALSE
"CHCHD2","down","1",FALSE
"ISCA1","down","1",FALSE
"SPRING1","down","2",FALSE
"DGCR2","down","11",FALSE
"RXRA","down","11",FALSE
"ATP5PF","down","1",FALSE
"MRPS15","down","2",FALSE
"NPR1","down","13",FALSE
"CPT2","down","1",FALSE
"HADHA","down","1",FALSE
"CB1H8orf58","down","1",FALSE
"MTHFD1","down","1",FALSE
"LOC101095773","down","2",FALSE
"RTN4R","down","11",FALSE
"ANLN","down","1",FALSE
"MUC20","down","7",FALSE
"EPHA5","down","4",FALSE
"COMMD1","down","2",FALSE
"RDX","down","3",FALSE
"FAM204A","down","2",FALSE
"ASB9","down","11",FALSE
"CCDC57","down","6",FALSE
"ACAD11","down","1",FALSE
"NSUN4","down","1",FALSE
"IGFBP1","down","1",FALSE
"LMBRD1","down","1",FALSE
"CTTNBP2","down","3",FALSE
"CMBL","down","1",FALSE
"LOC109502907","down","5",FALSE
"SLC12A3","down","1",FALSE
"HSPA9","down","1",FALSE
"SDHB","down","1",FALSE
"TMEM60","down","1",FALSE
"ASNSD1","down","11",FALSE
"HSD11B1","down","1",FALSE
"PTOV1","down","9",FALSE
"SNX5","down","1",FALSE
"MORN3","down","8",FALSE
"PRKCE","down","1",FALSE
"LINGO3","down","12",FALSE
"SYNGR1","down","5",FALSE
"ANAPC15","down","12",FALSE
"ME3","down","12",FALSE
"PTPMT1","down","1",FALSE
"TTC38","down","1",FALSE
"UPF2","down","9",FALSE
"LOC101088850","down","1",FALSE
"DMGDH","down","1",FALSE
"LOC109502329","down","1",FALSE
"LOC101095292","down","1",FALSE
"COX7A2","down","1",FALSE
"LOC101081204","down","3",FALSE
"KRT10","down","14",FALSE
"FGGY","down","1",FALSE
"RSPRY1","down","1",FALSE
"LOC109494605","down","10",FALSE
"ANKS6","down","8",FALSE
"WDR97","down","9",FALSE
"GSTA4","down","7",FALSE
"SLC5A11","down","2",FALSE
"SUGCT","down","1",FALSE
"CDO1","down","2",FALSE
"IL11RA","down","9",FALSE
"TOM1L1","down","3",FALSE
"TRAK2","down","4",FALSE
"PEX5","down","8",FALSE
"ZZZ3","down","3",FALSE
"MRPL50","down","1",FALSE
"CE2H19orf84","down","6",FALSE
"ATP2B2","down","1",FALSE
"CS","down","1",FALSE
"GNG12","down","1",FALSE
"RIMKLA","down","1",FALSE
"COQ9","down","1",FALSE
"ATP10D","down","1",FALSE
"MICAL3","down","8",FALSE
"SOWAHC","down","3",FALSE
"RORC","down","1",FALSE
"FKBP15","down","6",FALSE
"DDT","down","2",FALSE
"COMMD8","down","1",FALSE
"PPP1R37","down","14",FALSE
"HACL1","down","2",FALSE
"TCTN1","down","6",FALSE
"MFN2","down","1",FALSE
"DRG2","down","11",FALSE
"EMID1","down","12",FALSE
"STXBP6","down","1",FALSE
"RNF114","down","8",FALSE
"PLRG1","down","1",FALSE
"CDHR5","down","8",FALSE
"SAP30L","down","9",FALSE
"PRKAB2","down","13",FALSE
"ANGPT1","down","4",FALSE
"SMAD6","down","14",FALSE
"LOC109491390","down","2",FALSE
"SEMA3G","down","4",FALSE
"NQO2","down","1",FALSE
"ZNRF3","down","4",FALSE
"CARNMT1","down","1",FALSE
"TEX261","down","6",FALSE
"ZMYND11","down","3",FALSE
"TXN2","down","2",FALSE
"SLC25A21","down","1",FALSE
"VWA8","down","1",FALSE
"SLC39A4","down","1",FALSE
"DPEP1","down","14",FALSE
"ALDH3A2","down","2",FALSE
"BABAM1","down","11",FALSE
"MSH5","down","2",FALSE
"IMMP2L","down","1",FALSE
"MMAA","down","1",FALSE
"VTA1","down","1",FALSE
"HOXA10","down","13",FALSE
"TMEM161A","down","12",FALSE
"CCDC85C","down","8",FALSE
"BPNT1","down","8",FALSE
"ECHDC2","down","1",FALSE
"CHKB","down","9",FALSE
"BEND7","down","1",FALSE
"ATP5PD","down","2",FALSE
"RASEF","down","7",FALSE
"KL","down","1",FALSE
"LOC101091418","down","6",FALSE
"PCDH7","down","7",FALSE
"SLC29A3","down","1",FALSE
"EPHX2","down","1",FALSE
"TAF6L","down","9",FALSE
"DUSP28","down","2",FALSE
"PTGR2","down","1",FALSE
"CRYZL1","down","3",FALSE
"RAB29","down","1",FALSE
"HTRA2","down","14",FALSE
"USH1C","down","5",FALSE
"RRAS2","down","1",FALSE
"FAM161A","down","8",FALSE
"PTCD2","down","13",FALSE
"RCAN2","down","4",FALSE
"GPT","down","1",FALSE
"NUDT16L1","down","8",FALSE
"BOLA3","down","2",FALSE
"MICU2","down","1",FALSE
"CHCHD10","down","2",FALSE
"SNX1","down","14",FALSE
"ATP6V1G1","down","2",FALSE
"SLC7A8","down","7",FALSE
"UBL5","down","10",FALSE
"SLC25A3","down","1",FALSE
"VWCE","down","1",FALSE
"CA1H1orf35","down","10",FALSE
"RIMBP2","down","7",FALSE
"DDO","down","1",FALSE
"PRR35","down","2",FALSE
"LOC101089785","down","1",FALSE
"TRAF3IP1","down","6",FALSE
"HDGF","down","2",FALSE
"FBP2","down","1",FALSE
"ODF2L","down","3",FALSE
"PRKN","down","1",FALSE
"FZD4","down","2",FALSE
"SNX27","down","3",FALSE
"PGRMC2","down","1",FALSE
"SCLY","down","5",FALSE
"DLST","down","1",FALSE
"LOC101081641","down","1",FALSE
"PRKAG1","down","11",FALSE
"UBXN2B","down","4",FALSE
"RNF185","down","14",FALSE
"ACAA1","down","1",FALSE
"GET3","down","1",FALSE
"SYS1","down","2",FALSE
"CLTA","down","10",FALSE
"GPHN","down","5",FALSE
"ANK3","down","1",FALSE
"FAM181B","down","6",FALSE
"CBLN3","down","1",FALSE
"LRBA","down","1",FALSE
"AUH","down","1",FALSE
"METTL14","down","1",FALSE
"ASH1L","down","3",FALSE
"CTDSP2","down","4",FALSE
"BICD1","down","6",FALSE
"RRAGD","down","5",FALSE
"CADPS2","down","7",FALSE
"TMED4","down","1",FALSE
"ATP6V1E1","down","1",FALSE
"ZSCAN2","down","8",FALSE
"DCUN1D2","down","13",FALSE
"EPB41L5","down","3",FALSE
"IFI30","down","6",FALSE
"USP31","down","3",FALSE
"PLCD4","down","6",FALSE
"LOC101084388","down","1",FALSE
"TBC1D22A","down","12",FALSE
"LOC111556287","down","3",FALSE
"LOC101097624","down","6",FALSE
"TOM1L2","down","2",FALSE
"SH3YL1","down","1",FALSE
"BIN1","down","9",FALSE
"CRYZ","down","1",FALSE
"GNMT","down","2",FALSE
"DNAJC6","down","1",FALSE
"GUCD1","down","1",FALSE
"MAGI2","down","4",FALSE
"POLR3B","down","6",FALSE
"LOC102902347","down","2",FALSE
"SPATA1","down","1",FALSE
"AMN","down","1",FALSE
"TMEM143","down","2",FALSE
"NDUFA11","down","10",FALSE
"SIX4","down","3",FALSE
"LOC101098061","down","6",FALSE
"SPHK2","down","11",FALSE
"GUCA2A","down","2",FALSE
"HOOK2","down","8",FALSE
"CHRNA2","down","1",FALSE
"WDPCP","down","5",FALSE
"BOLA2B","down","2",FALSE
"USF2","down","10",FALSE
"LOC102902576","down","12",FALSE
"MRPL28","down","1",FALSE
"HSD11B2","down","2",FALSE
"GCHFR","down","5",FALSE
"TMEM256","down","10",FALSE
"MGST3","down","1",FALSE
"ABCB7","down","1",FALSE
"DCDC1","down","7",FALSE
"RNF10","down","2",FALSE
"RANBP2","down","1",FALSE
"NDUFS1","down","1",FALSE
"TMEM187","down","12",FALSE
"NTRK3","down","4",FALSE
"EFEMP1","down","14",FALSE
"KLHDC10","down","3",FALSE
"SRRM1","down","8",FALSE
"ARF3","down","8",FALSE
"UCK1","down","2",FALSE
"EXOC4","down","1",FALSE
"MYCBPAP","down","8",FALSE
"ESD","down","1",FALSE
"MBTD1","down","13",FALSE
"PROC","down","1",FALSE
"MRPL44","down","2",FALSE
"KYNU","down","1",FALSE
"CACNA2D3","down","1",FALSE
"SH3D19","down","13",FALSE
"UBL3","down","1",FALSE
"NIT1","down","2",FALSE
"CDC5L","down","5",FALSE
"LOC101094572","down","1",FALSE
"AGPAT5","down","1",FALSE
"LOC101093719","down","4",FALSE
"SLC22A6","down","1",FALSE
"REPS1","down","8",FALSE
"MCF2","down","4",FALSE
"ITPR2","down","7",FALSE
"NAPB","down","13",FALSE
"LOC123381833","down","6",FALSE
"NDUFAF8","down","10",FALSE
"PIGQ","down","2",FALSE
"RHOBTB1","down","7",FALSE
"AFG3L2","down","1",FALSE
"SYNRG","down","1",FALSE
"SMIM19","down","1",FALSE
"CTH","down","1",FALSE
"KLF15","down","2",FALSE
"VIRMA","down","7",FALSE
"LOC123384753","down","1",FALSE
"PHKB","down","1",FALSE
"LOC102899183","down","1",FALSE
"SLC7A9","down","1",FALSE
"DERA","down","2",FALSE
"MYL6B","down","9",FALSE
"KCNJ12","down","1",FALSE
"NEDD4L","down","8",FALSE
"LRRC19","down","1",FALSE
"PPP6R3","down","1",FALSE
"RIT2","down","4",FALSE
"SLC6A8","down","1",FALSE
"DENND11","down","1",FALSE
"NTAQ1","down","1",FALSE
"PDPR","down","3",FALSE
"COPA","down","6",FALSE
"HLX","down","9",FALSE
"USP19","down","6",FALSE
"NAPRT","down","2",FALSE
"SULT1C2","down","2",FALSE
"OPLAH","down","8",FALSE
"CCDC51","down","2",FALSE
"ZBTB5","down","6",FALSE
"TAFAZZIN","down","10",FALSE
"FASTKD2","down","1",FALSE
"NDUFS2","down","1",FALSE
"ATP5F1D","down","2",FALSE
"GATD3","down","10",FALSE
"NDUFA10","down","1",FALSE
"PDSS2","down","1",FALSE
"LOC123386139","down","1",FALSE
"HAT1","down","1",FALSE
"LOC105260573","down","6",FALSE
"UQCRC2","down","1",FALSE
"FUBP3","down","3",FALSE
"GCSH","down","1",FALSE
"HERC2","down","13",FALSE
"HDHD5","down","2",FALSE
"GFPT1","down","3",FALSE
"HSPA8","down","6",FALSE
"PATJ","down","3",FALSE
"PNPLA3","down","1",FALSE
"BAG4","down","14",FALSE
"NARS2","down","1",FALSE
"MAPK9","down","1",FALSE
"PCDH12","down","4",FALSE
"AMDHD1","down","2",FALSE
"ACAD9","down","1",FALSE
"MCM3AP","down","14",FALSE
"CB3H14orf93","down","9",FALSE
"LOC101094418","down","2",FALSE
"DCAF7","down","3",FALSE
"LOC101080897","down","7",FALSE
"TRABD2B","down","1",FALSE
"LOC102902085","down","1",FALSE
"SMYD1","down","2",FALSE
"ACSM5","down","1",FALSE
"RAD21","down","3",FALSE
"FAM136A","down","1",FALSE
"MSRB1","down","2",FALSE
"CHMP5","down","1",FALSE
"MAP1LC3B","down","1",FALSE
"NATD1","down","9",FALSE
"RHOQ","down","1",FALSE
"BAZ2B","down","1",FALSE
"AP1AR","down","1",FALSE
"ACMSD","down","1",FALSE
"GPS1","down","10",FALSE
"GLIS2","down","9",FALSE
"PLA2G12B","down","1",FALSE
"PTCD3","down","1",FALSE
"TSPAN33","down","2",FALSE
"TM4SF5","down","8",FALSE
"EPN1","down","11",FALSE
"PCYT2","down","2",FALSE
"ACADS","down","2",FALSE
"HARS2","down","12",FALSE
"NDUFB1","down","2",FALSE
"VKORC1","down","2",FALSE
"CLCN5","down","1",FALSE
"SLC4A1AP","down","9",FALSE
"GRAMD1C","down","7",FALSE
"ALDH8A1","down","1",FALSE
"RAF1","down","9",FALSE
"NCOA1","down","3",FALSE
"MYO5B","down","8",FALSE
"HINT2","down","1",FALSE
"NRBF2","down","6",FALSE
"DNAJB1","down","6",FALSE
"LOC111560215","down","1",FALSE
"VAT1","down","14",FALSE
"SRSF6","down","11",FALSE
"MTARC2","down","1",FALSE
"REXO5","down","11",FALSE
"AP3D1","down","11",FALSE
"CYP4A106","down","8",FALSE
"IFT88","down","8",FALSE
"HOMEZ","down","6",FALSE
"RASGEF1B","down","1",FALSE
"RPA3","down","7",FALSE
"KCNIP1","down","4",FALSE
"LOC101095941","down","1",FALSE
"PTH1R","down","1",FALSE
"CIPC","down","1",FALSE
"GTF2I","down","7",FALSE
"CERT1","down","3",FALSE
"ZFAND2B","down","9",FALSE
"MGAT5","down","4",FALSE
"WBP11","down","8",FALSE
"SEC31B","down","7",FALSE
"CLSTN2","down","11",FALSE
"CPEB2","down","1",FALSE
"PSMF1","down","2",FALSE
"ARFGAP3","down","2",FALSE
"LOC101091022","down","1",FALSE
"SLC15A2","down","3",FALSE
"GDF9","down","1",FALSE
"UMOD","down","11",FALSE
"NMB","down","1",FALSE
"ZFP41","down","9",FALSE
"IGLON5","down","13",FALSE
"R3HDM1","down","13",FALSE
"RALGPS1","down","3",FALSE
"DLG1","down","1",FALSE
"NDUFS4","down","2",FALSE
"GPR137B","down","1",FALSE
"TSPAN11","down","7",FALSE
"PAFAH2","down","1",FALSE
"NFS1","down","2",FALSE
"SAMM50","down","1",FALSE
"WDR83OS","down","2",FALSE
"RXYLT1","down","1",FALSE
"MNAT1","down","8",FALSE
"GPRIN2","down","8",FALSE
"HIRA","down","5",FALSE
"SPX","down","1",FALSE
"SLC17A4","down","14",FALSE
"LOC102901021","down","1",FALSE
"SLC7A13","down","5",FALSE
"AGPAT1","down","9",FALSE
"FANCL","down","5",FALSE
"DACH1","down","4",FALSE
"NCBP2","down","1",FALSE
"IGFN1","down","1",FALSE
"CHORDC1","down","1",FALSE
"PLCL1","down","7",FALSE
"HYI","down","2",FALSE
"TWIST1","down","1",FALSE
"COL9A3","down","7",FALSE
"KDM1A","down","11",FALSE
"SLC25A34","down","1",FALSE
"ADAMTS18","down","8",FALSE
"MRPS26","down","10",FALSE
"PGM3","down","1",FALSE
"DCAF11","down","2",FALSE
"LRRC41","down","1",FALSE
"LOC123384041","down","13",FALSE
"LOC102899949","down","6",FALSE
"PSMD11","down","1",FALSE
"RPS27A","down","9",FALSE
"CCDC6","down","3",FALSE
"FAM241B","down","1",FALSE
"CF1H1orf43","down","1",FALSE
"THAP8","down","9",FALSE
"LOC105261393","down","10",FALSE
"DHRS13","down","2",FALSE
"LOC123382663","down","4",FALSE
"NFKBIL1","down","12",FALSE
"TP53I13","down","9",FALSE
"DZIP3","down","3",FALSE
"LOC101090590","down","2",FALSE
"PLXNA4","down","3",FALSE
"CDS1","down","1",FALSE
"LOC101097571","down","1",FALSE
"DUS4L","down","1",FALSE
"SKP1","down","1",FALSE
"ATG4C","down","1",FALSE
"AP2M1","down","2",FALSE
"LOC105261315","down","8",FALSE
"PHOSPHO2","down","1",FALSE
"CDC123","down","1",FALSE
"CHDH","down","5",FALSE
"SRP14","down","10",FALSE
"THAP2","down","13",FALSE
"ZCCHC14","down","3",FALSE
"MRPL35","down","2",FALSE
"NOS2","down","7",FALSE
"GPAT2","down","4",FALSE
"NCBP2AS2","down","2",FALSE
"LOC101100266","down","2",FALSE
"SNRPD3","down","10",FALSE
"TRMT1L","down","13",FALSE
"FHIT","down","1",FALSE
"MDH2","down","1",FALSE
"HS3ST6","down","1",FALSE
"HP1BP3","down","13",FALSE
"CCDC186","down","1",FALSE
"NUDT19","down","1",FALSE
"NDUFAF5","down","2",FALSE
"ATP5MC3","down","1",FALSE
"MCU","down","1",FALSE
"CCDC117","down","1",FALSE
"XPR1","down","7",FALSE
"HIBADH","down","1",FALSE
"SLC35F5","down","1",FALSE
"MRPL37","down","2",FALSE
"CFAP97","down","1",FALSE
"MRPL15","down","1",FALSE
"PHYHD1","down","3",FALSE
"P3H2","down","8",FALSE
"CA3H2orf73","down","2",FALSE
"ENPP2","down","3",FALSE
"CE2H16orf46","down","3",FALSE
"LOC111558528","down","8",FALSE
"SNX25","down","2",FALSE
"AKR1C3","down","1",FALSE
"MRPL19","down","1",FALSE
"ST7L","down","7",FALSE
"UQCRC1","down","1",FALSE
"MIX23","down","2",FALSE
"AOC1","down","1",FALSE
"CACNB4","down","1",FALSE
"EML5","down","13",FALSE
"UQCC2","down","10",FALSE
"CFAP418","down","7",FALSE
"CLDN8","down","1",FALSE
"FDX1","down","1",FALSE
"TOX3","down","3",FALSE
"GIPC3","down","4",FALSE
"ATP23","down","7",FALSE
"XRCC3","down","14",FALSE
"EBPL","down","6",FALSE
"GABBR2","down","4",FALSE
"TP53BP1","down","6",FALSE
"NDUFB10","down","2",FALSE
"APOH","down","1",FALSE
"SPNS1","down","14",FALSE
"ARPP21","down","6",FALSE
"TMEM184A","down","2",FALSE
"LOC101081808","down","1",FALSE
"CPPED1","down","1",FALSE
"HMGN5","down","9",FALSE
"IDH3B","down","1",FALSE
"NDUFB6","down","1",FALSE
"CHCHD4","down","1",FALSE
"ERP29","down","2",FALSE
"OSBPL9","down","1",FALSE
"PHF3","down","3",FALSE
"LOC101099090","down","9",FALSE
"GPR62","down","7",FALSE
"GLIS1","down","8",FALSE
"LOC101091386","down","12",FALSE
"RNF34","down","1",FALSE
"CASZ1","down","6",FALSE
"TMEM141","down","2",FALSE
"NUDT17","down","10",FALSE
"CAMK1G","down","4",FALSE
"GPAM","down","1",FALSE
"FAM120B","down","13",FALSE
"PABIR2","down","4",FALSE
"OXNAD1","down","1",FALSE
"GALNT12","down","14",FALSE
"PAICS","down","1",FALSE
"TMEM250","down","10",FALSE
"CLUAP1","down","6",FALSE
"SMCR8","down","1",FALSE
"F2","down","1",FALSE
"ERBB4","down","6",FALSE
"POLDIP2","down","1",FALSE
"APH1B","down","1",FALSE
"EPB41L3","down","1",FALSE
"NINL","down","7",FALSE
"CLEC2L","down","1",FALSE
"MOGAT3","down","1",FALSE
"CREBL2","down","1",FALSE
"TTC26","down","6",FALSE
"GHITM","down","1",FALSE
"CCNY","down","3",FALSE
"FAM210A","down","1",FALSE
"ATP6V0D2","down","7",FALSE
"CTIF","down","1",FALSE
"DHRS3","down","2",FALSE
"MTMR10","down","3",FALSE
"ALKBH8","down","4",FALSE
"ZNF827","down","7",FALSE
"OSBPL8","down","1",FALSE
"LOC102902649","down","5",FALSE
"UBTD1","down","2",FALSE
"WDR73","down","8",FALSE
"BCKDHA","down","1",FALSE
"SLC39A8","down","1",FALSE
"LYRM1","down","2",FALSE
"SIMC1","down","3",FALSE
"CTSF","down","4",FALSE
"HIPK2","down","1",FALSE
"PEX26","down","1",FALSE
"CCDC3","down","13",FALSE
"PDE1A","down","7",FALSE
"XK","down","4",FALSE
"CB4H22orf23","down","8",FALSE
"DNAJA2","down","8",FALSE
"UBE2K","down","1",FALSE
"ZFYVE26","down","1",FALSE
"LOC101081454","down","7",FALSE
"ACVR2B","down","6",FALSE
"PNCK","down","8",FALSE
"VPS29","down","1",FALSE
"HMGN1","down","11",FALSE
"TBL1X","down","2",FALSE
"NDUFS6","down","2",FALSE
"GABPA","down","7",FALSE
"XPNPEP3","down","3",FALSE
"IDH1","down","1",FALSE
"SLC10A2","down","1",FALSE
"ZC3H15","down","1",FALSE
"RAB32","down","1",FALSE
"GIGYF2","down","6",FALSE
"SH3TC2","down","2",FALSE
"F13B","down","1",FALSE
"LRRC57","down","1",FALSE
"WBP4","down","1",FALSE
"SLC22A11","down","5",FALSE
"DHODH","down","1",FALSE
"ZNF512B","down","3",FALSE
"LRSAM1","down","9",FALSE
"SEC62","down","1",FALSE
"ATP5MJ","down","10",FALSE
"RPL7L1","down","1",FALSE
"TFPI","down","4",FALSE
"TMEM184C","down","1",FALSE
"LRRC66","down","7",FALSE
"CRBN","down","1",FALSE
"BTRC","down","5",FALSE
"ASB7","down","7",FALSE
"GALT","down","14",FALSE
"UBE2Q2","down","1",FALSE
"SLC35A1","down","6",FALSE
"LOC101095601","down","1",FALSE
"WASHC4","down","3",FALSE
"HEXA","down","1",FALSE
"BNIP3","down","1",FALSE
"PRIM1","down","1",FALSE
"SYN3","down","7",FALSE
"ADRA2B","down","4",FALSE
"EPS8","down","1",FALSE
"MGMT","down","6",FALSE
"PEBP4","down","2",FALSE
"LOC111559540","down","12",FALSE
"SEMA3E","down","4",FALSE
"DDC","down","1",FALSE
"GMNN","down","6",FALSE
"TTC37","down","3",FALSE
"TMEM94","down","6",FALSE
"LOC101100387","down","1",FALSE
"PPP4R4","down","7",FALSE
"CNTNAP2","down","3",FALSE
"NDUFA3","down","10",FALSE
"ETFDH","down","1",FALSE
"LOC102902632","down","2",FALSE
"DDRGK1","down","12",FALSE
"DYNC2I1","down","6",FALSE
"NFU1","down","8",FALSE
"FMC1","down","10",FALSE
"WDR19","down","6",FALSE
"LOC123384444","down","5",FALSE
"SLC25A30","down","1",FALSE
"IDH3G","down","2",FALSE
"PCMTD1","down","3",FALSE
"CARS2","down","2",FALSE
"RNF152","down","1",FALSE
"WWC2","down","4",FALSE
"TSPAN5","down","1",FALSE
"CC2D2A","down","1",FALSE
"ADGRA3","down","5",FALSE
"HADH","down","1",FALSE
"TSTD1","down","12",FALSE
"RAB17","down","7",FALSE
"GOLIM4","down","4",FALSE
"LOC101088322","down","1",FALSE
"GPBP1","down","4",FALSE
"COG5","down","1",FALSE
"FKBP3","down","7",FALSE
"RTKN","down","6",FALSE
"ADAMTS15","down","14",FALSE
"MACROD1","down","1",FALSE
"LINGO4","down","1",FALSE
"ALDOB","down","1",FALSE
"MGST1","down","2",FALSE
"ORC3","down","3",FALSE
"DCTN3","down","1",FALSE
"MAPKAPK5","down","3",FALSE
"CCKBR","down","4",FALSE
"DARS1","down","1",FALSE
"USP12","down","3",FALSE
"HIF1AN","down","6",FALSE
"LOC111559498","down","6",FALSE
"TANC2","down","6",FALSE
"TFEC","down","1",FALSE
"LAMP1","down","1",FALSE
"APEX2","down","6",FALSE
"ARHGAP19","down","4",FALSE
"TAF3","down","9",FALSE
"ATP6AP1","down","2",FALSE
"PRTFDC1","down","3",FALSE
"TCEA2","down","9",FALSE
"ACADVL","down","1",FALSE
"GRID2IP","down","4",FALSE
"ADD3","down","1",FALSE
"CENPN","down","8",FALSE
"MRPS28","down","1",FALSE
"CMC1","down","4",FALSE
"EEF1AKMT2","down","10",FALSE
"STN1","down","4",FALSE
"KCNJ16","down","1",FALSE
"DTNB","down","12",FALSE
"SAT1","down","1",FALSE
"LOC101083474","down","1",FALSE
"VAMP8","down","10",FALSE
"DYSF","down","4",FALSE
"TBC1D7","down","14",FALSE
"NDUFB3","down","1",FALSE
"FAM149B1","down","1",FALSE
"HOXA4","down","6",FALSE
"SDHA","down","1",FALSE
"RTP3","down","7",FALSE
"ZMAT2","down","14",FALSE
"PARD6G","down","4",FALSE
"DMXL2","down","1",FALSE
"LOC101083473","down","1",FALSE
"ABCA4","down","12",FALSE
"SF3A1","down","9",FALSE
"NUDT16","down","2",FALSE
"MAP3K4","down","9",FALSE
"HIBCH","down","1",FALSE
"STX8","down","10",FALSE
"TRIAP1","down","11",FALSE
"CDC14A","down","4",FALSE
"MPP4","down","1",FALSE
"ITSN1","down","13",FALSE
"CDC26","down","2",FALSE
"TSACC","down","8",FALSE
"GOT2","down","1",FALSE
"FUNDC2","down","1",FALSE
"HADHB","down","1",FALSE
"EZH1","down","6",FALSE
"WDR5B","down","1",FALSE
"RGL1","down","1",FALSE
"DDX1","down","1",FALSE
"LRRC51","down","2",FALSE
"OSGEPL1","down","1",FALSE
"ATP8A2","down","13",FALSE
"CRYAA","down","7",FALSE
"SCO2","down","1",FALSE
"RPRD1B","down","3",FALSE
"ZNF384","down","4",FALSE
"BOK","down","2",FALSE
"GSR","down","2",FALSE
"SLC25A5","down","1",FALSE
"KDELR1","down","6",FALSE
"IGSF11","down","7",FALSE
"GATA5","down","9",FALSE
"BBIP1","down","8",FALSE
"EPB41L4B","down","6",FALSE
"AKAP10","down","13",FALSE
"ARFGEF1","down","3",FALSE
"RAB30","down","4",FALSE
"COQ7","down","1",FALSE
"TERF2","down","14",FALSE
"MVB12B","down","4",FALSE
"GSC2","down","1",FALSE
"TTBK2","down","3",FALSE
"OSBPL2","down","9",FALSE
"MTSS1","down","3",FALSE
"COQ5","down","8",FALSE
"CDC42BPG","down","6",FALSE
"PHAX","down","1",FALSE
"NPHS2","down","4",FALSE
"ZNF606","down","13",FALSE
"OPHN1","down","7",FALSE
"TM6SF2","down","3",FALSE
"VIT","down","10",FALSE
"POLR2F","down","11",FALSE
"USP32","down","3",FALSE
"ATP6V0A1","down","1",FALSE
"DNAJA1","down","6",FALSE
"ANKRD27","down","13",FALSE
"TMEM183A","down","2",FALSE
"WIPF2","down","3",FALSE
"MOK","down","6",FALSE
"OPA1","down","1",FALSE
"WNT2B","down","12",FALSE
"COG8","down","10",FALSE
"CES1","down","8",FALSE
"KRCC1","down","8",FALSE
"MED12","down","4",FALSE
"ASPSCR1","down","10",FALSE
"ROGDI","down","1",FALSE
"SYT17","down","7",FALSE
"FBXO3","down","1",FALSE
"TBP","down","1",FALSE
"FXN","down","2",FALSE
"HSP90AB1","down","6",FALSE
"TRIM66","down","1",FALSE
"LOC102901245","down","9",FALSE
"USF3","down","3",FALSE
"JPH4","down","3",FALSE
"LCMT1","down","12",FALSE
"INTU","down","3",FALSE
"SLC25A1","down","1",FALSE
"CBX7","down","9",FALSE
"GLOD4","down","9",FALSE
"OXR1","down","1",FALSE
"IPO8","down","7",FALSE
"DLD","down","1",FALSE
"BVES","down","3",FALSE
"NAT14","down","9",FALSE
"RFX3","down","13",FALSE
"MED20","down","11",FALSE
"ALPK2","down","4",FALSE
"SPRYD4","down","1",FALSE
"CHAC1","down","2",FALSE
"FDXACB1","down","12",FALSE
"LOC123378934","down","11",FALSE
"WASHC5","down","13",FALSE
"JMJD8","down","9",FALSE
"LOC101082948","down","10",FALSE
"LOC101081568","down","8",FALSE
"DIRAS1","down","11",FALSE
"SHH","down","5",FALSE
"ATP5F1B","down","1",FALSE
"GCM1","down","12",FALSE
"ANKS1A","down","5",FALSE
"SFXN5","down","2",FALSE
"SPTAN1","down","14",FALSE
"PRMT9","down","7",FALSE
"RPS6KA6","down","3",FALSE
"AKAIN1","down","3",FALSE
"CIB2","down","1",FALSE
"ETFBKMT","down","1",FALSE
"FBXO36","down","8",FALSE
"NUDT12","down","1",FALSE
"YIPF3","down","10",FALSE
"STEAP2","down","1",FALSE
"FAM234A","down","8",FALSE
"CLTCL1","down","4",FALSE
"SETD6","down","6",FALSE
"ACSL3","down","3",FALSE
"XPA","down","1",FALSE
"FGFR4","down","8",FALSE
"PPM1B","down","3",FALSE
"PEX11G","down","2",FALSE
"EIF3L","down","12",FALSE
"CDIP1","down","11",FALSE
"RTN3","down","1",FALSE
"MAMDC4","down","11",FALSE
"BCL2L2","down","3",FALSE
"SLC16A2","down","1",FALSE
"CPLANE2","down","9",FALSE
"UQCR10","down","2",FALSE
"PSMB7","down","10",FALSE
"BACE2","down","1",FALSE
"UGP2","down","1",FALSE
"GPS2","down","10",FALSE
"PPP1R26","down","6",FALSE
"CREBRF","down","3",FALSE
"COPS2","down","3",FALSE
"CES2","down","1",FALSE
"DHX57","down","6",FALSE
"GLYR1","down","1",FALSE
"FLVCR2","down","11",FALSE
"PON1","down","13",FALSE
"COPRS","down","10",FALSE
"ATG4D","down","2",FALSE
"ECPAS","down","1",FALSE
"MRPS6","down","9",FALSE
"MRPL53","down","1",FALSE
"ASAH1","down","1",FALSE
"MYCT1","down","4",FALSE
"MAL2","down","4",FALSE
"COPS6","down","1",FALSE
"ATP11A","down","1",FALSE
"COQ10A","down","9",FALSE
"GSTZ1","down","1",FALSE
"IMMT","down","1",FALSE
"DMD","down","4",FALSE
"MYBPC3","down","7",FALSE
"FZD5","down","3",FALSE
"HIGD2A","down","2",FALSE
"LOC101090225","down","10",FALSE
"CCDC13","down","6",FALSE
"DIAPH1","down","1",FALSE
"TMEM126B","down","1",FALSE
"LOC101098289","down","9",FALSE
"HEATR4","down","8",FALSE
"KCNJ15","down","1",FALSE
"NEIL2","down","2",FALSE
"KIDINS220","down","7",FALSE
"FOLH1B","down","1",FALSE
"SNAPC5","down","1",FALSE
"LOC101088417","down","9",FALSE
"INTS3","down","6",FALSE
"MITF","down","5",FALSE
"TMEM207","down","11",FALSE
"PLEKHG3","down","2",FALSE
"DNAH11","down","6",FALSE
"IARS2","down","1",FALSE
"ECHDC3","down","1",FALSE
"TYSND1","down","5",FALSE
"CLIC5","down","4",FALSE
"PRR13","down","1",FALSE
"NUDT13","down","1",FALSE
"RC3H1","down","3",FALSE
"LOC109495967","down","12",FALSE
"MREG","down","1",FALSE
"P2RY2","down","1",FALSE
"CPE","down","4",FALSE
"SYAP1","down","1",FALSE
"HEATR5B","down","1",FALSE
"LOC101080332","down","1",FALSE
"RABL2B","down","11",FALSE
"ITPK1","down","11",FALSE
"UBXN8","down","2",FALSE
"MTO1","down","2",FALSE
"TWSG1","down","3",FALSE
"WEE2","down","1",FALSE
"GABARAPL2","down","2",FALSE
"LOC101095404","down","2",FALSE
"CCDC92","down","6",FALSE
"LOC101089225","down","10",FALSE
"OGDHL","down","2",FALSE
"LOC102900083","down","7",FALSE
"ATXN7","down","3",FALSE
"SEC22A","down","1",FALSE
"LOC101081890","down","7",FALSE
"MAPK10","down","12",FALSE
"ARFGEF2","down","1",FALSE
"BTD","down","8",FALSE
"FZD8","down","4",FALSE
"BRCC3","down","1",FALSE
"ACOX1","down","1",FALSE
"ZNF835","down","12",FALSE
"KIAA1549L","down","1",FALSE
"TANGO6","down","7",FALSE
"NEBL","down","1",FALSE
"UTS2R","down","1",FALSE
"FAM20C","down","6",FALSE
"FAXDC2","down","1",FALSE
"RCOR3","down","13",FALSE
"LSM14B","down","14",FALSE
"LOC109496337","down","7",FALSE
"CARD14","down","12",FALSE
"NIT2","down","1",FALSE
"LOC111561467","down","10",FALSE
"HNF4A","down","1",FALSE
"LOC105259690","down","6",FALSE
"ARHGEF4","down","3",FALSE
"NDUFB2","down","2",FALSE
"HDAC9","down","13",FALSE
"KIT","down","6",FALSE
"ATXN2","down","1",FALSE
"USO1","down","1",FALSE
"CNKSR3","down","4",FALSE
"LOC101098082","down","4",FALSE
"HDLBP","down","11",FALSE
"ARL6","down","1",FALSE
"ESRRA","down","1",FALSE
"LOC101085336","down","2",FALSE
"PLAT","down","4",FALSE
"CD1H11orf74","down","9",FALSE
"N4BP1","down","11",FALSE
"VIPR2","down","11",FALSE
"SLC25A10","down","1",FALSE
"PPA2","down","1",FALSE
"SMIM8","down","14",FALSE
"PTPN20","down","1",FALSE
"SLC13A2","down","1",FALSE
"CBWD1","down","1",FALSE
"HACE1","down","1",FALSE
"ATP6V0C","down","2",FALSE
