"gene_symbol","err_positive","control_positive","log_fc","fdr","ave_expr"
"A1CF",FALSE,FALSE,-2.61335182519171,0.0230328000925289,3.65520346212486
"A3GALT2",FALSE,FALSE,-1.14735578646961,0.0215812549216285,2.72499625792034
"AADAT",FALSE,FALSE,-1.69486120417818,0.0324920719319305,5.46899179226549
"AAMDC",FALSE,FALSE,-0.816057027574467,0.0105383275414171,4.07967367582105
"AARS2",FALSE,FALSE,-0.397052018646559,0.0363735171227359,5.09726529759549
"AASS",FALSE,FALSE,-1.80257549770054,0.021631068081382,5.10744071619946
"AATK",FALSE,FALSE,-1.04704330957406,0.0290177312215247,5.7845391222175
"ABAT",FALSE,FALSE,-1.82826251360944,0.0215293478959209,9.64380564667939
"ABCA4",FALSE,FALSE,-0.902471560073341,0.0841570895634359,2.71477153139098
"ABCB7",FALSE,FALSE,-0.69618393068537,0.054729886303518,5.21580483662862
"ABCC2",FALSE,FALSE,-1.44923649999904,0.0375728394643895,3.13692922281195
"ABCC6",FALSE,FALSE,-0.835922665098416,0.0307173588380016,4.29944248734783
"ABHD14B",FALSE,FALSE,-1.00183586166426,0.0229511832969487,7.67699788050681
"ABHD15",FALSE,TRUE,-1.14041072858905,0.0207945221023943,4.24644561781141
"ABHD3",FALSE,FALSE,-0.950689354999776,0.027024232043895,3.82818881940004
"ABLIM2",FALSE,FALSE,-0.656291411918878,0.0360363765672953,5.02179723346565
"ACAA1",TRUE,FALSE,-0.861841000315892,0.0521647255773339,6.90769455764879
"ACAD11",FALSE,FALSE,-0.994126746655277,0.0464221673467313,5.06326430837546
"ACAD8",FALSE,FALSE,-0.864847324875546,0.0110098402126772,5.77570242766701
"ACAD9",FALSE,FALSE,-1.0519985695546,0.0588668688694408,8.44294259020262
"ACADM",FALSE,FALSE,-1.57173138336095,0.0263466071902248,9.36213314796579
"ACADS",FALSE,FALSE,-0.665627236035924,0.0599080174366446,5.95710611721479
"ACADSB",TRUE,FALSE,-1.68109008806258,0.0294595364100655,7.44220293668972
"ACADVL",FALSE,FALSE,-0.987385747737596,0.0820851301893825,9.84204397933491
"ACAT1",FALSE,FALSE,-1.20493617426266,0.0267318226805118,8.78845476514053
"ACE",FALSE,FALSE,-2.04873565361406,0.0117359827762105,6.63446952428848
"ACMSD",FALSE,FALSE,-1.63164035235169,0.0594110260070976,7.10574266999751
"ACO1",FALSE,FALSE,-1.13934625511212,0.0183496692121575,7.65587339600908
"ACOX1",FALSE,FALSE,-0.430066245979512,0.096735441933275,6.91150348374783
"ACOX3",FALSE,FALSE,-1.33837962145711,0.0397656853690798,9.39866613655444
"ACP1",FALSE,FALSE,-0.800717293405554,0.015037757223534,6.2735257827127
"ACSL3",FALSE,FALSE,-0.4253659800506,0.0915132528956922,5.97708572460962
"ACSM3",FALSE,FALSE,-2.60254773892259,0.0103235251558437,6.13762383577547
"ACSM5",FALSE,FALSE,-1.00751674671121,0.0590953213096624,4.92104146087098
"ACSS2",FALSE,FALSE,-0.477982942780369,0.0117359827762105,6.54541941211261
"ACVR2B",FALSE,FALSE,-0.725176010585285,0.0751671155561688,3.59658125773871
"ADA",FALSE,FALSE,-1.22608282530075,0.0169759102221937,5.13801828544037
"ADAMTS15",FALSE,FALSE,-0.88773525372383,0.0802970355219753,4.42680765207401
"ADAMTS18",FALSE,FALSE,-1.46642339758163,0.0646604139444901,2.29854358584228
"ADAP2",FALSE,TRUE,-1.16266949587294,0.0191739865906944,4.11739713386285
"ADD3",FALSE,FALSE,-0.536405266844175,0.0823957906871232,6.88455454499503
"ADGRA3",FALSE,FALSE,-0.689785582577096,0.0799512230428823,6.89028915020135
"ADGRV1",FALSE,FALSE,-1.87686379308722,0.0371734078131957,3.50923001052222
"ADH4",FALSE,FALSE,-3.16030411936104,0.0110944525767244,0.21787881878615
"ADHFE1",FALSE,FALSE,-2.57286814079301,0.014651257206935,3.76396596900615
"ADI1",FALSE,FALSE,-0.839809156913017,0.00792856757234194,7.3615752574027
"ADRA2B",FALSE,FALSE,-1.01166769469012,0.0777508447513295,3.4739726375979
"ADSS1",FALSE,FALSE,-1.58649359438047,0.00793978426049497,2.12186710203054
"AFG3L2",FALSE,FALSE,-0.60308304610815,0.0565461834766725,6.64238842764733
"AFTPH",FALSE,FALSE,-0.625691486717852,0.0196462861173838,5.78133165444449
"AGA",FALSE,FALSE,-0.64340233596607,0.00489069565776943,6.34094813538715
"AGL",FALSE,TRUE,-0.819927474933523,0.0365318809026318,4.71532464902466
"AGPAT1",FALSE,TRUE,-0.240820689047055,0.0639312382130594,6.12659477084725
"AGPAT3",FALSE,FALSE,-0.766449831415724,0.0376381069757925,6.25782484964359
"AGPAT5",FALSE,FALSE,-1.03718046383397,0.0561236054185785,6.80779796674641
"AGPS",FALSE,FALSE,-1.32901653182538,0.0249170080369284,7.45567168697751
"AHCY",FALSE,TRUE,-1.07959352795471,0.0332173050185885,7.25664927574451
"AIF1L",FALSE,TRUE,-1.07610849605577,0.0048133053088007,8.48294069127013
"AIFM1",FALSE,FALSE,-1.46161445779472,0.0233261598943043,7.20282994551425
"AIFM3",FALSE,FALSE,-1.20997712834044,0.0125469047404911,2.00293481591112
"AK4",FALSE,FALSE,-1.59938350272851,0.0353115232848673,7.49998791458568
"AK5",FALSE,TRUE,-1.51528350203357,0.0132621213651578,2.87495638462092
"AKAIN1",FALSE,FALSE,-1.00897754881739,0.0907465741036394,0.62668501179992
"AKAP10",FALSE,FALSE,-0.214394699559478,0.0861042725016624,4.49264458335018
"AKAP9",FALSE,FALSE,-0.414972685028595,0.0448070843366155,6.10260542943193
"AKR1A1",TRUE,FALSE,-1.0723779102464,0.0343200110408625,7.46287177837541
"AKR1C3",FALSE,FALSE,-1.38545686238104,0.068862671673224,6.06095605917178
"ALDH16A1",FALSE,FALSE,-0.912303049826388,0.00353711993599745,5.98264674886426
"ALDH2",FALSE,TRUE,-1.33644095394022,0.015978157723988,8.73801579759813
"ALDH3A2",FALSE,TRUE,-0.691769668098739,0.0501478847524833,7.17984280557707
"ALDH4A1",FALSE,FALSE,-1.72400827989345,0.0360363765672953,9.16981038764695
"ALDH5A1",FALSE,FALSE,-1.11306954425912,0.0264099094443796,6.95115121176199
"ALDH6A1",FALSE,FALSE,-1.46385846295389,0.02941303293271,8.02691920045849
"ALDH7A1",FALSE,FALSE,-1.17731674218419,0.0378515475105203,7.78113438782304
"ALDH8A1",TRUE,FALSE,-1.40626214269196,0.0604779041971873,7.88813724470162
"ALDH9A1",FALSE,FALSE,-1.14236717385309,0.0048133053088007,7.71083651157909
"ALDOB",FALSE,FALSE,-1.44891265122989,0.0804594969855566,11.1432196758734
"ALKBH8",FALSE,FALSE,-0.379429772665611,0.074116395636281,4.70016078255711
"ALPK2",FALSE,FALSE,-0.706493441751893,0.0899071274409484,3.53339950794264
"ALPL",FALSE,FALSE,-1.90749962048388,0.0446609237482236,7.70522595280679
"ALS2",FALSE,FALSE,-0.49431648350972,0.043066419647977,5.80576773852682
"AMACR",FALSE,FALSE,-1.98639362370594,0.0304597476331822,7.04751616460092
"AMDHD1",FALSE,FALSE,-1.05018357440558,0.058788418722734,4.19559582531499
"AMDHD2",FALSE,FALSE,-1.17856260982761,0.0216022460954953,6.19926621028347
"AMIGO1",FALSE,FALSE,-0.613355095581236,0.0334700126074522,3.48786629739593
"AMN",FALSE,FALSE,-1.31404572249195,0.053929982387443,8.89265927138247
"AMT",FALSE,FALSE,-1.72075287056278,0.0048133053088007,5.37506006590938
"ANAPC15",FALSE,TRUE,-0.407348752690489,0.0477144454270132,5.36494678848111
"ANGPT1",FALSE,FALSE,-0.833221039105966,0.0495604485857703,3.13133156431778
"ANK3",FALSE,TRUE,-0.995436421819936,0.0523637335799775,7.28120565438414
"ANKMY2",FALSE,TRUE,-0.663992185056804,0.00666061050463166,5.17256790149076
"ANKRD27",FALSE,TRUE,-0.196172049418808,0.0880035874661814,5.28621448412957
"ANKRD53",FALSE,FALSE,-1.18104784795559,0.0248548919072436,5.20887834564836
"ANKS1A",FALSE,FALSE,-0.464903606610597,0.0905709192589776,7.19860363472987
"ANKS4B",FALSE,FALSE,-1.94310389527709,0.00424104458279326,3.73751503929394
"ANKS6",FALSE,FALSE,-0.589177762661834,0.0483801004150475,5.83002443532756
"ANLN",FALSE,FALSE,-1.32223366758745,0.0460862924946254,4.10783291933254
"ANOS1",FALSE,FALSE,-1.18619075382993,0.0382302530864002,2.42267042451617
"ANP32A",FALSE,FALSE,-0.295038394653368,0.0454970014882972,6.24114866854664
"ANPEP",FALSE,FALSE,-1.59119787335568,0.0137795646751651,8.73529488769683
"ANTKMT",FALSE,FALSE,-0.637364359208639,0.0283345063800504,4.63582329156134
"AOC1",FALSE,FALSE,-1.84807046961203,0.0692511106309885,9.23873256395473
"AP1AR",FALSE,FALSE,-0.568619338880225,0.059350912774264,3.96161780131311
"AP1G2",FALSE,FALSE,-0.492084721163803,0.0197081886017078,6.29628043108251
"AP2A2",FALSE,FALSE,-0.724153097644117,0.0151272351877785,8.0631508249437
"AP2M1",FALSE,FALSE,-0.341116923632139,0.0657635845999211,8.65435822805568
"AP3D1",TRUE,FALSE,-0.337414566195013,0.0611584555089976,7.80481147324884
"APBA1",FALSE,FALSE,-1.08730079114046,0.0133274387507683,4.21247962393283
"APEX2",FALSE,FALSE,-0.182786617494753,0.081122177836903,5.39727483772348
"APH1B",FALSE,FALSE,-0.490883813535169,0.073067683646693,6.2811203818748
"APIP",FALSE,TRUE,-0.65036298054272,0.0100251091412907,4.84602785894079
"APLNR",FALSE,FALSE,-1.35306430122177,0.0216664626047202,6.24200999371623
"APOH",FALSE,FALSE,-1.49560715752956,0.0704311902571888,4.56700812950853
"APOM",FALSE,FALSE,-1.0701605855955,0.0315568329668015,2.93273263563574
"APOO",TRUE,TRUE,-0.836527559736429,0.0213639505783175,4.35938734713608
"APP",FALSE,FALSE,-0.469314879845472,0.041160933909829,9.99938439416326
"AQP11",FALSE,TRUE,-1.8628012018948,0.0212824398518485,2.19479391309455
"AQP2",FALSE,FALSE,-2.26241095151202,0.00989188249063757,7.63684653287488
"AQP6",FALSE,FALSE,-1.78561524764582,0.0261676613809583,2.19062229970035
"AR",FALSE,FALSE,-0.650145508233849,0.0253403753585061,4.9915035509308
"ARF3",FALSE,FALSE,-0.406236978218957,0.0550536939757532,7.79675011938541
"ARFGAP3",FALSE,FALSE,-0.526264514346717,0.0617977261689919,6.6156559864689
"ARFGEF1",FALSE,FALSE,-0.483468303733271,0.0862132178823082,6.9168943267714
"ARFGEF2",FALSE,FALSE,-0.427600642700074,0.0962143575551331,6.59359110977685
"ARHGAP12",FALSE,FALSE,-0.657758989822572,0.0352819899290747,5.3127572989994
"ARHGAP19",FALSE,FALSE,-0.389788723311242,0.0813881004750893,3.36088365947994
"ARHGAP24",FALSE,FALSE,-1.03254800382415,0.0048133053088007,5.54480660722302
"ARHGAP35",FALSE,FALSE,-0.479116711545854,0.0453879144924435,6.22923463628597
"ARHGEF16",FALSE,FALSE,-0.776700080390169,0.0451699174557167,5.80770391126182
"ARHGEF18",FALSE,FALSE,-0.525502588841275,0.0225094390231721,7.32505208595932
"ARHGEF4",FALSE,TRUE,-1.59492635532526,0.098149364967288,0.239359155858091
"ARL6",FALSE,FALSE,-0.42998316998005,0.0994022927880583,3.23485286585236
"ARMC10",FALSE,TRUE,-0.591144541229743,0.00597864393668999,5.12977631259401
"ARMH1",FALSE,FALSE,-0.754813910708131,0.0378526502991402,2.07850698646697
"ARMT1",FALSE,FALSE,-0.560926029162962,0.0308340356612927,4.36895522458445
"ARPP21",FALSE,FALSE,-0.761239110141697,0.070448391479059,2.51088218465552
"ARSK",FALSE,FALSE,-0.70528099716557,0.0330569629809659,2.46272516078135
"ARVCF",FALSE,FALSE,-0.523266367320764,0.0245984270450917,5.28350655165061
"ASAH1",FALSE,FALSE,-0.772075978891234,0.0926253651952904,8.70556069471906
"ASAH2",FALSE,FALSE,-2.02106807975738,0.00680787315136597,1.42705774397176
"ASB1",FALSE,FALSE,-0.354636549584894,0.0263435275509371,5.55294114610568
"ASB13",FALSE,FALSE,-0.823037684908884,0.0130482026933432,5.71328088047976
"ASB16",FALSE,FALSE,-2.47569518714165,0.00793978426049497,0.337027193233897
"ASB7",FALSE,FALSE,-0.280574115011097,0.0771693029972071,2.8854681723855
"ASB8",FALSE,FALSE,-0.33036143858414,0.0341792083943711,4.5619773326566
"ASB9",FALSE,FALSE,-0.937276445638989,0.0464221673467313,2.30932919724884
"ASH1L",FALSE,FALSE,-0.298320777048528,0.0528711380710858,6.88613434087797
"ASIC4",FALSE,TRUE,-2.31974855602423,0.0182170507523789,2.44759625276808
"ASL",FALSE,FALSE,-1.1465572986388,0.0213884940908388,6.42982522069367
"ASNSD1",FALSE,FALSE,-0.315486539091218,0.0471004896400536,4.34379929007605
"ASPA",TRUE,FALSE,-0.987856307541325,0.0430563298402366,6.13314508090606
"ASPDH",FALSE,FALSE,-1.60063892701647,0.0377797473826803,5.67165291414587
"ASPSCR1",FALSE,FALSE,-0.353440952167206,0.088313810282639,5.83988214498743
"ASTN1",FALSE,FALSE,-1.28278030034977,0.0435604107071311,1.0913872842314
"ATG10",FALSE,FALSE,-0.505020414010536,0.0362816147800143,3.41810353302144
"ATG101",FALSE,FALSE,-0.353191405875797,0.0379545010963794,5.1880404614819
"ATG4C",FALSE,FALSE,-0.833081649363019,0.0657635845999211,4.14685323273506
"ATG4D",FALSE,FALSE,-0.409279852396392,0.0925913730046132,5.98753252778339
"ATP10D",FALSE,FALSE,-0.486855079826037,0.048814632683616,4.61402500548018
"ATP11A",FALSE,FALSE,-0.782935097774503,0.0926253651952904,8.07101734817895
"ATP23",FALSE,FALSE,-0.288223059966983,0.0699864506684787,3.26568954259121
"ATP2B2",TRUE,FALSE,-1.28514441307701,0.0486385016855841,1.72853395670176
"ATP2C1",FALSE,FALSE,-0.42187048503532,0.0371734078131957,6.30156716791532
"ATP5F1A",FALSE,FALSE,-0.766530204273201,0.0383997324839009,9.35466902825716
"ATP5F1B",TRUE,TRUE,-0.674613976283537,0.0905505567721186,10.0228933282804
"ATP5F1C",FALSE,FALSE,-0.682228423297896,0.0416125486460909,7.811479317177
"ATP5F1D",FALSE,FALSE,-0.547813934698659,0.0577470714938655,7.1952942777065
"ATP5F1E",FALSE,FALSE,-0.572822430131563,0.0305594243667613,7.48749497980511
"ATP5MC1",FALSE,FALSE,-0.744885370628739,0.0451771261838113,7.07177019758889
"ATP5MC3",TRUE,TRUE,-0.696661117113144,0.0669951221781059,7.55808439295918
"ATP5MF",FALSE,FALSE,-0.633466664637226,0.025180536331145,6.18792596901669
"ATP5MG",FALSE,FALSE,-0.67969800818449,0.0176832753748817,6.70392798666546
"ATP5MJ",FALSE,FALSE,-0.373746946408943,0.0766806417081537,6.09229784152472
"ATP5PD",FALSE,FALSE,-0.466879981047141,0.0509947776508049,6.70485539260151
"ATP5PF",TRUE,FALSE,-0.603974297198635,0.0459711949172875,6.47467929159762
"ATP5PO",TRUE,FALSE,-0.517992141480517,0.034479442735859,7.38818515468681
"ATP6AP1",FALSE,FALSE,-0.320449322065842,0.0815206261168917,7.52418058287514
"ATP6V0A1",FALSE,FALSE,-0.827300714816396,0.0879765755323969,7.77292465993446
"ATP6V0A4",FALSE,TRUE,-1.08147770607487,0.0184303754820748,6.6735355434541
"ATP6V0C",FALSE,FALSE,-0.415712035905482,0.0997557152010334,8.26357109678995
"ATP6V0D2",FALSE,FALSE,-0.978705271383209,0.0737844764541739,4.28710822923355
"ATP6V1B1",FALSE,FALSE,-1.10498230357581,0.0270545007244357,7.82211670552945
"ATP6V1C2",FALSE,FALSE,-1.99528956891378,0.00330146632416522,4.63328185798052
"ATP6V1D",FALSE,FALSE,-0.70111268165203,0.0231305845995385,6.27623075247033
"ATP6V1E1",FALSE,FALSE,-0.578579263346264,0.0530975450597964,6.67583267380658
"ATP6V1E2",FALSE,FALSE,-1.95925716043269,0.0048133053088007,1.63092930438926
"ATP6V1G1",FALSE,FALSE,-0.394692000260579,0.0514348336931056,7.16385309626042
"ATP6V1G3",FALSE,FALSE,-2.02297513616025,0.00295747396639751,3.72457423702425
"ATP8A2",FALSE,FALSE,-2.41940572905343,0.0854027134326048,2.84637034870977
"ATPAF2",FALSE,FALSE,-0.853948676579656,0.0161420116408744,4.2041336034202
"ATXN2",FALSE,FALSE,-0.334224389796685,0.0989664318022,6.38614786186157
"ATXN7",FALSE,FALSE,-0.332798784119912,0.0959486838826176,4.72255706541751
"AUH",TRUE,FALSE,-1.0129138990607,0.052653958075998,6.51734829428973
"AUTS2",FALSE,FALSE,-0.780396539908182,0.0223095177481056,5.58000782947736
"AVPR1A",FALSE,FALSE,-1.35979835883498,0.0289739157534186,2.79323545659626
"AZGP1",FALSE,FALSE,-2.24360875455384,0.0389982085396832,4.29111590911521
"AZIN2",TRUE,FALSE,-1.22646828927637,0.034375433327419,3.70169629945511
"B3GNT7",FALSE,FALSE,-0.863179354313445,0.0404048336550072,2.5822386272824
"B4GALNT3",FALSE,FALSE,-1.6820880468474,0.0106256774396486,4.44787686146882
"B4GAT1",FALSE,FALSE,-0.397844392888896,0.0198176971895401,4.94347841314509
"BABAM1",FALSE,FALSE,-0.215615901357785,0.0502455957359695,5.87042582805794
"BACE2",FALSE,TRUE,-0.557520876791445,0.0921386913475841,7.55346893698477
"BAG4",FALSE,TRUE,-0.286282945553399,0.058599529761808,3.50053015682265
"BAHCC1",FALSE,FALSE,-0.359260963933224,0.0357136864835972,5.70638884733624
"BAZ2B",TRUE,TRUE,-0.467686022623306,0.0593367758640143,5.46300703143551
"BBIP1",FALSE,FALSE,-0.494032655002235,0.0860529192698346,4.69565186790209
"BBS9",FALSE,FALSE,-0.524821651740853,0.0235073622319711,3.4081254334647
"BCAT2",FALSE,FALSE,-0.924853460510243,0.011664606282323,6.1818274681088
"BCKDHA",FALSE,FALSE,-0.947725065919017,0.0744397064536526,8.57264416213968
"BCKDHB",FALSE,FALSE,-1.32829073738921,0.0313636582984773,5.62338058835325
"BCKDK",FALSE,TRUE,-0.510008660992161,0.0195533663840182,5.58090329904968
"BCL2L13",FALSE,FALSE,-0.717174972189938,0.0419025195706251,6.87839767010599
"BCL2L2",FALSE,FALSE,-0.271405282692726,0.0917030257598539,4.96944161551477
"BDH2",FALSE,FALSE,-1.46206094127897,0.028855371788733,5.34012677691713
"BEND7",FALSE,FALSE,-1.11016793985351,0.0509831073409678,5.43158491610421
"BET1L",FALSE,TRUE,-0.30192864541428,0.0365318809026318,7.09450812918123
"BEX2",FALSE,FALSE,-0.647694450071305,0.00753105946404048,3.71701755269705
"BEX3",FALSE,FALSE,-0.672614753933839,0.0341272990376635,3.88236356894814
"BICD1",FALSE,FALSE,-0.90242377004724,0.0529118467432677,3.10138008806888
"BIN1",FALSE,TRUE,-0.453677230614536,0.0534191794181437,6.26954189048817
"BIRC7",FALSE,FALSE,-2.23952336412568,0.0105383275414171,0.15320243083616
"BLCAP",FALSE,FALSE,-0.520354014890597,0.0410066595507282,6.54112696431717
"BLOC1S1",FALSE,FALSE,-0.429404260614493,0.0288830752793554,5.29709033405899
"BMERB1",FALSE,FALSE,-2.24951130979921,0.00577770871303924,1.00933253610151
"BMP4",FALSE,FALSE,-0.874126543996827,0.0053583263466937,4.26498402940538
"BNC2",FALSE,FALSE,-1.04517195090907,0.0454970014882972,4.52628733539655
"BNIP3",FALSE,FALSE,-0.751514610122403,0.0776332924190361,7.10765516732797
"BOK",FALSE,FALSE,-0.445101772453305,0.0857230565597825,5.51912006098351
"BOLA2B",FALSE,TRUE,-0.422105694149978,0.0544616250127901,5.7685917865409
"BOLA3",FALSE,TRUE,-0.553631905883879,0.0514348336931056,5.09153391000349
"BPHL",FALSE,FALSE,-1.1357087138176,0.0313636582984773,6.35531460313693
"BPNT1",FALSE,FALSE,-0.395943832414078,0.0509490740347124,4.38055552256076
"BRCC3",FALSE,FALSE,-0.390391854162616,0.0967298979862033,4.60028287973894
"BRI3",FALSE,FALSE,-0.900916312359462,0.011065134798927,6.21049908824512
"BRIP1",FALSE,FALSE,-0.705706521834821,0.0162849898496127,2.87356422000845
"BSND",FALSE,TRUE,-1.02762435310052,0.0275122462180592,3.89947892989084
"BTBD6",FALSE,FALSE,-0.619126879197354,0.0165646401118923,4.94819721483227
"BTD",FALSE,FALSE,-0.454128153626887,0.0965038596149398,5.02920155610901
"BTRC",FALSE,TRUE,-0.385254408453618,0.0771693029972071,5.22174914037994
"BVES",FALSE,FALSE,-0.854519686444589,0.089741917968135,5.42648293294637
"C1D",TRUE,FALSE,-0.422345653254142,0.0440746524964103,3.67743209106917
"C1QTNF3",FALSE,TRUE,-1.54547927139789,0.0359061087688741,2.7886301262612
"C2CD5",FALSE,FALSE,-0.495761040082509,0.0346262537109407,5.10778508362008
"CA14",FALSE,FALSE,-1.19858467008257,0.00859810667119271,2.50899844932656
"CA15",FALSE,FALSE,-2.19117385062153,0.0317321182951266,5.84239082933873
"CA1H1orf35",FALSE,FALSE,-0.331464794794309,0.0514348336931056,5.713037060359
"CA1H5orf58",TRUE,FALSE,-2.65967594052653,0.042305520827303,-0.248180953028595
"CA2",FALSE,TRUE,-1.10442716588034,0.0270545007244357,7.87984262827768
"CA3H20orf194",FALSE,FALSE,-0.591772126796284,0.021631068081382,5.05793227619132
"CA3H2orf73",FALSE,FALSE,-1.24627975722534,0.0682897802079939,0.772887691818199
"CA8",FALSE,FALSE,-1.33289801257801,0.0177550728703539,4.41900845584296
"CABP1",FALSE,TRUE,-1.01949661228827,0.0354529385318799,2.49368820442353
"CACNA1S",FALSE,FALSE,-1.97968865052053,0.0162831409125398,0.635176672121868
"CACNA2D3",TRUE,FALSE,-0.877475616641565,0.0558363917439871,1.56470214227575
"CACNB4",FALSE,FALSE,-2.06148896617312,0.0692548871128857,2.5234323215376
"CACYBP",FALSE,TRUE,-0.435611341577498,0.0129519113511721,5.39053673804997
"CADPS2",FALSE,FALSE,-0.734758367173529,0.0529157472414669,4.9931449937084
"CALB1",FALSE,FALSE,-1.95767184953275,0.0375097295329696,7.62449413646709
"CALCOCO2",FALSE,FALSE,-0.788766667559726,0.0443988085077484,8.72283969108864
"CALR3",FALSE,FALSE,-1.82818916873944,0.0175186518142771,0.786431015744954
"CAMK1G",FALSE,FALSE,-0.79182316329899,0.0720382182487909,2.03357137448403
"CAMKK1",FALSE,FALSE,-0.585475803555112,0.028138807981505,3.55481627028257
"CAMKK2",FALSE,FALSE,-0.807070156987649,0.0225094390231721,6.57327323393383
"CAPRIN2",FALSE,FALSE,-0.653293251173192,0.0102695443597228,4.55346720655722
"CARD14",FALSE,FALSE,-1.3133169041148,0.0974257515706305,1.38508737206699
"CARD6",FALSE,FALSE,-0.778242820434522,0.019488720660142,3.68347677157725
"CARF",FALSE,FALSE,-0.596473486619284,0.0372101263368407,3.41762460389788
"CARMIL3",FALSE,FALSE,-1.63045972283787,0.0276617871412872,4.53802111243555
"CARNMT1",FALSE,FALSE,-0.363587409422105,0.0497669384394171,4.33330764238965
"CARS2",FALSE,TRUE,-0.701039928726375,0.0793629894843742,4.79412280798446
"CASK",FALSE,FALSE,-0.426919636286212,0.0453993991705923,4.72761250791428
"CASZ1",FALSE,FALSE,-0.499625709301966,0.0719543489224148,4.14053051645072
"CB1H8orf58",FALSE,FALSE,-1.1369808794096,0.0460169874091632,5.19991271190163
"CB3H14orf93",FALSE,FALSE,-0.368742314760703,0.0589179673035927,4.40499189634546
"CB3H15orf40",FALSE,TRUE,-0.440073259885082,0.00819023980252681,4.38763088911757
"CB4H22orf23",FALSE,FALSE,-0.92479712682152,0.0747469882482458,4.52110510696231
"CBFA2T2",TRUE,FALSE,-0.728902941404637,0.0112190300795494,5.01256738666351
"CBL",FALSE,FALSE,-0.47392132553496,0.0429639702436741,6.77242284732134
"CBLN2",FALSE,FALSE,-1.4948298832771,0.0424019671285917,3.89509128534135
"CBLN3",FALSE,FALSE,-1.66535485540672,0.0525224354197325,0.933731510869371
"CBR4",FALSE,FALSE,-1.2522486564865,0.0372645777616886,3.8112437600733
"CBWD1",FALSE,FALSE,-0.36789471036138,0.0997306628619373,5.1359025979881
"CBX7",FALSE,FALSE,-0.349957173014943,0.0893252700689454,6.60381005501465
"CC2D2A",FALSE,FALSE,-0.474701110949005,0.0799512230428823,4.75490903740971
"CCDC113",FALSE,TRUE,-0.998720811390016,0.0338265688516778,1.03899173672379
"CCDC117",FALSE,FALSE,-0.608762848823874,0.0670898562756237,5.51853177421229
"CCDC13",FALSE,TRUE,-0.833043534594888,0.0931563911698577,3.33749959481244
"CCDC14",FALSE,FALSE,-0.401275463490867,0.0425669334420288,2.61603205568264
"CCDC148",FALSE,FALSE,-1.22554867405009,0.0267318226805118,1.98430549345564
"CCDC186",FALSE,TRUE,-0.559819569551461,0.0669722769146521,4.83690150142694
"CCDC198",FALSE,FALSE,-1.01127043853685,0.0330135628165069,5.96661113106196
"CCDC3",FALSE,FALSE,-0.513745067592459,0.0746247336553192,4.79398408900775
"CCDC30",FALSE,FALSE,-1.09067216999199,0.0105158300838607,2.75658838489756
"CCDC32",FALSE,FALSE,-0.295267892384801,0.0330569629809659,4.29040565722536
"CCDC51",FALSE,TRUE,-0.467105456462604,0.0574420901310476,4.09645544117916
"CCDC57",FALSE,TRUE,-0.410601552436153,0.0464221673467313,4.01306044587903
"CCDC6",FALSE,FALSE,-0.469455041539094,0.0653082118055572,5.84691503556819
"CCDC8",FALSE,FALSE,-1.06669213119089,0.0225295227995674,3.66782487286977
"CCDC85C",FALSE,TRUE,-0.773837607362337,0.0505321701228507,5.13066600791375
"CCDC92",FALSE,FALSE,-0.339480763330449,0.0954926843251801,3.91431224228915
"CCDC93",FALSE,TRUE,-0.450102745099979,0.0202392714937552,4.77531065539597
"CCKBR",FALSE,FALSE,-2.21709370693915,0.0804959982002191,0.604338588819323
"CCNG2",FALSE,FALSE,-0.783059308382379,0.00793978426049497,5.09564315607984
"CCNI",FALSE,FALSE,-0.864490088865029,0.0202392714937552,8.76808243458238
"CCNQ",FALSE,FALSE,-0.433949611968461,0.0197929391485239,4.83994123549496
"CCNY",FALSE,FALSE,-0.310139840854225,0.0734568951984002,6.02922445886867
"CCS",FALSE,TRUE,-0.462140130680924,0.0229511832969487,5.43409590146698
"CCSER1",FALSE,FALSE,-0.818513983791731,0.0251326255755841,1.36400335714066
"CCT3",FALSE,FALSE,-0.445116968437162,0.033882458705998,7.80723118967657
"CCT4",FALSE,FALSE,-0.381074618462842,0.0340993607676311,6.8348715414088
"CD1H11orf74",FALSE,FALSE,-0.455923908177872,0.0994830821123265,2.83783825943307
"CD2H10orf143",FALSE,FALSE,-0.348655642941972,0.037171419745049,4.35905805880972
"CD3H18orf21",FALSE,FALSE,-0.873550927287619,0.0204576725930795,3.85088502115078
"CD4H9orf116",FALSE,FALSE,-0.88328600461816,0.0048133053088007,3.35621686037714
"CD4H9orf43",FALSE,FALSE,-1.28544627733898,0.0377797473826803,2.58504524499103
"CD4H9orf64",FALSE,FALSE,-1.00009475119612,0.0396810970543105,5.53874823380382
"CD99L2",FALSE,FALSE,-0.337017087543982,0.0188977379676765,5.5842952716449
"CDC123",FALSE,FALSE,-0.268029147942003,0.066094536966943,5.57787370628943
"CDC14A",FALSE,FALSE,-0.40776510985375,0.0842448342940256,4.37798648931288
"CDC26",FALSE,FALSE,-0.313964305331865,0.0843086619455149,4.59361922789549
"CDC42BPG",FALSE,TRUE,-0.347705584105532,0.0874276676374693,6.47229146946987
"CDC5L",TRUE,FALSE,-0.343198146368026,0.0559843540345342,5.65148610597233
"CDH16",FALSE,FALSE,-0.884335233235907,0.0430675006300446,9.60229071807318
"CDHR5",FALSE,FALSE,-0.996749401681141,0.0492938322060946,6.77155890341019
"CDIP1",FALSE,FALSE,-0.272708843551607,0.0916506279641137,5.31690987737194
"CDK18",FALSE,FALSE,-1.00037744569904,0.0290177312215247,5.47918753120194
"CDK19",FALSE,FALSE,-0.718571350782916,0.00777763016540242,4.81941017131413
"CDKL1",FALSE,TRUE,-1.77387843668286,0.0118457294040931,7.1385981360665
"CDKN1C",FALSE,FALSE,-0.910630651294507,0.0321015161868761,3.82653402170396
"CDO1",FALSE,FALSE,-0.645804060659141,0.0484641404674161,3.29973411024864
"CDON",FALSE,FALSE,-0.644377434116825,0.0235073123678385,3.66052633846845
"CDS1",FALSE,FALSE,-1.24327265396466,0.0654159841634205,6.49141516585643
"CE2H16orf46",FALSE,FALSE,-0.632852267372831,0.068462690176794,2.0829717597767
"CE2H19orf12",FALSE,FALSE,-0.831950849284992,0.014320419598599,4.63942900437511
"CE2H19orf84",TRUE,FALSE,-1.56752014197297,0.0485711156715653,3.58467180810341
"CELSR2",FALSE,FALSE,-0.505368369811354,0.0406972788514531,6.18960188000431
"CENPN",TRUE,FALSE,-0.744138223371024,0.0827264946150835,2.09598084955374
"CEP104",FALSE,FALSE,-0.590476126269504,0.0197929391485239,6.44908073521221
"CEP126",FALSE,FALSE,-0.832795772448672,0.0289474028212928,3.75504717833537
"CEP63",FALSE,FALSE,-0.585215560837472,0.0126129432120221,5.3366055184404
"CERT1",FALSE,FALSE,-0.570793444045455,0.0613972527365824,5.15504081376111
"CES1",FALSE,FALSE,-1.57963101304517,0.0882047149096258,10.1588329943931
"CES2",FALSE,FALSE,-1.52175928417701,0.0923861649381215,9.91620377645464
"CES3",FALSE,FALSE,-1.88168332626803,0.0458088609927711,4.9965264750232
"CES4A",FALSE,FALSE,-2.63463955152337,0.0209812486455079,5.66439046356065
"CF1H1orf105",FALSE,FALSE,-1.58964688703651,0.022926994454616,1.47926451543191
"CF1H1orf115",FALSE,FALSE,-0.648052879063175,0.0240579197277217,6.94652326814285
"CF1H1orf43",FALSE,FALSE,-0.371108926925072,0.0653659476999576,6.19378431767318
"CFAP119",FALSE,FALSE,-0.651922188199188,0.0240191118580819,3.28834996597178
"CFAP410",FALSE,FALSE,-0.485655247624365,0.0187001435482759,5.01235611930864
"CFAP418",FALSE,FALSE,-0.313113575839156,0.0694842483743579,3.45054659556973
"CFAP70",FALSE,TRUE,-0.840244616994832,0.0158935235742152,1.48013337737161
"CFAP91",FALSE,FALSE,-0.609731711202721,0.0406972788514531,2.26904496240418
"CFAP97",FALSE,FALSE,-0.38666116007142,0.0675713076031845,4.35138921502366
"CGNL1",FALSE,FALSE,-0.924367451751564,0.018722006202353,8.5121870359681
"CHAC1",FALSE,FALSE,-0.548876947182649,0.0903271221718087,2.05969127432666
"CHCHD10",FALSE,FALSE,-0.804491587258307,0.0514348336931056,7.41437340774418
"CHCHD2",FALSE,TRUE,-0.650826815296815,0.0458778756000027,7.87618723428326
"CHCHD3",FALSE,FALSE,-0.723227703132405,0.0233173661629885,5.28498121942119
"CHCHD4",TRUE,TRUE,-0.516872130981596,0.0707671488097473,3.75191777147794
"CHDH",FALSE,FALSE,-0.917339922535431,0.0661018754049953,6.72681119655027
"CHKB",FALSE,TRUE,-0.33777127424437,0.0509831073409678,5.82687841394616
"CHMP5",FALSE,FALSE,-0.244076174817247,0.0591301539956179,5.31113956065586
"CHORDC1",FALSE,FALSE,-0.605824251028214,0.0642993954249233,3.76444420621522
"CHRNA2",FALSE,FALSE,-3.02267208196495,0.0544364377834728,-0.420248865613897
"CHRNA4",FALSE,FALSE,-1.14308655948994,0.0342918237294242,4.98418222586081
"CIAO2A",FALSE,FALSE,-0.594881899117801,0.0265210987123381,4.68238677529458
"CIAO3",FALSE,FALSE,-0.447176922494635,0.0365318809026318,5.51969179196155
"CIB2",TRUE,TRUE,-0.853387649294538,0.0908130666889045,4.96598548330744
"CIPC",FALSE,FALSE,-0.27244707111151,0.0612369081367137,4.86439327125764
"CISD1",FALSE,FALSE,-1.00325790263075,0.0413334183750773,4.79346372542514
"CLASP1",FALSE,FALSE,-0.361784994751684,0.0180199529786196,5.76549613223538
"CLCN5",FALSE,FALSE,-0.762319059784316,0.0603655986637093,5.08308345464355
"CLDN10",FALSE,FALSE,-1.51495825950912,0.00810044516608624,5.66902135283664
"CLDN8",FALSE,FALSE,-0.803224726889884,0.0695915529630971,5.50734490079831
"CLEC2L",FALSE,FALSE,-1.61227098085122,0.073227851293928,4.15112868826382
"CLEC3A",FALSE,FALSE,-1.88242066498874,0.0173882248717725,3.87610705659329
"CLIC5",FALSE,FALSE,-1.10373842079048,0.0942609909032028,6.41844322260727
"CLK4",FALSE,FALSE,-0.377383451138822,0.0423769372472586,5.03686836848177
"CLPB",FALSE,TRUE,-0.621914433389466,0.0364752016969305,5.40776757884293
"CLPP",FALSE,FALSE,-0.532529184214805,0.028251377531429,5.39913355933425
"CLPTM1",FALSE,TRUE,-0.570879680531611,0.033714534165401,7.51383497933935
"CLSTN2",FALSE,TRUE,-0.812249238773539,0.0615987724255843,4.50972686151486
"CLTA",FALSE,FALSE,-0.313419066468503,0.0522602400374013,7.0877738061777
"CLTCL1",FALSE,FALSE,-0.46113586072853,0.0911091452587121,1.16778315015059
"CLUAP1",FALSE,FALSE,-0.256287385569661,0.0727939585503987,4.11287110184883
"CMBL",FALSE,FALSE,-1.22077538670412,0.0465922317411783,6.30635262058955
"CMC1",FALSE,FALSE,-0.335697089037375,0.0827432230219817,3.50094149629332
"CNDP1",FALSE,FALSE,-1.84990332510925,0.0048133053088007,5.8780358227416
"CNIH4",FALSE,FALSE,-0.300373739494161,0.0377797473826803,4.46737568955725
"CNKSR3",FALSE,FALSE,-0.346624924236456,0.0991342200337312,5.45098177601411
"CNNM2",FALSE,TRUE,-0.792641926666057,0.0227516502840965,4.11955120631364
"CNST",FALSE,FALSE,-0.52916539801596,0.0117359827762105,4.17145803725471
"CNTFR",FALSE,FALSE,-1.36446096622143,0.0285472298762944,4.73153579525984
"CNTNAP2",FALSE,FALSE,-1.48764252433806,0.0781893608627159,0.771217802936543
"COA3",FALSE,FALSE,-0.474182631813287,0.02333425501345,5.42570587248703
"COA5",FALSE,FALSE,-0.567929376425889,0.03299469345905,3.91812888060994
"COBL",FALSE,FALSE,-1.46659819048438,0.00598857161260097,6.24696933175823
"COBLL1",FALSE,FALSE,-0.728437245297949,0.0453042127149877,7.07839995328635
"COG4",FALSE,FALSE,-0.394703524428869,0.0334276836056818,5.61174462700181
"COG5",FALSE,TRUE,-0.301081019218398,0.0801025339408822,4.92312505717481
"COG8",FALSE,FALSE,-0.282231253402434,0.0881498914223536,5.33554591422012
"COL20A1",FALSE,FALSE,-1.57627412758968,0.0134067645822225,2.9060612110726
"COL24A1",FALSE,FALSE,-1.6689210105331,0.00986695322831124,2.33821541254738
"COL4A3",FALSE,FALSE,-1.11356553176998,0.0105383275414171,6.1091689383054
"COL4A4",FALSE,FALSE,-0.598303457266162,0.0424019671285917,6.63954902528784
"COL9A1",FALSE,FALSE,-3.44156060711275,0.0181616843347398,-0.0306836361225754
"COL9A3",FALSE,FALSE,-0.91566237736003,0.0644590930168783,5.49953787020875
"COLQ",FALSE,FALSE,-1.15964814719856,0.0223095177481056,4.57356391160862
"COMMD1",FALSE,TRUE,-0.413031820081511,0.0462817300760338,3.28866219345028
"COMMD8",FALSE,TRUE,-0.568740154821073,0.0491698407859276,3.41641655072643
"COMT",FALSE,FALSE,-0.887107899731097,0.00989188249063757,6.70836765329271
"COPA",FALSE,FALSE,-0.346220547228672,0.0571366987214116,8.08943503813084
"COPRS",FALSE,TRUE,-0.450204535341375,0.092553261270678,3.87441621110368
"COPS2",FALSE,FALSE,-0.413133806129892,0.0923506440677917,5.72245950812766
"COPS6",FALSE,FALSE,-0.663151230332093,0.0926253651952904,6.73633566185507
"COQ10A",FALSE,FALSE,-0.254349507491423,0.0928352318688347,4.32940192684038
"COQ5",TRUE,FALSE,-0.452957373679182,0.0873753308222112,4.61617920417104
"COQ6",FALSE,FALSE,-1.02992976661373,0.0162971527039249,5.56467818705251
"COQ7",FALSE,FALSE,-0.548361548329868,0.0863492179405088,3.58385531783481
"COQ8A",FALSE,FALSE,-0.70598333101537,0.0121473339462536,7.52554615995536
"COQ9",FALSE,FALSE,-0.810539644816875,0.0488088728195633,6.71811066505232
"COX10",FALSE,FALSE,-0.469120657709085,0.0417521766204149,4.05811102517095
"COX15",FALSE,FALSE,-0.778778041227572,0.019966382127881,4.93930711722315
"COX20",TRUE,FALSE,-0.651223020816952,0.0108759779561377,4.14949345486886
"COX7A1",FALSE,FALSE,-0.990610988939917,0.0152371925988245,4.4361829689992
"COX7A2",TRUE,FALSE,-0.456044896007764,0.0480627811407522,6.08891975611229
"CPE",FALSE,FALSE,-0.88509128655268,0.095011589104664,5.90024755533128
"CPEB2",FALSE,FALSE,-0.642994962834099,0.0615987724255843,4.74934693904358
"CPEB3",FALSE,FALSE,-0.836882623528893,0.0216548667130482,2.65005017923566
"CPLANE2",FALSE,FALSE,-0.366485449625124,0.0919942983886349,2.65757501883737
"CPPED1",TRUE,FALSE,-0.946858088245963,0.0705041964674799,6.34920867500725
"CPT2",FALSE,FALSE,-0.897878497445275,0.0459958734222299,5.10689026286955
"CRACD",FALSE,FALSE,-1.62435056636144,0.0364684448224218,4.08822114280575
"CRBN",FALSE,FALSE,-0.376688187415843,0.0771684018791349,4.6363230420597
"CREBL2",FALSE,FALSE,-0.556833980032642,0.0732424036997292,5.84432506599275
"CREBRF",FALSE,TRUE,-0.451835061911854,0.0923065973729092,4.88601442247361
"CRIP3",FALSE,FALSE,-1.87642070616572,0.0421506701916031,1.34723645423696
"CRKL",FALSE,FALSE,-0.356508261212253,0.0260001511138647,5.9305730282135
"CRLS1",FALSE,FALSE,-0.955075392539674,0.0176087917676422,4.76081272029214
"CRTAC1",FALSE,FALSE,-2.34641798020582,0.00774721624382702,4.84624956009257
"CRYAA",FALSE,FALSE,-4.18997020990369,0.0854332231753079,0.837695148053791
"CRYBG1",FALSE,TRUE,-0.812176588758932,0.0197929391485239,6.78275061396687
"CRYL1",FALSE,FALSE,-1.22002568112139,0.0446543474631682,8.4226974372179
"CRYZ",FALSE,FALSE,-0.986114981315826,0.0534191794181437,6.01030736391034
"CRYZL1",FALSE,FALSE,-0.374022564512942,0.0512586346347616,5.10827923884277
"CS",FALSE,FALSE,-0.566861592525701,0.0487427490063891,8.27954786329546
"CSDE1",FALSE,FALSE,-0.547272254019804,0.0237041501647449,9.12551491729066
"CSRNP3",FALSE,FALSE,-2.07726692058764,0.00987432002781499,2.78753315403045
"CTDSP2",FALSE,FALSE,-0.286170823075587,0.0528711380710858,8.35717036340993
"CTH",FALSE,FALSE,-1.72098880535649,0.056879273897975,6.74621754666246
"CTIF",FALSE,FALSE,-0.325608911455362,0.0739097323962647,5.28145198877882
"CTSF",FALSE,FALSE,-0.275125039816955,0.0744704900223476,6.61195226990854
"CTTNBP2",FALSE,FALSE,-1.02115208863436,0.0465897125985028,5.84105368394625
"CUX1",FALSE,FALSE,-0.641032450111093,0.0342591749941847,7.69258790369858
"CXXC5",FALSE,FALSE,-0.442543446177362,0.0343566657023902,6.63722462867008
"CYB5A",FALSE,FALSE,-0.700553911270533,0.0307631442280844,6.63202026900422
"CYP26B1",FALSE,FALSE,-1.40122878190552,0.0430563298402366,4.06972084879065
"CYP2C41",FALSE,FALSE,-0.800955247363728,0.0239676095514203,1.27670293823711
"CYP4A106",FALSE,FALSE,-1.36986909751448,0.0612258154583234,8.08693500234327
"CYREN",FALSE,FALSE,-0.659195902363111,0.0275316731499419,5.49139287117865
"CYYR1",FALSE,FALSE,-0.786160005423035,0.0293015013645921,1.87319340327957
"D2HGDH",FALSE,FALSE,-0.874417074924183,0.0295522746327332,4.87689889732551
"DAB1",FALSE,FALSE,-1.03596095395657,0.0344177658839344,5.77655087910279
"DAB2",FALSE,FALSE,-1.02728160307891,0.0358151525811123,8.81230409610224
"DACH1",FALSE,FALSE,-0.731571907737422,0.064283770684678,3.52984159942797
"DARS1",FALSE,FALSE,-0.299361992601937,0.0805942966262564,6.28684413365225
"DCAF11",FALSE,FALSE,-0.33469803523963,0.0648704878423405,6.58724619331309
"DCAF5",FALSE,FALSE,-0.246419671385529,0.0228490651112494,6.17189836777796
"DCAF7",FALSE,FALSE,-0.387979803584836,0.058995834859243,7.15336207297485
"DCC",FALSE,FALSE,-2.66847887224377,0.0048133053088007,0.499696291040609
"DCDC1",FALSE,FALSE,-0.731985237585356,0.0547378379802538,2.29227449029407
"DCLK2",FALSE,FALSE,-0.916584773257172,0.0118924246556391,2.12707028213033
"DCTN3",FALSE,FALSE,-0.404148783567866,0.0804594969855566,6.27272775321202
"DCUN1D2",TRUE,FALSE,-0.541000622426436,0.0531754539950218,4.56699892885622
"DCUN1D4",FALSE,FALSE,-0.586197229513393,0.0417607301121658,4.98977694468794
"DCXR",TRUE,FALSE,-0.852805962490779,0.031103454671886,7.2784033245465
"DDAH1",FALSE,FALSE,-1.74893320034978,0.0157846824161605,7.53691637771656
"DDC",FALSE,FALSE,-1.64649942393521,0.0779540284279058,6.67092427504823
"DDIT4L",FALSE,FALSE,-1.60008921361521,0.0136252527149426,5.41368600935989
"DDN",FALSE,FALSE,-2.12932984336389,0.0118457294040931,4.81107865119348
"DDO",FALSE,FALSE,-1.06446255466719,0.0514348336931056,5.09735178628513
"DDRGK1",FALSE,TRUE,-0.23716581803199,0.0787358781652251,6.34952045019692
"DDT",FALSE,FALSE,-0.73046124647621,0.0491120684103299,5.2510618033062
"DDX1",FALSE,FALSE,-0.303956705795876,0.0851477411596074,6.82106174351127
"DECR1",FALSE,TRUE,-1.22920798594321,0.0174663533783162,6.2106772334749
"DENND11",FALSE,FALSE,-0.877781726616263,0.0570774268984451,7.4909758897325
"DEPDC7",FALSE,FALSE,-1.06503452140223,0.0285782612867601,3.93447698755646
"DERA",FALSE,TRUE,-0.444146151870211,0.0569193970851582,4.76015361988467
"DGCR2",FALSE,TRUE,-0.297938007027429,0.0459106577292443,7.55598507807502
"DGLUCY",FALSE,FALSE,-1.81495548668726,0.00598857161260097,1.41170932639483
"DHDH",FALSE,FALSE,-2.84322091659751,0.00431484224799536,8.21560297022237
"DHODH",TRUE,FALSE,-0.417373498695962,0.0765416122896084,3.88931260943143
"DHRS13",FALSE,FALSE,-0.695910643069619,0.0653820812601504,3.33491286915606
"DHRS3",FALSE,FALSE,-0.351398475901265,0.0740011714223561,5.62715476834273
"DHX57",FALSE,FALSE,-0.274416794685141,0.0924313718712984,4.41550900268318
"DIAPH1",FALSE,FALSE,-0.322420964970792,0.0932965761968434,7.47844424503533
"DIO1",FALSE,FALSE,-1.90340841382744,0.0105880881402435,6.3370222995636
"DIPK1B",FALSE,FALSE,-1.75017937162984,0.0188437765932126,5.48974060052085
"DIRAS1",FALSE,FALSE,-0.742976089668466,0.0905505567721186,3.9747823090774
"DLD",FALSE,TRUE,-0.753093158593996,0.0896070796470081,7.06948088023658
"DLG1",FALSE,FALSE,-0.361404406492008,0.0626137057027038,5.8293596320816
"DLG2",FALSE,FALSE,-1.52448982933485,0.00330146632416522,3.66293193058325
"DLG3",FALSE,FALSE,-0.561010819261905,0.0162849898496127,5.2791590783967
"DLL4",FALSE,TRUE,-1.3408322826442,0.00588984235567128,4.24850097126402
"DLST",FALSE,FALSE,-0.808759712436639,0.0520392122471222,7.12541817607468
"DMAC1",FALSE,FALSE,-0.541175245706079,0.031103454671886,3.71755752405158
"DMAC2",FALSE,FALSE,-0.383400447843652,0.0406972788514531,4.94965521659903
"DMD",FALSE,FALSE,-0.503003692451433,0.0930025122592403,3.27623503457881
"DMGDH",FALSE,FALSE,-1.72567168483386,0.0479044342903248,6.48958836651622
"DMRT2",FALSE,FALSE,-1.44030124066143,0.0197191805258116,2.56351760869977
"DMTN",FALSE,FALSE,-0.888085295202847,0.0371734078131957,6.77538418708215
"DMXL2",FALSE,FALSE,-0.939806271684579,0.0841329408615626,6.36773006590323
"DNAH11",FALSE,FALSE,-0.738396053749195,0.0940638314724634,3.21966648687073
"DNAJA1",FALSE,FALSE,-0.496977310397712,0.0879765755323969,6.16110479964311
"DNAJA2",TRUE,FALSE,-0.271420625860824,0.0750027586363507,6.40173039193502
"DNAJB1",FALSE,FALSE,-0.724753349728466,0.0607589525133829,5.96825145328529
"DNAJC15",FALSE,FALSE,-0.556155422622195,0.0311521562697129,4.44544697193239
"DNAJC19",FALSE,FALSE,-0.790376479745632,0.0201905754557468,4.49555492478093
"DNAJC28",FALSE,TRUE,-0.895778739320728,0.0437744275298405,2.71058594939873
"DNAJC4",FALSE,FALSE,-0.526304556267118,0.0267354727927089,5.11842985991412
"DNAJC6",FALSE,FALSE,-1.04176381655889,0.0534612225989158,2.50360415922439
"DPCD",FALSE,FALSE,-0.600430234469264,0.0270045093467762,5.36531701923027
"DPEP1",FALSE,FALSE,-0.882016916743974,0.050072131235805,6.30256455599456
"DPF3",TRUE,TRUE,-1.72301070962107,0.00626077304637086,3.96666780396561
"DPH5",FALSE,FALSE,-0.42128664474392,0.0169195591327631,4.48203725441114
"DPP10",FALSE,FALSE,-1.63264078732958,0.0285782612867601,2.37394283594931
"DPP4",FALSE,FALSE,-1.19285490841088,0.0275316731499419,6.91934772918925
"DPYS",FALSE,FALSE,-1.72416740624771,0.0263466071902248,9.83110570789849
"DRG2",FALSE,FALSE,-0.427058744211315,0.0491698407859276,5.53457502661881
"DSC3",FALSE,TRUE,-1.8154113946466,0.0340993607676311,0.840596336397707
"DSTYK",FALSE,FALSE,-0.412847210286675,0.027926470116377,6.02836997647319
"DTNB",FALSE,FALSE,-0.380108209050897,0.083082497433186,5.18803363020961
"DTNBP1",FALSE,FALSE,-0.534359320260027,0.0377797473826803,4.19839526195553
"DUS4L",FALSE,TRUE,-0.502932919899477,0.065455766680054,2.72142125391935
"DUSP28",FALSE,FALSE,-0.475578040885591,0.0512258833650452,3.67174010312264
"DYNC2I1",FALSE,FALSE,-0.342333567542507,0.0787585899872677,4.48389134837311
"DYNC2I2",FALSE,FALSE,-0.471017900497651,0.0236214944191659,4.6714774873697
"DYNLL2",FALSE,FALSE,-0.51313531053284,0.043521603278735,7.88485929408681
"DYNLRB2",TRUE,FALSE,-0.80749859635508,0.0265210987123381,3.58783437382294
"DYSF",FALSE,FALSE,-0.576689657908132,0.0833512444551032,6.60162564319137
"DZIP3",FALSE,FALSE,-0.504284434694014,0.0654133444431407,3.6850800111134
"EAF2",FALSE,FALSE,-0.755029023888498,0.0416610414422797,2.83276829702405
"EBPL",FALSE,FALSE,-0.655977427097616,0.0699980513581208,3.3423175997597
"ECHDC2",FALSE,FALSE,-0.800382739509235,0.0509831073409678,5.83610831317943
"ECHDC3",FALSE,FALSE,-1.04555661617796,0.0941430443425864,4.94236027248947
"ECHS1",FALSE,TRUE,-1.18742471198686,0.0340993607676311,9.36571263462065
"ECI1",FALSE,FALSE,-0.977072888922491,0.0446159120918565,7.34143665318805
"ECI2",FALSE,FALSE,-1.27831781551412,0.00793978426049497,6.72532698502585
"ECPAS",FALSE,FALSE,-0.29559726368258,0.0925913730046132,7.06020343825585
"EDA",FALSE,FALSE,-0.697119105538517,0.00954574842525895,3.279000221294
"EDRF1",FALSE,FALSE,-0.581488039654539,0.00831144843206926,5.95764411177403
"EEF1AKMT2",FALSE,TRUE,-0.276322915707623,0.0828324667604817,3.80470957277389
"EFCAB2",FALSE,FALSE,-0.801984891596407,0.00894429318185634,3.69789512040925
"EFEMP1",FALSE,TRUE,-0.634062707933808,0.054976059732247,8.03648416327474
"EFHD1",FALSE,TRUE,-0.720305130915203,0.0377514897869152,6.90164214016641
"EFNB2",FALSE,FALSE,-0.642631683121095,0.0121296261828912,5.42228655964756
"EFNB3",FALSE,FALSE,-1.33507410547304,0.0323927952733749,0.84930617856762
"EGF",FALSE,FALSE,-3.32878103991121,0.0122628113509918,6.93999273964688
"EGLN1",FALSE,FALSE,-0.474530662700845,0.0172936410571933,5.53461514612035
"EGLN3",FALSE,FALSE,-0.64525046567616,0.0336531499672259,5.52368055763931
"EHD3",FALSE,FALSE,-0.904278743627803,0.0339509619432383,5.65429805392184
"EI24",FALSE,FALSE,-0.631331948775388,0.0435604107071311,6.85879733644549
"EIF3L",FALSE,FALSE,-0.308427828779773,0.0916506279641137,7.90393392516377
"EIF4A2",FALSE,FALSE,-0.487005587187415,0.0134067645822225,8.37770761556373
"EIF4E3",FALSE,FALSE,-0.626512217635419,0.0331929562136858,5.63136761154783
"EIF4EBP2",FALSE,FALSE,-0.71679418921491,0.0447281812260952,7.86960224131153
"ELAPOR2",FALSE,FALSE,-1.25691384222002,0.0448225872869311,2.10126890722202
"ELF5",FALSE,FALSE,-1.73309933406235,0.0144800048063897,2.10805020284828
"ELL3",FALSE,FALSE,-0.638617231275045,0.0286805126480211,2.58222720370557
"ELOVL7",TRUE,TRUE,-0.930386711141982,0.0234116033513735,3.25545996278735
"EMC3",FALSE,TRUE,-0.479778030001951,0.0437513424525001,6.23476318351875
"EMID1",FALSE,FALSE,-0.861090965789368,0.0492878236177344,4.49756747924277
"EML5",FALSE,FALSE,-0.453930001902989,0.0694684117658775,3.02659090816206
"EMX1",FALSE,FALSE,-1.49309266393426,0.0183496692121575,4.58986647536524
"ENGASE",FALSE,FALSE,-0.949415074224759,0.00894429318185634,5.10607979346871
"ENHO",FALSE,FALSE,-0.462984334006663,0.0364666429360393,1.84536410799004
"ENKD1",FALSE,TRUE,-0.611205448473473,0.0328275487996986,2.91950949177561
"ENPP2",FALSE,FALSE,-0.400529714723889,0.0683598548732009,6.13234395873235
"ENPP6",FALSE,FALSE,-1.72879766442354,0.0403026129395403,6.55689634929424
"ENTPD5",FALSE,FALSE,-1.04814481588435,0.031798585121415,6.79780082169311
"EPB41L3",FALSE,FALSE,-0.960420505774517,0.0731542918815768,6.14539652132822
"EPB41L4B",FALSE,FALSE,-0.943737963596627,0.0860647162904518,4.60704823235395
"EPB41L5",FALSE,FALSE,-0.782660422145119,0.0531981064284132,5.66814739144863
"EPHA5",FALSE,FALSE,-1.59256241476937,0.0462817300760338,0.113760647669047
"EPHX2",FALSE,FALSE,-1.14316830412401,0.0511326351170899,7.02883938156888
"EPN1",FALSE,FALSE,-0.402365470058742,0.0596884990688632,7.54765757670104
"EPS8",FALSE,TRUE,-0.732184066052811,0.0777508712699682,7.02556437541929
"EPS8L2",FALSE,FALSE,-0.742418965225582,0.0331974123274315,7.55660269841046
"ERBB2",FALSE,FALSE,-0.539225691695741,0.0303608089153298,7.77268321233081
"ERBB4",FALSE,FALSE,-0.889308373451941,0.0727939585503987,3.30844348886176
"ERLIN2",FALSE,FALSE,-1.14630872423637,0.0137322070536543,7.29651361812533
"ERP29",FALSE,FALSE,-0.663363968339246,0.0709020856489185,8.14126265826963
"ESD",FALSE,FALSE,-0.580489590206535,0.0554531266914444,6.3208298034593
"ESPN",FALSE,FALSE,-1.16695971434509,0.0446233906985843,5.51386762811964
"ESRP2",FALSE,FALSE,-0.853433352965782,0.0451771261838113,6.00551521310552
"ESRRA",FALSE,FALSE,-0.608206137724949,0.0994022927880583,6.46592409102654
"ESRRB",FALSE,FALSE,-1.28453064368206,0.0377797473826803,2.05498198866839
"ESRRG",FALSE,FALSE,-1.35397702003572,0.0313343199015248,5.18684164722576
"ETFB",FALSE,TRUE,-0.792854331681372,0.0312525688364516,7.16336653513758
"ETFBKMT",FALSE,FALSE,-0.556279560923248,0.0908743594596705,4.25312257295291
"ETFDH",FALSE,FALSE,-0.863563298405907,0.0783749407020614,5.78089742506262
"EVC",FALSE,FALSE,-0.721027231065426,0.00814450262386627,7.23545566112854
"EXOC3L2",FALSE,TRUE,-0.804100777080124,0.0105383275414171,6.11148931451162
"EXOC4",FALSE,FALSE,-0.290073980564866,0.0550726483384447,5.36033948700368
"EXTL1",FALSE,TRUE,-3.60208281171891,0.026442322461067,2.06423687964694
"EZH1",FALSE,FALSE,-0.380278152271631,0.0847865132261207,6.60397078318824
"F13B",FALSE,FALSE,-2.55608213592194,0.0762991316712386,2.43143909837104
"F2",FALSE,FALSE,-1.31229013686234,0.0727939585503987,3.08821091957461
"F8",TRUE,FALSE,-0.809462221996123,0.0426756746043916,5.43424373828291
"FAAH",FALSE,FALSE,-1.7886411791041,0.0151229112096725,8.14575068188863
"FABP1",FALSE,FALSE,-2.37014596138931,0.0294825832677184,3.06058312149222
"FABP3",TRUE,TRUE,-1.79216025325785,0.0103235251558437,4.89970071963678
"FAM117A",FALSE,FALSE,-1.01983684266635,0.00461258679110443,5.7120186629094
"FAM120B",FALSE,FALSE,-0.21655228149973,0.0721023017520733,5.43146566663284
"FAM136A",FALSE,FALSE,-0.430640520658019,0.0591074799874075,4.11557850395011
"FAM13A",FALSE,FALSE,-0.892725146246177,0.0130218261441627,5.48919753800086
"FAM149B1",FALSE,FALSE,-0.305933134758861,0.0839013654718288,3.50880533827757
"FAM161A",FALSE,FALSE,-0.526757273035808,0.0513342763477225,3.82460863115657
"FAM161B",FALSE,FALSE,-0.955810926832779,0.0117359827762105,3.31620041018367
"FAM162A",TRUE,FALSE,-0.585445211240915,0.0173325529059779,5.96213574305459
"FAM168A",FALSE,FALSE,-0.36486508926818,0.0445310321105646,6.1933951135177
"FAM181B",FALSE,FALSE,-0.619075074438508,0.052389702604133,2.21811241530969
"FAM204A",FALSE,FALSE,-0.360250708955841,0.046389565059374,4.9758182072544
"FAM20B",FALSE,TRUE,-0.372359889879823,0.0359102817866738,6.1634863297209
"FAM20C",FALSE,FALSE,-0.528948168936759,0.0972001615310889,6.90931906268203
"FAM210A",FALSE,FALSE,-0.711299131493311,0.0737797801098688,3.34819667423875
"FAM210B",FALSE,FALSE,-0.464015110777439,0.02522986778675,6.46544617703783
"FAM222A",FALSE,FALSE,-0.740523573252317,0.0117359827762105,2.11632472201775
"FAM222B",FALSE,FALSE,-0.463294965352693,0.0268314263592548,4.06470893477176
"FAM234A",FALSE,FALSE,-0.404464538915027,0.0910252210895447,6.77168139578091
"FAM241B",TRUE,FALSE,-0.722187590557998,0.0653618463906908,3.93636254491922
"FAM43B",FALSE,FALSE,-1.42885251727134,0.014423497993915,4.65583011202279
"FAN1",FALSE,FALSE,-0.290194263490299,0.0250213464895029,4.77447721295362
"FANCC",FALSE,FALSE,-0.807433961738121,0.00703358253055,1.57420199868282
"FANCF",FALSE,FALSE,-1.37916576967995,0.00655177768067473,3.95265303821829
"FANCL",FALSE,FALSE,-0.711885787335822,0.064177544497784,3.18352327920221
"FANK1",FALSE,FALSE,-1.63501769022161,0.0247630002201367,3.20660808693796
"FASTKD2",FALSE,FALSE,-0.551985743099086,0.0577219933704978,3.98528994428474
"FAXDC2",FALSE,FALSE,-1.04997694003941,0.0972001615310889,8.10765012633715
"FBP1",FALSE,FALSE,-1.58674534801361,0.0204105787660072,7.42335547302474
"FBP2",FALSE,FALSE,-1.33851578334909,0.0515642971380306,6.42614933259294
"FBXO16",FALSE,FALSE,-0.897742176471502,0.02471047103765,1.82032918639514
"FBXO28",FALSE,FALSE,-0.635303606803216,0.0226476295824122,5.35766009447289
"FBXO3",FALSE,FALSE,-0.421417138133233,0.0888796958494696,5.11546224410796
"FBXO36",FALSE,FALSE,-0.838214706363619,0.0908824526897235,1.94085498926878
"FCGRT",FALSE,FALSE,-0.474618653189242,0.0281883984108396,7.96375590716721
"FDX1",FALSE,FALSE,-0.817077338593819,0.0698005674777775,5.35143468207515
"FDXACB1",FALSE,FALSE,-0.408414313911655,0.0904212621220893,2.4156415231651
"FERMT1",FALSE,FALSE,-1.30096858808852,0.0296870661417696,3.91342851685127
"FGF1",FALSE,FALSE,-2.01176485703183,0.00689339204079193,5.72598684610796
"FGF9",FALSE,FALSE,-1.22881303304747,0.00680787315136597,1.55187439997916
"FGFR2",FALSE,FALSE,-0.68922432476555,0.0189036918046824,4.43996861614255
"FGFR4",FALSE,TRUE,-0.543871110169301,0.0916506279641137,6.36097178365267
"FGGY",FALSE,TRUE,-0.675386412650498,0.0481566332096095,4.52193694799278
"FH",TRUE,FALSE,-1.06268035222634,0.0360341500286905,7.31772536910414
"FHIT",FALSE,FALSE,-0.807783080787249,0.0666080828904693,2.39146081942003
"FIGNL2",FALSE,FALSE,-0.719582249772035,0.0121444879987254,3.82266220178825
"FIS1",FALSE,FALSE,-0.446927544811713,0.0186337046452135,7.07577017204023
"FKBP15",FALSE,TRUE,-0.368376329814433,0.0491070503162961,6.33383666960275
"FKBP3",FALSE,FALSE,-0.216229080987274,0.0802017808397915,4.72445725750858
"FKBP4",FALSE,FALSE,-0.809796503715203,0.0171674683014735,7.95078732545339
"FKBP8",FALSE,FALSE,-0.474675136476115,0.0105390390043814,7.74421275651783
"FLT1",FALSE,FALSE,-1.09405918855815,0.0108687546717975,6.45994018779431
"FLVCR2",FALSE,FALSE,-0.430727031155828,0.0924740262851425,3.97639550982875
"FMC1",FALSE,FALSE,-0.328811088584446,0.0789221040558326,4.21020410379771
"FMNL2",FALSE,TRUE,-0.4404076889685,0.0362816147800143,5.18348235421514
"FMO1",FALSE,FALSE,-4.1053102217428,0.00901672680920612,6.76239123898698
"FMO4",FALSE,FALSE,-1.14061516226397,0.0332919606145021,3.10602224138415
"FMO5",FALSE,FALSE,-1.49446645277234,0.0227279084675919,5.36970600600964
"FN3K",TRUE,FALSE,-0.414613227105163,0.0437006538819397,4.40834668110776
"FNIP2",FALSE,FALSE,-1.19713177189786,0.0215812549216285,6.25278829963344
"FOLH1B",FALSE,FALSE,-1.55395050608017,0.0934248751222189,5.57911751334541
"FOXI1",FALSE,FALSE,-1.3503212932461,0.0110861569905551,4.68391019963826
"FOXK2",FALSE,FALSE,-0.357340901255414,0.0441143315290918,5.87623758228255
"FOXO4",FALSE,TRUE,-0.528580748247043,0.00793978426049497,5.53956643024881
"FOXRED1",FALSE,FALSE,-1.09093456555089,0.00954574842525895,6.45170964670555
"FRAS1",FALSE,FALSE,-1.37434165977906,0.00577770871303924,6.8690984153869
"FREM3",FALSE,FALSE,-2.59842363594904,0.00409405845559333,3.15731641750603
"FRMD1",TRUE,TRUE,-1.14445720979961,0.0140556958724204,7.1296185206857
"FRMD7",FALSE,FALSE,-1.20924114133414,0.035688997130092,2.72888550508052
"FRZB",FALSE,TRUE,-1.74419136644267,0.0183738556553975,2.06311802524658
"FSD2",FALSE,FALSE,-0.931774654080016,0.0433119588267636,3.94124479312467
"FTCD",FALSE,FALSE,-5.19800542223087,0.00909853299408436,1.15828521500353
"FTL",FALSE,FALSE,-1.34964949611627,0.00859810667119271,11.8285185583835
"FUBP3",FALSE,FALSE,-0.258595376717371,0.0583645066088837,5.2344289604743
"FUNDC2",TRUE,FALSE,-0.395925055120673,0.0845446801702531,5.66581655902764
"FUZ",FALSE,TRUE,-0.583308525445524,0.00384878551689156,5.29607858100261
"FXN",FALSE,FALSE,-0.412132319730222,0.0889828867526831,4.69159340657331
"FXR1",FALSE,FALSE,-0.325180694194334,0.0446001367314445,6.58253274404706
"FXYD2",FALSE,FALSE,-1.37744219648284,0.0105390390043814,9.08333909897308
"FZD1",FALSE,FALSE,-0.541445204472711,0.0391415087776377,6.52792345570315
"FZD4",FALSE,FALSE,-0.573869615786821,0.0517922039714266,6.74996304720335
"FZD5",FALSE,FALSE,-0.636846946036401,0.0930109352988188,4.24294636745972
"FZD8",TRUE,FALSE,-0.379996750618463,0.0966146699192405,4.60314762343623
"G0S2",FALSE,TRUE,-1.25318957012241,0.0101320874497578,6.11663028056518
"G6PC1",FALSE,FALSE,-2.48252384614611,0.0374399784443729,6.0824697585894
"GABARAPL2",FALSE,FALSE,-0.277819625116976,0.0954882295225783,5.945167585976
"GABBR2",FALSE,FALSE,-1.0583920799672,0.0699980513581208,1.74582340616824
"GABPA",TRUE,FALSE,-0.258468075575812,0.0755623456947452,4.20683709822002
"GABRD",FALSE,FALSE,-3.26081864310595,0.00451497362343082,2.0412957598402
"GALK1",FALSE,FALSE,-0.543861141310603,0.0207945221023943,5.21758326326522
"GALM",FALSE,FALSE,-1.45829778892354,0.00655177768067473,5.20003918948146
"GALNT11",FALSE,FALSE,-1.1226396732054,0.0203762133947019,7.341440783321
"GALNT12",FALSE,FALSE,-0.500628172002179,0.072612071990935,4.36357679290673
"GALT",FALSE,FALSE,-0.37357990265727,0.0771693029972071,5.4322343867202
"GAMT",FALSE,FALSE,-1.13807072800644,0.00409405845559333,3.54090479049467
"GANC",FALSE,TRUE,-0.971968696697025,0.0234777932192389,4.10473849348469
"GAREM1",FALSE,FALSE,-0.809315527416753,0.0202392714937552,4.33994050714003
"GAS2",TRUE,FALSE,-2.5586396148298,0.00837987219487621,0.382244372065565
"GATA2",FALSE,FALSE,-0.90892281750524,0.0275316731499419,5.37719155421199
"GATA5",FALSE,FALSE,-0.878781227047609,0.0858825420852299,3.11935147389437
"GATB",FALSE,FALSE,-0.733557155362946,0.0245272420091084,4.92902138743742
"GATC",FALSE,FALSE,-0.661813470007539,0.0192263288591387,4.34826923931471
"GATD3",FALSE,TRUE,-0.355531625494021,0.0577685571806404,6.30984070145867
"GATM",FALSE,FALSE,-4.04552232445028,0.00893413836194193,6.70405262868548
"GBA2",FALSE,FALSE,-0.293081690279926,0.0409431042564798,6.21026632133376
"GCAT",FALSE,FALSE,-1.7123200488185,0.0251792297685187,6.35282951643627
"GCDH",FALSE,FALSE,-1.29476402052416,0.0397275832036422,7.6061341555307
"GCGR",FALSE,FALSE,-2.42717318822787,0.00295747396639751,3.73526602370627
"GCHFR",FALSE,FALSE,-0.683980458764317,0.0546521832149383,4.90520277540467
"GCM1",FALSE,FALSE,-1.58562808671666,0.0905505567721186,1.85913354515828
"GCNT2",FALSE,FALSE,-0.514093170573688,0.00640390192767277,4.70547057489393
"GCSH",FALSE,FALSE,-1.07546363493874,0.0584334140271121,5.7226008340682
"GDF9",FALSE,FALSE,-0.929605778174014,0.0621040789973636,1.34597904460021
"GET3",FALSE,FALSE,-0.545730544530405,0.0521647255773339,6.30596777683187
"GFPT1",FALSE,FALSE,-0.614876990452033,0.0585460023164089,5.39468495403525
"GHITM",FALSE,TRUE,-1.09493805578935,0.0734414096446242,8.26525375453992
"GIGYF2",FALSE,FALSE,-0.225856411709506,0.0762508798775656,6.30806063515535
"GIPC3",FALSE,FALSE,-0.765146100337945,0.0699864506684787,2.80032332198478
"GK",FALSE,FALSE,-1.74245824092493,0.0272825130609225,7.26366410130638
"GKAP1",FALSE,FALSE,-0.572383557478918,0.0238261232402779,3.2639183663233
"GLIS1",FALSE,FALSE,-0.807695223737678,0.0715965761555925,4.10367973537898
"GLIS2",FALSE,FALSE,-0.470328235111768,0.0596788654152836,7.29776242754702
"GLOD4",FALSE,FALSE,-0.255130452312878,0.0894064682403285,5.22922560147265
"GLRX",FALSE,FALSE,-0.808521011944265,0.0194530216514743,5.50748408446348
"GLRX3",FALSE,FALSE,-0.423007070302111,0.0363011649458827,6.22377513557543
"GLRX5",FALSE,FALSE,-0.474995248770853,0.0266067888397384,5.00086448547869
"GLS",FALSE,FALSE,-1.22401946618551,0.0353115232848673,7.42947888861417
"GLTP",FALSE,FALSE,-0.949562425099063,0.0369096450348112,6.26455337739631
"GLTPD2",FALSE,FALSE,-2.27198148602937,0.0230328000925289,3.12857803883149
"GLYAT",FALSE,FALSE,-2.55969010231311,0.0294825832677184,8.21209222880667
"GLYCTK",FALSE,FALSE,-1.09727672339343,0.0449502992873779,7.12654203032683
"GLYR1",FALSE,FALSE,-0.36774086559652,0.0924740262851425,6.9886239627525
"GMNN",FALSE,FALSE,-0.358466471034549,0.0780103798278328,3.17399036802418
"GNG12",FALSE,FALSE,-0.633467900095253,0.0487427490063891,6.6848787469389
"GNMT",FALSE,FALSE,-1.3520643781186,0.0534530134571319,3.59596383229266
"GOLGA7",FALSE,FALSE,-0.331830576104598,0.0430115712139452,5.52635173866846
"GOLIM4",FALSE,FALSE,-0.573267837265339,0.0800090737662582,7.55429396210436
"GOT1",TRUE,FALSE,-0.875605962052908,0.0291286589789828,6.55693583898994
"GOT2",FALSE,FALSE,-0.60052481351461,0.0845446801702531,7.60557427273298
"GPAM",FALSE,FALSE,-1.42114860835007,0.0720382182487909,7.47001205295981
"GPAT2",FALSE,FALSE,-0.988599130120883,0.066455491837159,1.1395900174926
"GPAT3",FALSE,FALSE,-2.1725914717099,0.00956496898760017,5.48480570799476
"GPBP1",FALSE,FALSE,-0.189324150251105,0.0800344414621805,5.96263824887677
"GPBP1L1",FALSE,FALSE,-0.355937859366596,0.0267318226805118,6.39842586215356
"GPD1",FALSE,FALSE,-2.23977956339412,0.0152371925988245,7.54611450940977
"GPHN",FALSE,FALSE,-0.690472990427456,0.0523637335799775,5.63384358304359
"GPI",FALSE,TRUE,-0.520989595637527,0.0233261598943043,9.33324631516697
"GPM6A",FALSE,FALSE,-1.45928737413256,0.0258927900047415,4.56896166590314
"GPR108",FALSE,FALSE,-0.487022730925597,0.0437728506919856,6.39937254213087
"GPR137B",FALSE,FALSE,-0.976715193569974,0.0628490057086126,6.99102147197471
"GPR62",FALSE,FALSE,-0.678082152045973,0.0715515677761445,1.72888039012636
"GPRC6A",FALSE,FALSE,-2.69615520413745,0.0197191805258116,0.032952578602271
"GPRIN2",FALSE,FALSE,-0.738177746079808,0.0635575579301884,2.06222008341617
"GPRIN3",FALSE,FALSE,-1.00338291816729,0.0314612463976381,1.48049370855869
"GPS1",FALSE,FALSE,-0.300795936448176,0.0596214043489316,6.76381342800081
"GPS2",FALSE,FALSE,-0.258162359853335,0.0921488556046722,5.64080745845881
"GPT",FALSE,FALSE,-1.10563230878941,0.0514099000705409,6.5077445992792
"GPT2",FALSE,TRUE,-2.40971286503811,0.0109981530313022,7.18541095465695
"GPX1",FALSE,FALSE,-0.560288319201435,0.0319665641384987,8.09599115588836
"GRAMD1C",FALSE,TRUE,-1.0400413110211,0.0604225540644594,3.50384604338033
"GRB14",FALSE,TRUE,-1.99266837553657,0.0048133053088007,2.47778307934643
"GRB7",FALSE,FALSE,-0.993596479414563,0.0121296261828912,6.02307339363045
"GRHPR",FALSE,FALSE,-0.611861204234773,0.0279967309361284,5.67389361324811
"GRID2IP",FALSE,FALSE,-0.581685060755082,0.0820851301893825,2.18160205969356
"GRK4",TRUE,FALSE,-0.444034176990539,0.0406972788514531,3.0788561410764
"GRM3",FALSE,FALSE,-4.26132961411267,0.00567032228060145,-0.711138124574759
"GRTP1",FALSE,FALSE,-1.34056126978172,0.0327730393977828,4.7274213437918
"GSC2",FALSE,FALSE,-1.25848589432203,0.0869476361504072,2.34931595162802
"GSDME",FALSE,FALSE,-1.9046684696518,0.00633175704965502,1.39573445793067
"GSR",FALSE,FALSE,-0.640606851889083,0.0858781973987289,5.79652952860401
"GSS",FALSE,FALSE,-0.938708682934869,0.0385739966771423,5.93771451592188
"GSTA4",FALSE,TRUE,-0.334726224024066,0.0484603290011299,5.92627391448657
"GSTK1",TRUE,FALSE,-1.29335095024137,0.0176087917676422,8.1439453869173
"GSTZ1",FALSE,FALSE,-1.4299133140502,0.0929394854440153,7.56946264681774
"GTF2I",FALSE,FALSE,-0.251242827040824,0.0613471843415393,7.62209925682899
"GTSE1",FALSE,FALSE,-1.32109530403296,0.0270545007244357,3.04637787131241
"GUCA2A",FALSE,FALSE,-0.896045876518036,0.0544143716882569,2.23540707586186
"GUCD1",TRUE,FALSE,-0.70988693103529,0.0535669773200107,6.98122164335874
"GUK1",FALSE,FALSE,-0.682496231186169,0.00989188249063757,6.81987458320179
"GULP1",FALSE,FALSE,-0.944003798689686,0.0204277036981389,3.77945319943221
"GYG2",FALSE,FALSE,-1.01143680421358,0.019335508968864,2.16915639962117
"HAAO",FALSE,FALSE,-1.93624262348256,0.026640405202882,8.08802253085474
"HACE1",FALSE,FALSE,-0.376257159415486,0.0997306628619373,4.68491369388033
"HACL1",FALSE,FALSE,-1.01760163675252,0.0491698407859276,5.56749896046768
"HADH",FALSE,FALSE,-1.21429803129257,0.0799634345403793,9.79418752643841
"HADHA",TRUE,FALSE,-0.879998166902081,0.0460169874091632,8.54919892568661
"HADHB",TRUE,FALSE,-0.925221346354267,0.0846517504251258,8.45685730427412
"HAGHL",FALSE,FALSE,-0.771011273625186,0.0318125580188142,5.76696979577774
"HAO2",FALSE,FALSE,-2.34949285454406,0.0125469047404911,8.170739795762
"HARS2",FALSE,FALSE,-0.265205476029854,0.0599080174366446,3.98869343247277
"HAT1",FALSE,FALSE,-0.330463987910385,0.0580746210228457,4.95610424336423
"HDAC6",FALSE,FALSE,-0.46610009930392,0.0325249737645856,6.32846211012436
"HDAC9",FALSE,FALSE,-0.577318074466224,0.0989133810224582,4.21454701038641
"HDDC3",FALSE,FALSE,-0.517086778078637,0.0141024350058848,4.48300924211879
"HDGF",FALSE,FALSE,-0.445714823725432,0.051553969049841,7.92298470151972
"HDHD3",TRUE,FALSE,-0.815819638204573,0.0446233906985843,4.23236913539202
"HDHD5",FALSE,FALSE,-0.49360008362155,0.0584334140271121,4.49158211158264
"HDLBP",FALSE,FALSE,-0.290202313411848,0.0993400730638712,8.57241179334713
"HEATR4",FALSE,FALSE,-0.834149441352354,0.0933247195820851,1.18534927089726
"HEATR5B",FALSE,FALSE,-0.388032781248022,0.0951482243869623,5.19260018637091
"HEBP1",FALSE,TRUE,-0.817569142203577,0.0073961065711107,5.51379799015655
"HEBP2",FALSE,FALSE,-1.00872721604167,0.0204026025657242,3.65442338988015
"HEPACAM2",FALSE,FALSE,-2.01744334112677,0.00666061050463166,2.63192454078725
"HERC2",FALSE,FALSE,-0.267803972195129,0.0584334140271121,6.36183719408186
"HEXA",FALSE,FALSE,-0.345277939963851,0.0775654516972808,6.33283024202287
"HEXD",FALSE,TRUE,-0.520086778830495,0.0117359827762105,3.93539056637124
"HIBADH",FALSE,FALSE,-1.11653809083633,0.0673951682945025,8.74652077504478
"HIBCH",FALSE,FALSE,-0.578783736322994,0.0841979915415244,5.00939332434548
"HIF1AN",FALSE,TRUE,-0.241427948393136,0.0808643859250289,5.85032822878082
"HIGD2A",FALSE,FALSE,-0.328064195611227,0.0930374871898318,5.49430197100227
"HIKESHI",FALSE,FALSE,-0.51295600705174,0.0169453845149899,4.36627339863039
"HINT2",FALSE,FALSE,-0.780081719975681,0.0607541023765624,6.58272257886303
"HIPK2",FALSE,FALSE,-0.74501225568222,0.074490516406411,8.30899769046781
"HIRA",FALSE,FALSE,-0.217765426598895,0.0635575579301884,5.70788349380408
"HLF",FALSE,FALSE,-1.21690059508046,0.0315260783749708,5.24640464711202
"HLX",FALSE,FALSE,-0.883445455748204,0.0571468314098909,2.99317918605078
"HMGCL",FALSE,FALSE,-0.947281645222859,0.033882458705998,6.67393702990896
"HMGN1",FALSE,FALSE,-0.306472052195594,0.0753661841145348,7.07359897293427
"HMGN5",FALSE,FALSE,-0.544126483737043,0.0705172359797312,1.30502209485567
"HMX2",FALSE,FALSE,-2.515235270458,0.00382204004560108,2.40694985556568
"HNF1A",FALSE,FALSE,-1.12890575134969,0.0417521766204149,5.50972769488952
"HNF4A",FALSE,FALSE,-1.23007976463855,0.0977501598026493,8.73465328325856
"HNF4G",FALSE,FALSE,-1.63629288463108,0.0176087917676422,4.03628689095999
"HNMT",FALSE,FALSE,-1.28048151891611,0.0181321474909217,6.05803134126964
"HOGA1",FALSE,FALSE,-2.43840296058438,0.00954890380560825,6.5519948704307
"HOMER3",FALSE,FALSE,-0.568029651720161,0.0365318809026318,5.49732536572541
"HOMEZ",FALSE,FALSE,-0.329640640313625,0.0612258154583234,4.48917989481382
"HOOK2",FALSE,TRUE,-0.574458919095319,0.0544364377834728,6.36550204931672
"HOXA10",FALSE,FALSE,-0.31035266242151,0.0504512039170657,5.2803043456292
"HOXA4",FALSE,FALSE,-0.335100494956715,0.0840260100357667,2.5857490091717
"HOXA7",FALSE,FALSE,-0.648215791064456,0.0233992953367174,4.53281078485605
"HP1BP3",FALSE,FALSE,-0.211589353683547,0.0668046658400532,6.53331118258008
"HPCAL4",FALSE,FALSE,-1.29896027842075,0.0354529385318799,3.7618617806163
"HRG",FALSE,FALSE,-2.62434463098138,0.00302026931504645,1.87186859146293
"HS1BP3",FALSE,FALSE,-0.545762775607114,0.0197929391485239,5.90846917210203
"HS3ST3A1",TRUE,FALSE,-1.32279952887694,0.0335474451621449,1.55228763374521
"HS3ST6",TRUE,FALSE,-1.56736045673969,0.0667602824182224,4.7623134626962
"HSD11B1",FALSE,FALSE,-1.55322137648819,0.047206558568961,8.30446764132633
"HSD11B2",FALSE,TRUE,-1.13731089917571,0.054624960186922,8.35778753617818
"HSD17B14",FALSE,TRUE,-1.52323896973764,0.00789206876801895,3.67944769495342
"HSD17B6",FALSE,FALSE,-1.06158498554717,0.0228138995383652,5.25000997543817
"HSP90AA1",FALSE,FALSE,-0.680681203035276,0.0308157098397437,9.28583431486044
"HSP90AB1",FALSE,FALSE,-0.342306097969615,0.0889929118030999,9.81021270483884
"HSPA8",FALSE,FALSE,-0.531642628515135,0.0585460023164089,9.89249772704187
"HSPA9",FALSE,FALSE,-0.891566305942767,0.0468576843138442,8.78087808972596
"HSPB1",FALSE,FALSE,-0.95660196397399,0.00814450262386627,7.86869253618967
"HSPD1",FALSE,FALSE,-1.35517801564647,0.0241590205598961,8.90222323077856
"HTRA2",FALSE,FALSE,-0.429893933751755,0.0512867825938527,4.69159166750817
"HYI",FALSE,FALSE,-0.678380193498487,0.0643043973481276,5.61253804982603
"HYKK",FALSE,TRUE,-1.6567179458454,0.020820962341544,6.66099561910971
"IAPP",FALSE,FALSE,-3.27210727561965,0.00655177768067473,-0.442005898036979
"IARS2",FALSE,FALSE,-0.437516390732048,0.0940638314724634,6.08088185186576
"IBA57",FALSE,FALSE,-0.747030182982408,0.0451771261838113,4.23517243969877
"IDH1",FALSE,TRUE,-1.01512797758052,0.0756217383712138,7.20840410152442
"IDH3B",TRUE,FALSE,-0.442784198105126,0.0705305446323388,6.42858990179758
"IDH3G",FALSE,FALSE,-0.557164424554289,0.0793023384336808,6.94740896123804
"IDNK",FALSE,FALSE,-1.50781876838191,0.0198616541692126,5.39347511518634
"IDO2",FALSE,FALSE,-3.76979456485022,0.019591617301107,2.70720036462834
"IFI30",TRUE,FALSE,-0.693305519954818,0.0532113393369187,8.26264195272101
"IFT172",FALSE,FALSE,-0.559236868903559,0.0131825976219421,5.66705128788188
"IFT52",FALSE,FALSE,-0.357759335662672,0.0301250442402139,5.72339594262023
"IFT88",FALSE,TRUE,-0.535613403058737,0.0612258154583234,4.91383040317862
"IGFBP1",FALSE,FALSE,-1.72210128336482,0.046495610990481,2.19303755345295
"IGFBP2",FALSE,FALSE,-1.26795080184015,0.0151272351877785,6.98662643888335
"IGFBP5",FALSE,FALSE,-1.88305195707873,0.00461258679110443,9.4025361056962
"IGFN1",FALSE,FALSE,-2.0844585736989,0.0642993954249233,1.51728031875735
"IGLON5",FALSE,FALSE,-0.837888431197129,0.0623789657673271,4.24551596143707
"IGSF11",FALSE,FALSE,-1.30325600460051,0.0858825420852299,5.24728094079227
"IL11RA",FALSE,TRUE,-0.54833732268408,0.0484641404674161,5.31801188499542
"ILDR2",FALSE,FALSE,-1.39473383269733,0.0353722975076387,5.87621947635527
"ILRUN",FALSE,FALSE,-0.481855766332623,0.0227312756171152,7.17587485859397
"IMMP2L",FALSE,TRUE,-0.902506515300414,0.0503223494263393,3.40602945021583
"IMMT",FALSE,FALSE,-0.62877417414235,0.0929813091547732,7.16775377661334
"IMPA2",FALSE,FALSE,-0.533122608123413,0.0048133053088007,5.96435827223352
"INO80B",FALSE,FALSE,-0.396359098776105,0.0220868273128728,4.56640782568011
"INSR",FALSE,FALSE,-1.03607473635495,0.0339102433379073,8.05767824425386
"INSRR",FALSE,FALSE,-1.96737758821332,0.00409405845559333,4.97754845790821
"INTS3",FALSE,FALSE,-0.248772342108087,0.0935366453128856,7.66730954544917
"INTU",FALSE,FALSE,-0.765798555043659,0.08916759235507,3.13368014745908
"IPO8",FALSE,FALSE,-0.384896179602581,0.0896070796470081,5.26671486761139
"ISCA1",FALSE,FALSE,-0.58480277200152,0.045902138135855,5.69973550936391
"ISOC2",FALSE,FALSE,-0.945803828993857,0.0417344451840962,6.13431460582136
"ITIH1",FALSE,FALSE,-3.50712433047055,0.0263466071902248,-0.201974569799906
"ITIH2",FALSE,FALSE,-1.49802714146209,0.0289341525360732,0.333790975440503
"ITPK1",FALSE,FALSE,-0.352791800265378,0.0953528780067734,6.40114538327196
"ITPKA",FALSE,FALSE,-1.54495889224264,0.0356109064114341,2.0266273769412
"ITPR2",FALSE,FALSE,-0.469027599862797,0.0563613753522505,6.1342402713383
"ITSN1",FALSE,FALSE,-0.359178307498444,0.0843086619455149,5.79724758860086
"IVD",FALSE,FALSE,-2.49058375806747,0.0196462861173838,9.6184104518867
"JMJD8",FALSE,FALSE,-0.288012641051712,0.0905314466594175,6.10825814784683
"JPH4",FALSE,FALSE,-1.00930301021847,0.0891626584474922,3.69855078327245
"JSRP1",FALSE,FALSE,-1.52841545861028,0.0115735681715899,3.44364894288454
"JTB",TRUE,TRUE,-0.353470952429706,0.0411544660766051,6.48336692440362
"KANSL1L",FALSE,FALSE,-0.617556432896591,0.0327730393977828,5.41700663546297
"KARS1",FALSE,TRUE,-0.408809380436352,0.0245463982914693,8.47089027528287
"KAT14",FALSE,FALSE,-0.348655819404217,0.0276396388582649,5.00417796598212
"KBTBD12",FALSE,FALSE,-0.693728813790413,0.0115400332224042,1.71821004067941
"KCNA4",FALSE,FALSE,-3.03596214177398,0.00384878551689156,1.40464024407789
"KCNIP1",FALSE,TRUE,-1.82206974225837,0.0612369081367137,0.571074092100213
"KCNJ1",FALSE,FALSE,-1.37529382532748,0.0306258717715806,5.36016878515696
"KCNJ10",FALSE,FALSE,-1.69332726338766,0.0352165832608775,3.4908578576182
"KCNJ12",FALSE,FALSE,-1.34010596015941,0.0569839336805526,3.95414181992219
"KCNJ15",FALSE,FALSE,-1.18435960799247,0.0933742345738312,7.26624424436105
"KCNJ16",FALSE,FALSE,-1.08336009099022,0.0829681650554415,6.92517758104548
"KCNJ9",FALSE,FALSE,-1.36648469704806,0.0333182295545645,0.488058986056441
"KCNQ4",FALSE,FALSE,-1.42949561314247,0.0167408548505504,2.47130013186359
"KDELR1",FALSE,TRUE,-0.251547141378776,0.0858781973987289,7.28083653301054
"KDM1A",FALSE,FALSE,-0.216556827548281,0.0644927790058051,5.80801488956934
"KDR",FALSE,FALSE,-0.991381428005508,0.0199176624466363,6.87465572868228
"KHK",FALSE,FALSE,-1.90510528762787,0.00819023980252681,6.86458540419025
"KIAA1549L",FALSE,FALSE,-1.25586315397157,0.0969241637157225,4.70062814286409
"KIDINS220",FALSE,FALSE,-0.328116046050276,0.0934077317580034,6.94258700460604
"KIF20B",FALSE,FALSE,-1.34477354682019,0.0180451938955882,3.30283553308692
"KIF5C",FALSE,FALSE,-0.909553442233283,0.0323713823341548,3.47626701355351
"KIRREL3",FALSE,TRUE,-0.713256980121271,0.0435498656290897,2.06612378958231
"KIT",FALSE,FALSE,-1.06389127654802,0.098922556650893,4.08144471182355
"KITLG",FALSE,FALSE,-1.17214576020749,0.0112639116397142,3.93772175423045
"KL",FALSE,FALSE,-1.54615316827309,0.0510384808298509,6.98835707318157
"KLC4",FALSE,TRUE,-0.449758983718779,0.0135250752993797,5.93583335919594
"KLF15",FALSE,FALSE,-1.2163342939382,0.0568963189960909,4.96843451607749
"KLHDC10",FALSE,FALSE,-0.422637484546169,0.0549857224874057,6.12969490666834
"KLHL21",FALSE,FALSE,-0.591248338216031,0.011664606282323,6.084797889317
"KLHL3",FALSE,FALSE,-1.45496656517381,0.00824878646409242,4.92529148110783
"KLHL32",FALSE,FALSE,-1.20629110156921,0.0266067888397384,1.05304973797833
"KLK1",FALSE,FALSE,-3.57136581314441,0.00793978426049497,7.5037677378903
"KMO",FALSE,FALSE,-3.1129148237193,0.0216660521311902,5.50997363484491
"KNG1",FALSE,FALSE,-2.04800146492838,0.00577770871303924,6.69814638244423
"KNSTRN",FALSE,FALSE,-1.12386299726452,0.0176748878764473,2.6797078453737
"KRBA2",FALSE,FALSE,-0.519070226081763,0.0419963539993687,4.04564179480218
"KRCC1",FALSE,FALSE,-0.549330783159253,0.0882047149096258,5.01931553191375
"KRT10",FALSE,FALSE,-0.350570732487519,0.0481029213446911,3.33696630874729
"KY",FALSE,FALSE,-2.99282766382317,0.0265472930841055,0.910570770985165
"KYNU",FALSE,FALSE,-1.38439928078435,0.0557431935151376,6.17413762031388
"L3HYPDH",FALSE,TRUE,-0.581516250521798,0.0391572927016056,3.65363341201367
"LAMP1",FALSE,FALSE,-0.466825168588187,0.0808643859250289,9.16864715979081
"LAMTOR3",FALSE,FALSE,-0.678045937965569,0.0251792297685187,5.35560039631908
"LARGE1",FALSE,FALSE,-0.596096216596988,0.0234359866434948,6.43584077136261
"LCMT1",FALSE,FALSE,-0.282920036558625,0.08916759235507,5.27481403344582
"LCTL",FALSE,FALSE,-2.47477142725104,0.0176087917676422,2.16402287437572
"LDHB",FALSE,FALSE,-0.691078248828513,0.0379545010963794,9.24627811947503
"LDHD",TRUE,FALSE,-1.67446365353777,0.0252715667372639,7.47618099146662
"LDOC1",FALSE,FALSE,-0.764380526789564,0.0350285095910011,6.71060077950369
"LENEP",FALSE,FALSE,-2.32362276612781,0.0295621975323871,5.93714025561457
"LHX1",FALSE,FALSE,-1.23035935203172,0.0362673617296545,2.63795128664727
"LIN52",FALSE,FALSE,-1.0610625828912,0.00687234633800814,4.39157525198706
"LINGO3",FALSE,FALSE,-1.0114193257454,0.0473901378193108,1.50296602495684
"LINGO4",FALSE,FALSE,-0.880203132566929,0.0804585870849584,4.83100805372657
"LMAN2L",FALSE,TRUE,-0.55628402647641,0.020820962341544,4.68658509206739
"LMBRD1",FALSE,TRUE,-0.842939187088979,0.0465252053672882,5.83519802261602
"LMX1B",FALSE,FALSE,-1.84151344452386,0.02188947523314,1.98639285227579
"LNX1",FALSE,FALSE,-0.851806042000348,0.0330135628165069,2.54302358444663
"LOC101080332",FALSE,FALSE,-0.599763522829753,0.0952177355909576,4.51134430500475
"LOC101080491",FALSE,FALSE,-0.756651196558634,0.0107260041453362,6.62354235046634
"LOC101080897",FALSE,TRUE,-1.6601795614283,0.0590454407740689,4.05355969481995
"LOC101081013",FALSE,FALSE,-0.386292033193678,0.0225657419488388,5.16329336386447
"LOC101081204",FALSE,FALSE,-1.08085702117812,0.0480673232202402,5.40544214404981
"LOC101081454",FALSE,FALSE,-0.286473177367006,0.0751095415842596,3.89408531396596
"LOC101081568",FALSE,TRUE,-0.341596157607235,0.0905336197350588,3.51585230369093
"LOC101081641",FALSE,FALSE,-0.431899547515582,0.0520392122471222,5.50278424039931
"LOC101081808",FALSE,TRUE,-0.507746859833501,0.0705017576073863,6.9734235599596
"LOC101081890",FALSE,FALSE,-0.332364684511944,0.096129404445236,2.59012703552871
"LOC101082380",FALSE,FALSE,-1.50272001333297,0.0334909029281674,5.20356365406494
"LOC101082948",FALSE,FALSE,-0.42305440999848,0.0905336197350588,1.92114055258069
"LOC101083473",FALSE,FALSE,-0.29412465742125,0.0841570895634359,4.27036671492141
"LOC101083474",FALSE,FALSE,-1.21977866958039,0.0833512444551032,10.2849597436461
"LOC101083779",TRUE,FALSE,-2.06188843118613,0.0155173814769633,0.620433415767003
"LOC101084194",TRUE,FALSE,-0.85833657714289,0.0172647162053211,1.07055002877366
"LOC101084270",FALSE,FALSE,-0.431593957332343,0.0407711496316992,2.17361443438834
"LOC101084388",FALSE,TRUE,-1.11640335435235,0.0532488931682245,6.82104705859765
"LOC101084409",FALSE,FALSE,-0.652063354824155,0.0267318226805118,6.3017734034954
"LOC101084793",FALSE,FALSE,-2.93957211669915,0.00894429318185634,0.53695525534953
"LOC101085336",FALSE,FALSE,-1.21300029995815,0.0994355992894545,4.31950012731462
"LOC101085348",FALSE,FALSE,-0.84756153874134,0.0167319058510916,1.32943459474279
"LOC101085531",FALSE,FALSE,-0.703966518176289,0.0189036918046824,6.62346919838863
"LOC101086361",FALSE,FALSE,-1.05040397143377,0.0337697170483605,5.16816512370299
"LOC101086986",FALSE,FALSE,-0.960400601467062,0.0105158300838607,5.46881276467794
"LOC101087695",FALSE,FALSE,-1.2110633000848,0.033882458705998,0.787684562437736
"LOC101087791",FALSE,FALSE,-1.6665191960842,0.0155093850852385,1.56440716499368
"LOC101088322",FALSE,FALSE,-0.518348919985098,0.0800344414621805,3.73503572102386
"LOC101088417",FALSE,FALSE,-0.478798130930215,0.0935366453128856,3.98150517984725
"LOC101088520",FALSE,FALSE,-0.311466856650976,0.0216022460954953,6.30025298971574
"LOC101088850",FALSE,FALSE,-2.65735684729623,0.047882307414613,5.44618581020334
"LOC101088927",FALSE,FALSE,-1.21337705957907,0.00810044516608624,6.28719522797881
"LOC101089225",FALSE,FALSE,-0.669995963582546,0.0955588727001702,1.77238568926018
"LOC101089258",FALSE,FALSE,-1.13592641981753,0.0368024369260075,6.27846755761043
"LOC101089785",FALSE,FALSE,-1.06597157666379,0.0515106966353291,7.36510931694165
"LOC101089914",TRUE,TRUE,-0.536547526415353,0.0428619789451795,8.17231202347889
"LOC101090169",FALSE,FALSE,-0.547366045836847,0.0325268847397691,5.43767198171815
"LOC101090225",FALSE,FALSE,-0.228502536767094,0.0930374871898318,8.44627348779517
"LOC101090352",FALSE,FALSE,-1.26997335318146,0.00577770871303924,4.61560380979321
"LOC101090534",FALSE,TRUE,-1.32630301665299,0.0258503636022914,3.2880549087135
"LOC101090552",FALSE,FALSE,-1.73603871420517,0.0334909029281674,8.04206924866458
"LOC101090590",FALSE,FALSE,-0.525059864147336,0.0654133444431407,5.91717823863493
"LOC101090727",FALSE,FALSE,-0.758873146495983,0.0431961519362994,1.24175945762954
"LOC101091022",FALSE,FALSE,-0.806116313606368,0.0618449315447407,0.732129680070054
"LOC101091113",FALSE,FALSE,-3.16996976231516,0.0303634568845104,9.85084527097075
"LOC101091386",FALSE,FALSE,-0.888578764780288,0.0716831134273873,1.76631996364805
"LOC101091395",FALSE,FALSE,-3.01995467447093,0.0193822693800695,1.41103353241648
"LOC101091418",FALSE,TRUE,-2.81889919339576,0.0511222465608314,3.97184349130354
"LOC101091533",FALSE,TRUE,-1.12071499160374,0.0398143968041233,2.03503310727719
"LOC101092267",TRUE,FALSE,-1.11743844318872,0.031288247898416,2.24111644259643
"LOC101092274",FALSE,FALSE,-1.1460086161654,0.0412722373879573,5.58197221856831
"LOC101092510",FALSE,FALSE,-0.553997704568532,0.0121444879987254,3.32194365639812
"LOC101093179",FALSE,FALSE,-2.0076874446908,0.0365318809026318,1.02793481480139
"LOC101093719",FALSE,FALSE,-0.353425859453434,0.0561236054185785,3.84035580436596
"LOC101094232",FALSE,FALSE,-0.325684150929744,0.045292049724606,5.51407562955995
"LOC101094418",FALSE,FALSE,-0.40599272981985,0.0589516055458178,6.77386422913012
"LOC101094572",FALSE,FALSE,-0.453342237059259,0.0560885171642969,5.03713013277793
"LOC101095032",FALSE,FALSE,-0.89718027946381,0.0103522600757345,7.52391267886622
"LOC101095292",FALSE,FALSE,-1.12617291994039,0.0479551914106545,3.31377771388998
"LOC101095404",FALSE,FALSE,-0.475572794543382,0.0954926843251801,3.01097196717585
"LOC101095601",FALSE,FALSE,-1.12572057263741,0.077496022097145,3.51358313849169
"LOC101095686",FALSE,FALSE,-0.525272397778345,0.0252423058778933,2.12813733407439
"LOC101095773",TRUE,FALSE,-0.5852105124081,0.0460660189252026,8.0388053010158
"LOC101095941",FALSE,FALSE,-0.921903105055736,0.0612369081367137,4.66108152184538
"LOC101096748",FALSE,FALSE,-0.727700474062764,0.0241514855298661,3.50856121346231
"LOC101096765",FALSE,TRUE,-0.615034087756881,0.0397892962661504,6.57984851497498
"LOC101096876",FALSE,FALSE,-0.596095780657851,0.0268264069380174,6.93107580499461
"LOC101096920",FALSE,FALSE,-0.78286570804434,0.0207945221023943,3.5304050633382
"LOC101097553",FALSE,FALSE,-1.22755006854984,0.00853823314434438,6.64966943745283
"LOC101097571",FALSE,FALSE,-1.23289259669134,0.0654213459038107,5.34946182485022
"LOC101097624",FALSE,FALSE,-0.551406021323114,0.0532488931682245,2.45873415257754
"LOC101098061",FALSE,FALSE,-0.624979275001043,0.0542068365624277,3.01354089055495
"LOC101098082",FALSE,FALSE,-1.50277322979737,0.0993015229713432,1.26777179632179
"LOC101098145",FALSE,FALSE,-1.27557779561812,0.0256684856619092,7.05882642350939
"LOC101098257",FALSE,FALSE,-2.2223245734937,0.0347491987275009,6.25688159356169
"LOC101098289",FALSE,FALSE,-0.634166435029509,0.0933087697130716,2.5696993409193
"LOC101098453",FALSE,TRUE,-0.353032849602739,0.038723879312164,9.34238843333722
"LOC101099044",FALSE,FALSE,-3.37245869609225,0.00633175704965502,5.74278900686985
"LOC101099090",FALSE,FALSE,-0.409350960429954,0.0712571254126346,3.34735319802614
"LOC101099137",FALSE,FALSE,-1.11186293052163,0.00804849531073567,5.02391947773965
"LOC101099553",FALSE,FALSE,-1.6332673424534,0.0221942035590842,0.287963037744755
"LOC101099773",FALSE,FALSE,-0.84993213345587,0.0229511832969487,6.50648670690182
"LOC101099779",FALSE,FALSE,-1.66873975161596,0.031284201927925,5.84172421951553
"LOC101100178",FALSE,FALSE,-2.10572980342549,0.0249170080369284,0.272173552397876
"LOC101100266",FALSE,FALSE,-0.44996820079515,0.0665241426911895,7.18278831418286
"LOC101100387",FALSE,FALSE,-1.54590226972401,0.0781871207859736,6.83485657739372
"LOC101100850",FALSE,FALSE,-1.73037268475458,0.00747719414796414,6.8619851569604
"LOC101101118",FALSE,FALSE,-1.49027694495025,0.0150913646251496,8.25920572875256
"LOC102899183",TRUE,FALSE,-0.552078012320022,0.0568963189960909,6.52315668071795
"LOC102899880",FALSE,FALSE,-0.642757478036875,0.0345733717795844,3.36071341945201
"LOC102899897",FALSE,FALSE,-1.16406217301519,0.0258503636022914,6.24483882808701
"LOC102899949",FALSE,FALSE,-0.453853332731706,0.0652667471261554,3.49375402361145
"LOC102900083",FALSE,FALSE,-0.717591680178979,0.0959109365214975,6.3764071358749
"LOC102901021",FALSE,FALSE,-1.58455536382164,0.0636953287631667,5.07161999405661
"LOC102901082",FALSE,FALSE,-1.42632534987461,0.0245732456946972,2.09403393593417
"LOC102901245",FALSE,FALSE,-0.659261397357032,0.089086791337664,3.58171238399295
"LOC102901312",FALSE,FALSE,-0.72702534109559,0.0458557762420775,1.70362350339553
"LOC102901316",FALSE,TRUE,-3.47690612285542,0.0289739157534186,2.82463634740535
"LOC102901600",FALSE,FALSE,-0.950105382885387,0.042836968139217,3.10835498876087
"LOC102901986",FALSE,FALSE,-0.693517529925821,0.0173837458248364,2.84814125702145
"LOC102902085",FALSE,FALSE,-0.887934715915161,0.0590545231981035,4.4619356515277
"LOC102902213",FALSE,FALSE,-0.903138592247139,0.00640390192767277,4.29744235707502
"LOC102902301",FALSE,TRUE,-0.669824075449052,0.0433258559983952,3.36290474522668
"LOC102902347",FALSE,FALSE,-0.857418153359919,0.0537253463542949,1.65267019742455
"LOC102902472",FALSE,FALSE,-1.76095457520975,0.0361766579666213,4.43778198634195
"LOC102902476",FALSE,FALSE,-1.65555312642967,0.0118230976038651,1.01224663446175
"LOC102902576",FALSE,FALSE,-0.599507245645319,0.0545162875048335,1.33863389749128
"LOC102902597",FALSE,FALSE,-2.42713676808254,0.0047821770250471,1.18195633021827
"LOC102902632",FALSE,FALSE,-0.663054989343207,0.078603474874952,2.34024548078551
"LOC102902649",FALSE,FALSE,-1.21062885661518,0.074327538614662,4.66214811875687
"LOC105259628",FALSE,FALSE,-0.970386241647496,0.0162849898496127,7.01701484408485
"LOC105259690",FALSE,FALSE,-0.863311256089969,0.0980763182833729,0.78452300318057
"LOC105260271",FALSE,FALSE,-1.79063517254849,0.0331193683291323,3.42584634821983
"LOC105260573",FALSE,FALSE,-1.53128534775281,0.0580746210228457,6.95524609035922
"LOC105260774",FALSE,TRUE,-1.79099277124484,0.0405848185388168,0.662104714533556
"LOC105260865",FALSE,FALSE,-0.559277090364013,0.0405848185388168,1.80411464762405
"LOC105260979",FALSE,FALSE,-0.820139488145057,0.0424543671719949,3.11624556745431
"LOC105261261",FALSE,FALSE,-1.40168807152287,0.0197929391485239,2.08205140561102
"LOC105261315",FALSE,FALSE,-1.54538218512909,0.0660397592490171,4.63042990596003
"LOC105261393",FALSE,FALSE,-0.458933410745802,0.0653659476999576,5.72542918678925
"LOC109491390",FALSE,TRUE,-1.80768199445667,0.0496262778799204,1.06830809132244
"LOC109492504",FALSE,FALSE,-1.3371735814319,0.0083238758002407,4.44388219339625
"LOC109493406",FALSE,FALSE,-0.431294977141266,0.0268314263592548,4.41473064368486
"LOC109493846",FALSE,FALSE,-0.657141491912192,0.0162831409125398,2.06725306244633
"LOC109494586",FALSE,FALSE,-2.28090093364474,0.0101320874497578,0.947540274692855
"LOC109494605",FALSE,FALSE,-0.605243750399136,0.0483801004150475,3.18786275845192
"LOC109495842",FALSE,FALSE,-2.79410929174773,0.00611192607806737,3.32284851763162
"LOC109495967",FALSE,FALSE,-0.411851088662213,0.0945789302277522,2.72545808924382
"LOC109496337",FALSE,FALSE,-2.42203874660112,0.0973830810308879,0.315056947310479
"LOC109501563",FALSE,FALSE,-2.04126532030189,0.017773196884526,0.29041542365768
"LOC109502329",FALSE,FALSE,-0.970077197764763,0.0479252173618795,0.883224706378238
"LOC109502907",FALSE,FALSE,-1.59940585682681,0.0466208995645307,0.629972220460247
"LOC109503361",FALSE,FALSE,-0.83193929019047,0.0285782612867601,2.39839475900759
"LOC111556287",FALSE,FALSE,-0.674422911549148,0.0532488931682245,1.38430725938717
"LOC111558528",FALSE,FALSE,-1.13607765875462,0.0688016592509231,5.98195317169256
"LOC111558740",FALSE,FALSE,-2.60028901257022,0.0126011472508554,0.820127837405928
"LOC111559498",FALSE,FALSE,-0.812546289691041,0.0808643859250289,1.08543792747218
"LOC111559540",FALSE,FALSE,-0.748429807731413,0.0778148572014411,1.45721851324918
"LOC111560215",FALSE,FALSE,-1.50318852224248,0.0607762280632021,7.3583214532331
"LOC111561467",FALSE,FALSE,-0.603911580899966,0.0977426381102451,1.91454379595926
"LOC123378934",FALSE,FALSE,-1.13123133059079,0.0904314194439572,1.84444780103282
"LOC123380599",FALSE,FALSE,-2.27849813375139,0.0440271670589239,0.0898464648043312
"LOC123381008",FALSE,FALSE,-1.7175337884767,0.0388905775912027,1.01637068979984
"LOC123381833",FALSE,FALSE,-0.551061911923286,0.0563943403855904,3.33838528427896
"LOC123382643",FALSE,FALSE,-1.14939813170707,0.00633175704965502,2.49651047134916
"LOC123382663",FALSE,FALSE,-0.634912898642529,0.0653820812601504,2.17617041316336
"LOC123384041",FALSE,FALSE,-0.667296246535167,0.0651360773478326,2.5450189957442
"LOC123384444",FALSE,FALSE,-3.77933110574462,0.0791706164184198,-0.204429502072322
"LOC123384753",FALSE,FALSE,-1.94692259310003,0.0568963189960909,1.68798626449568
"LOC123385427",FALSE,FALSE,-0.682333683440424,0.035688997130092,1.29536502953003
"LOC123385657",FALSE,FALSE,-1.90096880975547,0.0248068963440496,1.24980263456971
"LOC123385878",FALSE,FALSE,-2.303098386851,0.0272825130609225,4.17805804878035
"LOC123386139",FALSE,FALSE,-1.06735804432606,0.0580625731982674,2.45618183532982
"LOC123386251",FALSE,FALSE,-1.09703577130538,0.0347471908184941,2.44150286698178
"LONP1",FALSE,FALSE,-0.519645321794263,0.0309595154693513,6.85861929006759
"LPL",FALSE,FALSE,-0.874647826687289,0.024750183140746,3.55230811444517
"LRBA",FALSE,FALSE,-0.710988571365938,0.0525855175873798,6.85678610131709
"LRP2",FALSE,FALSE,-1.53117838422018,0.0389637851422481,10.0053882698296
"LRPAP1",FALSE,FALSE,-0.780527482111962,0.016392845401973,8.87042318189883
"LRRC19",FALSE,FALSE,-1.67854645890508,0.057014857793432,3.89161101898962
"LRRC20",FALSE,FALSE,-0.878694773742208,0.0158070313831402,3.01920755843917
"LRRC24",FALSE,FALSE,-0.586978121155579,0.034394325890014,4.99910042015784
"LRRC38",FALSE,FALSE,-1.39873479472594,0.0201412288495628,1.24409596058595
"LRRC41",FALSE,FALSE,-0.240449824694285,0.0648802194937174,6.39590497333961
"LRRC51",FALSE,FALSE,-0.853265858350047,0.0851881977256557,2.70887559156063
"LRRC57",FALSE,FALSE,-0.469011060156583,0.0762991316712386,4.88916110926886
"LRRC66",FALSE,TRUE,-0.712304038050748,0.0769262956889678,2.67365115945934
"LRRK2",FALSE,TRUE,-1.38378134010294,0.0196362203846438,7.66572202593528
"LRSAM1",FALSE,FALSE,-0.281758293175353,0.0765897944654365,4.77203636099051
"LSAMP",FALSE,FALSE,-2.33103266482912,0.00577770871303924,1.40062831764887
"LSM14B",FALSE,FALSE,-0.182963970346945,0.0973760785868645,5.19512834895969
"LTO1",FALSE,FALSE,-0.38440438620878,0.0419675674045931,6.512540011031
"LYPD6",FALSE,FALSE,-1.25454662623707,0.0415549837661181,2.54998656177772
"LYRM1",FALSE,FALSE,-0.509275394697512,0.0744464175462972,4.17003341574311
"LYRM4",FALSE,FALSE,-0.360993996143869,0.0225546316127311,3.75217473496169
"LYSMD1",FALSE,FALSE,-0.531926714528706,0.0233261598943043,4.22086367261421
"LZIC",FALSE,TRUE,-0.4336923913538,0.0270545007244357,4.91343863679343
"MACROD1",FALSE,TRUE,-1.00186395322174,0.0804145380847022,5.83372640556043
"MAGI2",FALSE,TRUE,-1.08187701378051,0.0537009906782319,4.42363938154243
"MAGI3",FALSE,FALSE,-0.501488376838205,0.022038279220203,5.48656536598217
"MAGIX",FALSE,FALSE,-0.522673784139508,0.0234777932192389,3.03135762035713
"MAL2",FALSE,FALSE,-0.505293718704857,0.0926253651952904,5.10872669456392
"MAMDC4",FALSE,FALSE,-0.95770245733871,0.0916825850477591,1.31912264330125
"MAP1LC3B",FALSE,FALSE,-0.44598730577408,0.0592750847266929,7.00825332788365
"MAP3K13",FALSE,FALSE,-0.978161026936461,0.0216548667130482,4.59894568327443
"MAP3K4",FALSE,FALSE,-0.226227028130721,0.0841979915415244,5.306955318036
"MAP7",FALSE,TRUE,-1.40546388708564,0.0285782612867601,7.62967448896858
"MAPK10",FALSE,FALSE,-0.738083557306218,0.0961895330156644,1.62686518331251
"MAPK9",FALSE,FALSE,-0.3971445467174,0.058788418722734,5.07645565651345
"MAPKAPK5",FALSE,FALSE,-0.278550118627487,0.0804842515528704,4.85973495120364
"MARF1",FALSE,TRUE,-0.332947934509185,0.027489177982596,6.48565939389655
"MB21D2",FALSE,FALSE,-0.554649778486506,0.0254441019341585,3.05785839974875
"MBTD1",FALSE,FALSE,-0.339798853645064,0.055594516579964,4.48277991720197
"MCAT",FALSE,FALSE,-0.646128790002662,0.0221474447125904,5.05227485111902
"MCCD1",FALSE,FALSE,-1.50046303150497,0.0335439138784219,6.47943772265426
"MCEE",FALSE,FALSE,-0.824188360874593,0.028089311943344,5.19336593197775
"MCF2",FALSE,FALSE,-1.38686991928725,0.0563035786017539,0.47757788144053
"MCF2L",TRUE,TRUE,-0.432584999243489,0.0131825976219421,4.55149347966019
"MCM3AP",FALSE,TRUE,-0.225529820950511,0.0589055734945607,6.71357631750102
"MCOLN3",FALSE,FALSE,-1.6003619829551,0.0348067332058564,2.01597379112162
"MCRIP1",FALSE,FALSE,-0.281310634266163,0.0323713823341548,6.58444273146581
"MCRIP2",FALSE,FALSE,-1.40765765364445,0.0204495577121806,5.93096706753028
"MCU",FALSE,FALSE,-0.468699732588983,0.0670080767320751,4.74917048984482
"MDGA1",FALSE,FALSE,-1.31148293789566,0.0370955857646626,4.00442737116943
"MDH1",FALSE,FALSE,-0.848216552398515,0.0406557001982722,7.77503434694846
"MDH2",FALSE,FALSE,-0.552715592151404,0.0666885207907897,7.87127925470614
"ME3",TRUE,FALSE,-0.580478010314708,0.0477710467075046,5.45804171442334
"MECR",TRUE,FALSE,-1.22283992681353,0.0239398458623209,6.48439765624561
"MED12",FALSE,FALSE,-0.272918619647124,0.0882316029377475,6.49104107278791
"MED20",FALSE,FALSE,-0.190114636114194,0.0899071274409484,4.40804761518719
"MERTK",FALSE,FALSE,-0.728696671565275,0.0388997407985644,5.350641105697
"METAP1",FALSE,FALSE,-0.512844176423481,0.0353816779013008,5.04025847845775
"METRN",FALSE,FALSE,-2.3985090739346,0.00703497460027845,4.07041095577017
"METTL14",FALSE,FALSE,-0.281449562175004,0.0528388882805663,5.00997300776205
"METTL17",FALSE,FALSE,-0.316527510053264,0.0360363765672953,4.80141925940738
"METTL22",FALSE,FALSE,-0.441784361066994,0.0335038831245184,5.45834512184633
"METTL9",FALSE,FALSE,-0.578633281378226,0.0342529274615056,6.40944470992023
"MFF",FALSE,FALSE,-0.806427880820141,0.0162783812944854,6.62803759017679
"MFN2",FALSE,FALSE,-0.410765430178406,0.0491698407859276,7.45710075605451
"MFSD4A",FALSE,TRUE,-2.26886539680084,0.00653320048965886,5.22753406837798
"MGAT4B",FALSE,FALSE,-0.654559351274599,0.0277918666721085,8.03019316524695
"MGAT5",FALSE,FALSE,-0.50605268838298,0.0615558345199305,4.42807937585624
"MGMT",FALSE,FALSE,-0.395233113506873,0.0777789901891108,3.30332041828387
"MGST1",FALSE,FALSE,-1.03582930206507,0.0804594969855566,6.05209323346004
"MGST2",FALSE,FALSE,-0.870587906881618,0.017716112189572,5.0274774974866
"MGST3",TRUE,FALSE,-0.801939594153015,0.054702223083328,6.70576939083245
"MICAL3",FALSE,FALSE,-0.433549822074827,0.0488822286064068,6.437452307318
"MICU1",FALSE,FALSE,-0.741550842557357,0.0101320874497578,6.02852539277288
"MICU2",FALSE,FALSE,-0.55702497102028,0.0514348336931056,6.00233618027227
"MIOX",FALSE,FALSE,-3.32086631918328,0.00823889070907114,8.43713365363096
"MIPOL1",TRUE,FALSE,-0.617869824697266,0.0354616094094872,2.74830002385439
"MISP3",FALSE,FALSE,-0.701196774369425,0.0326560720194185,2.96505364743822
"MITF",FALSE,FALSE,-0.418019200584777,0.0936136381068117,5.37617200910941
"MIX23",TRUE,FALSE,-0.443300208913496,0.069207615881036,3.12065756737955
"MKKS",FALSE,FALSE,-0.752117102619468,0.0142191424766456,4.55414369143072
"MLLT10",FALSE,FALSE,-0.361302779517279,0.0444135563336031,5.28959369981902
"MMAA",FALSE,FALSE,-0.480556548724108,0.0504025883567439,3.08607289563777
"MMACHC",TRUE,FALSE,-0.755078034929316,0.0293015013645921,3.87041394966258
"MME",TRUE,FALSE,-2.1869652123457,0.0154969079768391,7.74660706031412
"MMS19",FALSE,FALSE,-0.507477287029657,0.0197929391485239,6.32799799660486
"MMUT",FALSE,TRUE,-1.11564586093238,0.0228793258643145,6.14217152817497
"MNAT1",FALSE,FALSE,-0.335755515415515,0.0635575579301884,3.39245173178127
"MOB3B",FALSE,FALSE,-1.04930789322297,0.0223997366065594,5.61727211408164
"MOCS2",TRUE,FALSE,-0.777844286728247,0.0291337537549721,4.0605672846495
"MOGAT1",FALSE,FALSE,-1.15097165637825,0.0135983527585162,2.01317995016753
"MOGAT3",FALSE,FALSE,-1.28153372255031,0.0732419495098343,9.8426086423767
"MOK",FALSE,FALSE,-0.438847625604534,0.0880864865987094,4.28254468493665
"MORN2",FALSE,FALSE,-0.827247538970576,0.0222502003270763,3.26338810804564
"MORN3",FALSE,FALSE,-0.945959433815956,0.0473050964377146,2.77407256697649
"MPC2",FALSE,FALSE,-0.453845737253508,0.0202392714937552,5.8210094963441
"MPG",FALSE,FALSE,-0.439437398649924,0.0354719920177619,5.11259487151043
"MPND",FALSE,FALSE,-0.884883563360695,0.0102695443597228,5.72910631245445
"MPP2",FALSE,FALSE,-1.6157706414298,0.0199936258582645,5.59060820562343
"MPP4",FALSE,FALSE,-0.312928380681927,0.0842526206460956,4.30630782954385
"MPV17L",TRUE,FALSE,-2.12384114760349,0.0311640594835275,3.03809578976761
"MREG",FALSE,FALSE,-1.11551068117873,0.0945789302277522,5.04745368978476
"MRNIP",FALSE,FALSE,-0.89460368134846,0.00380200555456329,4.4114540723361
"MRPL1",FALSE,FALSE,-0.438236587386434,0.0341792083943711,3.87576169552138
"MRPL12",FALSE,FALSE,-0.546187317042343,0.0425669334420288,5.63687831438892
"MRPL15",FALSE,FALSE,-0.481110734321979,0.0679463617795981,5.08099962561355
"MRPL19",FALSE,FALSE,-0.512094132976658,0.0689830756110168,3.51109835150645
"MRPL22",FALSE,FALSE,-0.395068099503641,0.0241514855298661,4.61491098994925
"MRPL28",FALSE,FALSE,-0.556348740622988,0.0545162875048335,6.31803306224796
"MRPL3",FALSE,FALSE,-0.656295021675088,0.0253967905254643,6.17214995611788
"MRPL35",FALSE,FALSE,-0.379025690141217,0.0662797962584953,3.14241564330026
"MRPL37",FALSE,FALSE,-0.417931041223529,0.0675517007892195,5.6939176284057
"MRPL44",FALSE,FALSE,-0.530942896884378,0.0557220569565161,4.57562704104046
"MRPL45",FALSE,FALSE,-0.387646019807418,0.0446609237482236,4.80291854780016
"MRPL49",FALSE,FALSE,-0.334583904111739,0.0446512117272876,5.30989158621052
"MRPL50",FALSE,FALSE,-0.821884883033625,0.0485711156715653,3.95545724181361
"MRPL53",FALSE,FALSE,-0.452363051756669,0.0925913730046132,5.06514794750936
"MRPS14",FALSE,FALSE,-0.447323037899709,0.0314612463976381,3.79850041650603
"MRPS15",FALSE,FALSE,-0.486881285319593,0.0459748272006041,6.05760152649659
"MRPS2",FALSE,FALSE,-0.462790166753567,0.0194530216514743,5.33040260489013
"MRPS26",FALSE,FALSE,-0.300373012787849,0.0647261285207976,5.22704399224475
"MRPS28",TRUE,FALSE,-0.632151977956142,0.0827432230219817,3.89999764805763
"MRPS33",FALSE,FALSE,-0.53564218507251,0.043324418495697,5.04129971941066
"MRPS36",FALSE,FALSE,-0.756696721217791,0.0270545007244357,4.82432120998948
"MRPS5",TRUE,FALSE,-0.524108683590329,0.0245984270450917,5.36576671270992
"MRPS6",FALSE,FALSE,-0.333722874809876,0.0925913730046132,3.68957835636333
"MRPS9",FALSE,FALSE,-0.609964107985284,0.0353115232848673,5.03395133985222
"MRRF",FALSE,TRUE,-0.454940529503039,0.0293015013645921,4.51232226920045
"MSANTD4",FALSE,FALSE,-0.564612779549154,0.0115838623886836,4.63171112060193
"MSH5",FALSE,TRUE,-0.696699616836013,0.0502828230530936,3.36218075518234
"MSRB1",FALSE,FALSE,-0.688215021312848,0.0591074799874075,5.20201653338233
"MTARC2",FALSE,TRUE,-0.946552692656319,0.0609683776977131,7.55913735149242
"MTCH2",FALSE,FALSE,-0.565417799501075,0.0451696395500034,6.15981483781868
"MTFR1L",FALSE,FALSE,-0.255674538112275,0.0263176321107572,5.59914353702729
"MTHFD1",TRUE,FALSE,-0.525001265889625,0.0460224392836349,7.17373246065709
"MTLN",FALSE,FALSE,-0.49841010491965,0.0371734078131957,2.75063178735382
"MTMR10",FALSE,FALSE,-0.64315446714135,0.074116395636281,6.41031785859109
"MTMR4",FALSE,FALSE,-0.869943489721951,0.0115400332224042,5.79015211501003
"MTNR1B",FALSE,FALSE,-1.27953299036211,0.0235317257924687,1.35612713139713
"MTO1",FALSE,FALSE,-0.489866447912775,0.0954379004755095,4.59459693620309
"MTRFR",TRUE,FALSE,-0.564389347003958,0.0197929391485239,2.1926494920935
"MTSS1",FALSE,FALSE,-0.370255769066019,0.0871760239768214,6.68191949395959
"MTTP",FALSE,TRUE,-3.25945897433649,0.016392845401973,0.47052288960355
"MTUS1",FALSE,FALSE,-0.771534361303669,0.0365646297129202,7.04092028369331
"MTX1",FALSE,FALSE,-0.459457595877031,0.0454612136004815,5.12606852876887
"MUC20",FALSE,FALSE,-0.958641527230027,0.0460993611954658,4.56031032238396
"MVB12B",FALSE,FALSE,-0.291569648993808,0.0868264108937109,4.7649282741021
"MXI1",FALSE,FALSE,-0.832187315762122,0.0377797473826803,6.01976069782425
"MYBPC3",FALSE,FALSE,-0.816968707683272,0.0930109352988188,1.26814715855486
"MYCBPAP",FALSE,TRUE,-0.743535122310305,0.0551427055116205,5.00596183637672
"MYCT1",FALSE,FALSE,-0.670605925071806,0.0926253651952904,2.3382528257117
"MYL6B",FALSE,FALSE,-0.618607801436725,0.0569777941161053,3.28071724432894
"MYO15A",FALSE,FALSE,-1.45595164743037,0.0154969079768391,4.57059018401581
"MYO5B",FALSE,FALSE,-0.813365099993355,0.0606404168313472,6.1270790432226
"N4BP1",FALSE,FALSE,-0.175350340283492,0.0995225623969401,5.97780433323916
"NAAA",TRUE,FALSE,-1.24878896389498,0.0448439090309498,8.822980142328
"NABP2",FALSE,FALSE,-0.404004369159972,0.0218267962914556,6.25741463452428
"NADK",FALSE,FALSE,-0.47877154553087,0.0363179818447436,7.58239046918336
"NADK2",FALSE,FALSE,-0.553819248989729,0.0394409415318837,3.68921975506216
"NAGA",FALSE,TRUE,-0.686059383308075,0.0440119268200959,6.65704261195344
"NAGS",FALSE,FALSE,-2.86972840186267,0.0189384347967215,0.431635601049885
"NAPB",FALSE,FALSE,-0.566529451087153,0.0563613753522505,4.01556538533567
"NAPRT",FALSE,FALSE,-0.423221973215917,0.0572235525150522,5.61630275237249
"NARS2",FALSE,FALSE,-0.479166277985671,0.058599529761808,3.10696867232432
"NAT14",FALSE,FALSE,-0.4080451266969,0.0898537878037223,3.47930651832581
"NAT8L",FALSE,FALSE,-1.68695524542676,0.0315763211567364,3.91979708834322
"NATD1",FALSE,FALSE,-0.329777389903954,0.0592750847266929,5.76553747513274
"NBR1",FALSE,FALSE,-0.487511417699558,0.0438552245599943,7.73359382585067
"NCBP2",FALSE,FALSE,-0.394335249904956,0.064283770684678,2.33221604920778
"NCBP2AS2",FALSE,FALSE,-0.515338789178638,0.0665241426911895,3.59849344505105
"NCKAP5",FALSE,FALSE,-0.877791430962727,0.0215812549216285,2.8102715113642
"NCOA1",FALSE,FALSE,-0.310969261393824,0.0606404168313472,5.91830196822568
"NCOA4",FALSE,FALSE,-1.78252063030846,0.00846724019655075,8.19808125084124
"NCOA7",FALSE,FALSE,-0.824137338724376,0.0367347384508706,6.18015406071921
"NDNF",FALSE,FALSE,-1.67637363368245,0.0423351870911336,5.30955554277181
"NDRG3",FALSE,FALSE,-0.323787690337048,0.0198176971895401,5.76021405724803
"NDUFA1",FALSE,FALSE,-0.692334796484891,0.0132091613381835,5.61207705945049
"NDUFA10",TRUE,FALSE,-0.60456800859109,0.0578429831768557,6.96733475090181
"NDUFA11",FALSE,FALSE,-0.484237698596385,0.0540634204856211,5.9285010489884
"NDUFA12",TRUE,FALSE,-0.613411020277392,0.0336631622856199,5.94433721138235
"NDUFA13",FALSE,FALSE,-0.568523897510847,0.0397656853690798,7.2806375857655
"NDUFA3",FALSE,FALSE,-0.386028546060799,0.0782955086097156,6.32478576427496
"NDUFA4",TRUE,FALSE,-0.52076668285275,0.0424172522152557,6.70225797769503
"NDUFA6",TRUE,FALSE,-0.507383670503012,0.0419047367384341,5.34706830542082
"NDUFA8",FALSE,TRUE,-0.655410385754313,0.0170588536876254,6.00290076618525
"NDUFA9",FALSE,FALSE,-0.798320930534982,0.0374399784443729,6.37257207288139
"NDUFAB1",FALSE,TRUE,-0.728599736645232,0.025180536331145,6.06069111791276
"NDUFAF5",FALSE,FALSE,-0.550029941538989,0.0669951221781059,3.45006162898094
"NDUFAF7",FALSE,FALSE,-0.539875562311105,0.0290741727803766,3.04686967643834
"NDUFAF8",FALSE,TRUE,-0.419434630768176,0.0563943403855904,4.05854900296112
"NDUFB1",FALSE,TRUE,-0.516383781529483,0.0599730097245385,4.86206533125668
"NDUFB10",FALSE,FALSE,-0.427210260551132,0.070081072155918,6.00561313496922
"NDUFB11",FALSE,FALSE,-0.56640939053678,0.0281604421995401,5.70730989319731
"NDUFB2",TRUE,FALSE,-0.445500430930148,0.0984777304437471,5.69140040310554
"NDUFB3",FALSE,FALSE,-0.4047213201825,0.0839013654718288,5.36900018335922
"NDUFB5",TRUE,FALSE,-0.650230283825728,0.0437744275298405,5.18161795375959
"NDUFB6",FALSE,TRUE,-0.404229577807381,0.0705603784805422,4.89861177971542
"NDUFB8",FALSE,FALSE,-0.51235900256263,0.0348067332058564,6.60894961998414
"NDUFC1",TRUE,FALSE,-0.681469047895913,0.0245984270450917,5.35023418570533
"NDUFS1",TRUE,FALSE,-0.835191531677452,0.0547725837719316,6.92949818895177
"NDUFS2",FALSE,FALSE,-0.506561266714742,0.0577442665436297,7.73321164931778
"NDUFS3",FALSE,FALSE,-0.753481905510149,0.0162849898496127,6.3921516426233
"NDUFS4",FALSE,FALSE,-0.448875625579805,0.0626137057027038,5.57001660944311
"NDUFS5",FALSE,FALSE,-0.532296221200358,0.0196462861173838,6.29855390228154
"NDUFS6",FALSE,FALSE,-0.49192046008605,0.0755064854724282,5.54842809152141
"NDUFS8",FALSE,FALSE,-0.554156327047473,0.0295522746327332,6.16339675886591
"NDUFV1",FALSE,FALSE,-0.754466938932202,0.0332919606145021,7.38254880873308
"NDUFV3",TRUE,FALSE,-0.654340555350209,0.0231359754935337,5.95953584916254
"NEBL",FALSE,FALSE,-0.748912482305504,0.0970777976524091,6.6213644370483
"NEDD4L",FALSE,TRUE,-0.678288382348014,0.0570035748954199,7.25917129496088
"NEIL2",FALSE,FALSE,-0.60822968627356,0.0933742345738312,4.65665666659634
"NEK4",FALSE,TRUE,-0.580773478574935,0.0237212617569808,4.67531820690304
"NELFCD",FALSE,FALSE,-0.443851817685231,0.0257314273593809,6.3979260125168
"NENF",FALSE,FALSE,-0.519858414226404,0.00894893465167681,6.52603835976153
"NFIB",FALSE,FALSE,-0.78864004297513,0.0352126130323532,6.75644940153897
"NFKBIL1",FALSE,FALSE,-0.449061320200277,0.0653820812601504,4.56879487592481
"NFS1",FALSE,FALSE,-0.923969285891838,0.0630919840517629,6.57031503049833
"NFU1",FALSE,FALSE,-0.759571491503797,0.078868841035451,5.11877264394058
"NFYC",FALSE,TRUE,-0.416390299476713,0.0290177312215247,5.80354141251872
"NINJ1",FALSE,TRUE,-0.368208214129096,0.0334276836056818,6.0322948009637
"NINL",FALSE,TRUE,-0.494082985962957,0.0731767520219458,5.57288229125535
"NIPAL1",FALSE,FALSE,-1.21121959336115,0.02188947523314,2.63125461474448
"NIPAL3",FALSE,FALSE,-0.404705448220516,0.00793978426049497,5.90400844057768
"NIPSNAP2",TRUE,FALSE,-0.791476874460875,0.023188171044816,5.9341122506631
"NIT1",FALSE,TRUE,-0.648657553382988,0.0559843540345342,5.44498002196656
"NIT2",FALSE,FALSE,-0.902055738069154,0.0975158271861924,8.186099041461
"NLGN4X",FALSE,FALSE,-1.81589747087449,0.022038279220203,0.794772847321753
"NMB",FALSE,FALSE,-1.92042826383033,0.0621040789973636,6.54508296507436
"NME4",FALSE,FALSE,-0.487284676701917,0.0308157098397437,6.13780476280415
"NMNAT1",FALSE,TRUE,-0.517037881496778,0.0424073395510241,3.61062761682607
"NMNAT3",FALSE,FALSE,-0.748329482663097,0.0360888741342085,4.26272417722679
"NMRK1",FALSE,FALSE,-0.763002945396696,0.0188362297514592,3.0583304045549
"NOA1",FALSE,FALSE,-0.580277655122432,0.0176087917676422,5.04266544253908
"NOS2",FALSE,FALSE,-0.965631668778388,0.0664254887383506,1.80012173533962
"NOVA1",FALSE,FALSE,-0.946080677690116,0.0185421209660846,1.36734598983599
"NOX4",FALSE,TRUE,-2.76253767960328,0.0197929391485239,6.12025641604575
"NPB",FALSE,FALSE,-1.90998874821539,0.0173325529059779,0.959935185039865
"NPEPPS",FALSE,FALSE,-0.680567070626171,0.0134969215134162,6.61726441561855
"NPHS1",FALSE,FALSE,-1.70891134852149,0.0286805126480211,5.76363377152387
"NPHS2",FALSE,FALSE,-1.27280313124077,0.0875293396197725,6.23153295802058
"NPR1",FALSE,FALSE,-0.728024004803414,0.0459748272006041,6.98041927044917
"NPRL2",FALSE,FALSE,-0.336266908709507,0.0292536094742236,4.69460108122445
"NPTX1",FALSE,FALSE,-1.38809217872248,0.017716112189572,0.97545353066461
"NPY2R",FALSE,FALSE,-3.14078029251297,0.00611192607806737,1.44083218734882
"NQO2",FALSE,FALSE,-1.17422728584164,0.0496638890311049,7.15127893639183
"NR1D1",FALSE,FALSE,-0.945179172807376,0.0245984270450917,4.47121275312831
"NR1D2",FALSE,FALSE,-0.672368379452131,0.0272825130609225,5.54479584554218
"NR1H4",FALSE,FALSE,-1.46432152794742,0.0290160332017628,1.49198206997168
"NR1I3",FALSE,FALSE,-2.72002979511977,0.0233570160399139,4.33711474768241
"NR2F6",FALSE,FALSE,-0.800422616616623,0.0300400036424179,6.35500334788778
"NR3C1",FALSE,FALSE,-0.483784123149037,0.0208891789272678,6.03077214825386
"NR3C2",FALSE,FALSE,-0.903054018037075,0.0144588921418935,4.43340479274802
"NRBF2",FALSE,FALSE,-0.280673494298783,0.0607541023765624,4.10684022025155
"NRG4",FALSE,FALSE,-1.64296811325712,0.0162849898496127,1.71369846675693
"NRL",FALSE,FALSE,-0.673884997599162,0.0390147111492045,2.34726855683824
"NRN1L",FALSE,FALSE,-1.9074073910492,0.0228698011602362,1.84502286242821
"NSUN4",FALSE,TRUE,-0.760759610400473,0.0464349451157744,5.00499528156534
"NTAQ1",FALSE,TRUE,-0.455849949599963,0.0571098976792099,3.28339364656905
"NTNG2",FALSE,FALSE,-1.41297468761402,0.0172513470571835,4.90288919402753
"NTRK3",FALSE,FALSE,-0.957640801008249,0.0549063562903088,4.75767873613697
"NUDT12",FALSE,FALSE,-1.03387790169288,0.0909899570268376,3.59609179109102
"NUDT13",FALSE,FALSE,-1.23704589322336,0.0944337766316946,6.61168738463158
"NUDT14",FALSE,FALSE,-0.53409312620246,0.0382482202275623,4.99700894458898
"NUDT16",FALSE,TRUE,-0.509685632151338,0.0841979915415244,5.04838069842425
"NUDT16L1",FALSE,FALSE,-0.512413362327094,0.0514099000705409,4.24839185351199
"NUDT17",FALSE,FALSE,-0.243443516137412,0.0720382182487909,3.91968176333791
"NUDT19",FALSE,TRUE,-1.05918583965968,0.0669951221781059,6.07297391407477
"NUDT2",FALSE,FALSE,-0.425465448089555,0.0313017645797794,4.06764322281281
"NUDT5",FALSE,FALSE,-0.656031302135913,0.0117359827762105,4.99320894217786
"NUDT7",FALSE,FALSE,-1.28846142977276,0.0402117313471467,4.86776595830266
"NUGGC",FALSE,FALSE,-1.30149796271118,0.0209812486455079,2.45584274327746
"NUMB",FALSE,FALSE,-0.484845877235806,0.0173837458248364,6.32491859971037
"NXPH4",FALSE,TRUE,-1.4496984132238,0.0398027032987641,3.32316792871488
"OCIAD2",FALSE,FALSE,-1.0745921506326,0.00727384289321545,4.2556997507093
"ODF2L",FALSE,FALSE,-0.562282693563066,0.0516614381351119,1.88036323413958
"ODR4",FALSE,FALSE,-0.698620929907876,0.0112777869989209,4.98397864151089
"OGDH",FALSE,FALSE,-0.885235032631588,0.0408991618259227,8.90094693398902
"OGDHL",TRUE,FALSE,-1.12892135895521,0.0958897043963544,5.48284111967013
"OGFOD2",FALSE,FALSE,-0.323601369657142,0.0379342278319539,3.89466842081364
"OGG1",FALSE,FALSE,-0.634882773791622,0.0135250752993797,3.84671144536863
"OPA1",FALSE,FALSE,-0.482562988700259,0.0880924187064876,5.38916058215655
"OPHN1",FALSE,FALSE,-0.507345624683559,0.0875637952807359,3.99368294569858
"OPLAH",FALSE,FALSE,-0.646037845851021,0.0574012543837835,5.32317325134648
"ORC3",FALSE,FALSE,-0.440575964596117,0.0804594969855566,3.99628105480872
"OSBPL2",FALSE,FALSE,-0.223120182606113,0.0870923057588829,5.87759065166496
"OSBPL6",TRUE,TRUE,-0.574133863772278,0.0251326255755841,4.16585702672458
"OSBPL8",FALSE,FALSE,-0.870319903643394,0.0743119862353517,5.9582253094028
"OSBPL9",FALSE,FALSE,-0.257669760375647,0.0709020856489185,5.76548096980552
"OSCP1",FALSE,FALSE,-0.525734304961559,0.0258804480442637,4.30087173863725
"OSGEPL1",FALSE,FALSE,-0.416670374989811,0.0853842667820353,3.24993364107769
"OTUD1",TRUE,FALSE,-0.576363337631713,0.0343592014040127,4.11449724335102
"OTUD3",FALSE,FALSE,-0.582710952201164,0.0048133053088007,4.51490273983043
"OXCT1",FALSE,TRUE,-1.22499249256399,0.0172113804114389,6.77739394631982
"OXGR1",FALSE,FALSE,-4.46677357995904,0.00564895345491955,-1.1360764199424
"OXNAD1",TRUE,FALSE,-0.515361869073348,0.0725289203456908,3.81740552703984
"OXR1",FALSE,TRUE,-0.713910767020193,0.0895503557074601,6.78932666885173
"OXT",FALSE,FALSE,-2.36929332820758,0.0286857093504765,1.39175238917835
"OXTR",FALSE,FALSE,-2.81233181966497,0.00810044516608624,1.13070213060782
"P2RY2",FALSE,FALSE,-0.707872236016791,0.0945858065145378,4.61643272440699
"P3H2",FALSE,FALSE,-0.492432850275386,0.0682433508552489,7.58427486631661
"PABIR2",FALSE,FALSE,-0.242911837391424,0.0723544742537224,4.86155732370796
"PACSIN2",FALSE,FALSE,-0.491298082593434,0.0281385089530953,7.06550371987393
"PAFAH2",FALSE,FALSE,-0.766022973569861,0.0630359986142925,5.56637925412531
"PAICS",FALSE,FALSE,-0.450311571803928,0.0726562770079695,4.77038972800092
"PAIP2",FALSE,TRUE,-0.286077270673903,0.029714410942754,6.0403468082224
"PAIP2B",FALSE,FALSE,-0.552443422494945,0.0125646594176309,3.64662951801522
"PALM3",TRUE,TRUE,-0.9089844109713,0.0138099311924551,6.59326267795999
"PALS1",FALSE,FALSE,-1.24860449653316,0.0151272351877785,6.3415032417399
"PAOX",FALSE,FALSE,-1.23101897334332,0.0424019671285917,4.8211514178039
"PARD3",FALSE,FALSE,-0.618742878706906,0.0350285095910011,6.43644402101354
"PARD3B",FALSE,FALSE,-0.581779854686641,0.0443983759859726,5.52943296211964
"PARD6G",FALSE,FALSE,-0.867818941747548,0.0840599271049351,2.74222708173428
"PARK7",FALSE,FALSE,-1.04949483990845,0.0125469047404911,7.85668750882704
"PARP3",FALSE,FALSE,-0.77552174417696,0.0351861683058426,6.22651579700075
"PATJ",FALSE,FALSE,-0.63935909466107,0.058599529761808,6.89712262024449
"PCBD1",FALSE,TRUE,-1.15865070719281,0.0181605953794278,6.53855999521803
"PCBD2",FALSE,FALSE,-0.835675592603086,0.0083238758002407,2.61157199302491
"PCBP2",FALSE,FALSE,-0.426069729296589,0.0304554285739616,8.95927160807408
"PCBP4",FALSE,FALSE,-0.525617677467081,0.0223095177481056,6.41640023739484
"PCCA",FALSE,FALSE,-1.26567658953417,0.0272825130609225,7.0195035616062
"PCDH12",FALSE,FALSE,-0.750517496937023,0.058788418722734,4.21802935084076
"PCDH17",FALSE,FALSE,-1.53209430592642,0.00810044516608624,4.08833607178313
"PCDH7",FALSE,FALSE,-1.136220755443,0.0511222465608314,4.02916486490551
"PCK2",FALSE,FALSE,-2.11676950730397,0.00819023980252681,8.0097604658962
"PCMTD1",FALSE,FALSE,-0.345072746984246,0.0793458514149207,5.72647549291414
"PCNT",FALSE,FALSE,-0.42190951531786,0.0176087917676422,5.76976061641549
"PCSK4",FALSE,TRUE,-0.719341545410647,0.0335079980209656,4.43550494667067
"PCYT2",FALSE,FALSE,-0.824980444309465,0.0596884990688632,7.92345537008217
"PDE11A",FALSE,FALSE,-1.29493249434968,0.031284201927925,0.542651136306934
"PDE1A",FALSE,FALSE,-0.629701276499332,0.0747469882482458,5.14365055037834
"PDE1C",FALSE,FALSE,-0.765684197782258,0.0379545010963794,1.39350055173296
"PDHB",FALSE,FALSE,-0.747640164594247,0.0327730393977828,6.31491972417549
"PDILT",FALSE,FALSE,-1.94186464392296,0.0387793777818307,0.531299528656941
"PDLIM2",FALSE,FALSE,-0.739931144165201,0.0290177312215247,5.80965415050018
"PDPR",FALSE,TRUE,-0.292511565718889,0.0571211301831293,5.73756321375652
"PDSS2",FALSE,FALSE,-0.673971932425772,0.0579580108768034,3.93272884142306
"PDZD11",FALSE,FALSE,-0.316001846490336,0.0408638090936747,4.14143656718869
"PDZD2",FALSE,FALSE,-1.80644227324665,0.00295747396639751,4.91108378421397
"PDZD3",FALSE,FALSE,-1.09238586922954,0.00589315422349387,5.64635893628791
"PEBP1",FALSE,FALSE,-1.13575178743214,0.0200517274529446,9.26710463081587
"PEBP4",FALSE,FALSE,-0.884023915050197,0.0778148572014411,4.06683115948105
"PELI2",FALSE,FALSE,-0.783932486356078,0.0251326255755841,2.62634431226532
"PEPD",FALSE,FALSE,-1.43274530555096,0.0454612136004815,8.08861793751365
"PER3",FALSE,FALSE,-1.36160464930975,0.0430148102817284,2.77783229535088
"PEX11G",FALSE,FALSE,-0.53300504994966,0.0916506279641137,4.79169825531354
"PEX26",FALSE,FALSE,-0.403351426687298,0.0746208372208568,5.52599570581509
"PEX5",FALSE,FALSE,-0.651913668340256,0.0484641404674161,7.23718463988171
"PFAS",TRUE,TRUE,-0.405079939121286,0.0377205231817996,6.54095194450902
"PFKFB1",FALSE,FALSE,-3.44171370912198,0.00753105946404048,-0.36189468614544
"PFKM",FALSE,TRUE,-0.64526396955413,0.00418641006145247,6.16351164694012
"PGK1",FALSE,FALSE,-0.800209578729732,0.0202392714937552,7.99019179606373
"PGM3",FALSE,FALSE,-0.500295918460933,0.0648704878423405,4.61531709260822
"PGRMC2",FALSE,FALSE,-0.459275585983238,0.051965663694011,5.58006774349106
"PHACTR4",TRUE,FALSE,-0.429011021331466,0.0162831409125398,6.64442383876956
"PHAX",FALSE,FALSE,-0.352846980292571,0.0875108219053934,4.296899952243
"PHB1",FALSE,FALSE,-0.600968214661248,0.0353115232848673,7.13596886914781
"PHB2",FALSE,FALSE,-0.423466672688843,0.0409431042564798,7.46157447679144
"PHF3",FALSE,FALSE,-0.314669789773842,0.071155702658873,5.84404607658569
"PHGDH",FALSE,FALSE,-0.820926908900788,0.0226434689799859,5.49916804994684
"PHKA1",FALSE,FALSE,-0.37162011654443,0.0294825832677184,4.11150355605928
"PHKB",FALSE,FALSE,-0.563185410180498,0.0568963189960909,6.22552553255784
"PHOSPHO2",TRUE,FALSE,-0.514324690569302,0.0660397592490171,3.2573365575286
"PHYHD1",FALSE,FALSE,-1.26922936104647,0.0682073887840498,5.9664496549701
"PHYHIPL",FALSE,FALSE,-2.24856364195089,0.00456181674189509,4.15833467103458
"PHYKPL",FALSE,FALSE,-0.928219188669156,0.0192263288591387,5.43064374426837
"PIEZO2",FALSE,FALSE,-1.85902634814334,0.00567032228060145,2.79000983114106
"PIGQ",TRUE,FALSE,-0.430419314839541,0.0564740661820558,7.0495868431258
"PIKFYVE",FALSE,TRUE,-0.59759212937492,0.0417918136055026,5.62929798105495
"PINK1",FALSE,FALSE,-1.06522363425658,0.0318355265937455,8.01607026918134
"PIP4K2C",FALSE,FALSE,-0.296687288480403,0.0456891736199425,5.62512376792795
"PJA1",FALSE,FALSE,-0.550495258090784,0.0327730393977828,5.59572837481046
"PJA2",FALSE,FALSE,-0.395772106033826,0.0415920350311749,6.5561357793733
"PKIG",FALSE,FALSE,-0.931941027984253,0.00567032228060145,6.0983389729704
"PKLR",FALSE,FALSE,-1.27151844242344,0.0341808116606732,3.23211421638963
"PKP2",FALSE,FALSE,-1.09400304084884,0.0353437924759295,4.60767783151721
"PKP4",FALSE,FALSE,-0.765775109200586,0.0189384347967215,7.25219707825826
"PLA2G12B",FALSE,FALSE,-1.44395872187628,0.0596788654152836,3.20596576868817
"PLAG1",FALSE,FALSE,-0.654661986185757,0.0377532838072238,1.24377988073271
"PLAT",FALSE,FALSE,-0.492790069066622,0.099457317074209,7.54072401954508
"PLCD4",FALSE,FALSE,-0.981356318286844,0.0532488931682245,0.820082375044007
"PLCE1",FALSE,TRUE,-0.826974154462087,0.0405119844297532,5.67961908071967
"PLCL1",FALSE,TRUE,-0.79740421236004,0.0643043973481276,4.44465546649745
"PLD5",FALSE,FALSE,-2.0130293917915,0.00327173283977585,1.86816490012996
"PLEKHA5",FALSE,FALSE,-0.554059770882416,0.0197153311323847,5.97951544685165
"PLEKHA6",FALSE,FALSE,-1.27064070311894,0.00771269049153803,7.10032529492218
"PLEKHD1",FALSE,FALSE,-2.08283361335545,0.0176087917676422,1.41259316552989
"PLEKHG3",FALSE,FALSE,-0.496241909940082,0.0940638314724634,7.12628876420523
"PLIN5",FALSE,TRUE,-2.32620752845122,0.00835591892055131,3.97944892337053
"PLPBP",FALSE,FALSE,-0.808530535677082,0.0325267568386599,5.86839267009398
"PLPP3",FALSE,FALSE,-0.663773462429302,0.0361240172556811,7.23737611110994
"PLRG1",FALSE,FALSE,-0.281581606660744,0.0492892972878403,4.87420933083607
"PLXNA4",FALSE,FALSE,-0.79891518130942,0.0654159841634205,2.35765935557342
"PLXNB1",FALSE,FALSE,-0.662154892373253,0.0154162796343122,7.86005955591972
"PMPCB",FALSE,FALSE,-0.947388302294835,0.027926470116377,6.93474629076208
"PMVK",FALSE,FALSE,-0.763136748980633,0.0173837458248364,6.11864039363549
"PNCK",FALSE,FALSE,-0.787712746515921,0.0751940481909239,1.1604852916828
"PNP",FALSE,TRUE,-0.570925404629055,0.0425281252345578,6.67192001294174
"PNPLA3",FALSE,FALSE,-2.17346561821681,0.058599529761808,9.91672900279783
"POLDIP2",FALSE,FALSE,-0.632638735750533,0.0728032495323947,7.31533747953715
"POLL",FALSE,FALSE,-0.388230032671126,0.0458088609927711,3.08679869745737
"POLR2F",FALSE,FALSE,-0.341616349216815,0.0878737250831877,5.49955671012761
"POLR3B",FALSE,FALSE,-0.379597573734363,0.0537009906782319,4.57456654916791
"PON1",FALSE,FALSE,-2.50464212023522,0.0924740262851425,-0.542609443054032
"PPA2",FALSE,FALSE,-0.394444880966879,0.0996661321951018,5.37774914719997
"PPARA",FALSE,FALSE,-1.37811628703652,0.019803145149502,7.49829624011905
"PPARGC1A",FALSE,FALSE,-1.28498543926687,0.0176087917676422,5.44831749769994
"PPCS",FALSE,FALSE,-0.730242774356029,0.0381989896667746,4.88659819265797
"PPEF2",FALSE,FALSE,-1.98078212351382,0.00986695322831124,3.39641279420219
"PPFIA1",FALSE,FALSE,-0.348004229061906,0.0398143968041233,6.05621094909089
"PPFIBP2",FALSE,FALSE,-1.039160997157,0.00564895345491955,4.01038570248292
"PPM1B",FALSE,FALSE,-0.44087678818652,0.0916506279641137,6.01004494964408
"PPM1H",FALSE,FALSE,-0.919113988159186,0.0267318226805118,7.2527532710482
"PPM1K",FALSE,FALSE,-1.50129132093844,0.00579849586647244,6.58030028911196
"PPP1R16B",FALSE,FALSE,-0.866590926864446,0.0328741250565214,6.61786116672487
"PPP1R1A",FALSE,FALSE,-2.79410181447304,0.00894429318185634,3.96181044306277
"PPP1R26",FALSE,FALSE,-0.412505940312843,0.0921488556046722,5.78645082047715
"PPP1R37",FALSE,FALSE,-0.294642878551071,0.0491698407859276,6.2010513591467
"PPP2R2B",FALSE,FALSE,-1.26631909050977,0.0120846306775833,1.48082623253599
"PPP2R2D",FALSE,FALSE,-0.522964740702597,0.0105880881402435,6.20887583656723
"PPP2R5C",FALSE,FALSE,-0.393705380984802,0.0113595704958009,6.61210669224767
"PPP3CA",FALSE,FALSE,-0.609275656268596,0.0395583904943992,5.12905798723139
"PPP4R4",FALSE,FALSE,-1.03479258220065,0.0781871207859736,1.2081316844432
"PPP6R3",FALSE,FALSE,-0.381024553668283,0.0570599998616934,7.01085971301169
"PPT2",FALSE,FALSE,-0.413859411480962,0.0278193870506188,4.39760551475669
"PRDX5",TRUE,TRUE,-0.844928501406924,0.0197929391485239,7.62244361536761
"PRIM1",FALSE,FALSE,-0.868088443634881,0.0777352411345359,5.58524966045121
"PRKAB2",FALSE,FALSE,-0.373674992075115,0.0495354733369071,4.18447326006325
"PRKAG1",FALSE,FALSE,-0.18847545608375,0.0520428462768266,5.51473733803975
"PRKCE",FALSE,TRUE,-0.437690027047811,0.0473351896454842,4.10452524044466
"PRKCZ",FALSE,FALSE,-0.849558357835735,0.0141024350058848,6.05822827817441
"PRKN",FALSE,FALSE,-0.605383298597678,0.0517717596088221,2.56383159071493
"PRMT9",FALSE,FALSE,-0.301688002135814,0.0906665103507038,3.96055725835288
"PROC",FALSE,FALSE,-1.69490711033351,0.05571838386576,6.82138138943596
"PRODH2",FALSE,TRUE,-1.80731340234122,0.0261813118595267,4.58887106079861
"PRR13",FALSE,FALSE,-0.566003764352001,0.0944337766316946,7.26545112381048
"PRR35",FALSE,TRUE,-1.30641234236276,0.0515106966353291,2.79544662962847
"PRR5",FALSE,TRUE,-0.769152422679262,0.0454345875358668,5.58346303282258
"PRRG3",FALSE,FALSE,-1.58150770094539,0.00527035253119227,1.7489059346708
"PRRT1B",FALSE,FALSE,-1.34720730952042,0.0115400332224042,3.32250075539018
"PRSS12",FALSE,FALSE,-0.882143911623897,0.0238733565267111,4.14959856197512
"PRSS16",FALSE,FALSE,-1.22364907671091,0.0316929154922504,1.0495571664403
"PRSS53",FALSE,TRUE,-1.23167860057169,0.0197929391485239,4.46470436231068
"PRTFDC1",FALSE,FALSE,-0.659127260490203,0.0818265074570353,3.28230624426235
"PRXL2B",FALSE,FALSE,-1.08789411460993,0.00747719414796414,1.97033132375661
"PSMB7",FALSE,FALSE,-0.276610822327302,0.0921278737552054,6.76109763821343
"PSMD11",FALSE,FALSE,-0.372441891982891,0.0652667471261554,6.61741771899084
"PSMF1",FALSE,FALSE,-0.379482720505956,0.0617331045034378,6.08654068958606
"PSPH",FALSE,FALSE,-1.80080693174095,0.0161853644817342,4.14351743173947
"PTCD2",FALSE,TRUE,-0.343609348078158,0.0513875321835898,4.07019574021238
"PTCD3",FALSE,FALSE,-0.56103593765751,0.0596884990688632,6.6004091767338
"PTDSS2",FALSE,FALSE,-0.885435433486881,0.00295747396639751,6.3949744972694
"PTER",FALSE,FALSE,-1.73657662837795,0.0252715667372639,5.47227401988528
"PTGFR",FALSE,FALSE,-1.36612262975939,0.0133311097478053,2.38676152469384
"PTGR2",FALSE,FALSE,-0.782952186824293,0.0512258833650452,3.8875366769922
"PTH1R",FALSE,FALSE,-0.938850268387851,0.0612369081367137,7.71870771884905
"PTOV1",FALSE,FALSE,-0.380549970980879,0.0472751835192901,6.3415795405157
"PTPMT1",FALSE,FALSE,-0.613011889837867,0.0477746390082445,4.43527703090993
"PTPN13",FALSE,FALSE,-0.627050754328184,0.0294328086581528,7.42192695812342
"PTPN20",FALSE,FALSE,-1.32676677546986,0.0996770899594066,1.53380197866751
"PTPRD",FALSE,FALSE,-1.36929779252554,0.0290177312215247,6.41434878549216
"PTPRO",FALSE,FALSE,-1.51994349722911,0.0406972788514531,5.47647404395697
"PTPRQ",FALSE,FALSE,-1.62820590681149,0.0313722836849042,4.16037716800525
"PUS10",FALSE,FALSE,-0.513298822613291,0.0335883160562241,3.21616929515521
"PXDNL",FALSE,FALSE,-1.37057118185094,0.0454125885238008,4.85313602706836
"PXMP2",FALSE,FALSE,-1.32056519354307,0.040253262586268,4.75065759802222
"PYGB",TRUE,TRUE,-0.440330001692372,0.0430675006300446,6.5243139464215
"PYROXD2",FALSE,FALSE,-0.974124495148108,0.0207945221023943,6.71592003609261
"QDPR",FALSE,TRUE,-1.09971183181285,0.0312663490749582,6.79312555756708
"R3HDM1",FALSE,FALSE,-0.220549053626784,0.0624466372657542,4.62269578257095
"RAB11A",FALSE,FALSE,-0.400729369783222,0.0445310321105646,6.30309811316698
"RAB11FIP1",FALSE,TRUE,-0.696117479901237,0.00824878646409242,7.2336989536257
"RAB11FIP5",FALSE,FALSE,-0.722414312959549,0.0151272351877785,6.26862716158444
"RAB17",FALSE,FALSE,-0.997528975229478,0.0799970407955991,3.89748435542027
"RAB28",FALSE,FALSE,-0.478807531493064,0.0105880881402435,5.15382946312114
"RAB29",FALSE,FALSE,-0.720159029156862,0.0512586346347616,5.94781980178846
"RAB30",FALSE,FALSE,-0.598978175298492,0.0863269046779231,4.12200294249836
"RAB32",FALSE,FALSE,-0.995677017686875,0.0760817362774067,5.82735979410196
"RAB36",FALSE,FALSE,-0.97751906641281,0.0162831409125398,5.66009121930473
"RAB3A",FALSE,FALSE,-0.743616888859315,0.0213639505783175,3.44956493398199
"RAB40B",FALSE,FALSE,-1.26542518296481,0.00819023980252681,3.74002739149883
"RABGAP1L",FALSE,TRUE,-0.93925761985037,0.0117359827762105,6.39495557127459
"RABGGTB",FALSE,FALSE,-0.640787949106127,0.0350285095910011,5.82335687081123
"RABL2B",FALSE,FALSE,-0.257667744739843,0.0952401600170139,3.91796114940554
"RAD21",FALSE,FALSE,-0.360903436917732,0.0590953213096624,6.67700608205584
"RAF1",FALSE,FALSE,-0.231817917246556,0.0605994303078273,6.43464298489998
"RALBP1",FALSE,TRUE,-0.346145305821343,0.0308085495744682,6.4690383772616
"RALGAPA2",FALSE,FALSE,-1.00756558759154,0.0273904981309928,7.02336060746749
"RALGPS1",TRUE,FALSE,-0.513260299515459,0.0624550040121452,4.72919635846638
"RALYL",FALSE,FALSE,-1.76491620104994,0.0341312597671934,2.23025002828734
"RANBP2",FALSE,FALSE,-0.582406518306552,0.0547725837719316,7.20948079759496
"RAP1GAP",FALSE,FALSE,-0.742230909472093,0.0451771261838113,5.8090536429335
"RAPGEF2",FALSE,FALSE,-0.758744709732131,0.00801994078949917,6.01907133499567
"RAPGEF4",FALSE,FALSE,-0.88485905783332,0.0416827307039276,4.01322127295395
"RARS2",FALSE,FALSE,-0.386759554192893,0.0335439138784219,4.19255879227291
"RASEF",FALSE,FALSE,-0.752918472305274,0.0510157590805813,2.58198729267131
"RASGEF1B",FALSE,FALSE,-0.431983860656814,0.0612271645707961,5.45878461740232
"RASSF4",FALSE,FALSE,-1.17474924979901,0.0117043782972545,6.13169299585174
"RAVER2",FALSE,FALSE,-1.68155114373421,0.0172113804114389,4.09996674771578
"RBKS",FALSE,FALSE,-1.61037476109955,0.00759028081265153,3.29753411204662
"RBP1",FALSE,FALSE,-0.750146322818614,0.0172513470571835,6.98901059067788
"RBP5",FALSE,FALSE,-2.67101703371489,0.00295747396639751,4.86346846997499
"RBPMS2",FALSE,FALSE,-0.773742475535311,0.0268503435310892,5.42802812152611
"RC3H1",FALSE,FALSE,-0.438084089351244,0.0945127849626101,5.60598212140314
"RCAN2",FALSE,FALSE,-0.632057435951776,0.0514099000705409,4.55787866392386
"RCC1L",FALSE,FALSE,-0.505532056936962,0.0287852398673793,5.34988574050708
"RCOR3",FALSE,FALSE,-0.258067305965891,0.0972080720754173,4.74923275818315
"RDX",FALSE,FALSE,-0.400281011822131,0.0463140638068415,7.01714666507697
"REEP6",FALSE,TRUE,-1.14912696041781,0.0430148102817284,6.4039098203675
"RELL2",FALSE,FALSE,-0.793355624849751,0.0386869669890962,2.1055422587246
"RENBP",FALSE,FALSE,-1.41309902886055,0.0204184981529478,6.39496783028779
"REPS1",FALSE,FALSE,-0.365089718646741,0.0561742811897949,5.78481058630235
"RERE",TRUE,FALSE,-0.495841136996432,0.0102695443597228,7.9153355547843
"REV1",FALSE,FALSE,-1.09563528423425,0.0199636855636103,6.35832758189599
"REXO5",FALSE,FALSE,-2.03239459913202,0.0610068065017794,1.59905302332175
"RFNG",FALSE,FALSE,-0.403748827009589,0.0252522610741824,6.66099461011289
"RFX3",FALSE,FALSE,-0.356691603199618,0.0899010567698811,3.79090139775396
"RGL1",FALSE,FALSE,-0.469193044101367,0.0849604190278603,6.62585238269754
"RGN",FALSE,FALSE,-1.61381741506264,0.0406972788514531,4.92360455962796
"RGS7",TRUE,FALSE,-0.989503417410762,0.0124783140187165,1.84852620464022
"RHBDD3",FALSE,TRUE,-0.657517261414844,0.0197534810453927,4.3952154008501
"RHBG",FALSE,FALSE,-3.00975821730373,0.0095045340338583,5.48694340505314
"RHCG",FALSE,FALSE,-1.25510775427422,0.0121296261828912,7.81089777705992
"RHOBTB1",FALSE,FALSE,-1.12840825248083,0.0565404384004636,6.60750473330012
"RHOQ",FALSE,FALSE,-0.797994341165555,0.0592750847266929,6.53127324409312
"RHPN2",FALSE,TRUE,-0.589158913852464,0.0143388234754135,4.20866053569091
"RIDA",FALSE,FALSE,-1.66726465969033,0.0266936210190208,7.19767558398212
"RIMBP2",FALSE,FALSE,-0.767002036108152,0.0514348336931056,2.78076890136738
"RIMKLA",FALSE,FALSE,-1.48143195328438,0.0488009919408928,2.84798726344802
"RIMS1",FALSE,FALSE,-0.822852793051673,0.0188774452084458,3.66516802074248
"RIPK4",TRUE,TRUE,-0.84146035445469,0.03299469345905,4.85512583462223
"RIT2",FALSE,FALSE,-1.18715879947386,0.0570599998616934,1.4245032682909
"RMDN1",FALSE,FALSE,-0.334802068186423,0.0320064005968662,3.95872268606193
"RMDN2",FALSE,FALSE,-1.07695541105265,0.0368078663059152,3.97068246332995
"RMND1",FALSE,FALSE,-0.517579806937412,0.0402117313471467,4.90485292343083
"RMND5A",FALSE,FALSE,-0.536750425602289,0.0189036918046824,6.26496218578889
"RND2",FALSE,FALSE,-1.08390856151856,0.0296230314066611,3.02872609866223
"RNF10",FALSE,FALSE,-0.357424238615714,0.0547725837719316,8.16259898052829
"RNF114",FALSE,FALSE,-0.325367024353626,0.0492878236177344,7.14616143197376
"RNF152",FALSE,FALSE,-1.40058994558463,0.0794043761888067,7.95898560316773
"RNF185",FALSE,FALSE,-0.279793263664714,0.0521647255773339,5.44612270183486
"RNF208",FALSE,FALSE,-1.10764312092307,0.0105158300838607,2.62328225516622
"RNF212B",FALSE,TRUE,-2.13292292420027,0.00882599540508907,1.83461952379822
"RNF214",FALSE,TRUE,-0.264124845431716,0.0327089088800771,5.52008022653193
"RNF227",FALSE,FALSE,-0.748083478579576,0.0282641559952992,1.19727897730271
"RNF32",FALSE,FALSE,-1.1737670218231,0.0174663533783162,4.25558279885193
"RNF34",FALSE,FALSE,-0.367180847155191,0.0717103593995208,4.74755666017445
"RNF5",FALSE,TRUE,-0.381913115048108,0.0244226469985916,5.40893829451769
"RNFT2",FALSE,FALSE,-0.83321539653059,0.00489069565776943,2.3962869026047
"RNLS",FALSE,FALSE,-0.812536297107047,0.0105383275414171,3.03882347118289
"ROGDI",FALSE,FALSE,-0.554787610119466,0.088313810282639,5.09783382599812
"RORC",FALSE,FALSE,-1.11452511687552,0.0489929491937334,5.16947794049366
"RPA1",FALSE,FALSE,-0.430026154699315,0.0231831065586347,6.76753965021549
"RPA3",FALSE,FALSE,-0.362655285336642,0.0612369081367137,4.15292254673648
"RPL3L",FALSE,FALSE,-1.62552519466546,0.00510330735498936,0.732883982604729
"RPL7L1",FALSE,FALSE,-0.475998809171177,0.0767377576887523,5.7107088979193
"RPRD1A",FALSE,FALSE,-0.279490413028658,0.0304336200357447,4.71722748499212
"RPRD1B",FALSE,FALSE,-0.287497743768625,0.0857040351300455,4.93421499301419
"RPS27A",FALSE,FALSE,-0.388560066009827,0.0652667471261554,8.48892179679296
"RPS27L",FALSE,FALSE,-0.720200006847037,0.0397892962661504,5.98347849479363
"RPS6KA6",FALSE,FALSE,-0.88253050006957,0.0907121822540228,0.430939671744939
"RRAGD",FALSE,FALSE,-0.747675909165687,0.0529157472414669,4.8593077199231
"RRAS2",FALSE,FALSE,-0.642006806213955,0.0512971277481255,4.96298937946203
"RSPRY1",FALSE,FALSE,-0.441405302785236,0.0482948723911398,4.72025214025974
"RSRP1",FALSE,FALSE,-0.551263530342827,0.0365318809026318,5.68924257586521
"RTKN",FALSE,FALSE,-0.382278697951923,0.0802017808397915,5.76828259457464
"RTN3",FALSE,FALSE,-0.321107446485177,0.0916506279641137,7.04952838114238
"RTN4R",FALSE,FALSE,-0.512341275855853,0.0460660189252026,3.34242291373807
"RTP3",FALSE,FALSE,-3.23375712093675,0.0840599271049351,-0.661090366685682
"RXRA",FALSE,FALSE,-0.356143623481072,0.0459711949172875,6.59058056604379
"RXYLT1",FALSE,FALSE,-0.84718125504076,0.063320486092615,4.2141036856923
"S100A1",FALSE,FALSE,-2.38109296922956,0.00295747396639751,3.46417430333989
"SAFB2",FALSE,FALSE,-0.492774975989387,0.0195182026474223,7.28311585042642
"SAMM50",TRUE,FALSE,-0.799991982919921,0.0631006143524731,7.27160057153148
"SAP130",FALSE,TRUE,-0.322662386172468,0.0172513470571835,5.23891103543201
"SAP30L",FALSE,FALSE,-0.285375367516038,0.0493521351817458,5.27755939245974
"SARDH",FALSE,FALSE,-1.39502941954677,0.00655177768067473,6.40562113000768
"SAT1",FALSE,TRUE,-0.530712337555159,0.0830996939543653,8.31043071264354
"SAT2",FALSE,FALSE,-1.36725027418763,0.00662798804265849,6.17003330940274
"SAXO2",FALSE,FALSE,-0.850151823286633,0.0398143968041233,1.92554155966602
"SCAPER",FALSE,FALSE,-0.297332580484888,0.0400241286368831,4.01391216367007
"SCCPDH",FALSE,TRUE,-0.725289894323836,0.025180536331145,4.31915337145828
"SCG3",FALSE,FALSE,-1.68401257330953,0.0117359827762105,2.23047617882531
"SCLY",FALSE,TRUE,-0.537778753528495,0.0520392122471222,4.39103081346846
"SCO2",FALSE,FALSE,-0.54416515922341,0.0856651601769473,3.47908326729872
"SCUBE3",FALSE,TRUE,-0.788160316954166,0.0407028968622887,3.95510060932807
"SDHA",TRUE,FALSE,-0.806792181338845,0.084042480897397,8.69874419744838
"SDHAF3",FALSE,FALSE,-0.70374191729694,0.0375878136260852,0.990710080077603
"SDHB",FALSE,FALSE,-0.921493117041035,0.0468775120629518,7.25103953906795
"SDHC",FALSE,FALSE,-0.623471716243593,0.043521603278735,6.51725279623456
"SDHD",FALSE,FALSE,-0.75777183595841,0.0343950292441725,6.87560227914124
"SDR39U1",TRUE,FALSE,-0.694482566488555,0.0210163981370777,4.76847513068015
"SEC13",FALSE,FALSE,-0.959916092974699,0.0140310478996821,6.44334558174876
"SEC14L5",FALSE,TRUE,-1.51102243554098,0.0118700675755998,0.996510254986185
"SEC22A",FALSE,FALSE,-0.562762286051999,0.0959697932526136,3.92593264951692
"SEC31B",FALSE,FALSE,-0.318433103034846,0.0615987724255843,5.55752792637906
"SEC62",FALSE,FALSE,-0.43903681344113,0.0766372465158103,6.90427380446237
"SELENBP1",FALSE,FALSE,-1.15284365573335,0.0213639505783175,6.74352194207179
"SELENON",FALSE,TRUE,-0.555965401751565,0.0188362297514592,6.92563561478354
"SELENOO",FALSE,FALSE,-0.570802238531821,0.0234777932192389,5.73618722297798
"SELENOW",FALSE,FALSE,-0.471302447643588,0.0396810970543105,6.40665001327315
"SEMA3E",FALSE,FALSE,-1.19540163096953,0.0779358904315509,1.32725447681407
"SEMA3G",FALSE,TRUE,-1.28646561853613,0.049639535986984,7.17456396944209
"SEMA4G",FALSE,FALSE,-1.07059938562253,0.0216128270407455,5.23273463867748
"SEMA5B",FALSE,FALSE,-1.68873282857577,0.0159115251484878,2.3962835494295
"SERBP1",FALSE,FALSE,-0.285320680376937,0.0399186633551198,7.56248694984102
"SERPINA5",FALSE,FALSE,-3.23986257155293,0.00703497460027845,1.52330510573269
"SERPIND1",FALSE,FALSE,-2.08148498299941,0.0233261598943043,3.75724121087743
"SETD6",FALSE,FALSE,-0.302922447304404,0.0914743293583092,3.96004298427693
"SF3A1",FALSE,FALSE,-0.229587972932404,0.0841979915415244,7.15700526409602
"SFXN2",FALSE,FALSE,-1.18209603932789,0.0147765997976075,7.00853002647322
"SFXN5",FALSE,FALSE,-0.926891740717216,0.0906299521360861,6.14901849374573
"SGK2",FALSE,FALSE,-2.17779628072142,0.0193157227496245,6.12790992650625
"SH3D19",FALSE,FALSE,-0.492866633698434,0.0559256023698038,5.37336843153546
"SH3TC2",FALSE,FALSE,-1.03884759662275,0.0762508798775656,4.08145972468889
"SH3YL1",FALSE,FALSE,-0.794779761109883,0.0534152012801568,5.71998482954612
"SHBG",FALSE,FALSE,-1.64066814655685,0.00680787315136597,2.37733967793124
"SHH",FALSE,FALSE,-1.00644541896327,0.0905505567721186,0.926770204942067
"SHISAL2B",FALSE,FALSE,-2.10521382300765,0.00998519102677812,0.20199191938523
"SHMT2",FALSE,FALSE,-1.45916529412981,0.0166269378073377,7.40055417685171
"SHPK",FALSE,FALSE,-0.776051842737902,0.0340054202473007,3.23278882409455
"SHROOM2",FALSE,FALSE,-0.776365676855921,0.0399792388861823,5.66450226090075
"SIAH2",FALSE,FALSE,-0.568883398738602,0.0115735681715899,4.11937336720266
"SIGIRR",TRUE,FALSE,-0.447275659721122,0.0176087917676422,5.74393927618873
"SIL1",FALSE,FALSE,-0.344419547322778,0.0302503036920032,5.24515563416921
"SIM1",FALSE,FALSE,-0.924601565027797,0.0306225069886206,4.33962369623739
"SIMC1",FALSE,FALSE,-0.424082195954803,0.0744464175462972,3.85788549924337
"SIRT3",FALSE,FALSE,-0.420042151350066,0.0297106291148824,4.97447320897993
"SIRT5",FALSE,FALSE,-0.839265150441033,0.0124761343163969,4.97924853964799
"SIX4",FALSE,FALSE,-0.670193788587295,0.0541589926895771,1.18883666206295
"SKP1",FALSE,FALSE,-0.503458725716194,0.0656226522702131,7.45272025124085
"SLC10A2",FALSE,FALSE,-1.81906156206222,0.0760161117850018,4.84856654979375
"SLC12A3",FALSE,FALSE,-1.84621977870508,0.0468368511955109,8.37695896748798
"SLC12A8",FALSE,FALSE,-1.38517149922363,0.0188362297514592,1.53920952820617
"SLC13A2",FALSE,FALSE,-1.36629775707529,0.0997306628619373,6.62311622833504
"SLC15A2",FALSE,FALSE,-1.10776750592862,0.0620671179646159,6.59043388495672
"SLC16A2",FALSE,FALSE,-0.784541771816872,0.0919466724477158,6.34073013958817
"SLC16A4",FALSE,FALSE,-2.1953673474105,0.0245984270450917,5.9916968536918
"SLC17A4",FALSE,FALSE,-2.25701140644553,0.0636686952262715,2.73404364143801
"SLC17A5",FALSE,FALSE,-0.659865335355663,0.0395609945736259,5.10276618205237
"SLC18B1",FALSE,FALSE,-1.36828600082151,0.00556602708794708,3.52546387456004
"SLC1A7",FALSE,FALSE,-1.14211518637601,0.0197409500403066,9.16394965637866
"SLC22A1",FALSE,FALSE,-1.61883880041519,0.0431961519362994,7.96619676310563
"SLC22A11",FALSE,FALSE,-1.01110358711849,0.076426672777249,9.59952688761465
"SLC22A6",FALSE,FALSE,-1.8204698611999,0.0561742811897949,9.06609354279966
"SLC23A1",FALSE,FALSE,-1.69702891183349,0.0154969079768391,6.05765235042477
"SLC25A1",FALSE,FALSE,-0.937113399900769,0.0893252700689454,7.96791377679538
"SLC25A10",TRUE,FALSE,-0.626768572896971,0.0996661321951018,7.01220784642498
"SLC25A21",FALSE,FALSE,-0.974563817198642,0.0499137145789727,2.66029243938767
"SLC25A27",FALSE,FALSE,-1.49518757640079,0.0208179364426239,5.57084040222319
"SLC25A3",FALSE,FALSE,-0.534678922434962,0.0514348336931056,8.54018741240843
"SLC25A30",FALSE,FALSE,-0.791409691607872,0.0792120067574589,6.3437594597503
"SLC25A34",FALSE,TRUE,-1.4141581857311,0.0645185552397756,5.63771075554639
"SLC25A39",FALSE,TRUE,-0.661732798598802,0.0346582888638539,7.14135313683828
"SLC25A42",FALSE,FALSE,-1.33381425190964,0.0436187958598086,5.31985369673082
"SLC25A48",FALSE,FALSE,-1.35607245020009,0.0197929391485239,4.78781218837211
"SLC25A5",FALSE,TRUE,-0.955992878725511,0.0858781973987289,8.65445526381593
"SLC25A6",FALSE,FALSE,-0.547725843679839,0.021631068081382,9.64011167650556
"SLC26A2",FALSE,FALSE,-2.19861011086404,0.00810044516608624,7.09049579350012
"SLC29A3",FALSE,FALSE,-0.431325542187855,0.0511222465608314,5.06918027010426
"SLC2A4RG",FALSE,FALSE,-1.29159773958478,0.00611192607806737,5.18171220523374
"SLC31A1",FALSE,TRUE,-1.04533165405785,0.0295731823435628,6.82874317855352
"SLC34A1",FALSE,FALSE,-4.60348316592078,0.0158935235742152,9.67936463836018
"SLC34A3",FALSE,FALSE,-2.84107122479142,0.00529470112445939,3.91434988554324
"SLC35A1",FALSE,FALSE,-0.315359829371807,0.0773241210744189,3.76563424666089
"SLC35F5",FALSE,FALSE,-0.81745341371894,0.0673951682945025,5.97494738425077
"SLC39A4",TRUE,FALSE,-1.20494635493739,0.0500153225516479,3.89565138774478
"SLC39A5",FALSE,FALSE,-3.43821428445911,0.00409405845559333,4.36216960276897
"SLC39A8",FALSE,FALSE,-0.512127435967773,0.0744397064536526,5.96841826188251
"SLC4A1",FALSE,FALSE,-3.20443929226574,0.00567032228060145,3.86548450607573
"SLC4A1AP",FALSE,TRUE,-0.255899125299563,0.0603974433750443,4.55833204891721
"SLC4A5",FALSE,FALSE,-2.06231190164864,0.033882458705998,2.34397426400999
"SLC4A8",FALSE,FALSE,-1.45131421990152,0.0297106291148824,0.772585459883663
"SLC4A9",FALSE,FALSE,-1.86004201333293,0.00938576203425018,6.35143290559769
"SLC5A11",FALSE,FALSE,-1.06587530221703,0.0484641404674161,4.16526699374793
"SLC5A2",FALSE,FALSE,-2.26687501006688,0.00929825013241853,8.38152655354092
"SLC6A11",FALSE,FALSE,-1.89281062013935,0.0258086378129451,3.87119214963831
"SLC6A18",TRUE,FALSE,-2.24990422309888,0.0199338576510324,7.93221735647782
"SLC6A19",FALSE,FALSE,-2.66581062657499,0.0371734078131957,8.35958391334134
"SLC6A8",FALSE,FALSE,-0.924865160621414,0.0570774268984451,7.60738073925317
"SLC7A13",FALSE,FALSE,-2.23145584053058,0.0636969423654887,-0.174035735016558
"SLC7A7",FALSE,FALSE,-1.26185576615894,0.0315934178966161,5.91179251613443
"SLC7A8",FALSE,FALSE,-1.16423097961129,0.0514348336931056,7.72380355329283
"SLC7A9",TRUE,FALSE,-1.50378484626744,0.0569193970851582,6.62641928890031
"SLC9A3R1",FALSE,FALSE,-0.98731845006571,0.0288762176669726,8.31437105101611
"SLC9A4",FALSE,FALSE,-3.02709470508515,0.00424104458279326,-0.160038376027468
"SLCO1A2",FALSE,FALSE,-3.08070565718149,0.0424073395510241,1.28933947057954
"SLCO4C1",FALSE,FALSE,-1.71475653626876,0.0370955857646626,5.00388690219443
"SLITRK2",FALSE,FALSE,-1.69045169480135,0.0253610109766304,0.823045480166211
"SLX4IP",FALSE,TRUE,-0.444774511731352,0.0212989627745338,2.82107394609359
"SMAD6",FALSE,FALSE,-0.399418103044944,0.0496262778799204,4.55010810799319
"SMARCA1",FALSE,TRUE,-0.57912111367841,0.0289731060615928,4.44467119736503
"SMCR8",FALSE,FALSE,-0.379266169227381,0.0727939585503987,5.39350933851784
"SMDT1",FALSE,TRUE,-0.743064235019031,0.0210263044060229,5.91458128910039
"SMIM19",FALSE,TRUE,-0.412110354626888,0.056879273897975,4.38495581833035
"SMIM20",TRUE,FALSE,-0.621051800428543,0.0197929391485239,5.55122547302587
"SMIM24",FALSE,FALSE,-1.54547007934689,0.0419675674045931,6.98560599288989
"SMIM4",FALSE,FALSE,-0.768668534877604,0.0145096652718638,2.64874622431805
"SMIM8",FALSE,FALSE,-0.300317819312906,0.0996770899594066,2.68637272601313
"SMPX",FALSE,FALSE,-1.80701689716871,0.0227516502840965,1.53687896575251
"SMS",FALSE,FALSE,-0.825819590132242,0.0196417300382385,6.29847841585479
"SMYD1",FALSE,FALSE,-0.604481122106251,0.0590545231981035,1.36999771716407
"SMYD3",FALSE,FALSE,-0.674275229219984,0.0312663490749582,3.37081213116462
"SNAPC5",TRUE,FALSE,-0.555259490180942,0.0934248751222189,4.15129575543057
"SNRK",FALSE,FALSE,-0.421100961810708,0.0223095177481056,6.14782298868131
"SNRNP25",FALSE,FALSE,-0.837095478664554,0.0085747560245012,5.1221353900911
"SNRPD3",TRUE,FALSE,-0.338814113177776,0.0665321557882846,6.03047958585998
"SNRPN",FALSE,FALSE,-0.769038828711331,0.00577770871303924,4.32270298497918
"SNURF",FALSE,FALSE,-0.652212412781764,0.00925349105331495,4.88384246377917
"SNX1",FALSE,FALSE,-0.222968007385345,0.0514348336931056,6.41578393067195
"SNX12",FALSE,FALSE,-0.610580461699633,0.0357476957510165,5.72383001774585
"SNX2",FALSE,FALSE,-0.459675670097481,0.0198176971895401,6.08859716896718
"SNX24",FALSE,FALSE,-1.07881074283275,0.0240559659129835,5.11599959953212
"SNX25",FALSE,FALSE,-0.596549332485495,0.0688016592509231,5.08927502854137
"SNX27",FALSE,FALSE,-0.267761942440316,0.0518154563028774,6.00311161946692
"SNX3",TRUE,TRUE,-0.535603540706128,0.0125469047404911,6.67533335397987
"SNX32",FALSE,FALSE,-1.10971009811875,0.0197929391485239,2.88863189978622
"SNX5",FALSE,FALSE,-0.517224658349833,0.0473050964377146,6.45434289050003
"SNX7",FALSE,FALSE,-0.737123364802137,0.0289731060615928,4.00731833134267
"SOCS7",FALSE,FALSE,-0.645097247565706,0.0311734940018665,5.03446525782035
"SOD1",FALSE,FALSE,-1.08746713583167,0.0436446623872153,7.73282449529804
"SORCS1",FALSE,TRUE,-1.16708513078414,0.0148770835348901,1.90804846230907
"SORD",FALSE,FALSE,-1.79186044153769,0.0197929391485239,7.53775822534951
"SOWAHC",FALSE,FALSE,-0.580645521509981,0.0488848459154072,3.85391320781317
"SPATA1",FALSE,FALSE,-1.10356350101075,0.0537561893272303,1.68344220733171
"SPATA2",FALSE,FALSE,-0.423642358296515,0.0426892493539394,4.85856131664307
"SPATA24",FALSE,TRUE,-0.879959363769236,0.0354453785458302,2.46954691764947
"SPG7",FALSE,FALSE,-0.353157626701749,0.0295190929909564,6.36302395762749
"SPHK2",FALSE,FALSE,-0.358289154407021,0.0543811744140377,5.57482268075936
"SPINK5",FALSE,FALSE,-1.29150723340223,0.0386301542630725,1.74814475066673
"SPIRE1",FALSE,FALSE,-0.858906346636972,0.0315934178966161,5.73056798041673
"SPNS1",FALSE,FALSE,-0.271044835022007,0.0704311902571888,6.43618799428333
"SPR",FALSE,FALSE,-0.755597658742621,0.0155173814769633,5.93294414640267
"SPRING1",FALSE,FALSE,-0.42078153790235,0.045902138135855,4.14969025887754
"SPRYD4",FALSE,FALSE,-0.412257219854855,0.0901452856853035,3.62901260023174
"SPTAN1",FALSE,TRUE,-0.351224050631686,0.0906451413108044,9.42716426938416
"SPX",FALSE,FALSE,-0.570529535041076,0.0636686952262715,4.85586978947592
"SQSTM1",FALSE,FALSE,-0.499729637616232,0.0242559842201306,8.8065355701784
"SRD5A1",FALSE,FALSE,-0.430875974706645,0.0397892962661504,4.85617479103727
"SRL",FALSE,FALSE,-0.912697785442343,0.0326118325042886,2.11143388497422
"SRP14",TRUE,FALSE,-0.284013887297498,0.0661474311165694,6.16541762525355
"SRRM1",FALSE,FALSE,-0.437736159993324,0.0550202806857381,7.16496814541806
"SRRM3",FALSE,FALSE,-1.79440672874321,0.00835591892055131,1.96286129849838
"SRSF6",FALSE,TRUE,-0.393097203119928,0.0608820896044626,7.12288823860618
"SSNA1",FALSE,FALSE,-0.474174256750649,0.0137795646751651,4.94665565517658
"SSTR2",FALSE,FALSE,-2.8481550565187,0.0105158300838607,2.92926893464166
"ST13",FALSE,FALSE,-0.67178356492319,0.0209812486455079,7.74589935587094
"ST7L",FALSE,FALSE,-0.561031763153272,0.0689907245197935,3.36452147612109
"STARD8",FALSE,FALSE,-1.01336281639934,0.00670220056546078,5.75254014755475
"STAU2",TRUE,FALSE,-0.579114394227041,0.0110098402126772,4.8998267596645
"STC1",FALSE,FALSE,-1.52453691672996,0.019803145149502,3.97016884463208
"STEAP2",FALSE,TRUE,-0.5999321799493,0.0910113247364219,3.79616643325639
"STK16",FALSE,FALSE,-0.566489406047609,0.0062928196092467,5.54490030482103
"STK32A",FALSE,FALSE,-2.75373105666715,0.0233261598943043,2.64607501454237
"STK36",FALSE,FALSE,-0.556194544592629,0.0278193870506188,4.51460600984951
"STMN3",FALSE,FALSE,-0.810453706221325,0.0175385561718731,4.36126046994568
"STN1",FALSE,TRUE,-0.416302944345048,0.082842146930093,3.89852432239624
"STOML2",FALSE,FALSE,-0.338699272834187,0.0234777932192389,5.80812937095154
"STOX1",FALSE,FALSE,-0.919943108439433,0.00677539041992639,2.59005591548103
"STUB1",FALSE,TRUE,-0.302417835211231,0.0442835760495558,6.68762441047989
"STX3",FALSE,FALSE,-0.831478679842556,0.0235621663342889,5.74415424287123
"STX8",FALSE,FALSE,-0.275900696182532,0.0842055047639832,4.84809213530927
"STXBP4",FALSE,FALSE,-0.938630469785729,0.0176087917676422,2.75697995771691
"STXBP6",FALSE,FALSE,-1.34637843296913,0.0492878236177344,5.19004008622267
"SUCLG1",FALSE,TRUE,-0.937040568046453,0.0252423058778933,7.00845265986972
"SUCLG2",FALSE,FALSE,-1.04126899075632,0.0392766743732784,7.19143860045728
"SUGCT",FALSE,TRUE,-1.42480798039349,0.0484641404674161,4.57188106167526
"SUGT1",FALSE,FALSE,-0.570854505125614,0.0263466071902248,4.33170827852848
"SULT1C2",FALSE,FALSE,-1.22340397596397,0.0572582355845164,2.83812476677891
"SUMO1",FALSE,FALSE,-0.571137301516292,0.00731756310893154,5.95413750480016
"SUSD2",FALSE,FALSE,-1.84467529948085,0.0124783140187165,6.85477727334105
"SUSD3",FALSE,FALSE,-0.807894477860215,0.0335449136905221,6.00937540156627
"SUSD4",FALSE,FALSE,-1.27882074594111,0.0121444879987254,5.43751153591356
"SVOPL",FALSE,FALSE,-1.38763440417128,0.0145399565219329,1.92030391141613
"SYAP1",FALSE,FALSE,-0.697422773124488,0.0950437442125729,6.24032097346033
"SYDE2",FALSE,FALSE,-0.944498352204918,0.0334909029281674,3.41266620251675
"SYN3",FALSE,FALSE,-1.70515975216372,0.0777459463961132,2.24850666640901
"SYNGR1",FALSE,FALSE,-0.398164814349051,0.0475071344217997,5.54417787606535
"SYNM",FALSE,FALSE,-1.06377481342709,0.0162637245970573,4.26303933939319
"SYNRG",FALSE,FALSE,-0.437169108499406,0.0566549400084158,6.02618666729545
"SYP",FALSE,FALSE,-0.764875085229766,0.0450474957923004,1.82875046946304
"SYPL2",FALSE,FALSE,-1.74719445564514,0.00469453760209286,0.68653613190183
"SYS1",FALSE,FALSE,-0.532760723513191,0.0522602400374013,6.17317781414613
"SYT1",FALSE,FALSE,-2.71474173805958,0.00647666113196577,0.317653984706029
"SYT10",FALSE,FALSE,-1.82386271926465,0.0234116033513735,0.161100973382819
"SYT17",FALSE,FALSE,-0.521397179781915,0.0884261644610334,4.15175030233074
"TAF3",FALSE,TRUE,-0.21584997071753,0.0814105394102066,4.07353144405505
"TAF6L",FALSE,TRUE,-0.41828265666864,0.0512096653303612,3.00476374486466
"TAFAZZIN",TRUE,FALSE,-0.296458075382931,0.0574849569635702,5.48731463840317
"TAMM41",FALSE,FALSE,-0.610893661421965,0.0287233841589597,4.17523024988096
"TANC2",FALSE,FALSE,-0.433753081976109,0.0808643859250289,5.06520980492855
"TANGO6",FALSE,FALSE,-0.262931481097619,0.0970108783278061,3.67192732501452
"TAT",FALSE,FALSE,-1.29659918947518,0.0332946730346081,2.91686995958543
"TBC1D13",FALSE,FALSE,-0.903120461279255,0.02333425501345,6.9535853470699
"TBC1D22A",FALSE,FALSE,-0.268574373268073,0.0532488931682245,5.0190228207839
"TBC1D4",FALSE,FALSE,-0.959938909715193,0.0407492337094649,5.89259323561119
"TBC1D7",FALSE,FALSE,-0.267390697237483,0.0837988653035317,5.5781329902115
"TBCC",FALSE,FALSE,-0.531759611911625,0.0207945221023943,4.55283550321704
"TBL1X",FALSE,TRUE,-0.306653974030787,0.0754072457928761,7.21321425434733
"TBP",FALSE,FALSE,-0.397161125146547,0.0888796958494696,4.12338775233225
"TBXA2R",FALSE,FALSE,-0.651821639279136,0.0231831065586347,3.1314606965414
"TCAIM",FALSE,FALSE,-1.13098558172938,0.0196039479835942,5.2100841807786
"TCEA2",FALSE,TRUE,-0.316124774987402,0.0820851301893825,5.18164029068619
"TCEA3",FALSE,FALSE,-2.14202367213489,0.0124827288342691,5.96470224732643
"TCN2",FALSE,FALSE,-0.926768698771947,0.0220912522215913,8.1104183725326
"TCTN1",FALSE,FALSE,-0.340928194674077,0.0491698407859276,5.45794412311474
"TDRD5",FALSE,FALSE,-1.67991505830946,0.0261676613809583,1.85878479491667
"TDRD7",FALSE,FALSE,-0.472853242132649,0.0359326695903402,4.90774236906796
"TDRP",FALSE,TRUE,-0.534897035856575,0.031798585121415,5.7237844239031
"TECR",FALSE,TRUE,-0.753711644800855,0.012032570199346,7.17369958774428
"TEF",TRUE,FALSE,-0.881861603659547,0.00698531122215053,6.36064383308265
"TENM1",FALSE,FALSE,-2.64573853059351,0.0220127614104333,0.134748092527792
"TENM4",FALSE,FALSE,-1.17073295534029,0.0290177312215247,4.2438239631516
"TENT4B",FALSE,FALSE,-0.900964016947146,0.0240579197277217,4.66142460903838
"TERF2",FALSE,FALSE,-0.17915829932251,0.0865189883942141,5.31958576114633
"TESK2",FALSE,FALSE,-0.758870206564724,0.0137795646751651,3.87007076287324
"TEX261",FALSE,FALSE,-0.221388713315451,0.0498139868340024,6.40452581164747
"TEX35",FALSE,FALSE,-1.71758117638465,0.0154969079768391,0.315678647237373
"TFB1M",FALSE,FALSE,-0.474913142304365,0.0352855633789009,3.11563807687352
"TFB2M",FALSE,FALSE,-0.699464600843609,0.0284903070275407,4.96366705105717
"TFCP2",FALSE,FALSE,-0.266692679387171,0.0243269210431907,5.4546470026684
"TFEC",FALSE,FALSE,-1.10606020771437,0.0808643859250289,4.70280756914563
"TFPI",FALSE,FALSE,-0.6364176266138,0.0767377576887523,1.94376116144473
"THAP2",FALSE,FALSE,-0.519213525537332,0.0661474311165694,2.03431174094792
"THAP4",FALSE,FALSE,-0.560285453507886,0.0181678534324601,5.08277286855753
"THAP8",FALSE,TRUE,-0.356524644143883,0.0653659476999576,3.10153149339693
"THEM4",FALSE,FALSE,-1.55080428208571,0.0393848059581539,4.09954251943061
"THNSL1",FALSE,FALSE,-0.508938592426469,0.0369758925236331,5.14466399386308
"THRA",FALSE,FALSE,-0.727849219280263,0.00330146632416522,6.04125294972312
"THRB",FALSE,FALSE,-1.64088332630497,0.0117359827762105,5.27613927587725
"THSD7B",FALSE,FALSE,-2.83507251923317,0.0256835893822294,2.91305263243415
"THUMPD1",FALSE,FALSE,-0.73519060509502,0.0242958055481675,3.42859499540249
"TIMM21",FALSE,FALSE,-0.431077747774561,0.0249170080369284,4.30789126199985
"TIMM44",FALSE,TRUE,-0.451594849983754,0.0407028968622887,5.14720199648255
"TINAG",FALSE,FALSE,-2.25970886118294,0.0154969079768391,6.52885077773433
"TKFC",FALSE,FALSE,-1.15219534832186,0.0155173814769633,6.10845965329862
"TLCD1",FALSE,TRUE,-1.30653545415592,0.017716112189572,2.39456361844128
"TLDC2",FALSE,FALSE,-1.74416013342321,0.027473965702495,2.90019681525847
"TLL2",FALSE,FALSE,-1.58280864219168,0.0197929391485239,2.75420127612952
"TLN2",FALSE,FALSE,-0.665022760192957,0.0105158300838607,5.2189661281594
"TM4SF5",FALSE,FALSE,-1.37805235987254,0.0596884990688632,2.30429857602644
"TM6SF2",FALSE,FALSE,-1.03670342839677,0.0875637952807359,3.71162657295574
"TM7SF2",FALSE,FALSE,-0.824969356732806,0.0409312146422137,5.2411940692241
"TMED4",FALSE,FALSE,-0.858992253256517,0.0529351074316205,7.1128392904874
"TMEM106A",FALSE,FALSE,-0.80083101851667,0.00891271954032265,5.72962487507458
"TMEM108",FALSE,FALSE,-0.64615404785718,0.0439875568773651,3.55147729667738
"TMEM116",FALSE,FALSE,-1.18885353411123,0.0371734078131957,5.38799484512526
"TMEM126A",FALSE,FALSE,-0.734732356231942,0.0229511832969487,3.98759808110754
"TMEM126B",FALSE,FALSE,-0.352101457833848,0.0933087697130716,3.32428779842568
"TMEM139",FALSE,FALSE,-1.76675545215557,0.0162831409125398,3.61528975035442
"TMEM141",FALSE,FALSE,-0.645457313075025,0.0719866117967104,5.26465021251309
"TMEM143",FALSE,FALSE,-0.486100810783675,0.0539443273954416,4.12762318278492
"TMEM145",FALSE,FALSE,-0.962034684851321,0.01491215199051,3.02552069698848
"TMEM147",FALSE,FALSE,-0.627108433955368,0.0189036918046824,6.73397220096985
"TMEM151B",FALSE,FALSE,-1.76130494776539,0.0108268634130584,0.851063919885436
"TMEM161A",FALSE,FALSE,-0.387488847808779,0.0505187169059084,5.03545516258967
"TMEM183A",FALSE,TRUE,-0.278532674946308,0.0880035874661814,5.23621497880289
"TMEM184A",FALSE,FALSE,-0.865112019269608,0.070448391479059,6.61832221164491
"TMEM184C",FALSE,FALSE,-0.575112813157692,0.0769262956889678,6.05415854656397
"TMEM187",FALSE,TRUE,-0.598431362372011,0.0548445071463114,1.27723560392634
"TMEM207",FALSE,FALSE,-1.34228270178405,0.0940259056502073,1.34626654574071
"TMEM213",FALSE,FALSE,-1.29539751414247,0.00823889070907114,5.80172576467909
"TMEM25",FALSE,FALSE,-0.841180331451467,0.0270045093467762,6.30062314430736
"TMEM250",FALSE,FALSE,-0.253986608990207,0.0726897039245886,4.98816660636377
"TMEM256",FALSE,FALSE,-0.483835824043821,0.0546735140817621,4.44070160531844
"TMEM260",FALSE,FALSE,-0.433231111798854,0.0231831065586347,4.77099560836594
"TMEM266",FALSE,TRUE,-1.68131338583395,0.0267318226805118,1.64584874251501
"TMEM52B",FALSE,FALSE,-1.84087978121236,0.0277099180794711,6.11426589468683
"TMEM60",FALSE,FALSE,-0.693247989867831,0.0469872161701875,3.45445819105354
"TMEM61",FALSE,FALSE,-1.72987196025515,0.0125900669133202,1.82510868827067
"TMEM62",FALSE,FALSE,-0.363438948785461,0.0368024369260075,4.61045082995853
"TMEM72",FALSE,FALSE,-1.63347980123127,0.00954731099840168,5.19267121795709
"TMEM9",FALSE,FALSE,-0.615541153600602,0.0162849898496127,6.44492598896342
"TMEM94",FALSE,TRUE,-0.271303754360494,0.0781680615154118,6.58123957477206
"TMEM98",FALSE,FALSE,-0.730695379438808,0.0194312438148758,5.19306024445975
"TMPRSS15",FALSE,FALSE,-3.67189463474118,0.014868352526799,0.59369359711656
"TMTC1",FALSE,FALSE,-0.540975659032138,0.0281604421995401,5.33555170920539
"TMUB1",FALSE,FALSE,-0.455677418143815,0.02471047103765,5.17591123109084
"TOM1",FALSE,FALSE,-0.549098385005414,0.025489176004144,5.97861320802219
"TOM1L1",FALSE,FALSE,-0.853942404384228,0.0484641404674161,4.96821638668101
"TOM1L2",FALSE,FALSE,-0.368996343302767,0.0532488931682245,7.43556863415668
"TOMM22",FALSE,TRUE,-0.339104430635924,0.0352126130323532,6.15716127969224
"TOMM70",FALSE,FALSE,-0.47835046917987,0.0426250451903061,5.86464010049807
"TOP3B",FALSE,FALSE,-0.454185159085708,0.0327602108503116,5.3828125910045
"TOX3",FALSE,FALSE,-0.628174612664561,0.0698038735192814,3.55085367899344
"TP53BP1",FALSE,FALSE,-0.322883918974326,0.0700639107044421,5.81940252994302
"TP53BP2",FALSE,TRUE,-0.312839662138423,0.0227279084675919,6.42810710457572
"TP53I13",FALSE,TRUE,-0.423530775638871,0.0653945528385135,4.98183666504392
"TPP1",FALSE,TRUE,-0.643354603157,0.0426169313683533,7.60430516774807
"TRABD2B",FALSE,TRUE,-0.846760693095343,0.0590545231981035,6.43974248430509
"TRAF3IP1",FALSE,FALSE,-0.578196071845605,0.0515106966353291,4.56472347607879
"TRAK2",FALSE,FALSE,-0.502746933373843,0.0484641404674161,5.36421848919105
"TRAPPC2L",FALSE,FALSE,-0.679729752452907,0.019803145149502,5.83275368882896
"TRIAP1",FALSE,FALSE,-0.343291414834856,0.0842055047639832,4.33275497279491
"TRIM50",FALSE,FALSE,-2.32218391164035,0.00771152118155691,4.48673739175141
"TRIM66",FALSE,FALSE,-0.860365482828605,0.0890151145571034,3.1400920779107
"TRIQK",FALSE,FALSE,-0.660663428088946,0.0272312016442669,2.60925536237192
"TRMT1L",FALSE,FALSE,-0.349141590770435,0.0665321557882846,3.89622256535064
"TRNP1",TRUE,TRUE,-1.55778579719457,0.0125646594176309,2.19585621458673
"TRPM5",FALSE,FALSE,-2.13702740340826,0.0134067645822225,4.00248376314787
"TRPT1",FALSE,FALSE,-0.728469959833912,0.0231115242562938,2.87210904639816
"TRPV1",FALSE,FALSE,-0.711822369377356,0.0261676613809583,5.12319272933936
"TRUB2",FALSE,FALSE,-0.467958866897449,0.0426925450429777,4.56863206876772
"TSACC",FALSE,FALSE,-0.887889736678402,0.084422917183978,1.62446968394094
"TSHZ1",FALSE,FALSE,-0.415414868686921,0.00974994941751823,5.18887017603743
"TSPAN10",FALSE,TRUE,-1.16009952427431,0.0234777932192389,1.92613269587878
"TSPAN11",FALSE,FALSE,-0.485858983109281,0.0630185341395782,5.59299591890091
"TSPAN12",FALSE,FALSE,-0.601296541780443,0.0194530216514743,5.18681358011615
"TSPAN33",FALSE,FALSE,-0.709403262742307,0.0596884990688632,6.37008274779087
"TSPAN5",FALSE,FALSE,-0.599250467369783,0.0799512230428823,6.27754700908714
"TSPAN7",FALSE,FALSE,-0.598789231357168,0.029664218267744,5.48501949478986
"TSR2",FALSE,FALSE,-0.331133633587816,0.0351698700338329,4.64213339659918
"TSTD1",FALSE,FALSE,-0.536805577910622,0.0799634345403793,4.92935058583086
"TTBK2",FALSE,FALSE,-0.46317542951006,0.0870700480135168,4.92795122238165
"TTC26",FALSE,FALSE,-0.490871402762604,0.0732583453269849,4.12507156007391
"TTC33",TRUE,FALSE,-0.560047556728712,0.0412860887376242,3.44394672565268
"TTC36",FALSE,FALSE,-1.98922922178054,0.0339668718903743,5.98423660409793
"TTC37",FALSE,FALSE,-0.579533990182342,0.0781463962629694,5.64154570328004
"TTC38",FALSE,FALSE,-1.18351097406239,0.047843353578036,8.02222664598603
"TTC8",FALSE,FALSE,-0.420460957236313,0.0152892947361501,4.48874932988875
"TTI1",FALSE,FALSE,-0.707535698334053,0.009088123435449,4.54556669721827
"TTR",FALSE,FALSE,-4.01576861588366,0.0402304435287099,2.88745116505826
"TWIST1",FALSE,FALSE,-0.808801436352871,0.0643043973481276,5.63612912105657
"TWSG1",FALSE,TRUE,-0.314557921953337,0.0954536041727182,5.08953462556272
"TXN2",FALSE,FALSE,-0.519316993473579,0.0499036681023631,6.18675241510564
"TXNRD2",FALSE,FALSE,-0.569617787686306,0.0445100977765566,5.90851044321552
"TYSND1",FALSE,FALSE,-0.460527998157787,0.0942609909032028,5.25865288266952
"UAP1L1",FALSE,FALSE,-0.981671488055433,0.0169195591327631,5.59504607781507
"UBB",FALSE,FALSE,-0.629924391543286,0.0083238758002407,9.34301068197177
"UBE2K",FALSE,FALSE,-0.419565270816518,0.0750713004562631,5.37568976681885
"UBE2Q2",FALSE,FALSE,-0.409985493081821,0.0772914928021593,5.11073802932467
"UBE3D",FALSE,FALSE,-0.608208201676913,0.0379545010963794,3.03248214997058
"UBE4B",FALSE,TRUE,-0.310482929156891,0.0382083592554527,6.2133733017676
"UBL3",TRUE,FALSE,-0.386254176106449,0.0559382196470724,5.77135233180753
"UBL4A",FALSE,FALSE,-0.602847889864095,0.0151272351877785,6.23565415480592
"UBL5",FALSE,FALSE,-0.376028850043751,0.0514348336931056,6.99568577080814
"UBQLN2",FALSE,FALSE,-0.6390032270477,0.0205408553222843,5.2713333494835
"UBTD1",FALSE,FALSE,-0.4996230957281,0.0744262657543416,5.83129262268711
"UBXN2B",FALSE,FALSE,-0.354127961806619,0.0520856552670153,4.69480810808456
"UBXN8",FALSE,FALSE,-0.389468701733359,0.0953528780067734,4.03005519914105
"UCK1",FALSE,FALSE,-0.624862379891212,0.0550536939757532,6.2565504627995
"UGP2",FALSE,FALSE,-0.669747764431935,0.0921488556046722,6.06030523305191
"UMOD",FALSE,FALSE,-1.65553446520206,0.0621040789973636,10.1344202202636
"UNC119B",FALSE,FALSE,-0.351747211395849,0.0192263288591387,6.4653237594903
"UPB1",FALSE,FALSE,-2.3547617226954,0.0288102921536759,6.56163127196477
"UPF2",FALSE,FALSE,-0.286598601262494,0.047882307414613,5.07893929653902
"UQCC1",FALSE,FALSE,-0.621943273079855,0.0166137631391334,4.98891416006231
"UQCC2",FALSE,FALSE,-0.46342036599687,0.0694842483743579,4.39248084786076
"UQCR10",TRUE,FALSE,-0.402807595562559,0.0921128278473125,6.17759121117703
"UQCRC1",TRUE,TRUE,-0.649943965136496,0.0691323171234467,8.03621710703496
"UQCRC2",TRUE,FALSE,-0.711507617438107,0.0583505186346986,7.45173828520359
"USB1",FALSE,FALSE,-0.717659575235701,0.0263466071902248,4.35335703863025
"USF2",FALSE,FALSE,-0.274483328298539,0.0545038892916571,7.05076803066401
"USF3",FALSE,FALSE,-0.46023251756429,0.089086791337664,5.23479534596942
"USH1C",TRUE,FALSE,-0.904441542081808,0.0512867825938527,7.09030563600222
"USO1",FALSE,FALSE,-0.303404578229263,0.0991342200337312,6.29759040942104
"USP12",FALSE,FALSE,-0.354136772354085,0.0808216220485653,5.26715018667256
"USP19",TRUE,FALSE,-0.212312042962826,0.0571618759820039,7.04411612024797
"USP27X",FALSE,FALSE,-0.605993106070283,0.0436084762171514,2.29808200466617
"USP31",FALSE,FALSE,-0.342358609677584,0.0532256674060067,4.8404414554711
"USP32",FALSE,TRUE,-0.474819071336669,0.0879765755323969,5.47741536997478
"USP48",FALSE,FALSE,-0.334190296674934,0.0396810970543105,6.05429424477264
"UTS2R",FALSE,TRUE,-1.48720428896379,0.0971006327185307,0.98230363169955
"VAMP8",FALSE,FALSE,-0.303711196675884,0.0833512444551032,6.81559666682276
"VAPB",FALSE,TRUE,-0.71499707763507,0.021392470102332,6.75288888209759
"VAT1",FALSE,FALSE,-0.260422677132662,0.0608091042701735,7.42465863243748
"VAV3",FALSE,FALSE,-0.805486522497482,0.0131548879972787,6.38187744871266
"VEGFA",FALSE,FALSE,-1.23074129662994,0.00409405845559333,7.51640638988968
"VEGFB",FALSE,TRUE,-0.79044613858585,0.00822196634602517,5.4895406317545
"VEPH1",FALSE,FALSE,-1.30521512318075,0.0193822693800695,4.93354314850603
"VIPR2",FALSE,TRUE,-0.465513438339744,0.0995780710415195,5.32343430187311
"VIRMA",FALSE,FALSE,-0.238098560809768,0.0568963189960909,5.92049242914258
"VIT",FALSE,FALSE,-1.03370844661516,0.0876481782147124,2.31524811512024
"VKORC1",FALSE,TRUE,-0.575604239496844,0.060122361205532,6.79107308205342
"VPS26C",FALSE,FALSE,-0.370233667266051,0.0233261598943043,4.79410213486655
"VPS29",FALSE,TRUE,-0.446635001782277,0.0753398047010594,5.30900872381312
"VPS35L",FALSE,FALSE,-0.634067602962195,0.0272825130609225,6.12485057285488
"VRK3",FALSE,FALSE,-0.501079662679497,0.0169322384940235,6.02770505502341
"VTA1",FALSE,TRUE,-0.39273075437261,0.0504503887567879,4.02603245641027
"VTI1B",FALSE,FALSE,-0.644741361955301,0.0048133053088007,5.17971486793455
"VTN",FALSE,TRUE,-1.8678318366485,0.0105390390043814,5.8278727147991
"VWA8",FALSE,FALSE,-0.847327234334779,0.0499729677971358,6.49918740421332
"VWCE",FALSE,FALSE,-1.52945545486964,0.0514348336931056,4.49148875568813
"VWDE",FALSE,FALSE,-1.75479712819744,0.0110062061561326,1.06073830356901
"WASHC3",FALSE,FALSE,-0.966489380287119,0.00897213543179523,4.99513972542222
"WASHC4",FALSE,FALSE,-0.602889948372047,0.077496022097145,5.28979828653217
"WASHC5",FALSE,FALSE,-0.760251243900346,0.0905314466594175,6.75978942852192
"WBP1",FALSE,FALSE,-0.643455471925711,0.0234777932192389,4.20979286074377
"WBP11",FALSE,FALSE,-0.312286226950577,0.0615608091817871,6.22821999527394
"WBP4",FALSE,FALSE,-0.338512633781523,0.0762991316712386,3.78571798121332
"WDPCP",FALSE,FALSE,-0.47367829008889,0.0544364377834728,2.92951056017446
"WDR19",FALSE,FALSE,-0.348075577479566,0.0789957591563873,4.15303981314575
"WDR5B",FALSE,FALSE,-0.502653965835966,0.0849442372150859,1.5290618135372
"WDR72",FALSE,FALSE,-1.700438305753,0.0247612496281346,5.75403719209478
"WDR73",FALSE,FALSE,-0.52962073040556,0.0744262657543416,4.92889839440497
"WDR81",FALSE,FALSE,-0.311413123089564,0.0382302530864002,5.64816113930711
"WDR83OS",FALSE,FALSE,-0.323520097722029,0.063175884477823,6.120992703909
"WDR91",FALSE,FALSE,-0.848743290590138,0.0162849898496127,6.18905500030925
"WDR97",FALSE,FALSE,-0.557620705646262,0.0484150665872494,4.62663302688802
"WEE2",FALSE,FALSE,-1.76206433123967,0.0954710275737263,3.54307819922484
"WHAMM",FALSE,FALSE,-0.847954930118769,0.0358820536089893,6.1021768357333
"WIPF2",FALSE,FALSE,-0.299869775016258,0.0880716325620293,5.88069395946474
"WNK1",FALSE,FALSE,-1.13902416725008,0.0102695443597228,8.24384117281275
"WNK4",FALSE,FALSE,-1.12128838571011,0.00900256111141386,6.97213655657871
"WNT2B",FALSE,FALSE,-1.79955709563597,0.0881322103112212,3.37736285764001
"WT1",FALSE,FALSE,-1.54873442318207,0.0309240207200771,4.71458618238038
"WWC2",FALSE,FALSE,-0.406499417720528,0.0798728812346075,5.54601598560334
"XK",FALSE,FALSE,-0.672836365710704,0.0747469882482458,1.55027196678676
"XPA",FALSE,FALSE,-0.440295503749475,0.0916082793251021,5.75233920854594
"XPNPEP3",FALSE,FALSE,-0.368556841725575,0.0755950387798395,4.65968950811998
"XPO7",FALSE,FALSE,-1.03757493523676,0.00793978426049497,6.84773048611187
"XPR1",FALSE,FALSE,-0.530732753610318,0.0671203880590067,4.85335086061849
"XRCC3",FALSE,FALSE,-0.448062658431937,0.0699864506684787,2.63730410460057
"XYLB",FALSE,FALSE,-1.20293769797114,0.0372101263368407,6.86285303618996
"YAE1",FALSE,FALSE,-0.848228962260815,0.00577770871303924,3.50413047633975
"YBX1",TRUE,FALSE,-0.490711771956027,0.0157846824161605,8.93684270938292
"YBX2",FALSE,FALSE,-1.43239416052999,0.0119390606348893,3.32907359019608
"YIPF1",FALSE,FALSE,-0.586138127114157,0.0222632955610066,5.17232952155378
"YIPF2",FALSE,FALSE,-0.413599888916524,0.022415465233469,5.83443551474901
"YIPF3",FALSE,FALSE,-0.213671164038877,0.0910113247364219,6.50356384084306
"YPEL1",FALSE,FALSE,-1.2049011694249,0.0048133053088007,4.04543367837632
"YPEL2",FALSE,FALSE,-1.00348610032055,0.0115735681715899,5.94378944532973
"ZADH2",FALSE,TRUE,-0.592243417527273,0.0153748728377728,5.36242412179621
"ZBTB5",FALSE,TRUE,-0.326235105645874,0.0574420901310476,3.47951389004334
"ZC3H14",FALSE,FALSE,-0.395278351312265,0.0202392714937552,5.93777750719008
"ZC3H15",FALSE,FALSE,-0.317999620513516,0.0760456085608749,5.44974246459264
"ZC3H7B",FALSE,FALSE,-0.572181495194665,0.00819023980252681,8.19084098966828
"ZC4H2",FALSE,FALSE,-0.572888434928795,0.0335474451621449,2.96872240880896
"ZCCHC14",FALSE,FALSE,-0.518848695930357,0.0662273636559008,5.817400907499
"ZCWPW1",FALSE,FALSE,-0.830445562703573,0.0339509619432383,3.40582879340707
"ZDHHC1",TRUE,FALSE,-0.496307540347511,0.0116287507899487,5.66042463296882
"ZDHHC9",FALSE,FALSE,-0.683468649014681,0.0258514873869919,5.73572827888551
"ZER1",FALSE,TRUE,-0.41023766621764,0.0101320874497578,5.9076841538775
"ZFAND2B",FALSE,TRUE,-0.330568513571182,0.0615100724665733,5.54792585653458
"ZFP41",TRUE,TRUE,-0.216963338511183,0.0621830377979809,4.82249271615619
"ZFYVE26",FALSE,FALSE,-0.783279362436414,0.0750713004562631,6.42125704432832
"ZMAT1",FALSE,FALSE,-0.954552076707319,0.0185196952835827,2.28549783379696
"ZMAT2",FALSE,FALSE,-0.233822860523797,0.0840599271049351,5.52620420047666
"ZMYM3",FALSE,FALSE,-0.361035153704111,0.0362816147800143,5.83547510770529
"ZMYND11",FALSE,FALSE,-0.347074251872329,0.0498380878421214,5.82159082560846
"ZMYND12",FALSE,FALSE,-1.60821283323495,0.0368078663059152,1.55537244737822
"ZMYND8",FALSE,FALSE,-0.46931716245126,0.043066419647977,6.17099575297354
"ZNF106",FALSE,FALSE,-0.510685020924036,0.0128572231189043,6.95204781495189
"ZNF213",FALSE,FALSE,-0.334838872470555,0.028089311943344,4.09178995228102
"ZNF280D",FALSE,FALSE,-1.22527549996084,0.0207945221023943,4.20414737935463
"ZNF384",FALSE,TRUE,-0.207547397485206,0.0857121114228499,6.17176040057679
"ZNF385B",FALSE,FALSE,-1.20165404980235,0.00583861250673906,5.52206571008792
"ZNF397",FALSE,FALSE,-0.478999817877026,0.0326834978771648,4.19584303778398
"ZNF410",FALSE,FALSE,-0.407232157302526,0.011846278560058,5.45813888117968
"ZNF425",TRUE,FALSE,-0.311147111240733,0.0386312249413789,3.11518822803261
"ZNF512B",FALSE,FALSE,-0.253156235630742,0.0765897944654365,5.34282503915291
"ZNF514",FALSE,FALSE,-1.1139691483474,0.0335439138784219,4.97384778764039
"ZNF606",FALSE,FALSE,-0.242611272169904,0.0875337299184036,3.65332563697096
"ZNF667",FALSE,FALSE,-0.541326659718434,0.0140525417859676,2.26561196783127
"ZNF672",FALSE,FALSE,-0.67126505998866,0.0048133053088007,3.85156251229509
"ZNF768",FALSE,FALSE,-0.310681008649193,0.0166137631391334,5.55754446412351
"ZNF827",FALSE,FALSE,-0.476583718573892,0.0741424219097203,4.37004993396382
"ZNF835",FALSE,FALSE,-0.563053682301685,0.096735441933275,2.37514114925044
"ZNRF3",FALSE,FALSE,-0.678969493065956,0.0497207462227229,5.79574557349846
"ZSCAN2",FALSE,FALSE,-0.575974663052528,0.0530975450597964,4.03143168818131
"ZYG11B",FALSE,FALSE,-1.0545520786647,0.038827652639209,5.910180531487
"ZZZ3",FALSE,FALSE,-0.293018443499429,0.0485680881186734,5.27863463799672
