"motif_id","motif_name","log2_enrichment","neg_log10_padj","set","direction","region_type","markers_excluded","padj","tf_log_fc","tf_fdr","tf_matched"
"MA1111.1","NR2F2",0.74821679133837,2.18936751330879,"cortex_late","down","promoter",FALSE,0.00646595215467794,0.256892847501779,0.208201202492486,"NR2F2"
"MA0141.3","ESRRB",0.871586919615649,1.85084275742417,"cortex_late","down","promoter",FALSE,0.0140979914412418,-1.23719169277586,0.0538021583252273,"ESRRB"
"MA1149.1","RARA::RXRG",0.454469218522418,1.85084275742417,"cortex_late","down","promoter",FALSE,0.0140979914412418,0.149275406051572,0.583960222172284,"RARA"
"MA0818.1","BHLHE22",0.90970417902939,1.11888479342972,"cortex_late","down","promoter",FALSE,0.0760527997674777,2.60969134217934,0.0147362418120288,"BHLHE22"
"MA0592.3","ESRRA",0.484795054632118,1.11888479342972,"cortex_late","down","promoter",FALSE,0.0760527997674777,-0.616565060989549,0.0889287925938677,"ESRRA"
"MA0160.1","NR4A2",0.340728833305802,0.514095701891994,"cortex_late","down","promoter",FALSE,0.306128876840831,-0.099963853280352,0.860557992521686,"NR4A2"
"MA0154.4","EBF1",0.249410753737706,0.514095701891994,"cortex_late","down","promoter",FALSE,0.306128876840831,0.0789783965357946,0.851382829431161,"EBF1"
"MA1151.1","RORC",0.518199721800334,0.365204876236176,"cortex_late","down","promoter",FALSE,0.431315557883259,-1.13986236165977,0.0443930641612915,"RORC"
"MA1509.1","IRF6",0.502613323055809,0.365204876236176,"cortex_late","down","promoter",FALSE,0.431315557883259,-0.421448845583532,0.179310696495779,"IRF6"
"MA1112.2","NR4A1",0.405602296266536,0.365204876236176,"cortex_late","down","promoter",FALSE,0.431315557883259,-0.877932818285481,0.295695214214979,"NR4A1"
"MA0771.1","HSF4",0.426220110580513,0.296137351789413,"cortex_late","down","promoter",FALSE,0.505664713074139,1.05728511176318,0.0480884855409424,"HSF4"
"MA0843.1","TEF",0.641727068066537,0.250005491051306,"cortex_late","down","promoter",FALSE,0.562334215209274,-0.864944303734186,0.00748630965046787,"TEF"
"MA0017.2","NR2F1",0.272128789520122,0.217231766603312,"cortex_late","down","promoter",FALSE,0.6064126236502,0.714106291964725,0.214361008768726,"NR2F1"
"MA1535.1","NR2C1",0.199022266601807,0.217231766603312,"cortex_late","down","promoter",FALSE,0.6064126236502,0.0513481072925432,0.848764100034936,"NR2C1"
"MA1574.1","THRB",0.32690930456487,0.217231766603312,"cortex_late","down","promoter",FALSE,0.6064126236502,-1.6658269470324,0.0099448486175386,"THRB"
"MA0846.1","FOXC2",0.430770351826682,0.170097131354568,"cortex_late","down","promoter",FALSE,0.675931784172755,0.430539472349024,0.239486083808496,"FOXC2"
"MA1110.1","NR1H4",0.413749257512003,0.170097131354568,"cortex_late","down","promoter",FALSE,0.675931784172755,-1.4795007136102,0.0245097754849855,"NR1H4"
"MA0071.1","RORA",0.348418901329147,0.163019516246513,"cortex_late","down","promoter",FALSE,0.687037565351245,-0.386721146891125,0.400755729885775,"RORA"
"MA0152.1","NFATC2",0.264292316683528,0.163019516246513,"cortex_late","down","promoter",FALSE,0.687037565351245,0.460547363681982,0.29695714802985,"NFATC2"
"MA1548.1","PLAGL2",0.111970380792684,0.163019516246513,"cortex_late","down","promoter",FALSE,0.687037565351245,0.00148680787333522,0.992684284962528,"PLAGL2"
"MA0891.1","GSC2",0.453697127891269,0.153497267066722,"cortex_late","down","promoter",FALSE,0.702267762960462,-1.27976744344108,0.0773524078228098,"GSC2"
"MA0504.1","NR2C2",0.166878997953391,0.122567157047838,"cortex_late","down","promoter",FALSE,0.754106775667597,0.0261954527076078,0.894017430809098,"NR2C2"
"MA0597.1","THAP1",0.261634100104156,0.0980436689178467,"cortex_late","down","promoter",FALSE,0.79791445181953,-0.393221135299563,0.113535365474224,"THAP1"
"MA0646.1","GCM1",0.193252845504841,0.0699148363648254,"cortex_late","down","promoter",FALSE,0.851304959772834,-1.55196553705747,0.0936892960361109,"GCM1"
"MA1114.1","PBX3",0.236975615824399,0.0699148363648254,"cortex_late","down","promoter",FALSE,0.851304959772834,0.368727398392041,0.317576972386,"PBX3"
"MA1133.1","JUN::JUNB(var.2)",0.395869147727551,0.0699148363648254,"cortex_late","down","promoter",FALSE,0.851304959772834,0.234618959475633,0.479714656230028,"JUN"
"MA1550.1","PPARD",0.405653434513476,0.0699148363648254,"cortex_late","down","promoter",FALSE,0.851304959772834,0.608619133164281,0.0516790956070259,"PPARD"
"MA0649.1","HEY2",0.199475633792239,0.060178491042936,"cortex_late","down","promoter",FALSE,0.870605705469329,-0.408026083806639,0.434808319004231,"HEY2"
"MA0694.1","ZBTB7B",0.140824807436547,0.060178491042936,"cortex_late","down","promoter",FALSE,0.870605705469329,0.154685075131229,0.690580599688603,"ZBTB7B"
"MA0139.1","CTCF",0.153005221737821,0.0131825025916346,"cortex_late","down","promoter",FALSE,0.970102217708415,-0.173609257308518,0.232497739386449,"CTCF"
"MA0159.1","RARA::RXRA",0.172525949269825,0.0131825025916346,"cortex_late","down","promoter",FALSE,0.970102217708415,-0.35170414551812,0.0446090522371796,"RXRA"
"MA0478.1","FOSL2",0.263844629057699,0.0131825025916346,"cortex_late","down","promoter",FALSE,0.970102217708415,1.02846159986398,0.00413734877776558,"FOSL2"
"MA0501.1","MAF::NFE2",0.342336081901299,0.0131825025916346,"cortex_late","down","promoter",FALSE,0.970102217708415,-0.749296741488903,0.138596254609732,"MAF"
"MA0527.1","ZBTB33",0.130375166406539,0.0131825025916346,"cortex_late","down","promoter",FALSE,0.970102217708415,0.130491570655312,0.645490492018604,"ZBTB33"
"MA0042.2","FOXI1",0.241022039242623,0.0131825025916346,"cortex_late","down","promoter",FALSE,0.970102217708415,-1.39593847266708,0.0144730671977558,"FOXI1"
"MA0486.2","HSF1",0.305774144268996,0.0131825025916346,"cortex_late","down","promoter",FALSE,0.970102217708415,-0.062417242231966,0.758576041569429,"HSF1"
"MA0660.1","MEF2B",0.344395280042346,0.0131825025916346,"cortex_late","down","promoter",FALSE,0.970102217708415,0.49074170369681,0.461384502314738,"MEF2B"
"MA0741.1","KLF16",0.0595033239574398,0.0131825025916346,"cortex_late","down","promoter",FALSE,0.970102217708415,0.647264389062577,0.062253570183691,"KLF16"
"MA0770.1","HSF2",0.342437950974378,0.0131825025916346,"cortex_late","down","promoter",FALSE,0.970102217708415,0.0583290477005285,0.724065621695407,"HSF2"
"MA0498.2","MEIS1",0.24870407626594,0.0131825025916346,"cortex_late","down","promoter",FALSE,0.970102217708415,0.664042397654292,0.158880222962715,"MEIS1"
"MA0811.1","TFAP2B",0.0811112074765763,0.0131825025916346,"cortex_late","down","promoter",FALSE,0.970102217708415,-0.259982990856523,0.527583169794893,"TFAP2B"
"MA0823.1","HEY1",0.193335017665083,0.0131825025916346,"cortex_late","down","promoter",FALSE,0.970102217708415,0.144545892035918,0.696434910316029,"HEY1"
"MA0848.1","FOXO4",0.241022039242623,0.0131825025916346,"cortex_late","down","promoter",FALSE,0.970102217708415,-0.521458010922331,0.00748630965046787,"FOXO4"
"MA0863.1","MTF1",0.303409868440131,0.0131825025916346,"cortex_late","down","promoter",FALSE,0.970102217708415,-0.23168631262967,0.250223375849655,"MTF1"
"MA1136.1","FOSB::JUNB(var.2)",0.301208431004083,0.0131825025916346,"cortex_late","down","promoter",FALSE,0.970102217708415,-0.151061413725705,0.90288689740565,"FOSB"
"MA1145.1","FOSL2::JUND(var.2)",0.334408424944178,0.0131825025916346,"cortex_late","down","promoter",FALSE,0.970102217708415,1.02846159986398,0.00413734877776558,"FOSL2"
"MA1101.2","BACH2",0.348045862461429,0.0131825025916346,"cortex_late","down","promoter",FALSE,0.970102217708415,0.886009799480719,0.141809105983968,"BACH2"
"MA1474.1","CREB3L4",0.168415750396339,0.0131825025916346,"cortex_late","down","promoter",FALSE,0.970102217708415,0.770932910836012,0.0615087765804618,"CREB3L4"
"MA1507.1","HOXD4",0.31169793821171,0.0131825025916346,"cortex_late","down","promoter",FALSE,0.970102217708415,-0.279948773628189,0.24561590093658,"HOXD4"
"MA1520.1","MAF",0.255721278830262,0.0131825025916346,"cortex_late","down","promoter",FALSE,0.970102217708415,-0.749296741488903,0.138596254609732,"MAF"
"MA1532.1","NR1D2",0.229504223026191,0.0131825025916346,"cortex_late","down","promoter",FALSE,0.970102217708415,-0.691920665848408,0.0281474892991551,"NR1D2"
"MA1557.1","SMAD5",0.298418532337775,0.0131825025916346,"cortex_late","down","promoter",FALSE,0.970102217708415,-0.171495166281051,0.502575061009404,"SMAD5"
"MA1592.1","ZNF274",0.32076883229873,0.0131825025916346,"cortex_late","down","promoter",FALSE,0.970102217708415,0.398293994423678,0.148166086713876,"ZNF274"
"MA0847.2","FOXD2",0.285317838651556,0.0131825025916346,"cortex_late","down","promoter",FALSE,0.970102217708415,-0.638139824644596,0.188673528040689,"FOXD2"
"MA1099.2","HES1",0.105219328532142,0.0131825025916346,"cortex_late","down","promoter",FALSE,0.970102217708415,0.333015747686757,0.219293504390995,"HES1"
"MA0102.4","CEBPA",0.3420139076674,0.0131825025916346,"cortex_late","down","promoter",FALSE,0.970102217708415,-0.0534580467573815,0.902953038803753,"CEBPA"
"MA0052.4","MEF2A",0.338734975563893,0.0131825025916346,"cortex_late","down","promoter",FALSE,0.970102217708415,0.24693987837195,0.151541068265505,"MEF2A"
"MA0684.2","RUNX3",0.187856294723938,0.0131825025916346,"cortex_late","down","promoter",FALSE,0.970102217708415,2.59441605886014,0.0211188205554735,"RUNX3"
"MA0769.2","TCF7",0.226363256506812,0.0131825025916346,"cortex_late","down","promoter",FALSE,0.970102217708415,0.671607301980921,0.406633927331149,"TCF7"
"MA1123.2","TWIST1",0.175976388616704,0.0131825025916346,"cortex_late","down","promoter",FALSE,0.970102217708415,-0.827018017422278,0.0586081214958713,"TWIST1"
"MA0671.1","NFIX",0.176195521482518,0.00751277375499976,"cortex_late","down","promoter",FALSE,0.982849964345181,0.920894700338016,0.0385768678852775,"NFIX"
"MA0497.1","MEF2C",0.247854907544892,0.00403870587120652,"cortex_late","down","promoter",FALSE,0.990743642355421,0.319820453201881,0.430764311998789,"MEF2C"
"MA0695.1","ZBTB7C",0.079362369214941,0.00403870587120652,"cortex_late","down","promoter",FALSE,0.990743642355421,1.04476026260957,0.0771797048903576,"ZBTB7C"
"MA1652.1","ZKSCAN5",0.0806846698884591,0.00403870587120652,"cortex_late","down","promoter",FALSE,0.990743642355421,-0.112581517953963,0.525710357341252,"ZKSCAN5"
"MA0056.2","MZF1",0.130424344403144,0.00403870587120652,"cortex_late","down","promoter",FALSE,0.990743642355421,0.230232641685022,0.258638089854901,"MZF1"
"MA0030.1","FOXF2",0.18352941999617,0,"cortex_late","down","promoter",FALSE,1,1.97874974844741,0.0164160764157412,"FOXF2"
"MA0031.1","FOXD1",-0.0710671207015068,0,"cortex_late","down","promoter",FALSE,1,0.723275246426268,0.11360860257452,"FOXD1"
"MA0051.1","IRF2",0.0014815053137136,0,"cortex_late","down","promoter",FALSE,1,0.0874187242730144,0.522403921571679,"IRF2"
"MA0059.1","MAX::MYC",0.175654911191004,0,"cortex_late","down","promoter",FALSE,1,1.59019081752968,0.00294986225410836,"MYC"
"MA0066.1","PPARG",-0.0196526900133023,0,"cortex_late","down","promoter",FALSE,1,0.00149969125401683,0.997290578342321,"PPARG"
"MA0070.1","PBX1",0.251812955563277,0,"cortex_late","down","promoter",FALSE,1,0.0480557333630021,0.861020911821847,"PBX1"
"MA0073.1","RREB1",-0.0466455241614732,0,"cortex_late","down","promoter",FALSE,1,-0.267612957653856,0.368219135542279,"RREB1"
"MA0074.1","RXRA::VDR",-0.151004223030176,0,"cortex_late","down","promoter",FALSE,1,-0.35170414551812,0.0446090522371796,"RXRA"
"MA0077.1","SOX9",-0.381427960582603,0,"cortex_late","down","promoter",FALSE,1,2.58056679197372,0.00543504740369628,"SOX9"
"MA0091.1","TAL1::TCF3",0.103273097767446,0,"cortex_late","down","promoter",FALSE,1,0.557824702012325,0.164946685394945,"TCF3"
"MA0101.1","REL",0.0386067443725979,0,"cortex_late","down","promoter",FALSE,1,0.551292490640919,0.272342374321645,"REL"
"MA0107.1","RELA",-0.0570587582108839,0,"cortex_late","down","promoter",FALSE,1,0.479175835146296,0.0389355204112652,"RELA"
"MA0115.1","NR1H2::RXRA",-0.110663139966496,0,"cortex_late","down","promoter",FALSE,1,-0.35170414551812,0.0446090522371796,"RXRA"
"MA0119.1","NFIC::TLX1",0.0505173524024674,0,"cortex_late","down","promoter",FALSE,1,0.0479395657695862,0.821202623198197,"NFIC"
"MA0138.2","REST",0.172491920670466,0,"cortex_late","down","promoter",FALSE,1,0.0571722519401625,0.849285039157882,"REST"
"MA0163.1","PLAG1",-0.0834586851456116,0,"cortex_late","down","promoter",FALSE,1,-0.659814240566227,0.0330035180216781,"PLAG1"
"MA0259.1","ARNT::HIF1A",-0.10610356862201,0,"cortex_late","down","promoter",FALSE,1,1.14093533925004,0.00389864211258081,"HIF1A"
"MA0476.1","FOS",0.144757237033341,0,"cortex_late","down","promoter",FALSE,1,0.0732688759655913,0.949948116968932,"FOS"
"MA0488.1","JUN",-0.0280586559557916,0,"cortex_late","down","promoter",FALSE,1,0.234618959475633,0.479714656230028,"JUN"
"MA0506.1","NRF1",0.0103309975283246,0,"cortex_late","down","promoter",FALSE,1,0.159318075994392,0.438612794523248,"NRF1"
"MA0507.1","POU2F2",-0.178853380322342,0,"cortex_late","down","promoter",FALSE,1,2.79185820405312,0.0298145721105701,"POU2F2"
"MA0513.1","SMAD2::SMAD3::SMAD4",-0.137583329013957,0,"cortex_late","down","promoter",FALSE,1,0.0888215081793708,0.531558295838665,"SMAD2"
"MA0517.1","STAT1::STAT2",0.00255414262710296,0,"cortex_late","down","promoter",FALSE,1,0.603573978204228,0.0811251148209067,"STAT1"
"MA0523.1","TCF7L2",0.0705460411294654,0,"cortex_late","down","promoter",FALSE,1,0.00238143260191759,0.989583890092099,"TCF7L2"
"MA0076.2","ELK4",-0.0715713612621762,0,"cortex_late","down","promoter",FALSE,1,0.113728816705128,0.724685215620708,"ELK4"
"MA0050.2","IRF1",-0.0887933864847197,0,"cortex_late","down","promoter",FALSE,1,1.40089257237319,0.0329814929460361,"IRF1"
"MA0137.3","STAT1",-0.342172592427433,0,"cortex_late","down","promoter",FALSE,1,0.603573978204228,0.0811251148209067,"STAT1"
"MA0144.2","STAT3",-0.186953587670549,0,"cortex_late","down","promoter",FALSE,1,0.99721539206208,0.00260121202556568,"STAT3"
"MA0140.2","GATA1::TAL1",-0.11907971061961,0,"cortex_late","down","promoter",FALSE,1,0.238086368779233,0.590072504281107,"TAL1"
"MA0095.2","YY1",-0.121688214940055,0,"cortex_late","down","promoter",FALSE,1,-0.0384036864583219,0.761721173984392,"YY1"
"MA0593.1","FOXP2",0.137534627236359,0,"cortex_late","down","promoter",FALSE,1,-0.0870864022130844,0.894221743407541,"FOXP2"
"MA0595.1","SREBF1",-0.198186602783797,0,"cortex_late","down","promoter",FALSE,1,0.360771361816368,0.639549160156198,"SREBF1"
"MA0596.1","SREBF2",0.0283885518797247,0,"cortex_late","down","promoter",FALSE,1,0.11974876308076,0.693522766072638,"SREBF2"
"MA0599.1","KLF5",-0.0182519904880039,0,"cortex_late","down","promoter",FALSE,1,0.646858846811948,0.218190362765962,"KLF5"
"MA0610.1","DMRT3",-0.125406600357599,0,"cortex_late","down","promoter",FALSE,1,-0.104872810567713,0.949948116968932,"DMRT3"
"MA0625.1","NFATC3",0.024327726131772,0,"cortex_late","down","promoter",FALSE,1,-0.00494304575414795,0.976852407429291,"NFATC3"
"MA0628.1","POU6F1",-0.177311907566563,0,"cortex_late","down","promoter",FALSE,1,0.361985665472876,0.176889171398798,"POU6F1"
"MA0636.1","BHLHE41",-0.573377570880749,0,"cortex_late","down","promoter",FALSE,1,0.140487032426744,0.654500510174604,"BHLHE41"
"MA0637.1","CENPB",0.0160099483222913,0,"cortex_late","down","promoter",FALSE,1,0.259625818160133,0.163432874701111,"CENPB"
"MA0638.1","CREB3",-0.500815180393724,0,"cortex_late","down","promoter",FALSE,1,-0.0312938897977935,0.859846071925377,"CREB3"
"MA0641.1","ELF4",-0.341599315272698,0,"cortex_late","down","promoter",FALSE,1,1.1869546001238,0.0558249946846822,"ELF4"
"MA0136.2","ELF5",-0.294783878396789,0,"cortex_late","down","promoter",FALSE,1,-1.72323832595498,0.0121229004048676,"ELF5"
"MA0645.1","ETV6",-0.210857292727601,0,"cortex_late","down","promoter",FALSE,1,0.0314945665117898,0.815104280096964,"ETV6"
"MA0475.2","FLI1",-0.668518368202785,0,"cortex_late","down","promoter",FALSE,1,0.304643589387498,0.455546018981208,"FLI1"
"MA0033.2","FOXL1",-0.125155573802346,0,"cortex_late","down","promoter",FALSE,1,1.19314167894993,0.0287646425821827,"FOXL1"
"MA0157.2","FOXO3",-0.0672162571535475,0,"cortex_late","down","promoter",FALSE,1,0.371826551772787,0.0854041186239956,"FOXO3"
"MA0131.2","HINFP",0.0298522649142221,0,"cortex_late","down","promoter",FALSE,1,-0.0669551288115535,0.763974922779228,"HINFP"
"MA0046.2","HNF1A",0.0291510475856369,0,"cortex_late","down","promoter",FALSE,1,-1.15752951398589,0.0389492960832284,"HNF1A"
"MA0153.2","HNF1B",-0.0685570211584197,0,"cortex_late","down","promoter",FALSE,1,-0.309838678344864,0.211547891735755,"HNF1B"
"MA0651.1","HOXC11",-0.447282962985632,0,"cortex_late","down","promoter",FALSE,1,1.20723958040601,0.0785745237161324,"HOXC11"
"MA0652.1","IRF8",-0.277913783470956,0,"cortex_late","down","promoter",FALSE,1,1.99775348829634,0.0266397809229116,"IRF8"
"MA0653.1","IRF9",-0.216410669129507,0,"cortex_late","down","promoter",FALSE,1,1.02733372798073,0.0210231643759869,"IRF9"
"MA0655.1","JDP2",0.00947871940761136,0,"cortex_late","down","promoter",FALSE,1,0.981298186715939,0.0268722362635841,"JDP2"
"MA0657.1","KLF13",-0.00247889784130884,0,"cortex_late","down","promoter",FALSE,1,0.367136760476838,0.159526324161599,"KLF13"
"MA0658.1","LHX6",-0.155988936346627,0,"cortex_late","down","promoter",FALSE,1,0.828230214780972,0.0640017841565306,"LHX6"
"MA0663.1","MLX",-0.0376132946874614,0,"cortex_late","down","promoter",FALSE,1,-0.209666092229397,0.228050685352637,"MLX"
"MA0664.1","MLXIPL",-0.0609384883277277,0,"cortex_late","down","promoter",FALSE,1,0.0995975625288743,0.878548857744067,"MLXIPL"
"MA0665.1","MSC",0.000918750068795937,0,"cortex_late","down","promoter",FALSE,1,2.83767986683434,0.0379757731696713,"MSC"
"MA0666.1","MSX1",-0.149037755214704,0,"cortex_late","down","promoter",FALSE,1,0.1174666850007,0.798678021225016,"MSX1"
"MA0670.1","NFIA",0.114796375164596,0,"cortex_late","down","promoter",FALSE,1,-0.0446118130960471,0.836965216075202,"NFIA"
"MA0685.1","SP4",-0.0937754357189506,0,"cortex_late","down","promoter",FALSE,1,-0.00306346589752327,0.992850300357811,"SP4"
"MA0083.3","SRF",-0.0354932893201978,0,"cortex_late","down","promoter",FALSE,1,0.394956455418964,0.0605773048600956,"SRF"
"MA0688.1","TBX2",-0.175844646069109,0,"cortex_late","down","promoter",FALSE,1,-0.112455451316849,0.617110319099526,"TBX2"
"MA0690.1","TBX21",-0.105269854760159,0,"cortex_late","down","promoter",FALSE,1,1.66514802825355,0.109119064224061,"TBX21"
"MA0691.1","TFAP4",0.0831853312149082,0,"cortex_late","down","promoter",FALSE,1,0.234059751067489,0.491775768024472,"TFAP4"
"MA0145.3","TFCP2",-0.274529436620233,0,"cortex_late","down","promoter",FALSE,1,-0.270521960607984,0.0228630004160411,"TFCP2"
"MA0692.1","TFEB",0.0735596460448704,0,"cortex_late","down","promoter",FALSE,1,0.572683458959158,0.0619450276272282,"TFEB"
"MA0698.1","ZBTB18",-0.00219366757476802,0,"cortex_late","down","promoter",FALSE,1,0.0253122254804037,0.90288689740565,"ZBTB18"
"MA0716.1","PRRX1",-0.0997768464586279,0,"cortex_late","down","promoter",FALSE,1,0.88704444168176,0.0474606382941013,"PRRX1"
"MA0722.1","VAX1",-0.430939957818325,0,"cortex_late","down","promoter",FALSE,1,0.305881850899317,0.833767807084669,"VAX1"
"MA0112.3","ESR1",0.298962224939308,0,"cortex_late","down","promoter",FALSE,1,-0.581637538909517,0.109639714071584,"ESR1"
"MA0113.3","NR3C1",-0.539174551485112,0,"cortex_late","down","promoter",FALSE,1,-0.491753358006394,0.0187363952170916,"NR3C1"
"MA0727.1","NR3C2",-0.382778615342601,0,"cortex_late","down","promoter",FALSE,1,-0.925132488823745,0.014437160475709,"NR3C2"
"MA0731.1","BCL6B",-0.0519153832451535,0,"cortex_late","down","promoter",FALSE,1,-0.139201728444065,0.744055703664974,"BCL6B"
"MA0472.2","EGR2",-0.0264994839927235,0,"cortex_late","down","promoter",FALSE,1,2.9557831683514,0.00543504740369628,"EGR2"
"MA0732.1","EGR3",-0.0201392061103549,0,"cortex_late","down","promoter",FALSE,1,2.17378427667236,0.0167434207201977,"EGR3"
"MA0735.1","GLIS1",-0.220413805210807,0,"cortex_late","down","promoter",FALSE,1,-0.82767331385964,0.0654662802053464,"GLIS1"
"MA0736.1","GLIS2",0.0197564753278101,0,"cortex_late","down","promoter",FALSE,1,-0.452732814220206,0.0815971532049507,"GLIS2"
"MA0737.1","GLIS3",-0.040909428667514,0,"cortex_late","down","promoter",FALSE,1,0.230399755239139,0.479346309730214,"GLIS3"
"MA0738.1","HIC2",0.0266715874683046,0,"cortex_late","down","promoter",FALSE,1,0.184385615616127,0.351399587318816,"HIC2"
"MA0749.1","ZBED1",0.236864290410492,0,"cortex_late","down","promoter",FALSE,1,0.468161300168552,0.0641749323048502,"ZBED1"
"MA0088.2","ZNF143",-0.417440418788117,0,"cortex_late","down","promoter",FALSE,1,0.113175542531204,0.423980285045556,"ZNF143"
"MA0752.1","ZNF410",0.0993038319145159,0,"cortex_late","down","promoter",FALSE,1,-0.409264896913698,0.0099448486175386,"ZNF410"
"MA0754.1","CUX1",-0.148762160794596,0,"cortex_late","down","promoter",FALSE,1,-0.639871530568587,0.0298145721105701,"CUX1"
"MA0759.1","ELK3",-0.370072871178388,0,"cortex_late","down","promoter",FALSE,1,0.330708801440769,0.2398630905309,"ELK3"
"MA0760.1","ERF",-0.548112618959317,0,"cortex_late","down","promoter",FALSE,1,-0.242743286574139,0.292841591307765,"ERF"
"MA0474.2","ERG",-0.593170202356887,0,"cortex_late","down","promoter",FALSE,1,-0.0873122960994186,0.805953037975104,"ERG"
"MA0098.3","ETS1",-0.581042823339049,0,"cortex_late","down","promoter",FALSE,1,0.104463415808721,0.772417938339684,"ETS1"
"MA0762.1","ETV2",-0.534913035257163,0,"cortex_late","down","promoter",FALSE,1,0.566219601725347,0.363934910142764,"ETV2"
"MA0763.1","ETV3",-0.545590501073609,0,"cortex_late","down","promoter",FALSE,1,0.177937865999423,0.210212448262891,"ETV3"
"MA0768.1","LEF1",-0.12593425669455,0,"cortex_late","down","promoter",FALSE,1,1.90249484679824,0.0180652427067034,"LEF1"
"MA0772.1","IRF7",-0.0947745810913068,0,"cortex_late","down","promoter",FALSE,1,0.7856033099439,0.132250162995758,"IRF7"
"MA0773.1","MEF2D",0.137456731082724,0,"cortex_late","down","promoter",FALSE,1,0.277264857858333,0.129101237872296,"MEF2D"
"MA0774.1","MEIS2",-0.0074726846159674,0,"cortex_late","down","promoter",FALSE,1,0.00240920939135059,0.995459109912767,"MEIS2"
"MA0775.1","MEIS3",0.149174850908979,0,"cortex_late","down","promoter",FALSE,1,1.1314026229715,0.0600622512986775,"MEIS3"
"MA0776.1","MYBL1",-0.574640864785545,0,"cortex_late","down","promoter",FALSE,1,1.68538215945102,0.0122334468276326,"MYBL1"
"MA0777.1","MYBL2",0.0365237393732811,0,"cortex_late","down","promoter",FALSE,1,2.54167122737594,0.0167719163849104,"MYBL2"
"MA0105.4","NFKB1",-0.1276445187559,0,"cortex_late","down","promoter",FALSE,1,0.405257807980465,0.0892931004887569,"NFKB1"
"MA0778.1","NFKB2",0.0826002421096357,0,"cortex_late","down","promoter",FALSE,1,0.77218365080566,0.0869991698425003,"NFKB2"
"MA0783.1","PKNOX2",-0.475153903020843,0,"cortex_late","down","promoter",FALSE,1,0.394272824380476,0.38554530958871,"PKNOX2"
"MA0785.1","POU2F1",-0.109564163523984,0,"cortex_late","down","promoter",FALSE,1,0.223728842825509,0.428331585315998,"POU2F1"
"MA0788.1","POU3F3",-0.0987108815521021,0,"cortex_late","down","promoter",FALSE,1,0.0200365438456984,0.969373434085365,"POU3F3"
"MA0794.1","PROX1",0.200229156452186,0,"cortex_late","down","promoter",FALSE,1,-0.535703323737026,0.215777185403021,"PROX1"
"MA0600.2","RFX2",-0.441404860219672,0,"cortex_late","down","promoter",FALSE,1,-0.0877645373107878,0.778605028600402,"RFX2"
"MA0795.1","SMAD3",0.264956387155537,0,"cortex_late","down","promoter",FALSE,1,0.121366048735763,0.588111009882596,"SMAD3"
"MA0796.1","TGIF1",-0.30901014602639,0,"cortex_late","down","promoter",FALSE,1,0.794249406231259,0.024397496606554,"TGIF1"
"MA0797.1","TGIF2",0.0957736087441861,0,"cortex_late","down","promoter",FALSE,1,-0.0894147349062706,0.7842097534443,"TGIF2"
"MA0510.2","RFX5",-0.577171185178938,0,"cortex_late","down","promoter",FALSE,1,0.501414601589885,0.0983833366041225,"RFX5"
"MA0511.2","RUNX2",-0.0529468458448292,0,"cortex_late","down","promoter",FALSE,1,2.05009004792153,0.0144923202630453,"RUNX2"
"MA0800.1","EOMES",-0.456215937033773,0,"cortex_late","down","promoter",FALSE,1,2.3904244876289,0.0453884867683635,"EOMES"
"MA0801.1","MGA",-0.439938618958839,0,"cortex_late","down","promoter",FALSE,1,-0.00931677187637536,0.958610340545883,"MGA"
"MA0804.1","TBX19",0.20760964236841,0,"cortex_late","down","promoter",FALSE,1,-0.100633503188082,0.78140790859454,"TBX19"
"MA0805.1","TBX1",-0.425347600123157,0,"cortex_late","down","promoter",FALSE,1,2.16985939116411,0.0269522711228122,"TBX1"
"MA0808.1","TEAD3",-0.27038202675033,0,"cortex_late","down","promoter",FALSE,1,0.521680656924673,0.00638640839435599,"TEAD3"
"MA0464.2","BHLHE40",-0.2365402915523,0,"cortex_late","down","promoter",FALSE,1,0.314890752961937,0.346258513628138,"BHLHE40"
"MA0819.1","CLOCK",0.0169127887315579,0,"cortex_late","down","promoter",FALSE,1,-0.344584352748873,0.28800642738705,"CLOCK"
"MA0058.3","MAX",-0.00113949840721794,0,"cortex_late","down","promoter",FALSE,1,0.313773552899902,0.108168353844389,"MAX"
"MA0825.1","MNT",-0.000881260108531734,0,"cortex_late","down","promoter",FALSE,1,0.304610705223919,0.155485755617486,"MNT"
"MA0466.2","CEBPB",-0.467625111317691,0,"cortex_late","down","promoter",FALSE,1,1.55619495932372,0.00389864211258081,"CEBPB"
"MA0838.1","CEBPG",-0.251299876581448,0,"cortex_late","down","promoter",FALSE,1,0.301951506588183,0.0589993265624855,"CEBPG"
"MA0839.1","CREB3L1",-0.0743207941187816,0,"cortex_late","down","promoter",FALSE,1,2.43085209894203,0.00716078074477501,"CREB3L1"
"MA0844.1","XBP1",-0.157968630733619,0,"cortex_late","down","promoter",FALSE,1,0.348624663896845,0.0761247578428936,"XBP1"
"MA0032.2","FOXC1",-0.0108690488114087,0,"cortex_late","down","promoter",FALSE,1,-0.179032381938588,0.704299410394463,"FOXC1"
"MA0850.1","FOXP3",-0.0158668219571956,0,"cortex_late","down","promoter",FALSE,1,0.663757276125553,0.376792157653482,"FOXP3"
"MA0855.1","RXRB",0.166063562689499,0,"cortex_late","down","promoter",FALSE,1,-0.013595831285115,0.930702571123666,"RXRB"
"MA0856.1","RXRG",0.268957052064819,0,"cortex_late","down","promoter",FALSE,1,-0.381741342730905,0.672267685894918,"RXRG"
"MA0106.3","TP53",-0.565990836054937,0,"cortex_late","down","promoter",FALSE,1,0.627491614340639,0.0615087765804618,"TP53"
"MA0861.1","TP73",-0.391751784543275,0,"cortex_late","down","promoter",FALSE,1,0.198602394146859,0.740297241194491,"TP73"
"MA0862.1","GMEB2",0.127279418813639,0,"cortex_late","down","promoter",FALSE,1,0.069577144549104,0.653871256266482,"GMEB2"
"MA0024.3","E2F1",0.0471085488137222,0,"cortex_late","down","promoter",FALSE,1,-9.23251704945116e-05,0.999934552034004,"E2F1"
"MA0028.2","ELK1",-0.603848167727363,0,"cortex_late","down","promoter",FALSE,1,0.249401399433791,0.166237083287717,"ELK1"
"MA0886.1","EMX2",-0.12317545161586,0,"cortex_late","down","promoter",FALSE,1,-0.0119007550013999,0.973091095607023,"EMX2"
"MA0889.1","GBX1",-0.0819959167643916,0,"cortex_late","down","promoter",FALSE,1,-0.0757867066593149,0.915108276475197,"GBX1"
"MA0895.1","HMBOX1",0.10127533635981,0,"cortex_late","down","promoter",FALSE,1,-0.252011754315682,0.266230745950304,"HMBOX1"
"MA0899.1","HOXA10",-0.0954768098149605,0,"cortex_late","down","promoter",FALSE,1,-0.301074636628616,0.0624049336475272,"HOXA10"
"MA0903.1","HOXB3",-0.0890668406813431,0,"cortex_late","down","promoter",FALSE,1,0.316447877789761,0.288978893472889,"HOXB3"
"MA0905.1","HOXC10",-0.324478513557066,0,"cortex_late","down","promoter",FALSE,1,0.0829181808846,0.79923636090623,"HOXC10"
"MA0908.1","HOXD11",-0.578364083649575,0,"cortex_late","down","promoter",FALSE,1,0.530842005471124,0.28573497441396,"HOXD11"
"MA0852.2","FOXK1",0.126147210469462,0,"cortex_late","down","promoter",FALSE,1,-0.137536006976261,0.378982704233958,"FOXK1"
"MA0036.3","GATA2",0.178783059486959,0,"cortex_late","down","promoter",FALSE,1,-0.922089085870465,0.0238793397352311,"GATA2"
"MA1106.1","HIF1A",0.0257985328883112,0,"cortex_late","down","promoter",FALSE,1,1.14093533925004,0.00389864211258081,"HIF1A"
"MA0147.3","MYC",0.069077275687162,0,"cortex_late","down","promoter",FALSE,1,1.59019081752968,0.00294986225410836,"MYC"
"MA0104.4","MYCN",-0.0409398951738957,0,"cortex_late","down","promoter",FALSE,1,-0.269802710550367,0.400606413399665,"MYCN"
"MA0161.2","NFIC",-0.0583768598183552,0,"cortex_late","down","promoter",FALSE,1,0.0479395657695862,0.821202623198197,"NFIC"
"MA0060.3","NFYA",-0.134260272060665,0,"cortex_late","down","promoter",FALSE,1,0.127865048398804,0.449370859968367,"NFYA"
"MA0014.3","PAX5",0.0290835100784186,0,"cortex_late","down","promoter",FALSE,1,3.04953545833408,0.0676302692915357,"PAX5"
"MA1116.1","RBPJ",-0.0972004882183395,0,"cortex_late","down","promoter",FALSE,1,0.353842408100793,0.0476151303405136,"RBPJ"
"MA1117.1","RELB",-0.0429024935132523,0,"cortex_late","down","promoter",FALSE,1,1.03654016209544,0.0547321416976345,"RELB"
"MA1120.1","SOX13",0.0440877016873928,0,"cortex_late","down","promoter",FALSE,1,-0.0888534469175832,0.780316048879504,"SOX13"
"MA1121.1","TEAD2",-0.269383732602821,0,"cortex_late","down","promoter",FALSE,1,0.398929707202682,0.203416788736098,"TEAD2"
"MA1122.1","TFDP1",-0.0202160515732057,0,"cortex_late","down","promoter",FALSE,1,0.0491686458014362,0.730931570793093,"TFDP1"
"MA0750.2","ZBTB7A",-0.064890933696562,0,"cortex_late","down","promoter",FALSE,1,0.248832336953842,0.0635588376012692,"ZBTB7A"
"MA0103.3","ZEB1",0.0604456369430988,0,"cortex_late","down","promoter",FALSE,1,-0.226063817000626,0.436363855145491,"ZEB1"
"MA1124.1","ZNF24",0.0892968862391523,0,"cortex_late","down","promoter",FALSE,1,-0.117114807392734,0.498643138228834,"ZNF24"
"MA1125.1","ZNF384",-0.318407480251273,0,"cortex_late","down","promoter",FALSE,1,-0.198809362199945,0.119827039458488,"ZNF384"
"MA1154.1","ZNF282",-0.246247829956015,0,"cortex_late","down","promoter",FALSE,1,-0.0775515311263906,0.643492291567831,"ZNF282"
"MA0037.3","GATA3",-0.0662497800985413,0,"cortex_late","down","promoter",FALSE,1,-0.016450652305716,0.957898617959031,"GATA3"
"MA0099.3","FOS::JUN",0.00815965471815261,0,"cortex_late","down","promoter",FALSE,1,0.234618959475633,0.479714656230028,"JUN"
"MA1126.1","FOS::JUN(var.2)",-0.0193646077331504,0,"cortex_late","down","promoter",FALSE,1,0.0732688759655913,0.949948116968932,"FOS"
"MA1127.1","FOSB::JUN",0.116064611688654,0,"cortex_late","down","promoter",FALSE,1,0.234618959475633,0.479714656230028,"JUN"
"MA1128.1","FOSL1::JUN",0.212461828375435,0,"cortex_late","down","promoter",FALSE,1,2.10935552338616,0.016545053702966,"FOSL1"
"MA1129.1","FOSL1::JUN(var.2)",0.156449305352245,0,"cortex_late","down","promoter",FALSE,1,2.10935552338616,0.016545053702966,"FOSL1"
"MA1130.1","FOSL2::JUN",0.13051596036631,0,"cortex_late","down","promoter",FALSE,1,1.02846159986398,0.00413734877776558,"FOSL2"
"MA1131.1","FOSL2::JUN(var.2)",0.189597447515138,0,"cortex_late","down","promoter",FALSE,1,1.02846159986398,0.00413734877776558,"FOSL2"
"MA1132.1","JUN::JUNB",-0.380488637035617,0,"cortex_late","down","promoter",FALSE,1,0.987021576512366,0.0505275527139367,"JUNB"
"MA1134.1","FOS::JUNB",0.0174573246414536,0,"cortex_late","down","promoter",FALSE,1,0.987021576512366,0.0505275527139367,"JUNB"
"MA1135.1","FOSB::JUNB",0.00658428571329583,0,"cortex_late","down","promoter",FALSE,1,0.987021576512366,0.0505275527139367,"JUNB"
"MA1137.1","FOSL1::JUNB",0.148914815412807,0,"cortex_late","down","promoter",FALSE,1,2.10935552338616,0.016545053702966,"FOSL1"
"MA1138.1","FOSL2::JUNB",0.0180853803060792,0,"cortex_late","down","promoter",FALSE,1,1.02846159986398,0.00413734877776558,"FOSL2"
"MA1139.1","FOSL2::JUNB(var.2)",0.20249347516588,0,"cortex_late","down","promoter",FALSE,1,1.02846159986398,0.00413734877776558,"FOSL2"
"MA1141.1","FOS::JUND",0.181621738456299,0,"cortex_late","down","promoter",FALSE,1,0.176041424308677,0.44988657898698,"JUND"
"MA1142.1","FOSL1::JUND",0.0877123209192607,0,"cortex_late","down","promoter",FALSE,1,2.10935552338616,0.016545053702966,"FOSL1"
"MA1143.1","FOSL1::JUND(var.2)",-0.0518371173980583,0,"cortex_late","down","promoter",FALSE,1,2.10935552338616,0.016545053702966,"FOSL1"
"MA1144.1","FOSL2::JUND",-0.135641217147929,0,"cortex_late","down","promoter",FALSE,1,1.02846159986398,0.00413734877776558,"FOSL2"
"MA1146.1","NR1H4::RXRA",0.1033860304748,0,"cortex_late","down","promoter",FALSE,1,-1.4795007136102,0.0245097754849855,"NR1H4"
"MA1147.1","NR4A2::RXRA",0.0783756344779434,0,"cortex_late","down","promoter",FALSE,1,-0.35170414551812,0.0446090522371796,"RXRA"
"MA1148.1","PPARA::RXRA",0.0919253047215758,0,"cortex_late","down","promoter",FALSE,1,-1.40563125878995,0.0178870437190186,"PPARA"
"MA0831.2","TFE3",0.0471555614708148,0,"cortex_late","down","promoter",FALSE,1,0.0155579212628814,0.923689250327481,"TFE3"
"MA0693.2","VDR",-0.482779220510918,0,"cortex_late","down","promoter",FALSE,1,0.308192199139582,0.52607256528957,"VDR"
"MA1418.1","IRF3",0.218446469548972,0,"cortex_late","down","promoter",FALSE,1,0.331730650089508,0.258292443117683,"IRF3"
"MA1419.1","IRF4",-0.199076282831463,0,"cortex_late","down","promoter",FALSE,1,2.16610018581263,0.0460701980064735,"IRF4"
"MA1420.1","IRF5",0.0309779296326482,0,"cortex_late","down","promoter",FALSE,1,1.57352096860409,0.0485354503445092,"IRF5"
"MA1421.1","TCF7L1",-0.102367486604132,0,"cortex_late","down","promoter",FALSE,1,0.038125697307426,0.91510880833701,"TCF7L1"
"MA1464.1","ARNT2",-0.193918614755336,0,"cortex_late","down","promoter",FALSE,1,-0.217186729244624,0.505108166426022,"ARNT2"
"MA1466.1","ATF6",-0.169622331196667,0,"cortex_late","down","promoter",FALSE,1,0.0551701682574581,0.742498530039227,"ATF6"
"MA1471.1","BARX2",0.120904338595929,0,"cortex_late","down","promoter",FALSE,1,1.3366037487251,0.0795525268876396,"BARX2"
"MA1483.1","ELF2",-0.319212581788284,0,"cortex_late","down","promoter",FALSE,1,-0.0977781842415455,0.659184813609932,"ELF2"
"MA1484.1","ETS2",-0.458638364318202,0,"cortex_late","down","promoter",FALSE,1,0.235259681730191,0.403999783271664,"ETS2"
"MA1487.1","FOXE1",0.13703598100889,0,"cortex_late","down","promoter",FALSE,1,0.165545902554006,0.916757977262879,"FOXE1"
"MA1489.1","FOXN3",0.298445066932544,0,"cortex_late","down","promoter",FALSE,1,-0.0170264651052374,0.94824231177084,"FOXN3"
"MA1491.1","GLI3",0.0297954098566606,0,"cortex_late","down","promoter",FALSE,1,0.195846706149949,0.415523616044721,"GLI3"
"MA1493.1","HES6",0.113268450382817,0,"cortex_late","down","promoter",FALSE,1,0.139709716480486,0.681215870772818,"HES6"
"MA1496.1","HOXA4",-0.0692360465733906,0,"cortex_late","down","promoter",FALSE,1,-0.328579387546617,0.0889229578668277,"HOXA4"
"MA1497.1","HOXA6",-0.326274960791782,0,"cortex_late","down","promoter",FALSE,1,0.0684813732562888,0.802291316465486,"HOXA6"
"MA1498.1","HOXA7",-0.513018181354189,0,"cortex_late","down","promoter",FALSE,1,-0.644932767571269,0.020461876497108,"HOXA7"
"MA1499.1","HOXB4",0.129306873411342,0,"cortex_late","down","promoter",FALSE,1,-0.234371268411707,0.415156280676598,"HOXB4"
"MA1500.1","HOXB6",-0.578319590958197,0,"cortex_late","down","promoter",FALSE,1,0.112229652365349,0.762380463958116,"HOXB6"
"MA1501.1","HOXB7",-0.172638594214643,0,"cortex_late","down","promoter",FALSE,1,0.0546040514026656,0.882693100775046,"HOXB7"
"MA1502.1","HOXB8",-0.494508176341451,0,"cortex_late","down","promoter",FALSE,1,0.302957287113811,0.457526461585833,"HOXB8"
"MA1503.1","HOXB9",-0.366768842474116,0,"cortex_late","down","promoter",FALSE,1,0.139019574035474,0.798438427624629,"HOXB9"
"MA1504.1","HOXC4",0.146623792813508,0,"cortex_late","down","promoter",FALSE,1,0.126511795283852,0.692941947793839,"HOXC4"
"MA1505.1","HOXC8",-0.695940107718226,0,"cortex_late","down","promoter",FALSE,1,0.259697434719194,0.338502265852407,"HOXC8"
"MA1506.1","HOXD10",-0.306169487150366,0,"cortex_late","down","promoter",FALSE,1,0.250425744334608,0.521865736005921,"HOXD10"
"MA1508.1","IKZF1",0.0451335543645728,0,"cortex_late","down","promoter",FALSE,1,2.23956301583121,0.0306730728198086,"IKZF1"
"MA1511.1","KLF10",-0.0570282364992973,0,"cortex_late","down","promoter",FALSE,1,1.14345939925402,0.00717376791986162,"KLF10"
"MA1512.1","KLF11",-0.0430214100232238,0,"cortex_late","down","promoter",FALSE,1,0.568595440067086,0.160395225565707,"KLF11"
"MA1513.1","KLF15",-0.0230106852035483,0,"cortex_late","down","promoter",FALSE,1,-1.21191688966138,0.0504137175878336,"KLF15"
"MA1515.1","KLF2",-0.0478423677513948,0,"cortex_late","down","promoter",FALSE,1,1.09690384265259,0.011073244496898,"KLF2"
"MA1516.1","KLF3",-0.0887399320989513,0,"cortex_late","down","promoter",FALSE,1,0.259184857475672,0.16630168309976,"KLF3"
"MA1517.1","KLF6",-0.170224895014726,0,"cortex_late","down","promoter",FALSE,1,0.858501826661747,0.0204023158607641,"KLF6"
"MA1518.1","LHX1",-0.192490832525409,0,"cortex_late","down","promoter",FALSE,1,-1.25961386257443,0.0336592304463987,"LHX1"
"MA1522.1","MAZ",-0.0736495110418378,0,"cortex_late","down","promoter",FALSE,1,0.0818445163550425,0.76574810244375,"MAZ"
"MA1523.1","MSANTD3",-0.0919693684473906,0,"cortex_late","down","promoter",FALSE,1,-0.296078459342358,0.257325911940941,"MSANTD3"
"MA1525.1","NFATC4",-0.00833627178821494,0,"cortex_late","down","promoter",FALSE,1,1.00562403698568,0.0708583568185503,"NFATC4"
"MA1531.1","NR1D1",0.176146649137054,0,"cortex_late","down","promoter",FALSE,1,-0.952908464115697,0.0206843365698509,"NR1D1"
"MA1533.1","NR1I2",-0.173951327055313,0,"cortex_late","down","promoter",FALSE,1,-1.31956334777676,0.168613585950679,"NR1I2"
"MA1534.1","NR1I3",0.0185671153249221,0,"cortex_late","down","promoter",FALSE,1,-2.77151182229256,0.0208960878408056,"NR1I3"
"MA1541.1","NR6A1",0.174421675277996,0,"cortex_late","down","promoter",FALSE,1,-0.228536655670166,0.220257902756409,"NR6A1"
"MA1542.1","OSR1",0.0441121047301261,0,"cortex_late","down","promoter",FALSE,1,-0.283917499412603,0.593222395826596,"OSR1"
"MA1544.1","OVOL1",0.127417224034832,0,"cortex_late","down","promoter",FALSE,1,-0.499407127232584,0.324682019675354,"OVOL1"
"MA1545.1","OVOL2",-0.0262627885743463,0,"cortex_late","down","promoter",FALSE,1,-0.937384980994091,0.163092803632322,"OVOL2"
"MA1547.1","PITX2",0.0302036215210029,0,"cortex_late","down","promoter",FALSE,1,-0.887872832656273,0.104140563403556,"PITX2"
"MA1554.1","RFX7",0.0177709644976884,0,"cortex_late","down","promoter",FALSE,1,0.00244834820523376,0.993120758035164,"RFX7"
"MA1558.1","SNAI1",0.0300063620688977,0,"cortex_late","down","promoter",FALSE,1,1.08564336920093,0.0137953755692324,"SNAI1"
"MA1561.1","SOX12",-0.107868863284914,0,"cortex_late","down","promoter",FALSE,1,-0.361349976612461,0.262467188837292,"SOX12"
"MA1563.1","SOX18",-0.340142183175035,0,"cortex_late","down","promoter",FALSE,1,0.00292157347417987,0.994506061237315,"SOX18"
"MA1566.1","TBX3",-0.269977252566705,0,"cortex_late","down","promoter",FALSE,1,0.102915683841081,0.740297241194491,"TBX3"
"MA1567.1","TBX6",-0.357516669082002,0,"cortex_late","down","promoter",FALSE,1,-0.535548446437226,0.276636771493716,"TBX6"
"MA1573.1","THAP11",0.0178714431458085,0,"cortex_late","down","promoter",FALSE,1,-0.110290111666856,0.630704109734632,"THAP11"
"MA1578.1","VEZF1",0.00888647689474098,0,"cortex_late","down","promoter",FALSE,1,0.13098633501567,0.409155788581504,"VEZF1"
"MA1579.1","ZBTB26",0.108308065846316,0,"cortex_late","down","promoter",FALSE,1,-0.364494695356772,0.225241831539457,"ZBTB26"
"MA1581.1","ZBTB6",0.0524720635834486,0,"cortex_late","down","promoter",FALSE,1,-0.184074101784175,0.643162161370863,"ZBTB6"
"MA1583.1","ZFP57",-0.00143966742577462,0,"cortex_late","down","promoter",FALSE,1,-0.103947425277808,0.474366253525041,"ZFP57"
"MA1585.1","ZKSCAN1",0.156047438307093,0,"cortex_late","down","promoter",FALSE,1,-0.186655574377817,0.415452988665755,"ZKSCAN1"
"MA1589.1","ZNF140",-0.0502371288591377,0,"cortex_late","down","promoter",FALSE,1,0.363278994076396,0.263827011539419,"ZNF140"
"MA1593.1","ZNF317",0.0160377535047642,0,"cortex_late","down","promoter",FALSE,1,0.188070251113703,0.109815886554582,"ZNF317"
"MA1594.1","ZNF382",-0.0624060433615994,0,"cortex_late","down","promoter",FALSE,1,-0.0948771776808257,0.766102078741142,"ZNF382"
"MA1600.1","ZNF684",0.207222142354246,0,"cortex_late","down","promoter",FALSE,1,0.24699524891876,0.36331335292729,"ZNF684"
"MA1601.1","ZNF75D",0.0558991112586966,0,"cortex_late","down","promoter",FALSE,1,-0.0343495463244183,0.819366268136413,"ZNF75D"
"MA1602.1","ZSCAN29",-0.0407373386158376,0,"cortex_late","down","promoter",FALSE,1,-0.171044960347177,0.361383173126386,"ZSCAN29"
"MA0605.2","ATF3",0.0266192886493681,0,"cortex_late","down","promoter",FALSE,1,1.22781244711171,0.0296699168924001,"ATF3"
"MA0462.2","BATF::JUN",0.0409507472559838,0,"cortex_late","down","promoter",FALSE,1,1.56394663954186,0.0618399334525825,"BATF"
"MA0463.2","BCL6",0.172373451192525,0,"cortex_late","down","promoter",FALSE,1,0.288789596975512,0.336304604074261,"BCL6"
"MA0864.2","E2F2",-0.256817734465536,0,"cortex_late","down","promoter",FALSE,1,2.16310203768275,0.0266657347108946,"E2F2"
"MA0469.3","E2F3",-0.12210731658201,0,"cortex_late","down","promoter",FALSE,1,0.0639608022362301,0.86849553817273,"E2F3"
"MA0470.2","E2F4",-0.266591786085757,0,"cortex_late","down","promoter",FALSE,1,0.268943575403831,0.186817082099646,"E2F4"
"MA0612.2","EMX1",-0.230603999042087,0,"cortex_late","down","promoter",FALSE,1,-1.49587894973875,0.0146499492356548,"EMX1"
"MA0766.2","GATA5",-0.0429515087410008,0,"cortex_late","down","promoter",FALSE,1,-0.858321146014657,0.090824984476688,"GATA5"
"MA0038.2","GFI1",0.234691618964957,0,"cortex_late","down","promoter",FALSE,1,2.40048037565185,0.0212169709480674,"GFI1"
"MA0734.2","GLI2",-0.0155942889415872,0,"cortex_late","down","promoter",FALSE,1,1.5218799508573,0.0166052938123415,"GLI2"
"MA0900.2","HOXA2",-0.0711264827504072,0,"cortex_late","down","promoter",FALSE,1,0.457069078698871,0.245528809764773,"HOXA2"
"MA0158.2","HOXA5",-0.265051883750764,0,"cortex_late","down","promoter",FALSE,1,0.0352279979290078,0.893093359002962,"HOXA5"
"MA0594.2","HOXA9",-0.667405190254714,0,"cortex_late","down","promoter",FALSE,1,-0.207499195594185,0.336693854373909,"HOXA9"
"MA0902.2","HOXB2",-0.21405466272247,0,"cortex_late","down","promoter",FALSE,1,0.178148109043944,0.617110319099526,"HOXB2"
"MA0904.2","HOXB5",-0.35730420830831,0,"cortex_late","down","promoter",FALSE,1,-0.00140329455360844,0.997357511683444,"HOXB5"
"MA0485.2","HOXC9",-0.347183508649962,0,"cortex_late","down","promoter",FALSE,1,0.0106923027358348,0.973223681010187,"HOXC9"
"MA0912.2","HOXD3",-0.248630722481932,0,"cortex_late","down","promoter",FALSE,1,-0.173370878751268,0.515568530855192,"HOXD3"
"MA0910.2","HOXD8",-0.72899571847868,0,"cortex_late","down","promoter",FALSE,1,-0.247006857707948,0.459135421366113,"HOXD8"
"MA0913.2","HOXD9",-0.0469931665826566,0,"cortex_late","down","promoter",FALSE,1,-0.220051670664814,0.432420314672991,"HOXD9"
"MA0703.2","LMX1B",-0.384989242087243,0,"cortex_late","down","promoter",FALSE,1,-1.84069961652843,0.0180418116823236,"LMX1B"
"MA0842.2","NRL",-0.200285101879385,0,"cortex_late","down","promoter",FALSE,1,-0.663213236069124,0.0389492960832284,"NRL"
"MA0075.3","PRRX2",-0.149772368472717,0,"cortex_late","down","promoter",FALSE,1,2.1194664143216,0.0196498713122675,"PRRX2"
"MA0867.2","SOX4",-0.19711007864202,0,"cortex_late","down","promoter",FALSE,1,0.301882913349457,0.545106407190992,"SOX4"
"MA0079.4","SP1",-0.161332836809433,0,"cortex_late","down","promoter",FALSE,1,-0.0538910415322489,0.794592964838596,"SP1"
"MA0516.2","SP2",-0.0414711806768215,0,"cortex_late","down","promoter",FALSE,1,0.0672624806107178,0.724169610801314,"SP2"
"MA0746.2","SP3",-0.038009424969756,0,"cortex_late","down","promoter",FALSE,1,0.109857962317119,0.548861568587062,"SP3"
"MA0632.2","TCFL5",0.0745871462832195,0,"cortex_late","down","promoter",FALSE,1,-0.219376841216913,0.33426805669732,"TCFL5"
"MA0871.2","TFEC",0.018448743373102,0,"cortex_late","down","promoter",FALSE,1,-1.14927017579855,0.0819612126195886,"TFEC"
"MA0753.2","ZNF740",-0.0192927884007847,0,"cortex_late","down","promoter",FALSE,1,0.140793219266418,0.383650068966542,"ZNF740"
"MA1632.1","ATF2",0.201891501372179,0,"cortex_late","down","promoter",FALSE,1,-0.209500134725169,0.190631785514542,"ATF2"
"MA1633.1","BACH1",-0.0628329655503039,0,"cortex_late","down","promoter",FALSE,1,0.215623552209181,0.426882226405801,"BACH1"
"MA1634.1","BATF",0.0539976707171652,0,"cortex_late","down","promoter",FALSE,1,1.56394663954186,0.0618399334525825,"BATF"
"MA1643.1","NFIB",0.10541565447512,0,"cortex_late","down","promoter",FALSE,1,-0.801967209982136,0.0310195339310119,"NFIB"
"MA1644.1","NFYC",-0.196388434998866,0,"cortex_late","down","promoter",FALSE,1,-0.405333178581786,0.0356282910709909,"NFYC"
"MA1647.1","PRDM4",0.0079684111358107,0,"cortex_late","down","promoter",FALSE,1,0.0432959774066282,0.825200630474584,"PRDM4"
"MA1649.1","ZBTB12",-0.025943552438382,0,"cortex_late","down","promoter",FALSE,1,-0.134894266462391,0.747528241936079,"ZBTB12"
"MA1650.1","ZBTB14",-0.00195519717430948,0,"cortex_late","down","promoter",FALSE,1,-0.160356275441869,0.296425439214427,"ZBTB14"
"MA1651.1","ZFP42",-0.219050124840287,0,"cortex_late","down","promoter",FALSE,1,0.590383423050386,0.229993067100302,"ZFP42"
"MA1653.1","ZNF148",-0.0164692496756036,0,"cortex_late","down","promoter",FALSE,1,-0.304674016324364,0.0990096020999713,"ZNF148"
"MA1654.1","ZNF16",-0.523689022207435,0,"cortex_late","down","promoter",FALSE,1,0.0361068081639608,0.858138167792166,"ZNF16"
"MA1655.1","ZNF341",-0.155999066396957,0,"cortex_late","down","promoter",FALSE,1,-0.0568824868307107,0.802263160430005,"ZNF341"
"MA1656.1","ZNF449",0.019408156623725,0,"cortex_late","down","promoter",FALSE,1,0.295598152723616,0.409591317759226,"ZNF449"
"MA1657.1","ZNF652",-0.309959371075783,0,"cortex_late","down","promoter",FALSE,1,-0.223573800710028,0.291824000832322,"ZNF652"
"MA0833.2","ATF4",0.134452393131796,0,"cortex_late","down","promoter",FALSE,1,0.554828797699761,0.0497667357402476,"ATF4"
"MA0835.2","BATF3",-0.0640975515013364,0,"cortex_late","down","promoter",FALSE,1,0.857094975164021,0.254780467456984,"BATF3"
"MA0836.2","CEBPD",-0.0312239900786677,0,"cortex_late","down","promoter",FALSE,1,1.44345369263554,0.00638640839435599,"CEBPD"
"MA0018.4","CREB1",0.172239640525668,0,"cortex_late","down","promoter",FALSE,1,0.00394460007507025,0.984418522268869,"CREB1"
"MA0471.2","E2F6",-0.0590800674444694,0,"cortex_late","down","promoter",FALSE,1,0.242438800757994,0.097624693395725,"E2F6"
"MA0162.4","EGR1",0.0123728394494247,0,"cortex_late","down","promoter",FALSE,1,0.993488240979284,0.175778955921886,"EGR1"
"MA0598.3","EHF",0.0112929558478907,0,"cortex_late","down","promoter",FALSE,1,1.70579233716635,0.00623660714767927,"EHF"
"MA0473.3","ELF1",-0.132111632946635,0,"cortex_late","down","promoter",FALSE,1,0.186522063855572,0.239380690744905,"ELF1"
"MA0640.2","ELF3",-0.0660571870101503,0,"cortex_late","down","promoter",FALSE,1,1.40737148274039,0.00810709036805467,"ELF3"
"MA0761.2","ETV1",-0.0779471982339617,0,"cortex_late","down","promoter",FALSE,1,0.22212751917251,0.472527978995924,"ETV1"
"MA0764.2","ETV4",0.00282299785182794,0,"cortex_late","down","promoter",FALSE,1,2.71675802860031,0.00392533768056333,"ETV4"
"MA0765.2","ETV5",-0.230521257884838,0,"cortex_late","down","promoter",FALSE,1,-0.646748228578178,0.276180209783554,"ETV5"
"MA0477.2","FOSL1",0.0557192261559463,0,"cortex_late","down","promoter",FALSE,1,2.10935552338616,0.016545053702966,"FOSL1"
"MA1103.2","FOXK2",0.136467096616315,0,"cortex_late","down","promoter",FALSE,1,-0.354193883277111,0.0412444543084018,"FOXK2"
"MA0481.3","FOXP1",-0.00561993356887047,0,"cortex_late","down","promoter",FALSE,1,0.0808789329271917,0.774532961151454,"FOXP1"
"MA0062.3","GABPA",-0.0990960944167787,0,"cortex_late","down","promoter",FALSE,1,-0.268993180096397,0.0817415438809548,"GABPA"
"MA0482.2","GATA4",0.151073269195421,0,"cortex_late","down","promoter",FALSE,1,-0.504200287194804,0.711362867217369,"GATA4"
"MA1104.2","GATA6",-0.0281940232951969,0,"cortex_late","down","promoter",FALSE,1,1.18590412577478,0.0411088110400008,"GATA6"
"MA1105.2","GRHL2",-0.150957608374441,0,"cortex_late","down","promoter",FALSE,1,0.210334170305685,0.455926607530173,"GRHL2"
"MA0043.3","HLF",0.0976915158654013,0,"cortex_late","down","promoter",FALSE,1,-1.25933301879321,0.0342637808381269,"HLF"
"MA0114.4","HNF4A",-0.0523181847237266,0,"cortex_late","down","promoter",FALSE,1,-1.25980610586777,0.0892649856453942,"HNF4A"
"MA0484.2","HNF4G",-0.000677078954064214,0,"cortex_late","down","promoter",FALSE,1,-1.67052276942475,0.0161564174664684,"HNF4G"
"MA0490.2","JUNB",0.142124833974879,0,"cortex_late","down","promoter",FALSE,1,0.987021576512366,0.0505275527139367,"JUNB"
"MA0491.2","JUND",0.0279129978805672,0,"cortex_late","down","promoter",FALSE,1,0.176041424308677,0.44988657898698,"JUND"
"MA0039.4","KLF4",0.0315368577874562,0,"cortex_late","down","promoter",FALSE,1,1.14570658880913,0.00389864211258081,"KLF4"
"MA1107.2","KLF9",0.0173313199762006,0,"cortex_late","down","promoter",FALSE,1,-0.197012528931298,0.780229556932,"KLF9"
"MA0495.3","MAFF",0.023712067459992,0,"cortex_late","down","promoter",FALSE,1,1.19899802643827,0.0273036282512805,"MAFF"
"MA0659.2","MAFG",0.0746150817514613,0,"cortex_late","down","promoter",FALSE,1,0.110727696998016,0.540526967059497,"MAFG"
"MA0496.3","MAFK",-0.0715528410272599,0,"cortex_late","down","promoter",FALSE,1,-0.0592938378199301,0.820849080597603,"MAFK"
"MA0620.3","MITF",0.1602770088795,0,"cortex_late","down","promoter",FALSE,1,-0.421950461520824,0.084258042308899,"MITF"
"MA1108.2","MXI1",-0.128199212877187,0,"cortex_late","down","promoter",FALSE,1,-0.8408892143695,0.0324376444095301,"MXI1"
"MA0089.2","NFE2L1",0.236743433280997,0,"cortex_late","down","promoter",FALSE,1,0.39550938680892,0.0167434207201977,"NFE2L1"
"MA0025.2","NFIL3",-0.309450961178232,0,"cortex_late","down","promoter",FALSE,1,0.216310606034646,0.452315044303837,"NFIL3"
"MA0502.2","NFYB",-0.305041243817097,0,"cortex_late","down","promoter",FALSE,1,0.0535703405217713,0.791034907841889,"NFYB"
"MA0679.2","ONECUT1",-0.0930258968206141,0,"cortex_late","down","promoter",FALSE,1,-0.305681157401709,0.79726462709597,"ONECUT1"
"MA1113.2","PBX2",0.260171057834709,0,"cortex_late","down","promoter",FALSE,1,-0.0716879256131486,0.592499892421122,"PBX2"
"MA0782.2","PKNOX1",0.0761121710224764,0,"cortex_late","down","promoter",FALSE,1,0.0430717643209224,0.812897682609181,"PKNOX1"
"MA0508.3","PRDM1",0.0210213010907152,0,"cortex_late","down","promoter",FALSE,1,0.851380000503385,0.102516486577911,"PRDM1"
"MA0509.2","RFX1",-0.175750876046203,0,"cortex_late","down","promoter",FALSE,1,-0.0862975991716723,0.767027162375109,"RFX1"
"MA0798.2","RFX3",-0.088650281420656,0,"cortex_late","down","promoter",FALSE,1,-0.369887629903715,0.0899832485099614,"RFX3"
"MA0745.2","SNAI2",0.0553378416994148,0,"cortex_late","down","promoter",FALSE,1,0.643499167235776,0.093934214104676,"SNAI2"
"MA0080.5","SPI1",-0.0811330058896687,0,"cortex_late","down","promoter",FALSE,1,2.08688724918781,0.0277096386312101,"SPI1"
"MA0081.2","SPIB",-0.0582164339323574,0,"cortex_late","down","promoter",FALSE,1,4.0841758316319,0.0141010765844496,"SPIB"
"MA0522.3","TCF3",-0.031270907716431,0,"cortex_late","down","promoter",FALSE,1,0.557824702012325,0.164946685394945,"TCF3"
"MA0830.2","TCF4",0.00712850978425728,0,"cortex_late","down","promoter",FALSE,1,0.230313803831776,0.515529818856741,"TCF4"
"MA0090.3","TEAD1",-0.120918449698951,0,"cortex_late","down","promoter",FALSE,1,0.021731518988295,0.95950778813433,"TEAD1"
"MA0809.2","TEAD4",-0.187950774635892,0,"cortex_late","down","promoter",FALSE,1,0.94200136013122,0.0116730618613006,"TEAD4"
"MA0003.4","TFAP2A",0.0292061984614005,0,"cortex_late","down","promoter",FALSE,1,0.136494272440522,0.671569041798904,"TFAP2A"
"MA0093.3","USF1",-0.0895427165556608,0,"cortex_late","down","promoter",FALSE,1,0.205963435892328,0.466491178494197,"USF1"
"MA0526.3","USF2",-0.00179458639305974,0,"cortex_late","down","promoter",FALSE,1,-0.254954552846203,0.144650105291358,"USF2"
"MA0528.2","ZNF263",-0.0845112927646952,0,"cortex_late","down","promoter",FALSE,1,0.297947962619334,0.149510985786169,"ZNF263"
"MA0609.2","CREM",0.047492794081414,0,"cortex_late","down","promoter",FALSE,1,0.641070187614052,0.023886407704992,"CREM"
"MA0729.1","RARA",NA,NA,"cortex_late","down","promoter",FALSE,NA,0.149275406051572,0.583960222172284,"RARA"
"MA0655.1","JDP2",0.571597681120712,0.177057319030532,"cortex_late","down","enhancer",FALSE,0.665185357950485,0.981298186715939,0.0268722362635841,"JDP2"
"MA1493.1","HES6",0.427788629243392,0.136262039455605,"cortex_late","down","enhancer",FALSE,0.730698070511394,0.139709716480486,0.681215870772818,"HES6"
"MA0864.2","E2F2",0.588186674581156,0.136262039455605,"cortex_late","down","enhancer",FALSE,0.730698070511394,2.16310203768275,0.0266657347108946,"E2F2"
"MA0861.1","TP73",0.547593587068658,0.109378789228713,"cortex_late","down","enhancer",FALSE,0.777358247741724,0.198602394146859,0.740297241194491,"TP73"
"MA0833.2","ATF4",0.409604800206563,0.109378789228713,"cortex_late","down","enhancer",FALSE,0.777358247741724,0.554828797699761,0.0497667357402476,"ATF4"
"MA0620.3","MITF",0.356399292467908,0.109378789228713,"cortex_late","down","enhancer",FALSE,0.777358247741724,-0.421950461520824,0.084258042308899,"MITF"
"MA0462.2","BATF::JUN",0.248331077743205,0.0916103838810394,"cortex_late","down","enhancer",FALSE,0.809822084434781,1.56394663954186,0.0618399334525825,"BATF"
"MA0785.1","POU2F1",0.230504290207165,0.0895206579391187,"cortex_late","down","enhancer",FALSE,0.813728153525626,0.223728842825509,0.428331585315998,"POU2F1"
"MA0797.1","TGIF2",0.391812828437796,0.0833641263914218,"cortex_late","down","enhancer",FALSE,0.825345663184421,-0.0894147349062706,0.7842097534443,"TGIF2"
"MA0470.2","E2F4",0.484227646925486,0.0710347625956381,"cortex_late","down","enhancer",FALSE,0.849112506095185,0.268943575403831,0.186817082099646,"E2F4"
"MA0737.1","GLIS3",0.445077441016547,0.0509666554342746,"cortex_late","down","enhancer",FALSE,0.889269392184764,0.230399755239139,0.479346309730214,"GLIS3"
"MA0773.1","MEF2D",0.383939406748596,0.0509666554342746,"cortex_late","down","enhancer",FALSE,0.889269392184764,0.277264857858333,0.129101237872296,"MEF2D"
"MA1124.1","ZNF24",0.251024080602234,0.0509666554342746,"cortex_late","down","enhancer",FALSE,0.889269392184764,-0.117114807392734,0.498643138228834,"ZNF24"
"MA1523.1","MSANTD3",0.172146729670088,0.0509666554342746,"cortex_late","down","enhancer",FALSE,0.889269392184764,-0.296078459342358,0.257325911940941,"MSANTD3"
"MA0632.2","TCFL5",0.278614994013724,0.0509666554342746,"cortex_late","down","enhancer",FALSE,0.889269392184764,-0.219376841216913,0.33426805669732,"TCFL5"
"MA1634.1","BATF",0.215596057872051,0.0509666554342746,"cortex_late","down","enhancer",FALSE,0.889269392184764,1.56394663954186,0.0618399334525825,"BATF"
"MA1651.1","ZFP42",0.245719797864333,0.0509666554342746,"cortex_late","down","enhancer",FALSE,0.889269392184764,0.590383423050386,0.229993067100302,"ZFP42"
"MA0835.2","BATF3",0.220799524347703,0.0509666554342746,"cortex_late","down","enhancer",FALSE,0.889269392184764,0.857094975164021,0.254780467456984,"BATF3"
"MA0478.1","FOSL2",0.174348318335688,0.0476174361148495,"cortex_late","down","enhancer",FALSE,0.896153827231718,1.02846159986398,0.00413734877776558,"FOSL2"
"MA0477.2","FOSL1",0.220725012846774,0.040353789342509,"cortex_late","down","enhancer",FALSE,0.91126819043868,2.10935552338616,0.016545053702966,"FOSL1"
"MA0775.1","MEIS3",0.152610377641224,0.037817824583584,"cortex_late","down","enhancer",FALSE,0.916604901780454,1.1314026229715,0.0600622512986775,"MEIS3"
"MA0788.1","POU3F3",0.184576463674571,0.037817824583584,"cortex_late","down","enhancer",FALSE,0.916604901780454,0.0200365438456984,0.969373434085365,"POU3F3"
"MA0080.5","SPI1",0.101986563048184,0.0278114037903784,"cortex_late","down","enhancer",FALSE,0.937969239913359,2.08688724918781,0.0277096386312101,"SPI1"
"MA0131.2","HINFP",0.248812372706265,0.0260455828745247,"cortex_late","down","enhancer",FALSE,0.941790742441067,-0.0669551288115535,0.763974922779228,"HINFP"
"MA0472.2","EGR2",0.273244946655064,0.0244846708722137,"cortex_late","down","enhancer",FALSE,0.945181753574213,2.9557831683514,0.00543504740369628,"EGR2"
"MA1132.1","JUN::JUNB",0.201616335828615,0.0244846708722137,"cortex_late","down","enhancer",FALSE,0.945181753574213,0.987021576512366,0.0505275527139367,"JUNB"
"MA0114.4","HNF4A",0.163115161529521,0.0244846708722137,"cortex_late","down","enhancer",FALSE,0.945181753574213,-1.25980610586777,0.0892649856453942,"HNF4A"
"MA0497.1","MEF2C",0.133840714971871,0.0227272618188176,"cortex_late","down","enhancer",FALSE,0.949014259879477,0.319820453201881,0.430764311998789,"MEF2C"
"MA0095.2","YY1",0.174231941672005,0.00784812555599858,"cortex_late","down","enhancer",FALSE,0.982091324073839,-0.0384036864583219,0.761721173984392,"YY1"
"MA1125.1","ZNF384",0.1079756852297,0.00784812555599858,"cortex_late","down","enhancer",FALSE,0.982091324073839,-0.198809362199945,0.119827039458488,"ZNF384"
"MA0030.1","FOXF2",-0.0697843867514463,0,"cortex_late","down","enhancer",FALSE,1,1.97874974844741,0.0164160764157412,"FOXF2"
"MA0031.1","FOXD1",-0.0275388024610281,0,"cortex_late","down","enhancer",FALSE,1,0.723275246426268,0.11360860257452,"FOXD1"
"MA0051.1","IRF2",-0.148818504181578,0,"cortex_late","down","enhancer",FALSE,1,0.0874187242730144,0.522403921571679,"IRF2"
"MA0059.1","MAX::MYC",-0.0520716424005387,0,"cortex_late","down","enhancer",FALSE,1,1.59019081752968,0.00294986225410836,"MYC"
"MA0066.1","PPARG",-0.0908108973001331,0,"cortex_late","down","enhancer",FALSE,1,0.00149969125401683,0.997290578342321,"PPARG"
"MA0070.1","PBX1",-0.626024319623313,0,"cortex_late","down","enhancer",FALSE,1,0.0480557333630021,0.861020911821847,"PBX1"
"MA0071.1","RORA",-0.0883161018339518,0,"cortex_late","down","enhancer",FALSE,1,-0.386721146891125,0.400755729885775,"RORA"
"MA0073.1","RREB1",-0.0697144401799266,0,"cortex_late","down","enhancer",FALSE,1,-0.267612957653856,0.368219135542279,"RREB1"
"MA0074.1","RXRA::VDR",-0.0400484824570455,0,"cortex_late","down","enhancer",FALSE,1,-0.35170414551812,0.0446090522371796,"RXRA"
"MA0077.1","SOX9",0.120241602077479,0,"cortex_late","down","enhancer",FALSE,1,2.58056679197372,0.00543504740369628,"SOX9"
"MA0091.1","TAL1::TCF3",-0.0354370152393706,0,"cortex_late","down","enhancer",FALSE,1,0.557824702012325,0.164946685394945,"TCF3"
"MA0101.1","REL",-0.0727368377963211,0,"cortex_late","down","enhancer",FALSE,1,0.551292490640919,0.272342374321645,"REL"
"MA0107.1","RELA",-0.0877275213343003,0,"cortex_late","down","enhancer",FALSE,1,0.479175835146296,0.0389355204112652,"RELA"
"MA0115.1","NR1H2::RXRA",0.309960828354446,0,"cortex_late","down","enhancer",FALSE,1,-0.35170414551812,0.0446090522371796,"RXRA"
"MA0119.1","NFIC::TLX1",-0.300385107094614,0,"cortex_late","down","enhancer",FALSE,1,0.0479395657695862,0.821202623198197,"NFIC"
"MA0139.1","CTCF",0.0647948323137451,0,"cortex_late","down","enhancer",FALSE,1,-0.173609257308518,0.232497739386449,"CTCF"
"MA0138.2","REST",-0.23493165269455,0,"cortex_late","down","enhancer",FALSE,1,0.0571722519401625,0.849285039157882,"REST"
"MA0152.1","NFATC2",-0.163664114765757,0,"cortex_late","down","enhancer",FALSE,1,0.460547363681982,0.29695714802985,"NFATC2"
"MA0159.1","RARA::RXRA",-0.0440537843324345,0,"cortex_late","down","enhancer",FALSE,1,-0.35170414551812,0.0446090522371796,"RXRA"
"MA0160.1","NR4A2",-0.0310759111373864,0,"cortex_late","down","enhancer",FALSE,1,-0.099963853280352,0.860557992521686,"NR4A2"
"MA0163.1","PLAG1",-0.268640907987646,0,"cortex_late","down","enhancer",FALSE,1,-0.659814240566227,0.0330035180216781,"PLAG1"
"MA0259.1","ARNT::HIF1A",-0.0267595021813145,0,"cortex_late","down","enhancer",FALSE,1,1.14093533925004,0.00389864211258081,"HIF1A"
"MA0476.1","FOS",0.181871386334056,0,"cortex_late","down","enhancer",FALSE,1,0.0732688759655913,0.949948116968932,"FOS"
"MA0488.1","JUN",-0.0553512462525179,0,"cortex_late","down","enhancer",FALSE,1,0.234618959475633,0.479714656230028,"JUN"
"MA0501.1","MAF::NFE2",0.149604996673558,0,"cortex_late","down","enhancer",FALSE,1,-0.749296741488903,0.138596254609732,"MAF"
"MA0504.1","NR2C2",-0.0486607887015467,0,"cortex_late","down","enhancer",FALSE,1,0.0261954527076078,0.894017430809098,"NR2C2"
"MA0506.1","NRF1",0.109959588663433,0,"cortex_late","down","enhancer",FALSE,1,0.159318075994392,0.438612794523248,"NRF1"
"MA0507.1","POU2F2",0.044574495659325,0,"cortex_late","down","enhancer",FALSE,1,2.79185820405312,0.0298145721105701,"POU2F2"
"MA0513.1","SMAD2::SMAD3::SMAD4",0.0924829220443399,0,"cortex_late","down","enhancer",FALSE,1,0.0888215081793708,0.531558295838665,"SMAD2"
"MA0517.1","STAT1::STAT2",0.059032862325358,0,"cortex_late","down","enhancer",FALSE,1,0.603573978204228,0.0811251148209067,"STAT1"
"MA0523.1","TCF7L2",0.0358725536138333,0,"cortex_late","down","enhancer",FALSE,1,0.00238143260191759,0.989583890092099,"TCF7L2"
"MA0527.1","ZBTB33",0.101971393625727,0,"cortex_late","down","enhancer",FALSE,1,0.130491570655312,0.645490492018604,"ZBTB33"
"MA0076.2","ELK4",-0.132832457718364,0,"cortex_late","down","enhancer",FALSE,1,0.113728816705128,0.724685215620708,"ELK4"
"MA0050.2","IRF1",0.0980976421218909,0,"cortex_late","down","enhancer",FALSE,1,1.40089257237319,0.0329814929460361,"IRF1"
"MA0137.3","STAT1",0.110687037293354,0,"cortex_late","down","enhancer",FALSE,1,0.603573978204228,0.0811251148209067,"STAT1"
"MA0144.2","STAT3",-0.0379088360900992,0,"cortex_late","down","enhancer",FALSE,1,0.99721539206208,0.00260121202556568,"STAT3"
"MA0140.2","GATA1::TAL1",-0.137139809751532,0,"cortex_late","down","enhancer",FALSE,1,0.238086368779233,0.590072504281107,"TAL1"
"MA0593.1","FOXP2",0.0292865810281366,0,"cortex_late","down","enhancer",FALSE,1,-0.0870864022130844,0.894221743407541,"FOXP2"
"MA0595.1","SREBF1",0.0640105400739337,0,"cortex_late","down","enhancer",FALSE,1,0.360771361816368,0.639549160156198,"SREBF1"
"MA0596.1","SREBF2",0.0715450197684859,0,"cortex_late","down","enhancer",FALSE,1,0.11974876308076,0.693522766072638,"SREBF2"
"MA0597.1","THAP1",-0.324995071006758,0,"cortex_late","down","enhancer",FALSE,1,-0.393221135299563,0.113535365474224,"THAP1"
"MA0599.1","KLF5",-0.106905655998451,0,"cortex_late","down","enhancer",FALSE,1,0.646858846811948,0.218190362765962,"KLF5"
"MA0610.1","DMRT3",0.0135330463746843,0,"cortex_late","down","enhancer",FALSE,1,-0.104872810567713,0.949948116968932,"DMRT3"
"MA0625.1","NFATC3",-0.0937671635903934,0,"cortex_late","down","enhancer",FALSE,1,-0.00494304575414795,0.976852407429291,"NFATC3"
"MA0628.1","POU6F1",-0.0515342889014292,0,"cortex_late","down","enhancer",FALSE,1,0.361985665472876,0.176889171398798,"POU6F1"
"MA0636.1","BHLHE41",0.0529650083977309,0,"cortex_late","down","enhancer",FALSE,1,0.140487032426744,0.654500510174604,"BHLHE41"
"MA0637.1","CENPB",0.0396513881325777,0,"cortex_late","down","enhancer",FALSE,1,0.259625818160133,0.163432874701111,"CENPB"
"MA0638.1","CREB3",-0.281689936177288,0,"cortex_late","down","enhancer",FALSE,1,-0.0312938897977935,0.859846071925377,"CREB3"
"MA0641.1","ELF4",-0.296156569051063,0,"cortex_late","down","enhancer",FALSE,1,1.1869546001238,0.0558249946846822,"ELF4"
"MA0136.2","ELF5",0.0206686031898435,0,"cortex_late","down","enhancer",FALSE,1,-1.72323832595498,0.0121229004048676,"ELF5"
"MA0645.1","ETV6",-0.0160748083328857,0,"cortex_late","down","enhancer",FALSE,1,0.0314945665117898,0.815104280096964,"ETV6"
"MA0475.2","FLI1",-0.219400840971023,0,"cortex_late","down","enhancer",FALSE,1,0.304643589387498,0.455546018981208,"FLI1"
"MA0042.2","FOXI1",-0.210977486552739,0,"cortex_late","down","enhancer",FALSE,1,-1.39593847266708,0.0144730671977558,"FOXI1"
"MA0033.2","FOXL1",-0.184040665202918,0,"cortex_late","down","enhancer",FALSE,1,1.19314167894993,0.0287646425821827,"FOXL1"
"MA0157.2","FOXO3",-0.000451276260224454,0,"cortex_late","down","enhancer",FALSE,1,0.371826551772787,0.0854041186239956,"FOXO3"
"MA0646.1","GCM1",0.123432705699602,0,"cortex_late","down","enhancer",FALSE,1,-1.55196553705747,0.0936892960361109,"GCM1"
"MA0649.1","HEY2",0.134876095259948,0,"cortex_late","down","enhancer",FALSE,1,-0.408026083806639,0.434808319004231,"HEY2"
"MA0046.2","HNF1A",0.219300180215399,0,"cortex_late","down","enhancer",FALSE,1,-1.15752951398589,0.0389492960832284,"HNF1A"
"MA0153.2","HNF1B",0.222411565945811,0,"cortex_late","down","enhancer",FALSE,1,-0.309838678344864,0.211547891735755,"HNF1B"
"MA0651.1","HOXC11",0.0138112447439234,0,"cortex_late","down","enhancer",FALSE,1,1.20723958040601,0.0785745237161324,"HOXC11"
"MA0486.2","HSF1",-0.0201552442014004,0,"cortex_late","down","enhancer",FALSE,1,-0.062417242231966,0.758576041569429,"HSF1"
"MA0652.1","IRF8",-0.375648752242909,0,"cortex_late","down","enhancer",FALSE,1,1.99775348829634,0.0266397809229116,"IRF8"
"MA0653.1","IRF9",-0.0220853899077156,0,"cortex_late","down","enhancer",FALSE,1,1.02733372798073,0.0210231643759869,"IRF9"
"MA0657.1","KLF13",0.173146746096435,0,"cortex_late","down","enhancer",FALSE,1,0.367136760476838,0.159526324161599,"KLF13"
"MA0658.1","LHX6",-0.0637477933627189,0,"cortex_late","down","enhancer",FALSE,1,0.828230214780972,0.0640017841565306,"LHX6"
"MA0660.1","MEF2B",0.086166777800079,0,"cortex_late","down","enhancer",FALSE,1,0.49074170369681,0.461384502314738,"MEF2B"
"MA0663.1","MLX",-0.313395639036376,0,"cortex_late","down","enhancer",FALSE,1,-0.209666092229397,0.228050685352637,"MLX"
"MA0664.1","MLXIPL",0.156277794559913,0,"cortex_late","down","enhancer",FALSE,1,0.0995975625288743,0.878548857744067,"MLXIPL"
"MA0665.1","MSC",0.0332212170941775,0,"cortex_late","down","enhancer",FALSE,1,2.83767986683434,0.0379757731696713,"MSC"
"MA0666.1","MSX1",0.00923476460402384,0,"cortex_late","down","enhancer",FALSE,1,0.1174666850007,0.798678021225016,"MSX1"
"MA0670.1","NFIA",-0.169957406249529,0,"cortex_late","down","enhancer",FALSE,1,-0.0446118130960471,0.836965216075202,"NFIA"
"MA0671.1","NFIX",-0.266836361608376,0,"cortex_late","down","enhancer",FALSE,1,0.920894700338016,0.0385768678852775,"NFIX"
"MA0685.1","SP4",0.0112916757808739,0,"cortex_late","down","enhancer",FALSE,1,-0.00306346589752327,0.992850300357811,"SP4"
"MA0083.3","SRF",0.238459064412126,0,"cortex_late","down","enhancer",FALSE,1,0.394956455418964,0.0605773048600956,"SRF"
"MA0688.1","TBX2",-0.199660450759892,0,"cortex_late","down","enhancer",FALSE,1,-0.112455451316849,0.617110319099526,"TBX2"
"MA0690.1","TBX21",-0.108309179682954,0,"cortex_late","down","enhancer",FALSE,1,1.66514802825355,0.109119064224061,"TBX21"
"MA0691.1","TFAP4",0.0583563052060008,0,"cortex_late","down","enhancer",FALSE,1,0.234059751067489,0.491775768024472,"TFAP4"
"MA0145.3","TFCP2",-0.0343644504035749,0,"cortex_late","down","enhancer",FALSE,1,-0.270521960607984,0.0228630004160411,"TFCP2"
"MA0692.1","TFEB",0.0487936794002284,0,"cortex_late","down","enhancer",FALSE,1,0.572683458959158,0.0619450276272282,"TFEB"
"MA0694.1","ZBTB7B",-0.184805556436369,0,"cortex_late","down","enhancer",FALSE,1,0.154685075131229,0.690580599688603,"ZBTB7B"
"MA0695.1","ZBTB7C",-0.077669128975657,0,"cortex_late","down","enhancer",FALSE,1,1.04476026260957,0.0771797048903576,"ZBTB7C"
"MA0698.1","ZBTB18",-0.0495538787985019,0,"cortex_late","down","enhancer",FALSE,1,0.0253122254804037,0.90288689740565,"ZBTB18"
"MA0716.1","PRRX1",-0.0533417006279153,0,"cortex_late","down","enhancer",FALSE,1,0.88704444168176,0.0474606382941013,"PRRX1"
"MA0722.1","VAX1",-0.0996899386565309,0,"cortex_late","down","enhancer",FALSE,1,0.305881850899317,0.833767807084669,"VAX1"
"MA0112.3","ESR1",0.159442522284536,0,"cortex_late","down","enhancer",FALSE,1,-0.581637538909517,0.109639714071584,"ESR1"
"MA0141.3","ESRRB",0.192067309357702,0,"cortex_late","down","enhancer",FALSE,1,-1.23719169277586,0.0538021583252273,"ESRRB"
"MA0017.2","NR2F1",-0.0998110746233456,0,"cortex_late","down","enhancer",FALSE,1,0.714106291964725,0.214361008768726,"NR2F1"
"MA0113.3","NR3C1",-0.0289779381061495,0,"cortex_late","down","enhancer",FALSE,1,-0.491753358006394,0.0187363952170916,"NR3C1"
"MA0727.1","NR3C2",-0.164058745370386,0,"cortex_late","down","enhancer",FALSE,1,-0.925132488823745,0.014437160475709,"NR3C2"
"MA0729.1","RARA",-0.227877682462085,0,"cortex_late","down","enhancer",FALSE,1,0.149275406051572,0.583960222172284,"RARA"
"MA0731.1","BCL6B",0.169925001442312,0,"cortex_late","down","enhancer",FALSE,1,-0.139201728444065,0.744055703664974,"BCL6B"
"MA0732.1","EGR3",0.0921546649140748,0,"cortex_late","down","enhancer",FALSE,1,2.17378427667236,0.0167434207201977,"EGR3"
"MA0735.1","GLIS1",-0.0378686192705309,0,"cortex_late","down","enhancer",FALSE,1,-0.82767331385964,0.0654662802053464,"GLIS1"
"MA0736.1","GLIS2",0.124979062966873,0,"cortex_late","down","enhancer",FALSE,1,-0.452732814220206,0.0815971532049507,"GLIS2"
"MA0738.1","HIC2",-0.10839432459364,0,"cortex_late","down","enhancer",FALSE,1,0.184385615616127,0.351399587318816,"HIC2"
"MA0741.1","KLF16",-0.154964256036994,0,"cortex_late","down","enhancer",FALSE,1,0.647264389062577,0.062253570183691,"KLF16"
"MA0749.1","ZBED1",-0.023037495705279,0,"cortex_late","down","enhancer",FALSE,1,0.468161300168552,0.0641749323048502,"ZBED1"
"MA0088.2","ZNF143",-0.229513225547389,0,"cortex_late","down","enhancer",FALSE,1,0.113175542531204,0.423980285045556,"ZNF143"
"MA0752.1","ZNF410",0.00694870881082998,0,"cortex_late","down","enhancer",FALSE,1,-0.409264896913698,0.0099448486175386,"ZNF410"
"MA0754.1","CUX1",-0.118301995558558,0,"cortex_late","down","enhancer",FALSE,1,-0.639871530568587,0.0298145721105701,"CUX1"
"MA0759.1","ELK3",-0.115981236108494,0,"cortex_late","down","enhancer",FALSE,1,0.330708801440769,0.2398630905309,"ELK3"
"MA0760.1","ERF",-0.299016191826555,0,"cortex_late","down","enhancer",FALSE,1,-0.242743286574139,0.292841591307765,"ERF"
"MA0474.2","ERG",-0.13910672222324,0,"cortex_late","down","enhancer",FALSE,1,-0.0873122960994186,0.805953037975104,"ERG"
"MA0098.3","ETS1",-0.224444715764992,0,"cortex_late","down","enhancer",FALSE,1,0.104463415808721,0.772417938339684,"ETS1"
"MA0762.1","ETV2",-0.0817653031933494,0,"cortex_late","down","enhancer",FALSE,1,0.566219601725347,0.363934910142764,"ETV2"
"MA0763.1","ETV3",-0.11217431449008,0,"cortex_late","down","enhancer",FALSE,1,0.177937865999423,0.210212448262891,"ETV3"
"MA0768.1","LEF1",0.0394142529007899,0,"cortex_late","down","enhancer",FALSE,1,1.90249484679824,0.0180652427067034,"LEF1"
"MA0770.1","HSF2",-0.316839235571457,0,"cortex_late","down","enhancer",FALSE,1,0.0583290477005285,0.724065621695407,"HSF2"
"MA0771.1","HSF4",-0.172255263741694,0,"cortex_late","down","enhancer",FALSE,1,1.05728511176318,0.0480884855409424,"HSF4"
"MA0772.1","IRF7",-0.185075948436582,0,"cortex_late","down","enhancer",FALSE,1,0.7856033099439,0.132250162995758,"IRF7"
"MA0498.2","MEIS1",0.147811426344584,0,"cortex_late","down","enhancer",FALSE,1,0.664042397654292,0.158880222962715,"MEIS1"
"MA0774.1","MEIS2",0.081170653139667,0,"cortex_late","down","enhancer",FALSE,1,0.00240920939135059,0.995459109912767,"MEIS2"
"MA0776.1","MYBL1",-0.375526737715726,0,"cortex_late","down","enhancer",FALSE,1,1.68538215945102,0.0122334468276326,"MYBL1"
"MA0777.1","MYBL2",-0.0639923456502398,0,"cortex_late","down","enhancer",FALSE,1,2.54167122737594,0.0167719163849104,"MYBL2"
"MA0105.4","NFKB1",0.0736113145013055,0,"cortex_late","down","enhancer",FALSE,1,0.405257807980465,0.0892931004887569,"NFKB1"
"MA0778.1","NFKB2",0.225791400231034,0,"cortex_late","down","enhancer",FALSE,1,0.77218365080566,0.0869991698425003,"NFKB2"
"MA0783.1","PKNOX2",0.347973639392791,0,"cortex_late","down","enhancer",FALSE,1,0.394272824380476,0.38554530958871,"PKNOX2"
"MA0794.1","PROX1",-0.13338612618611,0,"cortex_late","down","enhancer",FALSE,1,-0.535703323737026,0.215777185403021,"PROX1"
"MA0600.2","RFX2",-0.266097839053533,0,"cortex_late","down","enhancer",FALSE,1,-0.0877645373107878,0.778605028600402,"RFX2"
"MA0795.1","SMAD3",-0.163652724768463,0,"cortex_late","down","enhancer",FALSE,1,0.121366048735763,0.588111009882596,"SMAD3"
"MA0796.1","TGIF1",0.129666873454865,0,"cortex_late","down","enhancer",FALSE,1,0.794249406231259,0.024397496606554,"TGIF1"
"MA0510.2","RFX5",-0.698204555409564,0,"cortex_late","down","enhancer",FALSE,1,0.501414601589885,0.0983833366041225,"RFX5"
"MA0511.2","RUNX2",0.00633453867235545,0,"cortex_late","down","enhancer",FALSE,1,2.05009004792153,0.0144923202630453,"RUNX2"
"MA0800.1","EOMES",-0.161461029765528,0,"cortex_late","down","enhancer",FALSE,1,2.3904244876289,0.0453884867683635,"EOMES"
"MA0801.1","MGA",-0.169667625472155,0,"cortex_late","down","enhancer",FALSE,1,-0.00931677187637536,0.958610340545883,"MGA"
"MA0804.1","TBX19",-0.0460848263077205,0,"cortex_late","down","enhancer",FALSE,1,-0.100633503188082,0.78140790859454,"TBX19"
"MA0805.1","TBX1",-0.119300066725494,0,"cortex_late","down","enhancer",FALSE,1,2.16985939116411,0.0269522711228122,"TBX1"
"MA0808.1","TEAD3",-0.270869136121419,0,"cortex_late","down","enhancer",FALSE,1,0.521680656924673,0.00638640839435599,"TEAD3"
"MA0811.1","TFAP2B",-0.0900862924328028,0,"cortex_late","down","enhancer",FALSE,1,-0.259982990856523,0.527583169794893,"TFAP2B"
"MA0464.2","BHLHE40",0.0968406588321526,0,"cortex_late","down","enhancer",FALSE,1,0.314890752961937,0.346258513628138,"BHLHE40"
"MA0818.1","BHLHE22",-0.00809707621622824,0,"cortex_late","down","enhancer",FALSE,1,2.60969134217934,0.0147362418120288,"BHLHE22"
"MA0819.1","CLOCK",0.0370830736394296,0,"cortex_late","down","enhancer",FALSE,1,-0.344584352748873,0.28800642738705,"CLOCK"
"MA0823.1","HEY1",-0.193109029471054,0,"cortex_late","down","enhancer",FALSE,1,0.144545892035918,0.696434910316029,"HEY1"
"MA0058.3","MAX",-0.12089249204377,0,"cortex_late","down","enhancer",FALSE,1,0.313773552899902,0.108168353844389,"MAX"
"MA0825.1","MNT",-0.062137703992315,0,"cortex_late","down","enhancer",FALSE,1,0.304610705223919,0.155485755617486,"MNT"
"MA0466.2","CEBPB",0.152499651915774,0,"cortex_late","down","enhancer",FALSE,1,1.55619495932372,0.00389864211258081,"CEBPB"
"MA0838.1","CEBPG",-0.0403841550694031,0,"cortex_late","down","enhancer",FALSE,1,0.301951506588183,0.0589993265624855,"CEBPG"
"MA0839.1","CREB3L1",-0.0203475495108014,0,"cortex_late","down","enhancer",FALSE,1,2.43085209894203,0.00716078074477501,"CREB3L1"
"MA0843.1","TEF",0.132246495188769,0,"cortex_late","down","enhancer",FALSE,1,-0.864944303734186,0.00748630965046787,"TEF"
"MA0844.1","XBP1",-0.270176540993182,0,"cortex_late","down","enhancer",FALSE,1,0.348624663896845,0.0761247578428936,"XBP1"
"MA0032.2","FOXC1",-0.0210973550295561,0,"cortex_late","down","enhancer",FALSE,1,-0.179032381938588,0.704299410394463,"FOXC1"
"MA0846.1","FOXC2",0.0632903264290388,0,"cortex_late","down","enhancer",FALSE,1,0.430539472349024,0.239486083808496,"FOXC2"
"MA0848.1","FOXO4",-0.210977486552739,0,"cortex_late","down","enhancer",FALSE,1,-0.521458010922331,0.00748630965046787,"FOXO4"
"MA0850.1","FOXP3",-0.149210672679767,0,"cortex_late","down","enhancer",FALSE,1,0.663757276125553,0.376792157653482,"FOXP3"
"MA0855.1","RXRB",0.192479524515761,0,"cortex_late","down","enhancer",FALSE,1,-0.013595831285115,0.930702571123666,"RXRB"
"MA0856.1","RXRG",-0.049009739487623,0,"cortex_late","down","enhancer",FALSE,1,-0.381741342730905,0.672267685894918,"RXRG"
"MA0106.3","TP53",0.0870547254174632,0,"cortex_late","down","enhancer",FALSE,1,0.627491614340639,0.0615087765804618,"TP53"
"MA0862.1","GMEB2",0.0920531682173111,0,"cortex_late","down","enhancer",FALSE,1,0.069577144549104,0.653871256266482,"GMEB2"
"MA0863.1","MTF1",-0.0124765007624221,0,"cortex_late","down","enhancer",FALSE,1,-0.23168631262967,0.250223375849655,"MTF1"
"MA0024.3","E2F1",0.305510097608657,0,"cortex_late","down","enhancer",FALSE,1,-9.23251704945116e-05,0.999934552034004,"E2F1"
"MA0028.2","ELK1",-0.118222641368025,0,"cortex_late","down","enhancer",FALSE,1,0.249401399433791,0.166237083287717,"ELK1"
"MA0886.1","EMX2",-0.0927817907111947,0,"cortex_late","down","enhancer",FALSE,1,-0.0119007550013999,0.973091095607023,"EMX2"
"MA0889.1","GBX1",-0.100607166072988,0,"cortex_late","down","enhancer",FALSE,1,-0.0757867066593149,0.915108276475197,"GBX1"
"MA0891.1","GSC2",-0.0138523612331491,0,"cortex_late","down","enhancer",FALSE,1,-1.27976744344108,0.0773524078228098,"GSC2"
"MA0895.1","HMBOX1",-0.0355043316136863,0,"cortex_late","down","enhancer",FALSE,1,-0.252011754315682,0.266230745950304,"HMBOX1"
"MA0899.1","HOXA10",-0.0269878423055223,0,"cortex_late","down","enhancer",FALSE,1,-0.301074636628616,0.0624049336475272,"HOXA10"
"MA0903.1","HOXB3",-0.0872637963675675,0,"cortex_late","down","enhancer",FALSE,1,0.316447877789761,0.288978893472889,"HOXB3"
"MA0905.1","HOXC10",-0.0787826204949775,0,"cortex_late","down","enhancer",FALSE,1,0.0829181808846,0.79923636090623,"HOXC10"
"MA0908.1","HOXD11",-0.11805073646761,0,"cortex_late","down","enhancer",FALSE,1,0.530842005471124,0.28573497441396,"HOXD11"
"MA0852.2","FOXK1",-0.058417532971796,0,"cortex_late","down","enhancer",FALSE,1,-0.137536006976261,0.378982704233958,"FOXK1"
"MA0036.3","GATA2",-0.326481646636737,0,"cortex_late","down","enhancer",FALSE,1,-0.922089085870465,0.0238793397352311,"GATA2"
"MA1106.1","HIF1A",-0.0958590395114669,0,"cortex_late","down","enhancer",FALSE,1,1.14093533925004,0.00389864211258081,"HIF1A"
"MA0147.3","MYC",-0.0264578389752197,0,"cortex_late","down","enhancer",FALSE,1,1.59019081752968,0.00294986225410836,"MYC"
"MA0104.4","MYCN",-0.153367757358318,0,"cortex_late","down","enhancer",FALSE,1,-0.269802710550367,0.400606413399665,"MYCN"
"MA0161.2","NFIC",-0.191369584611645,0,"cortex_late","down","enhancer",FALSE,1,0.0479395657695862,0.821202623198197,"NFIC"
"MA0060.3","NFYA",-0.0353821938617074,0,"cortex_late","down","enhancer",FALSE,1,0.127865048398804,0.449370859968367,"NFYA"
"MA1110.1","NR1H4",-0.335532476189906,0,"cortex_late","down","enhancer",FALSE,1,-1.4795007136102,0.0245097754849855,"NR1H4"
"MA1111.1","NR2F2",-0.0368700712630616,0,"cortex_late","down","enhancer",FALSE,1,0.256892847501779,0.208201202492486,"NR2F2"
"MA0014.3","PAX5",0.131125052921726,0,"cortex_late","down","enhancer",FALSE,1,3.04953545833408,0.0676302692915357,"PAX5"
"MA1114.1","PBX3",0.0351278271772726,0,"cortex_late","down","enhancer",FALSE,1,0.368727398392041,0.317576972386,"PBX3"
"MA1116.1","RBPJ",0.0347035914994756,0,"cortex_late","down","enhancer",FALSE,1,0.353842408100793,0.0476151303405136,"RBPJ"
"MA1117.1","RELB",0.104440197085884,0,"cortex_late","down","enhancer",FALSE,1,1.03654016209544,0.0547321416976345,"RELB"
"MA1120.1","SOX13",0.132532124264199,0,"cortex_late","down","enhancer",FALSE,1,-0.0888534469175832,0.780316048879504,"SOX13"
"MA1121.1","TEAD2",-0.172514321055088,0,"cortex_late","down","enhancer",FALSE,1,0.398929707202682,0.203416788736098,"TEAD2"
"MA1122.1","TFDP1",-0.0972107793429489,0,"cortex_late","down","enhancer",FALSE,1,0.0491686458014362,0.730931570793093,"TFDP1"
"MA0750.2","ZBTB7A",-0.0406423367390447,0,"cortex_late","down","enhancer",FALSE,1,0.248832336953842,0.0635588376012692,"ZBTB7A"
"MA0103.3","ZEB1",-0.0211043031254938,0,"cortex_late","down","enhancer",FALSE,1,-0.226063817000626,0.436363855145491,"ZEB1"
"MA1154.1","ZNF282",-0.300579061624554,0,"cortex_late","down","enhancer",FALSE,1,-0.0775515311263906,0.643492291567831,"ZNF282"
"MA0037.3","GATA3",-0.115289924580203,0,"cortex_late","down","enhancer",FALSE,1,-0.016450652305716,0.957898617959031,"GATA3"
"MA0099.3","FOS::JUN",0.0760412702210047,0,"cortex_late","down","enhancer",FALSE,1,0.234618959475633,0.479714656230028,"JUN"
"MA1126.1","FOS::JUN(var.2)",-0.552246592628682,0,"cortex_late","down","enhancer",FALSE,1,0.0732688759655913,0.949948116968932,"FOS"
"MA1127.1","FOSB::JUN",-0.308363344810391,0,"cortex_late","down","enhancer",FALSE,1,0.234618959475633,0.479714656230028,"JUN"
"MA1128.1","FOSL1::JUN",0.0942977876219668,0,"cortex_late","down","enhancer",FALSE,1,2.10935552338616,0.016545053702966,"FOSL1"
"MA1129.1","FOSL1::JUN(var.2)",-0.582700570598665,0,"cortex_late","down","enhancer",FALSE,1,2.10935552338616,0.016545053702966,"FOSL1"
"MA1130.1","FOSL2::JUN",0.13343313001764,0,"cortex_late","down","enhancer",FALSE,1,1.02846159986398,0.00413734877776558,"FOSL2"
"MA1131.1","FOSL2::JUN(var.2)",-0.29066236704664,0,"cortex_late","down","enhancer",FALSE,1,1.02846159986398,0.00413734877776558,"FOSL2"
"MA1133.1","JUN::JUNB(var.2)",-0.472161919099528,0,"cortex_late","down","enhancer",FALSE,1,0.234618959475633,0.479714656230028,"JUN"
"MA1134.1","FOS::JUNB",0.109555655508579,0,"cortex_late","down","enhancer",FALSE,1,0.987021576512366,0.0505275527139367,"JUNB"
"MA1135.1","FOSB::JUNB",0.134161458570238,0,"cortex_late","down","enhancer",FALSE,1,0.987021576512366,0.0505275527139367,"JUNB"
"MA1136.1","FOSB::JUNB(var.2)",-0.476632203845109,0,"cortex_late","down","enhancer",FALSE,1,-0.151061413725705,0.90288689740565,"FOSB"
"MA1137.1","FOSL1::JUNB",0.0568961195841782,0,"cortex_late","down","enhancer",FALSE,1,2.10935552338616,0.016545053702966,"FOSL1"
"MA1138.1","FOSL2::JUNB",0.16670752674288,0,"cortex_late","down","enhancer",FALSE,1,1.02846159986398,0.00413734877776558,"FOSL2"
"MA1139.1","FOSL2::JUNB(var.2)",-0.473923513385721,0,"cortex_late","down","enhancer",FALSE,1,1.02846159986398,0.00413734877776558,"FOSL2"
"MA1141.1","FOS::JUND",0.13561819747768,0,"cortex_late","down","enhancer",FALSE,1,0.176041424308677,0.44988657898698,"JUND"
"MA1142.1","FOSL1::JUND",0.145518125757069,0,"cortex_late","down","enhancer",FALSE,1,2.10935552338616,0.016545053702966,"FOSL1"
"MA1143.1","FOSL1::JUND(var.2)",-0.386766986115411,0,"cortex_late","down","enhancer",FALSE,1,2.10935552338616,0.016545053702966,"FOSL1"
"MA1144.1","FOSL2::JUND",0.118524804508138,0,"cortex_late","down","enhancer",FALSE,1,1.02846159986398,0.00413734877776558,"FOSL2"
"MA1145.1","FOSL2::JUND(var.2)",-0.395261408133573,0,"cortex_late","down","enhancer",FALSE,1,1.02846159986398,0.00413734877776558,"FOSL2"
"MA1146.1","NR1H4::RXRA",-0.0529786018820468,0,"cortex_late","down","enhancer",FALSE,1,-1.4795007136102,0.0245097754849855,"NR1H4"
"MA1147.1","NR4A2::RXRA",-0.214091275674146,0,"cortex_late","down","enhancer",FALSE,1,-0.35170414551812,0.0446090522371796,"RXRA"
"MA1148.1","PPARA::RXRA",-0.0636828999272039,0,"cortex_late","down","enhancer",FALSE,1,-1.40563125878995,0.0178870437190186,"PPARA"
"MA1149.1","RARA::RXRG",-0.11138293414476,0,"cortex_late","down","enhancer",FALSE,1,0.149275406051572,0.583960222172284,"RARA"
"MA1151.1","RORC",-0.161812733713905,0,"cortex_late","down","enhancer",FALSE,1,-1.13986236165977,0.0443930641612915,"RORC"
"MA0831.2","TFE3",0.00538058841390487,0,"cortex_late","down","enhancer",FALSE,1,0.0155579212628814,0.923689250327481,"TFE3"
"MA0693.2","VDR",-0.104086239839567,0,"cortex_late","down","enhancer",FALSE,1,0.308192199139582,0.52607256528957,"VDR"
"MA1418.1","IRF3",0.150035643985682,0,"cortex_late","down","enhancer",FALSE,1,0.331730650089508,0.258292443117683,"IRF3"
"MA1419.1","IRF4",-0.170265048481916,0,"cortex_late","down","enhancer",FALSE,1,2.16610018581263,0.0460701980064735,"IRF4"
"MA1420.1","IRF5",0.0281711871132151,0,"cortex_late","down","enhancer",FALSE,1,1.57352096860409,0.0485354503445092,"IRF5"
"MA1421.1","TCF7L1",-0.113570350865769,0,"cortex_late","down","enhancer",FALSE,1,0.038125697307426,0.91510880833701,"TCF7L1"
"MA1464.1","ARNT2",-0.0785622634777354,0,"cortex_late","down","enhancer",FALSE,1,-0.217186729244624,0.505108166426022,"ARNT2"
"MA1466.1","ATF6",-0.212234269917625,0,"cortex_late","down","enhancer",FALSE,1,0.0551701682574581,0.742498530039227,"ATF6"
"MA1101.2","BACH2",0.112965221434372,0,"cortex_late","down","enhancer",FALSE,1,0.886009799480719,0.141809105983968,"BACH2"
"MA1471.1","BARX2",-0.208193324813791,0,"cortex_late","down","enhancer",FALSE,1,1.3366037487251,0.0795525268876396,"BARX2"
"MA1474.1","CREB3L4",-0.269604351002261,0,"cortex_late","down","enhancer",FALSE,1,0.770932910836012,0.0615087765804618,"CREB3L4"
"MA1483.1","ELF2",0.0277438095702207,0,"cortex_late","down","enhancer",FALSE,1,-0.0977781842415455,0.659184813609932,"ELF2"
"MA1484.1","ETS2",-0.138891427133784,0,"cortex_late","down","enhancer",FALSE,1,0.235259681730191,0.403999783271664,"ETS2"
"MA1487.1","FOXE1",-0.277532688009416,0,"cortex_late","down","enhancer",FALSE,1,0.165545902554006,0.916757977262879,"FOXE1"
"MA1489.1","FOXN3",-0.0423711851114126,0,"cortex_late","down","enhancer",FALSE,1,-0.0170264651052374,0.94824231177084,"FOXN3"
"MA1491.1","GLI3",0.103453334391674,0,"cortex_late","down","enhancer",FALSE,1,0.195846706149949,0.415523616044721,"GLI3"
"MA1496.1","HOXA4",-0.251747283677545,0,"cortex_late","down","enhancer",FALSE,1,-0.328579387546617,0.0889229578668277,"HOXA4"
"MA1497.1","HOXA6",-0.0174504568126634,0,"cortex_late","down","enhancer",FALSE,1,0.0684813732562888,0.802291316465486,"HOXA6"
"MA1498.1","HOXA7",-0.0978830091776732,0,"cortex_late","down","enhancer",FALSE,1,-0.644932767571269,0.020461876497108,"HOXA7"
"MA1499.1","HOXB4",-0.202014485690007,0,"cortex_late","down","enhancer",FALSE,1,-0.234371268411707,0.415156280676598,"HOXB4"
"MA1500.1","HOXB6",-0.178994756396605,0,"cortex_late","down","enhancer",FALSE,1,0.112229652365349,0.762380463958116,"HOXB6"
"MA1501.1","HOXB7",-0.0107161596089567,0,"cortex_late","down","enhancer",FALSE,1,0.0546040514026656,0.882693100775046,"HOXB7"
"MA1502.1","HOXB8",-0.155341802375228,0,"cortex_late","down","enhancer",FALSE,1,0.302957287113811,0.457526461585833,"HOXB8"
"MA1503.1","HOXB9",-0.152979726994364,0,"cortex_late","down","enhancer",FALSE,1,0.139019574035474,0.798438427624629,"HOXB9"
"MA1504.1","HOXC4",-0.205045536432981,0,"cortex_late","down","enhancer",FALSE,1,0.126511795283852,0.692941947793839,"HOXC4"
"MA1505.1","HOXC8",-0.347375128444098,0,"cortex_late","down","enhancer",FALSE,1,0.259697434719194,0.338502265852407,"HOXC8"
"MA1506.1","HOXD10",-0.0056420589820565,0,"cortex_late","down","enhancer",FALSE,1,0.250425744334608,0.521865736005921,"HOXD10"
"MA1507.1","HOXD4",-0.255318456149412,0,"cortex_late","down","enhancer",FALSE,1,-0.279948773628189,0.24561590093658,"HOXD4"
"MA1508.1","IKZF1",0.0350746538056885,0,"cortex_late","down","enhancer",FALSE,1,2.23956301583121,0.0306730728198086,"IKZF1"
"MA1509.1","IRF6",-0.683744718033333,0,"cortex_late","down","enhancer",FALSE,1,-0.421448845583532,0.179310696495779,"IRF6"
"MA1511.1","KLF10",-0.201152276292116,0,"cortex_late","down","enhancer",FALSE,1,1.14345939925402,0.00717376791986162,"KLF10"
"MA1512.1","KLF11",-0.111446580586346,0,"cortex_late","down","enhancer",FALSE,1,0.568595440067086,0.160395225565707,"KLF11"
"MA1513.1","KLF15",-0.342813468218951,0,"cortex_late","down","enhancer",FALSE,1,-1.21191688966138,0.0504137175878336,"KLF15"
"MA1515.1","KLF2",-0.165682015303007,0,"cortex_late","down","enhancer",FALSE,1,1.09690384265259,0.011073244496898,"KLF2"
"MA1516.1","KLF3",-0.209678374166755,0,"cortex_late","down","enhancer",FALSE,1,0.259184857475672,0.16630168309976,"KLF3"
"MA1517.1","KLF6",-0.170315789267491,0,"cortex_late","down","enhancer",FALSE,1,0.858501826661747,0.0204023158607641,"KLF6"
"MA1518.1","LHX1",-0.351321273152123,0,"cortex_late","down","enhancer",FALSE,1,-1.25961386257443,0.0336592304463987,"LHX1"
"MA1520.1","MAF",-0.108720319458388,0,"cortex_late","down","enhancer",FALSE,1,-0.749296741488903,0.138596254609732,"MAF"
"MA1522.1","MAZ",-0.110016770760748,0,"cortex_late","down","enhancer",FALSE,1,0.0818445163550425,0.76574810244375,"MAZ"
"MA1525.1","NFATC4",-0.0169847131129401,0,"cortex_late","down","enhancer",FALSE,1,1.00562403698568,0.0708583568185503,"NFATC4"
"MA1531.1","NR1D1",-0.00547317677508552,0,"cortex_late","down","enhancer",FALSE,1,-0.952908464115697,0.0206843365698509,"NR1D1"
"MA1532.1","NR1D2",0.00276333134338813,0,"cortex_late","down","enhancer",FALSE,1,-0.691920665848408,0.0281474892991551,"NR1D2"
"MA1533.1","NR1I2",-0.0999270186935641,0,"cortex_late","down","enhancer",FALSE,1,-1.31956334777676,0.168613585950679,"NR1I2"
"MA1534.1","NR1I3",0.080072668188464,0,"cortex_late","down","enhancer",FALSE,1,-2.77151182229256,0.0208960878408056,"NR1I3"
"MA1535.1","NR2C1",0.0340477564589587,0,"cortex_late","down","enhancer",FALSE,1,0.0513481072925432,0.848764100034936,"NR2C1"
"MA1541.1","NR6A1",0.0977404151629164,0,"cortex_late","down","enhancer",FALSE,1,-0.228536655670166,0.220257902756409,"NR6A1"
"MA1542.1","OSR1",-0.478109327101887,0,"cortex_late","down","enhancer",FALSE,1,-0.283917499412603,0.593222395826596,"OSR1"
"MA1544.1","OVOL1",-0.417273107330454,0,"cortex_late","down","enhancer",FALSE,1,-0.499407127232584,0.324682019675354,"OVOL1"
"MA1545.1","OVOL2",-0.10198475276625,0,"cortex_late","down","enhancer",FALSE,1,-0.937384980994091,0.163092803632322,"OVOL2"
"MA1547.1","PITX2",-0.00403819305487296,0,"cortex_late","down","enhancer",FALSE,1,-0.887872832656273,0.104140563403556,"PITX2"
"MA1548.1","PLAGL2",-0.00202836177557764,0,"cortex_late","down","enhancer",FALSE,1,0.00148680787333522,0.992684284962528,"PLAGL2"
"MA1550.1","PPARD",-0.134778308777115,0,"cortex_late","down","enhancer",FALSE,1,0.608619133164281,0.0516790956070259,"PPARD"
"MA1554.1","RFX7",-0.0506306366041942,0,"cortex_late","down","enhancer",FALSE,1,0.00244834820523376,0.993120758035164,"RFX7"
"MA1557.1","SMAD5",0.169253094448719,0,"cortex_late","down","enhancer",FALSE,1,-0.171495166281051,0.502575061009404,"SMAD5"
"MA1558.1","SNAI1",-0.0118865011602409,0,"cortex_late","down","enhancer",FALSE,1,1.08564336920093,0.0137953755692324,"SNAI1"
"MA1561.1","SOX12",-0.0667883925042547,0,"cortex_late","down","enhancer",FALSE,1,-0.361349976612461,0.262467188837292,"SOX12"
"MA1563.1","SOX18",0.112057362287855,0,"cortex_late","down","enhancer",FALSE,1,0.00292157347417987,0.994506061237315,"SOX18"
"MA1566.1","TBX3",-0.0420529134003713,0,"cortex_late","down","enhancer",FALSE,1,0.102915683841081,0.740297241194491,"TBX3"
"MA1567.1","TBX6",-0.10125344960279,0,"cortex_late","down","enhancer",FALSE,1,-0.535548446437226,0.276636771493716,"TBX6"
"MA1573.1","THAP11",0.123160992298578,0,"cortex_late","down","enhancer",FALSE,1,-0.110290111666856,0.630704109734632,"THAP11"
"MA1574.1","THRB",-0.0169825637589467,0,"cortex_late","down","enhancer",FALSE,1,-1.6658269470324,0.0099448486175386,"THRB"
"MA1578.1","VEZF1",-0.112507908177028,0,"cortex_late","down","enhancer",FALSE,1,0.13098633501567,0.409155788581504,"VEZF1"
"MA1579.1","ZBTB26",-0.178443619865821,0,"cortex_late","down","enhancer",FALSE,1,-0.364494695356772,0.225241831539457,"ZBTB26"
"MA1581.1","ZBTB6",0.0486026667884971,0,"cortex_late","down","enhancer",FALSE,1,-0.184074101784175,0.643162161370863,"ZBTB6"
"MA1583.1","ZFP57",-0.0561718760169638,0,"cortex_late","down","enhancer",FALSE,1,-0.103947425277808,0.474366253525041,"ZFP57"
"MA1585.1","ZKSCAN1",0.00794752289991685,0,"cortex_late","down","enhancer",FALSE,1,-0.186655574377817,0.415452988665755,"ZKSCAN1"
"MA1589.1","ZNF140",-0.281449706380266,0,"cortex_late","down","enhancer",FALSE,1,0.363278994076396,0.263827011539419,"ZNF140"
"MA1592.1","ZNF274",0.0858344894289917,0,"cortex_late","down","enhancer",FALSE,1,0.398293994423678,0.148166086713876,"ZNF274"
"MA1593.1","ZNF317",-0.177741115093204,0,"cortex_late","down","enhancer",FALSE,1,0.188070251113703,0.109815886554582,"ZNF317"
"MA1594.1","ZNF382",-0.0835632210644865,0,"cortex_late","down","enhancer",FALSE,1,-0.0948771776808257,0.766102078741142,"ZNF382"
"MA1600.1","ZNF684",0.235296386519882,0,"cortex_late","down","enhancer",FALSE,1,0.24699524891876,0.36331335292729,"ZNF684"
"MA1601.1","ZNF75D",-0.207113697514894,0,"cortex_late","down","enhancer",FALSE,1,-0.0343495463244183,0.819366268136413,"ZNF75D"
"MA1602.1","ZSCAN29",0.175624744239935,0,"cortex_late","down","enhancer",FALSE,1,-0.171044960347177,0.361383173126386,"ZSCAN29"
"MA0605.2","ATF3",-0.356496613556347,0,"cortex_late","down","enhancer",FALSE,1,1.22781244711171,0.0296699168924001,"ATF3"
"MA0463.2","BCL6",0.138043498070904,0,"cortex_late","down","enhancer",FALSE,1,0.288789596975512,0.336304604074261,"BCL6"
"MA0469.3","E2F3",-0.0276824283059911,0,"cortex_late","down","enhancer",FALSE,1,0.0639608022362301,0.86849553817273,"E2F3"
"MA0612.2","EMX1",-0.191754525478174,0,"cortex_late","down","enhancer",FALSE,1,-1.49587894973875,0.0146499492356548,"EMX1"
"MA0847.2","FOXD2",-0.031679326833423,0,"cortex_late","down","enhancer",FALSE,1,-0.638139824644596,0.188673528040689,"FOXD2"
"MA0766.2","GATA5",-0.0224014163835484,0,"cortex_late","down","enhancer",FALSE,1,-0.858321146014657,0.090824984476688,"GATA5"
"MA0038.2","GFI1",-0.131290449523148,0,"cortex_late","down","enhancer",FALSE,1,2.40048037565185,0.0212169709480674,"GFI1"
"MA0734.2","GLI2",0.121228464166262,0,"cortex_late","down","enhancer",FALSE,1,1.5218799508573,0.0166052938123415,"GLI2"
"MA1099.2","HES1",-0.107207405492489,0,"cortex_late","down","enhancer",FALSE,1,0.333015747686757,0.219293504390995,"HES1"
"MA0900.2","HOXA2",-0.0608103984814186,0,"cortex_late","down","enhancer",FALSE,1,0.457069078698871,0.245528809764773,"HOXA2"
"MA0158.2","HOXA5",-0.229907236876001,0,"cortex_late","down","enhancer",FALSE,1,0.0352279979290078,0.893093359002962,"HOXA5"
"MA0594.2","HOXA9",0.306361616629242,0,"cortex_late","down","enhancer",FALSE,1,-0.207499195594185,0.336693854373909,"HOXA9"
"MA0902.2","HOXB2",-0.30505571554131,0,"cortex_late","down","enhancer",FALSE,1,0.178148109043944,0.617110319099526,"HOXB2"
"MA0904.2","HOXB5",0.0169130730249671,0,"cortex_late","down","enhancer",FALSE,1,-0.00140329455360844,0.997357511683444,"HOXB5"
"MA0485.2","HOXC9",-0.27269762532779,0,"cortex_late","down","enhancer",FALSE,1,0.0106923027358348,0.973223681010187,"HOXC9"
"MA0912.2","HOXD3",-0.123275183059415,0,"cortex_late","down","enhancer",FALSE,1,-0.173370878751268,0.515568530855192,"HOXD3"
"MA0910.2","HOXD8",-0.114311886697541,0,"cortex_late","down","enhancer",FALSE,1,-0.247006857707948,0.459135421366113,"HOXD8"
"MA0913.2","HOXD9",-0.0539035992618055,0,"cortex_late","down","enhancer",FALSE,1,-0.220051670664814,0.432420314672991,"HOXD9"
"MA0703.2","LMX1B",-0.179827419271221,0,"cortex_late","down","enhancer",FALSE,1,-1.84069961652843,0.0180418116823236,"LMX1B"
"MA0842.2","NRL",0.0968900889821738,0,"cortex_late","down","enhancer",FALSE,1,-0.663213236069124,0.0389492960832284,"NRL"
"MA0075.3","PRRX2",-0.0671075460964463,0,"cortex_late","down","enhancer",FALSE,1,2.1194664143216,0.0196498713122675,"PRRX2"
"MA0867.2","SOX4",0.0942394683989072,0,"cortex_late","down","enhancer",FALSE,1,0.301882913349457,0.545106407190992,"SOX4"
"MA0079.4","SP1",-0.0877294364961427,0,"cortex_late","down","enhancer",FALSE,1,-0.0538910415322489,0.794592964838596,"SP1"
"MA0516.2","SP2",-0.18470434820265,0,"cortex_late","down","enhancer",FALSE,1,0.0672624806107178,0.724169610801314,"SP2"
"MA0746.2","SP3",-0.0939591678240408,0,"cortex_late","down","enhancer",FALSE,1,0.109857962317119,0.548861568587062,"SP3"
"MA0871.2","TFEC",-0.0184498123900587,0,"cortex_late","down","enhancer",FALSE,1,-1.14927017579855,0.0819612126195886,"TFEC"
"MA0753.2","ZNF740",-0.0945652722604988,0,"cortex_late","down","enhancer",FALSE,1,0.140793219266418,0.383650068966542,"ZNF740"
"MA1632.1","ATF2",-0.139033884357048,0,"cortex_late","down","enhancer",FALSE,1,-0.209500134725169,0.190631785514542,"ATF2"
"MA1633.1","BACH1",0.0291764029007187,0,"cortex_late","down","enhancer",FALSE,1,0.215623552209181,0.426882226405801,"BACH1"
"MA1643.1","NFIB",-0.314936987702453,0,"cortex_late","down","enhancer",FALSE,1,-0.801967209982136,0.0310195339310119,"NFIB"
"MA1644.1","NFYC",-0.0487536075186545,0,"cortex_late","down","enhancer",FALSE,1,-0.405333178581786,0.0356282910709909,"NFYC"
"MA1647.1","PRDM4",0.076682895388835,0,"cortex_late","down","enhancer",FALSE,1,0.0432959774066282,0.825200630474584,"PRDM4"
"MA1649.1","ZBTB12",-0.150008699075565,0,"cortex_late","down","enhancer",FALSE,1,-0.134894266462391,0.747528241936079,"ZBTB12"
"MA1650.1","ZBTB14",0.136869555286208,0,"cortex_late","down","enhancer",FALSE,1,-0.160356275441869,0.296425439214427,"ZBTB14"
"MA1652.1","ZKSCAN5",-0.011249073713504,0,"cortex_late","down","enhancer",FALSE,1,-0.112581517953963,0.525710357341252,"ZKSCAN5"
"MA1653.1","ZNF148",-0.0761819606070873,0,"cortex_late","down","enhancer",FALSE,1,-0.304674016324364,0.0990096020999713,"ZNF148"
"MA1654.1","ZNF16",-0.324887424663212,0,"cortex_late","down","enhancer",FALSE,1,0.0361068081639608,0.858138167792166,"ZNF16"
"MA1655.1","ZNF341",-0.130028149730424,0,"cortex_late","down","enhancer",FALSE,1,-0.0568824868307107,0.802263160430005,"ZNF341"
"MA1656.1","ZNF449",-0.0156061243497705,0,"cortex_late","down","enhancer",FALSE,1,0.295598152723616,0.409591317759226,"ZNF449"
"MA1657.1","ZNF652",0.0276858821487709,0,"cortex_late","down","enhancer",FALSE,1,-0.223573800710028,0.291824000832322,"ZNF652"
"MA0102.4","CEBPA",-0.00564341794406431,0,"cortex_late","down","enhancer",FALSE,1,-0.0534580467573815,0.902953038803753,"CEBPA"
"MA0836.2","CEBPD",0.0164603887806001,0,"cortex_late","down","enhancer",FALSE,1,1.44345369263554,0.00638640839435599,"CEBPD"
"MA0018.4","CREB1",-0.0685742237928491,0,"cortex_late","down","enhancer",FALSE,1,0.00394460007507025,0.984418522268869,"CREB1"
"MA0471.2","E2F6",-0.0242231442161813,0,"cortex_late","down","enhancer",FALSE,1,0.242438800757994,0.097624693395725,"E2F6"
"MA0154.4","EBF1",-0.0345784143250745,0,"cortex_late","down","enhancer",FALSE,1,0.0789783965357946,0.851382829431161,"EBF1"
"MA0162.4","EGR1",-0.0511780479864843,0,"cortex_late","down","enhancer",FALSE,1,0.993488240979284,0.175778955921886,"EGR1"
"MA0598.3","EHF",-0.0973119386010328,0,"cortex_late","down","enhancer",FALSE,1,1.70579233716635,0.00623660714767927,"EHF"
"MA0473.3","ELF1",-0.148446648198281,0,"cortex_late","down","enhancer",FALSE,1,0.186522063855572,0.239380690744905,"ELF1"
"MA0640.2","ELF3",-0.0711794829025045,0,"cortex_late","down","enhancer",FALSE,1,1.40737148274039,0.00810709036805467,"ELF3"
"MA0592.3","ESRRA",0.0366847258801828,0,"cortex_late","down","enhancer",FALSE,1,-0.616565060989549,0.0889287925938677,"ESRRA"
"MA0761.2","ETV1",-0.0637093142484684,0,"cortex_late","down","enhancer",FALSE,1,0.22212751917251,0.472527978995924,"ETV1"
"MA0764.2","ETV4",-0.0292802253434417,0,"cortex_late","down","enhancer",FALSE,1,2.71675802860031,0.00392533768056333,"ETV4"
"MA0765.2","ETV5",-0.0503615392778016,0,"cortex_late","down","enhancer",FALSE,1,-0.646748228578178,0.276180209783554,"ETV5"
"MA1103.2","FOXK2",-0.192424998994469,0,"cortex_late","down","enhancer",FALSE,1,-0.354193883277111,0.0412444543084018,"FOXK2"
"MA0481.3","FOXP1",-0.27998562472525,0,"cortex_late","down","enhancer",FALSE,1,0.0808789329271917,0.774532961151454,"FOXP1"
"MA0062.3","GABPA",-0.0524356966182484,0,"cortex_late","down","enhancer",FALSE,1,-0.268993180096397,0.0817415438809548,"GABPA"
"MA0482.2","GATA4",0.0456248894361,0,"cortex_late","down","enhancer",FALSE,1,-0.504200287194804,0.711362867217369,"GATA4"
"MA1104.2","GATA6",-0.231484065880672,0,"cortex_late","down","enhancer",FALSE,1,1.18590412577478,0.0411088110400008,"GATA6"
"MA1105.2","GRHL2",0.00380987698077551,0,"cortex_late","down","enhancer",FALSE,1,0.210334170305685,0.455926607530173,"GRHL2"
"MA0043.3","HLF",-0.156060612189201,0,"cortex_late","down","enhancer",FALSE,1,-1.25933301879321,0.0342637808381269,"HLF"
"MA0484.2","HNF4G",0.123331027794897,0,"cortex_late","down","enhancer",FALSE,1,-1.67052276942475,0.0161564174664684,"HNF4G"
"MA0490.2","JUNB",0.179964724631022,0,"cortex_late","down","enhancer",FALSE,1,0.987021576512366,0.0505275527139367,"JUNB"
"MA0491.2","JUND",0.179377049153799,0,"cortex_late","down","enhancer",FALSE,1,0.176041424308677,0.44988657898698,"JUND"
"MA0039.4","KLF4",0.0112410588975109,0,"cortex_late","down","enhancer",FALSE,1,1.14570658880913,0.00389864211258081,"KLF4"
"MA1107.2","KLF9",-0.0977274290179846,0,"cortex_late","down","enhancer",FALSE,1,-0.197012528931298,0.780229556932,"KLF9"
"MA0495.3","MAFF",-0.107719518671522,0,"cortex_late","down","enhancer",FALSE,1,1.19899802643827,0.0273036282512805,"MAFF"
"MA0659.2","MAFG",-0.176164102257718,0,"cortex_late","down","enhancer",FALSE,1,0.110727696998016,0.540526967059497,"MAFG"
"MA0496.3","MAFK",-0.0322702001836115,0,"cortex_late","down","enhancer",FALSE,1,-0.0592938378199301,0.820849080597603,"MAFK"
"MA0052.4","MEF2A",0.0261192608292831,0,"cortex_late","down","enhancer",FALSE,1,0.24693987837195,0.151541068265505,"MEF2A"
"MA1108.2","MXI1",0.0729131900734954,0,"cortex_late","down","enhancer",FALSE,1,-0.8408892143695,0.0324376444095301,"MXI1"
"MA0056.2","MZF1",-0.00167826027547058,0,"cortex_late","down","enhancer",FALSE,1,0.230232641685022,0.258638089854901,"MZF1"
"MA0089.2","NFE2L1",0.000931640883499618,0,"cortex_late","down","enhancer",FALSE,1,0.39550938680892,0.0167434207201977,"NFE2L1"
"MA0025.2","NFIL3",0.168982014945866,0,"cortex_late","down","enhancer",FALSE,1,0.216310606034646,0.452315044303837,"NFIL3"
"MA0502.2","NFYB",-0.0549068861802926,0,"cortex_late","down","enhancer",FALSE,1,0.0535703405217713,0.791034907841889,"NFYB"
"MA1112.2","NR4A1",0.102226639886385,0,"cortex_late","down","enhancer",FALSE,1,-0.877932818285481,0.295695214214979,"NR4A1"
"MA0679.2","ONECUT1",-0.051595527718435,0,"cortex_late","down","enhancer",FALSE,1,-0.305681157401709,0.79726462709597,"ONECUT1"
"MA1113.2","PBX2",0.0085922967006633,0,"cortex_late","down","enhancer",FALSE,1,-0.0716879256131486,0.592499892421122,"PBX2"
"MA0782.2","PKNOX1",0.00582821119637966,0,"cortex_late","down","enhancer",FALSE,1,0.0430717643209224,0.812897682609181,"PKNOX1"
"MA0508.3","PRDM1",-0.0983127780538418,0,"cortex_late","down","enhancer",FALSE,1,0.851380000503385,0.102516486577911,"PRDM1"
"MA0509.2","RFX1",0.106278823645948,0,"cortex_late","down","enhancer",FALSE,1,-0.0862975991716723,0.767027162375109,"RFX1"
"MA0798.2","RFX3",-0.0229584023430833,0,"cortex_late","down","enhancer",FALSE,1,-0.369887629903715,0.0899832485099614,"RFX3"
"MA0684.2","RUNX3",0.0612072614487476,0,"cortex_late","down","enhancer",FALSE,1,2.59441605886014,0.0211188205554735,"RUNX3"
"MA0745.2","SNAI2",0.023295331660262,0,"cortex_late","down","enhancer",FALSE,1,0.643499167235776,0.093934214104676,"SNAI2"
"MA0081.2","SPIB",0.0492732791274832,0,"cortex_late","down","enhancer",FALSE,1,4.0841758316319,0.0141010765844496,"SPIB"
"MA0522.3","TCF3",-0.0267235933437444,0,"cortex_late","down","enhancer",FALSE,1,0.557824702012325,0.164946685394945,"TCF3"
"MA0830.2","TCF4",0.0802456938608263,0,"cortex_late","down","enhancer",FALSE,1,0.230313803831776,0.515529818856741,"TCF4"
"MA0769.2","TCF7",-0.0215678585146453,0,"cortex_late","down","enhancer",FALSE,1,0.671607301980921,0.406633927331149,"TCF7"
"MA0090.3","TEAD1",-0.137221888658677,0,"cortex_late","down","enhancer",FALSE,1,0.021731518988295,0.95950778813433,"TEAD1"
"MA0809.2","TEAD4",-0.186519172586971,0,"cortex_late","down","enhancer",FALSE,1,0.94200136013122,0.0116730618613006,"TEAD4"
"MA0003.4","TFAP2A",-0.0495071470760617,0,"cortex_late","down","enhancer",FALSE,1,0.136494272440522,0.671569041798904,"TFAP2A"
"MA1123.2","TWIST1",-0.105083658742511,0,"cortex_late","down","enhancer",FALSE,1,-0.827018017422278,0.0586081214958713,"TWIST1"
"MA0093.3","USF1",0.0304060945461631,0,"cortex_late","down","enhancer",FALSE,1,0.205963435892328,0.466491178494197,"USF1"
"MA0526.3","USF2",0.00214234388176493,0,"cortex_late","down","enhancer",FALSE,1,-0.254954552846203,0.144650105291358,"USF2"
"MA0528.2","ZNF263",-0.00259969338006449,0,"cortex_late","down","enhancer",FALSE,1,0.297947962619334,0.149510985786169,"ZNF263"
"MA0609.2","CREM",-0.371352314978205,0,"cortex_late","down","enhancer",FALSE,1,0.641070187614052,0.023886407704992,"CREM"
"MA0517.1","STAT1::STAT2",0.732435484558938,1.44333548702632,"cortex_late","up","promoter",FALSE,0.0360300208111509,0.603573978204228,0.0811251148209067,"STAT1"
"MA0761.2","ETV1",0.331039558944441,0.287098161930296,"cortex_late","up","promoter",FALSE,0.516299658834155,0.22212751917251,0.472527978995924,"ETV1"
"MA0051.1","IRF2",0.496498759829545,0.150341464721623,"cortex_late","up","promoter",FALSE,0.707389379659884,0.0874187242730144,0.522403921571679,"IRF2"
"MA0476.1","FOS",0.644800922996302,0.150341464721623,"cortex_late","up","promoter",FALSE,0.707389379659884,0.0732688759655913,0.949948116968932,"FOS"
"MA0050.2","IRF1",0.400806879395723,0.150341464721623,"cortex_late","up","promoter",FALSE,0.707389379659884,1.40089257237319,0.0329814929460361,"IRF1"
"MA0653.1","IRF9",0.567082571439404,0.150341464721623,"cortex_late","up","promoter",FALSE,0.707389379659884,1.02733372798073,0.0210231643759869,"IRF9"
"MA0660.1","MEF2B",0.621608396845819,0.150341464721623,"cortex_late","up","promoter",FALSE,0.707389379659884,0.49074170369681,0.461384502314738,"MEF2B"
"MA0773.1","MEF2D",0.667815378125377,0.150341464721623,"cortex_late","up","promoter",FALSE,0.707389379659884,0.277264857858333,0.129101237872296,"MEF2D"
"MA1106.1","HIF1A",0.29372931762141,0.150341464721623,"cortex_late","up","promoter",FALSE,0.707389379659884,1.14093533925004,0.00389864211258081,"HIF1A"
"MA1110.1","NR1H4",0.54785721525936,0.150341464721623,"cortex_late","up","promoter",FALSE,0.707389379659884,-1.4795007136102,0.0245097754849855,"NR1H4"
"MA0750.2","ZBTB7A",0.155375538002589,0.150341464721623,"cortex_late","up","promoter",FALSE,0.707389379659884,0.248832336953842,0.0635588376012692,"ZBTB7A"
"MA1135.1","FOSB::JUNB",0.483358980028617,0.150341464721623,"cortex_late","up","promoter",FALSE,0.707389379659884,0.987021576512366,0.0505275527139367,"JUNB"
"MA1139.1","FOSL2::JUNB(var.2)",0.599786756380608,0.150341464721623,"cortex_late","up","promoter",FALSE,0.707389379659884,1.02846159986398,0.00413734877776558,"FOSL2"
"MA1147.1","NR4A2::RXRA",0.430634617966795,0.150341464721623,"cortex_late","up","promoter",FALSE,0.707389379659884,-0.35170414551812,0.0446090522371796,"RXRA"
"MA1418.1","IRF3",0.599872406991448,0.150341464721623,"cortex_late","up","promoter",FALSE,0.707389379659884,0.331730650089508,0.258292443117683,"IRF3"
"MA1493.1","HES6",0.441708134218308,0.150341464721623,"cortex_late","up","promoter",FALSE,0.707389379659884,0.139709716480486,0.681215870772818,"HES6"
"MA1508.1","IKZF1",0.26524814158842,0.150341464721623,"cortex_late","up","promoter",FALSE,0.707389379659884,2.23956301583121,0.0306730728198086,"IKZF1"
"MA1511.1","KLF10",0.12252762254535,0.150341464721623,"cortex_late","up","promoter",FALSE,0.707389379659884,1.14345939925402,0.00717376791986162,"KLF10"
"MA1523.1","MSANTD3",0.221863801886459,0.150341464721623,"cortex_late","up","promoter",FALSE,0.707389379659884,-0.296078459342358,0.257325911940941,"MSANTD3"
"MA1534.1","NR1I3",0.442396588467456,0.150341464721623,"cortex_late","up","promoter",FALSE,0.707389379659884,-2.77151182229256,0.0208960878408056,"NR1I3"
"MA0764.2","ETV4",0.16118492430792,0.150341464721623,"cortex_late","up","promoter",FALSE,0.707389379659884,2.71675802860031,0.00392533768056333,"ETV4"
"MA0062.3","GABPA",0.260212472267529,0.150341464721623,"cortex_late","up","promoter",FALSE,0.707389379659884,-0.268993180096397,0.0817415438809548,"GABPA"
"MA0595.1","SREBF1",0.298174318424102,0.1414530038162,"cortex_late","up","promoter",FALSE,0.722016290050942,0.360771361816368,0.639549160156198,"SREBF1"
"MA0737.1","GLIS3",0.493193099453224,0.1414530038162,"cortex_late","up","promoter",FALSE,0.722016290050942,0.230399755239139,0.479346309730214,"GLIS3"
"MA0895.1","HMBOX1",0.555758283997697,0.1414530038162,"cortex_late","up","promoter",FALSE,0.722016290050942,-0.252011754315682,0.266230745950304,"HMBOX1"
"MA1138.1","FOSL2::JUNB",0.472559503507833,0.1414530038162,"cortex_late","up","promoter",FALSE,0.722016290050942,1.02846159986398,0.00413734877776558,"FOSL2"
"MA0598.3","EHF",0.233017537726092,0.1414530038162,"cortex_late","up","promoter",FALSE,0.722016290050942,1.70579233716635,0.00623660714767927,"EHF"
"MA0081.2","SPIB",0.234531811558538,0.1414530038162,"cortex_late","up","promoter",FALSE,0.722016290050942,4.0841758316319,0.0141010765844496,"SPIB"
"MA1123.2","TWIST1",0.327171514492449,0.1414530038162,"cortex_late","up","promoter",FALSE,0.722016290050942,-0.827018017422278,0.0586081214958713,"TWIST1"
"MA1133.1","JUN::JUNB(var.2)",0.473797063668915,0.13169171252423,"cortex_late","up","promoter",FALSE,0.738428223416322,0.234618959475633,0.479714656230028,"JUN"
"MA0139.1","CTCF",0.202871020381061,0.127625593351251,"cortex_late","up","promoter",FALSE,0.745374286530191,-0.173609257308518,0.232497739386449,"CTCF"
"MA0259.1","ARNT::HIF1A",0.171110898144781,0.127625593351251,"cortex_late","up","promoter",FALSE,0.745374286530191,1.14093533925004,0.00389864211258081,"HIF1A"
"MA0652.1","IRF8",0.51289015872125,0.127625593351251,"cortex_late","up","promoter",FALSE,0.745374286530191,1.99775348829634,0.0266397809229116,"IRF8"
"MA0732.1","EGR3",0.169030614984584,0.127625593351251,"cortex_late","up","promoter",FALSE,0.745374286530191,2.17378427667236,0.0167434207201977,"EGR3"
"MA0738.1","HIC2",0.150982213190312,0.127625593351251,"cortex_late","up","promoter",FALSE,0.745374286530191,0.184385615616127,0.351399587318816,"HIC2"
"MA0771.1","HSF4",0.364736008683503,0.127625593351251,"cortex_late","up","promoter",FALSE,0.745374286530191,1.05728511176318,0.0480884855409424,"HSF4"
"MA0825.1","MNT",0.300588340649645,0.127625593351251,"cortex_late","up","promoter",FALSE,0.745374286530191,0.304610705223919,0.155485755617486,"MNT"
"MA0147.3","MYC",0.198063554355112,0.127625593351251,"cortex_late","up","promoter",FALSE,0.745374286530191,1.59019081752968,0.00294986225410836,"MYC"
"MA0099.3","FOS::JUN",0.395986392804581,0.127625593351251,"cortex_late","up","promoter",FALSE,0.745374286530191,0.234618959475633,0.479714656230028,"JUN"
"MA1146.1","NR1H4::RXRA",0.298127230150398,0.127625593351251,"cortex_late","up","promoter",FALSE,0.745374286530191,-1.4795007136102,0.0245097754849855,"NR1H4"
"MA0632.2","TCFL5",0.122584477995854,0.127625593351251,"cortex_late","up","promoter",FALSE,0.745374286530191,-0.219376841216913,0.33426805669732,"TCFL5"
"MA1634.1","BATF",0.39562710408415,0.127625593351251,"cortex_late","up","promoter",FALSE,0.745374286530191,1.56394663954186,0.0618399334525825,"BATF"
"MA0835.2","BATF3",0.410760462910228,0.127625593351251,"cortex_late","up","promoter",FALSE,0.745374286530191,0.857094975164021,0.254780467456984,"BATF3"
"MA0018.4","CREB1",0.402215959974974,0.127625593351251,"cortex_late","up","promoter",FALSE,0.745374286530191,0.00394460007507025,0.984418522268869,"CREB1"
"MA0473.3","ELF1",0.193202395956702,0.127625593351251,"cortex_late","up","promoter",FALSE,0.745374286530191,0.186522063855572,0.239380690744905,"ELF1"
"MA0640.2","ELF3",0.164819092748975,0.127625593351251,"cortex_late","up","promoter",FALSE,0.745374286530191,1.40737148274039,0.00810709036805467,"ELF3"
"MA0477.2","FOSL1",0.419729282852414,0.127625593351251,"cortex_late","up","promoter",FALSE,0.745374286530191,2.10935552338616,0.016545053702966,"FOSL1"
"MA0039.4","KLF4",0.0515247445497504,0.127625593351251,"cortex_late","up","promoter",FALSE,0.745374286530191,1.14570658880913,0.00389864211258081,"KLF4"
"MA0080.5","SPI1",0.205477206298147,0.127625593351251,"cortex_late","up","promoter",FALSE,0.745374286530191,2.08688724918781,0.0277096386312101,"SPI1"
"MA0637.1","CENPB",0.286470006745203,0.11971625590975,"cortex_late","up","promoter",FALSE,0.759073349766833,0.259625818160133,0.163432874701111,"CENPB"
"MA0478.1","FOSL2",0.351628426815174,0.103318837826294,"cortex_late","up","promoter",FALSE,0.788281187533254,1.02846159986398,0.00413734877776558,"FOSL2"
"MA0596.1","SREBF2",0.267313402184291,0.103318837826294,"cortex_late","up","promoter",FALSE,0.788281187533254,0.11974876308076,0.693522766072638,"SREBF2"
"MA1144.1","FOSL2::JUND",0.366721882038121,0.103318837826294,"cortex_late","up","promoter",FALSE,0.788281187533254,1.02846159986398,0.00413734877776558,"FOSL2"
"MA0684.2","RUNX3",0.263815881077913,0.103318837826294,"cortex_late","up","promoter",FALSE,0.788281187533254,2.59441605886014,0.0211188205554735,"RUNX3"
"MA0137.3","STAT1",0.290454050426471,0.100814635620349,"cortex_late","up","promoter",FALSE,0.792839655921231,0.603573978204228,0.0811251148209067,"STAT1"
"MA0058.3","MAX",0.2408119397756,0.100814635620349,"cortex_late","up","promoter",FALSE,0.792839655921231,0.313773552899902,0.108168353844389,"MAX"
"MA0104.4","MYCN",0.206752474979779,0.100814635620349,"cortex_late","up","promoter",FALSE,0.792839655921231,-0.269802710550367,0.400606413399665,"MYCN"
"MA1131.1","FOSL2::JUN(var.2)",0.383634014756062,0.100814635620349,"cortex_late","up","promoter",FALSE,0.792839655921231,1.02846159986398,0.00413734877776558,"FOSL2"
"MA1420.1","IRF5",0.323555985367377,0.100814635620349,"cortex_late","up","promoter",FALSE,0.792839655921231,1.57352096860409,0.0485354503445092,"IRF5"
"MA1532.1","NR1D2",0.253536842803528,0.100814635620349,"cortex_late","up","promoter",FALSE,0.792839655921231,-0.691920665848408,0.0281474892991551,"NR1D2"
"MA0490.2","JUNB",0.371687616269506,0.100814635620349,"cortex_late","up","promoter",FALSE,0.792839655921231,0.987021576512366,0.0505275527139367,"JUNB"
"MA1632.1","ATF2",0.359549432069052,0.0969743676084996,"cortex_late","up","promoter",FALSE,0.799881463227805,-0.209500134725169,0.190631785514542,"ATF2"
"MA1134.1","FOS::JUNB",0.348095949105352,0.0901754713202407,"cortex_late","up","promoter",FALSE,0.812502168372462,0.987021576512366,0.0505275527139367,"JUNB"
"MA0059.1","MAX::MYC",0.253614596618426,0.0880510989144057,"cortex_late","up","promoter",FALSE,0.816486298256644,1.59019081752968,0.00294986225410836,"MYC"
"MA0772.1","IRF7",0.346687760246581,0.0880510989144057,"cortex_late","up","promoter",FALSE,0.816486298256644,0.7856033099439,0.132250162995758,"IRF7"
"MA1137.1","FOSL1::JUNB",0.328000316613236,0.0821607926389583,"cortex_late","up","promoter",FALSE,0.827635684193002,2.10935552338616,0.016545053702966,"FOSL1"
"MA0655.1","JDP2",0.411186286488909,0.0813553083259841,"cortex_late","up","promoter",FALSE,0.82917212129961,0.981298186715939,0.0268722362635841,"JDP2"
"MA0694.1","ZBTB7B",0.11576490734245,0.0793247195429406,"cortex_late","up","promoter",FALSE,0.8330580788594,0.154685075131229,0.690580599688603,"ZBTB7B"
"MA1114.1","PBX3",0.194530190924437,0.0793247195429406,"cortex_late","up","promoter",FALSE,0.8330580788594,0.368727398392041,0.317576972386,"PBX3"
"MA1419.1","IRF4",0.376060041308205,0.0793247195429406,"cortex_late","up","promoter",FALSE,0.8330580788594,2.16610018581263,0.0460701980064735,"IRF4"
"MA1503.1","HOXB9",0.383696044214564,0.0793247195429406,"cortex_late","up","promoter",FALSE,0.8330580788594,0.139019574035474,0.798438427624629,"HOXB9"
"MA1653.1","ZNF148",0.0348815404834788,0.0793247195429406,"cortex_late","up","promoter",FALSE,0.8330580788594,-0.304674016324364,0.0990096020999713,"ZNF148"
"MA0527.1","ZBTB33",0.139669342147838,0.07439077598483,"cortex_late","up","promoter",FALSE,0.84257627069446,0.130491570655312,0.645490492018604,"ZBTB33"
"MA1128.1","FOSL1::JUN",0.295768717662577,0.07439077598483,"cortex_late","up","promoter",FALSE,0.84257627069446,2.10935552338616,0.016545053702966,"FOSL1"
"MA1652.1","ZKSCAN5",0.0963173739254746,0.07439077598483,"cortex_late","up","promoter",FALSE,0.84257627069446,-0.112581517953963,0.525710357341252,"ZKSCAN5"
"MA0462.2","BATF::JUN",0.30335141064536,0.0702487367212317,"cortex_late","up","promoter",FALSE,0.850650699130824,1.56394663954186,0.0618399334525825,"BATF"
"MA0912.2","HOXD3",0.369756415527585,0.0702487367212317,"cortex_late","up","promoter",FALSE,0.850650699130824,-0.173370878751268,0.515568530855192,"HOXD3"
"MA0076.2","ELK4",0.112186866821179,0.0688597298403349,"cortex_late","up","promoter",FALSE,0.853375696188508,0.113728816705128,0.724685215620708,"ELK4"
"MA1127.1","FOSB::JUN",0.327413897966572,0.0663330721664787,"cortex_late","up","promoter",FALSE,0.85835497339917,0.234618959475633,0.479714656230028,"JUN"
"MA0823.1","HEY1",0.166293992443173,0.0657486020880892,"cortex_late","up","promoter",FALSE,0.859510918388957,0.144545892035918,0.696434910316029,"HEY1"
"MA1145.1","FOSL2::JUND(var.2)",0.322426466229226,0.0657486020880892,"cortex_late","up","promoter",FALSE,0.859510918388957,1.02846159986398,0.00413734877776558,"FOSL2"
"MA0867.2","SOX4",0.155040186803184,0.0657486020880892,"cortex_late","up","promoter",FALSE,0.859510918388957,0.301882913349457,0.545106407190992,"SOX4"
"MA0663.1","MLX",0.313825620264864,0.0483735314014365,"cortex_late","up","promoter",FALSE,0.894595004283927,-0.209666092229397,0.228050685352637,"MLX"
"MA0698.1","ZBTB18",0.248641017203658,0.0483735314014365,"cortex_late","up","promoter",FALSE,0.894595004283927,0.0253122254804037,0.90288689740565,"ZBTB18"
"MA0036.3","GATA2",0.286792245149634,0.0483735314014365,"cortex_late","up","promoter",FALSE,0.894595004283927,-0.922089085870465,0.0238793397352311,"GATA2"
"MA1507.1","HOXD4",0.29255277312937,0.0483735314014365,"cortex_late","up","promoter",FALSE,0.894595004283927,-0.279948773628189,0.24561590093658,"HOXD4"
"MA1522.1","MAZ",0.0498260007763776,0.0483735314014365,"cortex_late","up","promoter",FALSE,0.894595004283927,0.0818445163550425,0.76574810244375,"MAZ"
"MA1593.1","ZNF317",0.203458383203347,0.0483735314014365,"cortex_late","up","promoter",FALSE,0.894595004283927,0.188070251113703,0.109815886554582,"ZNF317"
"MA0463.2","BCL6",0.297828683201346,0.0483735314014365,"cortex_late","up","promoter",FALSE,0.894595004283927,0.288789596975512,0.336304604074261,"BCL6"
"MA0902.2","HOXB2",0.307040157364211,0.0483735314014365,"cortex_late","up","promoter",FALSE,0.894595004283927,0.178148109043944,0.617110319099526,"HOXB2"
"MA0163.1","PLAG1",0.0666354681025965,0.0417762629890736,"cortex_late","up","promoter",FALSE,0.908288335753809,-0.659814240566227,0.0330035180216781,"PLAG1"
"MA0488.1","JUN",0.290345750972666,0.0417762629890736,"cortex_late","up","promoter",FALSE,0.908288335753809,0.234618959475633,0.479714656230028,"JUN"
"MA0523.1","TCF7L2",0.216812991687053,0.0417762629890736,"cortex_late","up","promoter",FALSE,0.908288335753809,0.00238143260191759,0.989583890092099,"TCF7L2"
"MA0651.1","HOXC11",0.308022298756731,0.0417762629890736,"cortex_late","up","promoter",FALSE,0.908288335753809,1.20723958040601,0.0785745237161324,"HOXC11"
"MA0778.1","NFKB2",0.179527311263676,0.0417762629890736,"cortex_late","up","promoter",FALSE,0.908288335753809,0.77218365080566,0.0869991698425003,"NFKB2"
"MA0464.2","BHLHE40",0.21071921225017,0.0417762629890736,"cortex_late","up","promoter",FALSE,0.908288335753809,0.314890752961937,0.346258513628138,"BHLHE40"
"MA0838.1","CEBPG",0.297366313249943,0.0417762629890736,"cortex_late","up","promoter",FALSE,0.908288335753809,0.301951506588183,0.0589993265624855,"CEBPG"
"MA1129.1","FOSL1::JUN(var.2)",0.281176056059317,0.0417762629890736,"cortex_late","up","promoter",FALSE,0.908288335753809,2.10935552338616,0.016545053702966,"FOSL1"
"MA1136.1","FOSB::JUNB(var.2)",0.302178303775993,0.0417762629890736,"cortex_late","up","promoter",FALSE,0.908288335753809,-0.151061413725705,0.90288689740565,"FOSB"
"MA1142.1","FOSL1::JUND",0.264880671325551,0.0417762629890736,"cortex_late","up","promoter",FALSE,0.908288335753809,2.10935552338616,0.016545053702966,"FOSL1"
"MA1151.1","RORC",0.245829074581031,0.0417762629890736,"cortex_late","up","promoter",FALSE,0.908288335753809,-1.13986236165977,0.0443930641612915,"RORC"
"MA0693.2","VDR",0.196715009094778,0.0417762629890736,"cortex_late","up","promoter",FALSE,0.908288335753809,0.308192199139582,0.52607256528957,"VDR"
"MA1516.1","KLF3",0.0746958497495012,0.0417762629890736,"cortex_late","up","promoter",FALSE,0.908288335753809,0.259184857475672,0.16630168309976,"KLF3"
"MA1533.1","NR1I2",0.163507826891864,0.0417762629890736,"cortex_late","up","promoter",FALSE,0.908288335753809,-1.31956334777676,0.168613585950679,"NR1I2"
"MA1557.1","SMAD5",0.26725328158237,0.0417762629890736,"cortex_late","up","promoter",FALSE,0.908288335753809,-0.171495166281051,0.502575061009404,"SMAD5"
"MA0766.2","GATA5",0.252061892234923,0.0417762629890736,"cortex_late","up","promoter",FALSE,0.908288335753809,-0.858321146014657,0.090824984476688,"GATA5"
"MA0158.2","HOXA5",0.261111641979406,0.0417762629890736,"cortex_late","up","promoter",FALSE,0.908288335753809,0.0352279979290078,0.893093359002962,"HOXA5"
"MA0516.2","SP2",0.0927328678683441,0.0417762629890736,"cortex_late","up","promoter",FALSE,0.908288335753809,0.0672624806107178,0.724169610801314,"SP2"
"MA1649.1","ZBTB12",0.186386108813323,0.0417762629890736,"cortex_late","up","promoter",FALSE,0.908288335753809,-0.134894266462391,0.747528241936079,"ZBTB12"
"MA1650.1","ZBTB14",0.0422031659801192,0.0417762629890736,"cortex_late","up","promoter",FALSE,0.908288335753809,-0.160356275441869,0.296425439214427,"ZBTB14"
"MA0491.2","JUND",0.266939210577154,0.0417762629890736,"cortex_late","up","promoter",FALSE,0.908288335753809,0.176041424308677,0.44988657898698,"JUND"
"MA0052.4","MEF2A",0.283034614823715,0.0417762629890736,"cortex_late","up","promoter",FALSE,0.908288335753809,0.24693987837195,0.151541068265505,"MEF2A"
"MA0609.2","CREM",0.274402500931087,0.0417762629890736,"cortex_late","up","promoter",FALSE,0.908288335753809,0.641070187614052,0.023886407704992,"CREM"
"MA0136.2","ELF5",0.104522848192739,0.0344205861184188,"cortex_late","up","promoter",FALSE,0.923803097042145,-1.72323832595498,0.0121229004048676,"ELF5"
"MA1099.2","HES1",0.0631355986282056,0.0217634229144597,"cortex_late","up","promoter",FALSE,0.951122766104933,0.333015747686757,0.219293504390995,"HES1"
"MA0091.1","TAL1::TCF3",0.19510193372796,0.0108108511749936,"cortex_late","up","promoter",FALSE,0.975414368672577,0.557824702012325,0.164946685394945,"TCF3"
"MA0497.1","MEF2C",0.210027723872837,0.0108108511749936,"cortex_late","up","promoter",FALSE,0.975414368672577,0.319820453201881,0.430764311998789,"MEF2C"
"MA0513.1","SMAD2::SMAD3::SMAD4",0.110156778645606,0.0108108511749936,"cortex_late","up","promoter",FALSE,0.975414368672577,0.0888215081793708,0.531558295838665,"SMAD2"
"MA0144.2","STAT3",0.117118741329335,0.0108108511749936,"cortex_late","up","promoter",FALSE,0.975414368672577,0.99721539206208,0.00260121202556568,"STAT3"
"MA0729.1","RARA",0.169925001442312,0.0108108511749936,"cortex_late","up","promoter",FALSE,0.975414368672577,0.149275406051572,0.583960222172284,"RARA"
"MA0731.1","BCL6B",0.169925001442312,0.0108108511749936,"cortex_late","up","promoter",FALSE,0.975414368672577,-0.139201728444065,0.744055703664974,"BCL6B"
"MA0741.1","KLF16",0.0316900370297031,0.0108108511749936,"cortex_late","up","promoter",FALSE,0.975414368672577,0.647264389062577,0.062253570183691,"KLF16"
"MA0788.1","POU3F3",0.23947585228221,0.0108108511749936,"cortex_late","up","promoter",FALSE,0.975414368672577,0.0200365438456984,0.969373434085365,"POU3F3"
"MA0862.1","GMEB2",0.23793544011142,0.0108108511749936,"cortex_late","up","promoter",FALSE,0.975414368672577,0.069577144549104,0.653871256266482,"GMEB2"
"MA0905.1","HOXC10",0.227645718740375,0.0108108511749936,"cortex_late","up","promoter",FALSE,0.975414368672577,0.0829181808846,0.79923636090623,"HOXC10"
"MA1125.1","ZNF384",0.178194878595707,0.0108108511749936,"cortex_late","up","promoter",FALSE,0.975414368672577,-0.198809362199945,0.119827039458488,"ZNF384"
"MA0037.3","GATA3",0.208416100426302,0.0108108511749936,"cortex_late","up","promoter",FALSE,0.975414368672577,-0.016450652305716,0.957898617959031,"GATA3"
"MA1130.1","FOSL2::JUN",0.197359785140833,0.0108108511749936,"cortex_late","up","promoter",FALSE,0.975414368672577,1.02846159986398,0.00413734877776558,"FOSL2"
"MA1149.1","RARA::RXRG",0.0985912381273133,0.0108108511749936,"cortex_late","up","promoter",FALSE,0.975414368672577,0.149275406051572,0.583960222172284,"RARA"
"MA1464.1","ARNT2",0.146259647297219,0.0108108511749936,"cortex_late","up","promoter",FALSE,0.975414368672577,-0.217186729244624,0.505108166426022,"ARNT2"
"MA1504.1","HOXC4",0.227955576094666,0.0108108511749936,"cortex_late","up","promoter",FALSE,0.975414368672577,0.126511795283852,0.692941947793839,"HOXC4"
"MA1525.1","NFATC4",0.13537597797401,0.0108108511749936,"cortex_late","up","promoter",FALSE,0.975414368672577,1.00562403698568,0.0708583568185503,"NFATC4"
"MA1566.1","TBX3",0.142589678850202,0.0108108511749936,"cortex_late","up","promoter",FALSE,0.975414368672577,0.102915683841081,0.740297241194491,"TBX3"
"MA1578.1","VEZF1",0.0464454662648794,0.0108108511749936,"cortex_late","up","promoter",FALSE,0.975414368672577,0.13098633501567,0.409155788581504,"VEZF1"
"MA0913.2","HOXD9",0.229680435999615,0.0108108511749936,"cortex_late","up","promoter",FALSE,0.975414368672577,-0.220051670664814,0.432420314672991,"HOXD9"
"MA0079.4","SP1",0.113539339577761,0.0108108511749936,"cortex_late","up","promoter",FALSE,0.975414368672577,-0.0538910415322489,0.794592964838596,"SP1"
"MA1633.1","BACH1",0.165090993031586,0.0108108511749936,"cortex_late","up","promoter",FALSE,0.975414368672577,0.215623552209181,0.426882226405801,"BACH1"
"MA0782.2","PKNOX1",0.154757803327567,0.0108108511749936,"cortex_late","up","promoter",FALSE,0.975414368672577,0.0430717643209224,0.812897682609181,"PKNOX1"
"MA0664.1","MLXIPL",0.16490427179277,0.00930336130700032,"cortex_late","up","promoter",FALSE,0.978806035645301,0.0995975625288743,0.878548857744067,"MLXIPL"
"MA1487.1","FOXE1",0.226619288434847,0.00921838179076688,"cortex_late","up","promoter",FALSE,0.978997579874538,0.165545902554006,0.916757977262879,"FOXE1"
"MA0777.1","MYBL2",0.250030885123522,0.0084865235277705,"cortex_late","up","promoter",FALSE,0.980648744090419,2.54167122737594,0.0167719163849104,"MYBL2"
"MA0695.1","ZBTB7C",0.0496390108461977,0.00438339688141113,"cortex_late","up","promoter",FALSE,0.989957620529417,1.04476026260957,0.0771797048903576,"ZBTB7C"
"MA0808.1","TEAD3",0.134684503507435,0.00438339688141113,"cortex_late","up","promoter",FALSE,0.989957620529417,0.521680656924673,0.00638640839435599,"TEAD3"
"MA0485.2","HOXC9",0.237990503693649,0.00438339688141113,"cortex_late","up","promoter",FALSE,0.989957620529417,0.0106923027358348,0.973223681010187,"HOXC9"
"MA0645.1","ETV6",0.0716533204253613,0.00367296762140967,"cortex_late","up","promoter",FALSE,0.991578342035554,0.0314945665117898,0.815104280096964,"ETV6"
"MA0131.2","HINFP",0.0406333025291072,0.00367296762140967,"cortex_late","up","promoter",FALSE,0.991578342035554,-0.0669551288115535,0.763974922779228,"HINFP"
"MA0688.1","TBX2",0.129545993223709,0.00367296762140967,"cortex_late","up","promoter",FALSE,0.991578342035554,-0.112455451316849,0.617110319099526,"TBX2"
"MA0804.1","TBX19",0.207265356922082,0.00367296762140967,"cortex_late","up","promoter",FALSE,0.991578342035554,-0.100633503188082,0.78140790859454,"TBX19"
"MA0106.3","TP53",0.217206354125639,0.00367296762140967,"cortex_late","up","promoter",FALSE,0.991578342035554,0.627491614340639,0.0615087765804618,"TP53"
"MA0908.1","HOXD11",0.205445732955543,0.00367296762140967,"cortex_late","up","promoter",FALSE,0.991578342035554,0.530842005471124,0.28573497441396,"HOXD11"
"MA1121.1","TEAD2",0.125494451489226,0.00367296762140967,"cortex_late","up","promoter",FALSE,0.991578342035554,0.398929707202682,0.203416788736098,"TEAD2"
"MA1141.1","FOS::JUND",0.159782127536925,0.00367296762140967,"cortex_late","up","promoter",FALSE,0.991578342035554,0.176041424308677,0.44988657898698,"JUND"
"MA1579.1","ZBTB26",0.0859147465235495,0.00367296762140967,"cortex_late","up","promoter",FALSE,0.991578342035554,-0.364494695356772,0.225241831539457,"ZBTB26"
"MA0605.2","ATF3",0.226929077873764,0.00367296762140967,"cortex_late","up","promoter",FALSE,0.991578342035554,1.22781244711171,0.0296699168924001,"ATF3"
"MA0904.2","HOXB5",0.211662890969786,0.00367296762140967,"cortex_late","up","promoter",FALSE,0.991578342035554,-0.00140329455360844,0.997357511683444,"HOXB5"
"MA1643.1","NFIB",0.121143443723172,0.00367296762140967,"cortex_late","up","promoter",FALSE,0.991578342035554,-0.801967209982136,0.0310195339310119,"NFIB"
"MA0071.1","RORA",0.126286481385185,0.0034337799812224,"cortex_late","up","promoter",FALSE,0.992124604116124,-0.386721146891125,0.400755729885775,"RORA"
"MA0073.1","RREB1",0.0501988002417395,0.0034337799812224,"cortex_late","up","promoter",FALSE,0.992124604116124,-0.267612957653856,0.368219135542279,"RREB1"
"MA0886.1","EMX2",0.192065463065248,0.0034337799812224,"cortex_late","up","promoter",FALSE,0.992124604116124,-0.0119007550013999,0.973091095607023,"EMX2"
"MA0899.1","HOXA10",0.16750173479152,0.0034337799812224,"cortex_late","up","promoter",FALSE,0.992124604116124,-0.301074636628616,0.0624049336475272,"HOXA10"
"MA1647.1","PRDM4",0.104817078689042,0.0034337799812224,"cortex_late","up","promoter",FALSE,0.992124604116124,0.0432959774066282,0.825200630474584,"PRDM4"
"MA0154.4","EBF1",0.0573599338857385,0.0034337799812224,"cortex_late","up","promoter",FALSE,0.992124604116124,0.0789783965357946,0.851382829431161,"EBF1"
"MA0507.1","POU2F2",0.195692582064327,0.00151802074723133,"cortex_late","up","promoter",FALSE,0.996510729757772,2.79185820405312,0.0298145721105701,"POU2F2"
"MA0685.1","SP4",0.0892503899447963,0.00151802074723133,"cortex_late","up","promoter",FALSE,0.996510729757772,-0.00306346589752327,0.992850300357811,"SP4"
"MA0030.1","FOXF2",0.0716972819015886,0,"cortex_late","up","promoter",FALSE,1,1.97874974844741,0.0164160764157412,"FOXF2"
"MA0031.1","FOXD1",0.0611604709473328,0,"cortex_late","up","promoter",FALSE,1,0.723275246426268,0.11360860257452,"FOXD1"
"MA0066.1","PPARG",-0.21122258324033,0,"cortex_late","up","promoter",FALSE,1,0.00149969125401683,0.997290578342321,"PPARG"
"MA0070.1","PBX1",0.0904519033486144,0,"cortex_late","up","promoter",FALSE,1,0.0480557333630021,0.861020911821847,"PBX1"
"MA0074.1","RXRA::VDR",-0.116303126375738,0,"cortex_late","up","promoter",FALSE,1,-0.35170414551812,0.0446090522371796,"RXRA"
"MA0077.1","SOX9",-0.049376940205498,0,"cortex_late","up","promoter",FALSE,1,2.58056679197372,0.00543504740369628,"SOX9"
"MA0101.1","REL",0.0266037916332476,0,"cortex_late","up","promoter",FALSE,1,0.551292490640919,0.272342374321645,"REL"
"MA0107.1","RELA",-0.0906144449666373,0,"cortex_late","up","promoter",FALSE,1,0.479175835146296,0.0389355204112652,"RELA"
"MA0115.1","NR1H2::RXRA",-0.503833230819637,0,"cortex_late","up","promoter",FALSE,1,-0.35170414551812,0.0446090522371796,"RXRA"
"MA0119.1","NFIC::TLX1",0.0265423634004174,0,"cortex_late","up","promoter",FALSE,1,0.0479395657695862,0.821202623198197,"NFIC"
"MA0138.2","REST",-0.0477048749222275,0,"cortex_late","up","promoter",FALSE,1,0.0571722519401625,0.849285039157882,"REST"
"MA0152.1","NFATC2",0.0156184428491777,0,"cortex_late","up","promoter",FALSE,1,0.460547363681982,0.29695714802985,"NFATC2"
"MA0159.1","RARA::RXRA",-0.225539954734743,0,"cortex_late","up","promoter",FALSE,1,-0.35170414551812,0.0446090522371796,"RXRA"
"MA0160.1","NR4A2",-0.186212105933925,0,"cortex_late","up","promoter",FALSE,1,-0.099963853280352,0.860557992521686,"NR4A2"
"MA0501.1","MAF::NFE2",-0.264778733629056,0,"cortex_late","up","promoter",FALSE,1,-0.749296741488903,0.138596254609732,"MAF"
"MA0504.1","NR2C2",-0.0204835536068204,0,"cortex_late","up","promoter",FALSE,1,0.0261954527076078,0.894017430809098,"NR2C2"
"MA0506.1","NRF1",0.0243884010830691,0,"cortex_late","up","promoter",FALSE,1,0.159318075994392,0.438612794523248,"NRF1"
"MA0140.2","GATA1::TAL1",-0.691235051597942,0,"cortex_late","up","promoter",FALSE,1,0.238086368779233,0.590072504281107,"TAL1"
"MA0095.2","YY1",-0.314904038682946,0,"cortex_late","up","promoter",FALSE,1,-0.0384036864583219,0.761721173984392,"YY1"
"MA0593.1","FOXP2",-0.0696960163935749,0,"cortex_late","up","promoter",FALSE,1,-0.0870864022130844,0.894221743407541,"FOXP2"
"MA0597.1","THAP1",-0.131508509438306,0,"cortex_late","up","promoter",FALSE,1,-0.393221135299563,0.113535365474224,"THAP1"
"MA0599.1","KLF5",0.0146147040124127,0,"cortex_late","up","promoter",FALSE,1,0.646858846811948,0.218190362765962,"KLF5"
"MA0610.1","DMRT3",-0.394850594092225,0,"cortex_late","up","promoter",FALSE,1,-0.104872810567713,0.949948116968932,"DMRT3"
"MA0625.1","NFATC3",0.00377242620072504,0,"cortex_late","up","promoter",FALSE,1,-0.00494304575414795,0.976852407429291,"NFATC3"
"MA0628.1","POU6F1",0.0865562298220972,0,"cortex_late","up","promoter",FALSE,1,0.361985665472876,0.176889171398798,"POU6F1"
"MA0636.1","BHLHE41",-0.0613964192971403,0,"cortex_late","up","promoter",FALSE,1,0.140487032426744,0.654500510174604,"BHLHE41"
"MA0638.1","CREB3",-0.147929692863231,0,"cortex_late","up","promoter",FALSE,1,-0.0312938897977935,0.859846071925377,"CREB3"
"MA0641.1","ELF4",-0.13553281806383,0,"cortex_late","up","promoter",FALSE,1,1.1869546001238,0.0558249946846822,"ELF4"
"MA0475.2","FLI1",-0.157462130687217,0,"cortex_late","up","promoter",FALSE,1,0.304643589387498,0.455546018981208,"FLI1"
"MA0042.2","FOXI1",-0.204770760751847,0,"cortex_late","up","promoter",FALSE,1,-1.39593847266708,0.0144730671977558,"FOXI1"
"MA0033.2","FOXL1",-0.279967605513245,0,"cortex_late","up","promoter",FALSE,1,1.19314167894993,0.0287646425821827,"FOXL1"
"MA0157.2","FOXO3",0.0609518514984444,0,"cortex_late","up","promoter",FALSE,1,0.371826551772787,0.0854041186239956,"FOXO3"
"MA0646.1","GCM1",0.00261829202409558,0,"cortex_late","up","promoter",FALSE,1,-1.55196553705747,0.0936892960361109,"GCM1"
"MA0649.1","HEY2",0.0401452177965824,0,"cortex_late","up","promoter",FALSE,1,-0.408026083806639,0.434808319004231,"HEY2"
"MA0046.2","HNF1A",-0.18469947057148,0,"cortex_late","up","promoter",FALSE,1,-1.15752951398589,0.0389492960832284,"HNF1A"
"MA0153.2","HNF1B",0.0592543400456353,0,"cortex_late","up","promoter",FALSE,1,-0.309838678344864,0.211547891735755,"HNF1B"
"MA0486.2","HSF1",-0.282188210285764,0,"cortex_late","up","promoter",FALSE,1,-0.062417242231966,0.758576041569429,"HSF1"
"MA0657.1","KLF13",-0.490408884782049,0,"cortex_late","up","promoter",FALSE,1,0.367136760476838,0.159526324161599,"KLF13"
"MA0658.1","LHX6",-0.0855172887925506,0,"cortex_late","up","promoter",FALSE,1,0.828230214780972,0.0640017841565306,"LHX6"
"MA0665.1","MSC",0.0290508743914097,0,"cortex_late","up","promoter",FALSE,1,2.83767986683434,0.0379757731696713,"MSC"
"MA0666.1","MSX1",0.0880765819095508,0,"cortex_late","up","promoter",FALSE,1,0.1174666850007,0.798678021225016,"MSX1"
"MA0670.1","NFIA",-0.147509382782335,0,"cortex_late","up","promoter",FALSE,1,-0.0446118130960471,0.836965216075202,"NFIA"
"MA0671.1","NFIX",-0.340972675183142,0,"cortex_late","up","promoter",FALSE,1,0.920894700338016,0.0385768678852775,"NFIX"
"MA0083.3","SRF",-0.0037038079310463,0,"cortex_late","up","promoter",FALSE,1,0.394956455418964,0.0605773048600956,"SRF"
"MA0690.1","TBX21",-0.385139453402966,0,"cortex_late","up","promoter",FALSE,1,1.66514802825355,0.109119064224061,"TBX21"
"MA0691.1","TFAP4",-0.125309946790419,0,"cortex_late","up","promoter",FALSE,1,0.234059751067489,0.491775768024472,"TFAP4"
"MA0145.3","TFCP2",-0.381257650990745,0,"cortex_late","up","promoter",FALSE,1,-0.270521960607984,0.0228630004160411,"TFCP2"
"MA0692.1","TFEB",0.071915553026332,0,"cortex_late","up","promoter",FALSE,1,0.572683458959158,0.0619450276272282,"TFEB"
"MA0716.1","PRRX1",-0.0266407914971349,0,"cortex_late","up","promoter",FALSE,1,0.88704444168176,0.0474606382941013,"PRRX1"
"MA0722.1","VAX1",-0.293924816290476,0,"cortex_late","up","promoter",FALSE,1,0.305881850899317,0.833767807084669,"VAX1"
"MA0112.3","ESR1",-0.04746204130464,0,"cortex_late","up","promoter",FALSE,1,-0.581637538909517,0.109639714071584,"ESR1"
"MA0141.3","ESRRB",-0.155877582423962,0,"cortex_late","up","promoter",FALSE,1,-1.23719169277586,0.0538021583252273,"ESRRB"
"MA0017.2","NR2F1",-0.173769475592145,0,"cortex_late","up","promoter",FALSE,1,0.714106291964725,0.214361008768726,"NR2F1"
"MA0113.3","NR3C1",-0.107115388752892,0,"cortex_late","up","promoter",FALSE,1,-0.491753358006394,0.0187363952170916,"NR3C1"
"MA0727.1","NR3C2",-0.0202473472456095,0,"cortex_late","up","promoter",FALSE,1,-0.925132488823745,0.014437160475709,"NR3C2"
"MA0472.2","EGR2",0.0292561192221505,0,"cortex_late","up","promoter",FALSE,1,2.9557831683514,0.00543504740369628,"EGR2"
"MA0735.1","GLIS1",0.173107965072461,0,"cortex_late","up","promoter",FALSE,1,-0.82767331385964,0.0654662802053464,"GLIS1"
"MA0736.1","GLIS2",0.0163139528641052,0,"cortex_late","up","promoter",FALSE,1,-0.452732814220206,0.0815971532049507,"GLIS2"
"MA0749.1","ZBED1",-0.414260173986151,0,"cortex_late","up","promoter",FALSE,1,0.468161300168552,0.0641749323048502,"ZBED1"
"MA0088.2","ZNF143",-0.329874076476877,0,"cortex_late","up","promoter",FALSE,1,0.113175542531204,0.423980285045556,"ZNF143"
"MA0752.1","ZNF410",0.0951969796870604,0,"cortex_late","up","promoter",FALSE,1,-0.409264896913698,0.0099448486175386,"ZNF410"
"MA0754.1","CUX1",-0.420185254471806,0,"cortex_late","up","promoter",FALSE,1,-0.639871530568587,0.0298145721105701,"CUX1"
"MA0759.1","ELK3",-0.106550882760657,0,"cortex_late","up","promoter",FALSE,1,0.330708801440769,0.2398630905309,"ELK3"
"MA0760.1","ERF",-0.0112129213999621,0,"cortex_late","up","promoter",FALSE,1,-0.242743286574139,0.292841591307765,"ERF"
"MA0474.2","ERG",-0.102273920880336,0,"cortex_late","up","promoter",FALSE,1,-0.0873122960994186,0.805953037975104,"ERG"
"MA0098.3","ETS1",-0.13908302488269,0,"cortex_late","up","promoter",FALSE,1,0.104463415808721,0.772417938339684,"ETS1"
"MA0762.1","ETV2",-0.0759518107847867,0,"cortex_late","up","promoter",FALSE,1,0.566219601725347,0.363934910142764,"ETV2"
"MA0763.1","ETV3",-0.336275752009774,0,"cortex_late","up","promoter",FALSE,1,0.177937865999423,0.210212448262891,"ETV3"
"MA0768.1","LEF1",-0.201760575171229,0,"cortex_late","up","promoter",FALSE,1,1.90249484679824,0.0180652427067034,"LEF1"
"MA0770.1","HSF2",0.162596451784364,0,"cortex_late","up","promoter",FALSE,1,0.0583290477005285,0.724065621695407,"HSF2"
"MA0498.2","MEIS1",-0.169101840281189,0,"cortex_late","up","promoter",FALSE,1,0.664042397654292,0.158880222962715,"MEIS1"
"MA0774.1","MEIS2",-0.237675726514943,0,"cortex_late","up","promoter",FALSE,1,0.00240920939135059,0.995459109912767,"MEIS2"
"MA0775.1","MEIS3",-0.137730709847537,0,"cortex_late","up","promoter",FALSE,1,1.1314026229715,0.0600622512986775,"MEIS3"
"MA0776.1","MYBL1",0.0820788472379181,0,"cortex_late","up","promoter",FALSE,1,1.68538215945102,0.0122334468276326,"MYBL1"
"MA0105.4","NFKB1",-0.326712077816539,0,"cortex_late","up","promoter",FALSE,1,0.405257807980465,0.0892931004887569,"NFKB1"
"MA0783.1","PKNOX2",-0.286107841211661,0,"cortex_late","up","promoter",FALSE,1,0.394272824380476,0.38554530958871,"PKNOX2"
"MA0785.1","POU2F1",0.133204516052579,0,"cortex_late","up","promoter",FALSE,1,0.223728842825509,0.428331585315998,"POU2F1"
"MA0794.1","PROX1",-0.451053437229715,0,"cortex_late","up","promoter",FALSE,1,-0.535703323737026,0.215777185403021,"PROX1"
"MA0600.2","RFX2",-0.155697223604482,0,"cortex_late","up","promoter",FALSE,1,-0.0877645373107878,0.778605028600402,"RFX2"
"MA0795.1","SMAD3",0.117805953860229,0,"cortex_late","up","promoter",FALSE,1,0.121366048735763,0.588111009882596,"SMAD3"
"MA0796.1","TGIF1",-0.327352150700968,0,"cortex_late","up","promoter",FALSE,1,0.794249406231259,0.024397496606554,"TGIF1"
"MA0797.1","TGIF2",-0.175478047549262,0,"cortex_late","up","promoter",FALSE,1,-0.0894147349062706,0.7842097534443,"TGIF2"
"MA0510.2","RFX5",-0.367302403519631,0,"cortex_late","up","promoter",FALSE,1,0.501414601589885,0.0983833366041225,"RFX5"
"MA0511.2","RUNX2",-0.206953166612942,0,"cortex_late","up","promoter",FALSE,1,2.05009004792153,0.0144923202630453,"RUNX2"
"MA0800.1","EOMES",-0.261379379667614,0,"cortex_late","up","promoter",FALSE,1,2.3904244876289,0.0453884867683635,"EOMES"
"MA0801.1","MGA",-0.180459659595982,0,"cortex_late","up","promoter",FALSE,1,-0.00931677187637536,0.958610340545883,"MGA"
"MA0805.1","TBX1",-0.293393574351287,0,"cortex_late","up","promoter",FALSE,1,2.16985939116411,0.0269522711228122,"TBX1"
"MA0811.1","TFAP2B",-0.0208033462521282,0,"cortex_late","up","promoter",FALSE,1,-0.259982990856523,0.527583169794893,"TFAP2B"
"MA0818.1","BHLHE22",0.0595455383758576,0,"cortex_late","up","promoter",FALSE,1,2.60969134217934,0.0147362418120288,"BHLHE22"
"MA0819.1","CLOCK",-0.00983024038595204,0,"cortex_late","up","promoter",FALSE,1,-0.344584352748873,0.28800642738705,"CLOCK"
"MA0466.2","CEBPB",0.148714483392844,0,"cortex_late","up","promoter",FALSE,1,1.55619495932372,0.00389864211258081,"CEBPB"
"MA0839.1","CREB3L1",-0.224773571889762,0,"cortex_late","up","promoter",FALSE,1,2.43085209894203,0.00716078074477501,"CREB3L1"
"MA0843.1","TEF",0.0684419905768858,0,"cortex_late","up","promoter",FALSE,1,-0.864944303734186,0.00748630965046787,"TEF"
"MA0844.1","XBP1",0.0804464473543369,0,"cortex_late","up","promoter",FALSE,1,0.348624663896845,0.0761247578428936,"XBP1"
"MA0032.2","FOXC1",-0.362593761346648,0,"cortex_late","up","promoter",FALSE,1,-0.179032381938588,0.704299410394463,"FOXC1"
"MA0846.1","FOXC2",0.0564964725327277,0,"cortex_late","up","promoter",FALSE,1,0.430539472349024,0.239486083808496,"FOXC2"
"MA0848.1","FOXO4",-0.204770760751847,0,"cortex_late","up","promoter",FALSE,1,-0.521458010922331,0.00748630965046787,"FOXO4"
"MA0850.1","FOXP3",-0.10466957911513,0,"cortex_late","up","promoter",FALSE,1,0.663757276125553,0.376792157653482,"FOXP3"
"MA0855.1","RXRB",-0.758319018509915,0,"cortex_late","up","promoter",FALSE,1,-0.013595831285115,0.930702571123666,"RXRB"
"MA0856.1","RXRG",-0.539668291934472,0,"cortex_late","up","promoter",FALSE,1,-0.381741342730905,0.672267685894918,"RXRG"
"MA0861.1","TP73",-0.241685027398187,0,"cortex_late","up","promoter",FALSE,1,0.198602394146859,0.740297241194491,"TP73"
"MA0863.1","MTF1",-0.186262386047985,0,"cortex_late","up","promoter",FALSE,1,-0.23168631262967,0.250223375849655,"MTF1"
"MA0024.3","E2F1",-0.258424605915547,0,"cortex_late","up","promoter",FALSE,1,-9.23251704945116e-05,0.999934552034004,"E2F1"
"MA0028.2","ELK1",-0.325187322211741,0,"cortex_late","up","promoter",FALSE,1,0.249401399433791,0.166237083287717,"ELK1"
"MA0889.1","GBX1",0.110933652525939,0,"cortex_late","up","promoter",FALSE,1,-0.0757867066593149,0.915108276475197,"GBX1"
"MA0891.1","GSC2",-0.127286552369383,0,"cortex_late","up","promoter",FALSE,1,-1.27976744344108,0.0773524078228098,"GSC2"
"MA0903.1","HOXB3",0.0811977196266893,0,"cortex_late","up","promoter",FALSE,1,0.316447877789761,0.288978893472889,"HOXB3"
"MA0852.2","FOXK1",-0.184687922174977,0,"cortex_late","up","promoter",FALSE,1,-0.137536006976261,0.378982704233958,"FOXK1"
"MA0161.2","NFIC",-0.209530259698593,0,"cortex_late","up","promoter",FALSE,1,0.0479395657695862,0.821202623198197,"NFIC"
"MA0060.3","NFYA",-0.0437149188649757,0,"cortex_late","up","promoter",FALSE,1,0.127865048398804,0.449370859968367,"NFYA"
"MA1111.1","NR2F2",-0.0837017659466159,0,"cortex_late","up","promoter",FALSE,1,0.256892847501779,0.208201202492486,"NR2F2"
"MA0014.3","PAX5",-0.0412064705979267,0,"cortex_late","up","promoter",FALSE,1,3.04953545833408,0.0676302692915357,"PAX5"
"MA1116.1","RBPJ",-0.21447031112675,0,"cortex_late","up","promoter",FALSE,1,0.353842408100793,0.0476151303405136,"RBPJ"
"MA1117.1","RELB",0.0682468025880576,0,"cortex_late","up","promoter",FALSE,1,1.03654016209544,0.0547321416976345,"RELB"
"MA1120.1","SOX13",-0.402157865164286,0,"cortex_late","up","promoter",FALSE,1,-0.0888534469175832,0.780316048879504,"SOX13"
"MA1122.1","TFDP1",-0.0307792884343083,0,"cortex_late","up","promoter",FALSE,1,0.0491686458014362,0.730931570793093,"TFDP1"
"MA0103.3","ZEB1",-0.0407069045087258,0,"cortex_late","up","promoter",FALSE,1,-0.226063817000626,0.436363855145491,"ZEB1"
"MA1124.1","ZNF24",-0.0829495916085428,0,"cortex_late","up","promoter",FALSE,1,-0.117114807392734,0.498643138228834,"ZNF24"
"MA1154.1","ZNF282",-0.137074874208738,0,"cortex_late","up","promoter",FALSE,1,-0.0775515311263906,0.643492291567831,"ZNF282"
"MA1126.1","FOS::JUN(var.2)",0.00758741669079299,0,"cortex_late","up","promoter",FALSE,1,0.0732688759655913,0.949948116968932,"FOS"
"MA1132.1","JUN::JUNB",0.0380834115140241,0,"cortex_late","up","promoter",FALSE,1,0.987021576512366,0.0505275527139367,"JUNB"
"MA1143.1","FOSL1::JUND(var.2)",-0.232289035492572,0,"cortex_late","up","promoter",FALSE,1,2.10935552338616,0.016545053702966,"FOSL1"
"MA1148.1","PPARA::RXRA",-0.0930816207234519,0,"cortex_late","up","promoter",FALSE,1,-1.40563125878995,0.0178870437190186,"PPARA"
"MA0831.2","TFE3",0.0277897382624452,0,"cortex_late","up","promoter",FALSE,1,0.0155579212628814,0.923689250327481,"TFE3"
"MA1421.1","TCF7L1",-0.529939734524187,0,"cortex_late","up","promoter",FALSE,1,0.038125697307426,0.91510880833701,"TCF7L1"
"MA1466.1","ATF6",-0.10065840256787,0,"cortex_late","up","promoter",FALSE,1,0.0551701682574581,0.742498530039227,"ATF6"
"MA1101.2","BACH2",0.168835844458657,0,"cortex_late","up","promoter",FALSE,1,0.886009799480719,0.141809105983968,"BACH2"
"MA1471.1","BARX2",0.115161717404862,0,"cortex_late","up","promoter",FALSE,1,1.3366037487251,0.0795525268876396,"BARX2"
"MA1474.1","CREB3L4",0.0553857501999193,0,"cortex_late","up","promoter",FALSE,1,0.770932910836012,0.0615087765804618,"CREB3L4"
"MA1483.1","ELF2",0.0403010117161715,0,"cortex_late","up","promoter",FALSE,1,-0.0977781842415455,0.659184813609932,"ELF2"
"MA1484.1","ETS2",-0.116128576627668,0,"cortex_late","up","promoter",FALSE,1,0.235259681730191,0.403999783271664,"ETS2"
"MA1489.1","FOXN3",0.0294756957689937,0,"cortex_late","up","promoter",FALSE,1,-0.0170264651052374,0.94824231177084,"FOXN3"
"MA1491.1","GLI3",-0.210445158026774,0,"cortex_late","up","promoter",FALSE,1,0.195846706149949,0.415523616044721,"GLI3"
"MA1496.1","HOXA4",-0.0160895453812806,0,"cortex_late","up","promoter",FALSE,1,-0.328579387546617,0.0889229578668277,"HOXA4"
"MA1497.1","HOXA6",-0.165714577885121,0,"cortex_late","up","promoter",FALSE,1,0.0684813732562888,0.802291316465486,"HOXA6"
"MA1498.1","HOXA7",0.106034795108098,0,"cortex_late","up","promoter",FALSE,1,-0.644932767571269,0.020461876497108,"HOXA7"
"MA1499.1","HOXB4",0.0727035877329207,0,"cortex_late","up","promoter",FALSE,1,-0.234371268411707,0.415156280676598,"HOXB4"
"MA1500.1","HOXB6",-0.0497392991223782,0,"cortex_late","up","promoter",FALSE,1,0.112229652365349,0.762380463958116,"HOXB6"
"MA1501.1","HOXB7",-0.00205331073237591,0,"cortex_late","up","promoter",FALSE,1,0.0546040514026656,0.882693100775046,"HOXB7"
"MA1502.1","HOXB8",-0.0590566316172101,0,"cortex_late","up","promoter",FALSE,1,0.302957287113811,0.457526461585833,"HOXB8"
"MA1505.1","HOXC8",-0.225928402041435,0,"cortex_late","up","promoter",FALSE,1,0.259697434719194,0.338502265852407,"HOXC8"
"MA1506.1","HOXD10",-0.0731148952043039,0,"cortex_late","up","promoter",FALSE,1,0.250425744334608,0.521865736005921,"HOXD10"
"MA1509.1","IRF6",0.0531575183952988,0,"cortex_late","up","promoter",FALSE,1,-0.421448845583532,0.179310696495779,"IRF6"
"MA1512.1","KLF11",0.0146731079117615,0,"cortex_late","up","promoter",FALSE,1,0.568595440067086,0.160395225565707,"KLF11"
"MA1513.1","KLF15",-0.0460807214439409,0,"cortex_late","up","promoter",FALSE,1,-1.21191688966138,0.0504137175878336,"KLF15"
"MA1515.1","KLF2",-0.00262449738968229,0,"cortex_late","up","promoter",FALSE,1,1.09690384265259,0.011073244496898,"KLF2"
"MA1517.1","KLF6",-0.0771802403156059,0,"cortex_late","up","promoter",FALSE,1,0.858501826661747,0.0204023158607641,"KLF6"
"MA1518.1","LHX1",-0.101400782886806,0,"cortex_late","up","promoter",FALSE,1,-1.25961386257443,0.0336592304463987,"LHX1"
"MA1520.1","MAF",-0.467619730504977,0,"cortex_late","up","promoter",FALSE,1,-0.749296741488903,0.138596254609732,"MAF"
"MA1531.1","NR1D1",0.116133950488559,0,"cortex_late","up","promoter",FALSE,1,-0.952908464115697,0.0206843365698509,"NR1D1"
"MA1535.1","NR2C1",-0.146254790255433,0,"cortex_late","up","promoter",FALSE,1,0.0513481072925432,0.848764100034936,"NR2C1"
"MA1541.1","NR6A1",-0.18757542485626,0,"cortex_late","up","promoter",FALSE,1,-0.228536655670166,0.220257902756409,"NR6A1"
"MA1542.1","OSR1",-0.0903781193757069,0,"cortex_late","up","promoter",FALSE,1,-0.283917499412603,0.593222395826596,"OSR1"
"MA1544.1","OVOL1",0.0232048555735886,0,"cortex_late","up","promoter",FALSE,1,-0.499407127232584,0.324682019675354,"OVOL1"
"MA1545.1","OVOL2",-0.0346149226988519,0,"cortex_late","up","promoter",FALSE,1,-0.937384980994091,0.163092803632322,"OVOL2"
"MA1547.1","PITX2",0.12919298177364,0,"cortex_late","up","promoter",FALSE,1,-0.887872832656273,0.104140563403556,"PITX2"
"MA1548.1","PLAGL2",-0.0071873378667604,0,"cortex_late","up","promoter",FALSE,1,0.00148680787333522,0.992684284962528,"PLAGL2"
"MA1550.1","PPARD",-0.672093221442746,0,"cortex_late","up","promoter",FALSE,1,0.608619133164281,0.0516790956070259,"PPARD"
"MA1554.1","RFX7",0.0461510821069568,0,"cortex_late","up","promoter",FALSE,1,0.00244834820523376,0.993120758035164,"RFX7"
"MA1558.1","SNAI1",-0.0580931561715552,0,"cortex_late","up","promoter",FALSE,1,1.08564336920093,0.0137953755692324,"SNAI1"
"MA1561.1","SOX12",0.126205942685454,0,"cortex_late","up","promoter",FALSE,1,-0.361349976612461,0.262467188837292,"SOX12"
"MA1563.1","SOX18",-0.641270931874622,0,"cortex_late","up","promoter",FALSE,1,0.00292157347417987,0.994506061237315,"SOX18"
"MA1567.1","TBX6",0.000868253007075381,0,"cortex_late","up","promoter",FALSE,1,-0.535548446437226,0.276636771493716,"TBX6"
"MA1573.1","THAP11",0.0769761544832974,0,"cortex_late","up","promoter",FALSE,1,-0.110290111666856,0.630704109734632,"THAP11"
"MA1574.1","THRB",-0.0528957314657594,0,"cortex_late","up","promoter",FALSE,1,-1.6658269470324,0.0099448486175386,"THRB"
"MA1581.1","ZBTB6",-0.0571879073523895,0,"cortex_late","up","promoter",FALSE,1,-0.184074101784175,0.643162161370863,"ZBTB6"
"MA1583.1","ZFP57",0.0166049843439513,0,"cortex_late","up","promoter",FALSE,1,-0.103947425277808,0.474366253525041,"ZFP57"
"MA1585.1","ZKSCAN1",-0.43238404918474,0,"cortex_late","up","promoter",FALSE,1,-0.186655574377817,0.415452988665755,"ZKSCAN1"
"MA1589.1","ZNF140",0.158976834446464,0,"cortex_late","up","promoter",FALSE,1,0.363278994076396,0.263827011539419,"ZNF140"
"MA1592.1","ZNF274",0.0688257377149952,0,"cortex_late","up","promoter",FALSE,1,0.398293994423678,0.148166086713876,"ZNF274"
"MA1594.1","ZNF382",-0.236037176103769,0,"cortex_late","up","promoter",FALSE,1,-0.0948771776808257,0.766102078741142,"ZNF382"
"MA1600.1","ZNF684",0.0662713714153709,0,"cortex_late","up","promoter",FALSE,1,0.24699524891876,0.36331335292729,"ZNF684"
"MA1601.1","ZNF75D",-0.174645695184756,0,"cortex_late","up","promoter",FALSE,1,-0.0343495463244183,0.819366268136413,"ZNF75D"
"MA1602.1","ZSCAN29",-0.215703684062778,0,"cortex_late","up","promoter",FALSE,1,-0.171044960347177,0.361383173126386,"ZSCAN29"
"MA0864.2","E2F2",-0.080886648146862,0,"cortex_late","up","promoter",FALSE,1,2.16310203768275,0.0266657347108946,"E2F2"
"MA0469.3","E2F3",0.0875913969294819,0,"cortex_late","up","promoter",FALSE,1,0.0639608022362301,0.86849553817273,"E2F3"
"MA0470.2","E2F4",-0.0858632714912027,0,"cortex_late","up","promoter",FALSE,1,0.268943575403831,0.186817082099646,"E2F4"
"MA0612.2","EMX1",0.185321376618004,0,"cortex_late","up","promoter",FALSE,1,-1.49587894973875,0.0146499492356548,"EMX1"
"MA0847.2","FOXD2",0.0377156094485498,0,"cortex_late","up","promoter",FALSE,1,-0.638139824644596,0.188673528040689,"FOXD2"
"MA0038.2","GFI1",0.0879540906054412,0,"cortex_late","up","promoter",FALSE,1,2.40048037565185,0.0212169709480674,"GFI1"
"MA0734.2","GLI2",-0.274705215762595,0,"cortex_late","up","promoter",FALSE,1,1.5218799508573,0.0166052938123415,"GLI2"
"MA0900.2","HOXA2",0.146342989341067,0,"cortex_late","up","promoter",FALSE,1,0.457069078698871,0.245528809764773,"HOXA2"
"MA0594.2","HOXA9",-0.0373121268643688,0,"cortex_late","up","promoter",FALSE,1,-0.207499195594185,0.336693854373909,"HOXA9"
"MA0910.2","HOXD8",-0.231890878615371,0,"cortex_late","up","promoter",FALSE,1,-0.247006857707948,0.459135421366113,"HOXD8"
"MA0703.2","LMX1B",-0.261835511851667,0,"cortex_late","up","promoter",FALSE,1,-1.84069961652843,0.0180418116823236,"LMX1B"
"MA0842.2","NRL",-0.328968357201221,0,"cortex_late","up","promoter",FALSE,1,-0.663213236069124,0.0389492960832284,"NRL"
"MA0075.3","PRRX2",-0.142866721917003,0,"cortex_late","up","promoter",FALSE,1,2.1194664143216,0.0196498713122675,"PRRX2"
"MA0746.2","SP3",-0.048686767543856,0,"cortex_late","up","promoter",FALSE,1,0.109857962317119,0.548861568587062,"SP3"
"MA0871.2","TFEC",0.0795430039195715,0,"cortex_late","up","promoter",FALSE,1,-1.14927017579855,0.0819612126195886,"TFEC"
"MA0753.2","ZNF740",-0.00524081247975339,0,"cortex_late","up","promoter",FALSE,1,0.140793219266418,0.383650068966542,"ZNF740"
"MA1644.1","NFYC",0.0549186271439144,0,"cortex_late","up","promoter",FALSE,1,-0.405333178581786,0.0356282910709909,"NFYC"
"MA1651.1","ZFP42",-0.089155904215664,0,"cortex_late","up","promoter",FALSE,1,0.590383423050386,0.229993067100302,"ZFP42"
"MA1654.1","ZNF16",-0.0359475116421892,0,"cortex_late","up","promoter",FALSE,1,0.0361068081639608,0.858138167792166,"ZNF16"
"MA1655.1","ZNF341",-0.0468008116796632,0,"cortex_late","up","promoter",FALSE,1,-0.0568824868307107,0.802263160430005,"ZNF341"
"MA1656.1","ZNF449",0.00713390322578888,0,"cortex_late","up","promoter",FALSE,1,0.295598152723616,0.409591317759226,"ZNF449"
"MA1657.1","ZNF652",-0.0522720482653423,0,"cortex_late","up","promoter",FALSE,1,-0.223573800710028,0.291824000832322,"ZNF652"
"MA0833.2","ATF4",0.0378052082936686,0,"cortex_late","up","promoter",FALSE,1,0.554828797699761,0.0497667357402476,"ATF4"
"MA0102.4","CEBPA",0.0636852456614561,0,"cortex_late","up","promoter",FALSE,1,-0.0534580467573815,0.902953038803753,"CEBPA"
"MA0836.2","CEBPD",-0.21280450135738,0,"cortex_late","up","promoter",FALSE,1,1.44345369263554,0.00638640839435599,"CEBPD"
"MA0471.2","E2F6",-0.0305984075280143,0,"cortex_late","up","promoter",FALSE,1,0.242438800757994,0.097624693395725,"E2F6"
"MA0162.4","EGR1",0.0113762936091604,0,"cortex_late","up","promoter",FALSE,1,0.993488240979284,0.175778955921886,"EGR1"
"MA0592.3","ESRRA",-0.0436801805861338,0,"cortex_late","up","promoter",FALSE,1,-0.616565060989549,0.0889287925938677,"ESRRA"
"MA0765.2","ETV5",-0.0262929127022842,0,"cortex_late","up","promoter",FALSE,1,-0.646748228578178,0.276180209783554,"ETV5"
"MA1103.2","FOXK2",-0.0813720308276906,0,"cortex_late","up","promoter",FALSE,1,-0.354193883277111,0.0412444543084018,"FOXK2"
"MA0481.3","FOXP1",-0.107586805499507,0,"cortex_late","up","promoter",FALSE,1,0.0808789329271917,0.774532961151454,"FOXP1"
"MA0482.2","GATA4",0.106091477603312,0,"cortex_late","up","promoter",FALSE,1,-0.504200287194804,0.711362867217369,"GATA4"
"MA1104.2","GATA6",0.111470162012373,0,"cortex_late","up","promoter",FALSE,1,1.18590412577478,0.0411088110400008,"GATA6"
"MA1105.2","GRHL2",-0.113404928144552,0,"cortex_late","up","promoter",FALSE,1,0.210334170305685,0.455926607530173,"GRHL2"
"MA0043.3","HLF",-0.00414644875365067,0,"cortex_late","up","promoter",FALSE,1,-1.25933301879321,0.0342637808381269,"HLF"
"MA0114.4","HNF4A",0.0648312363030437,0,"cortex_late","up","promoter",FALSE,1,-1.25980610586777,0.0892649856453942,"HNF4A"
"MA0484.2","HNF4G",0.0705943723853153,0,"cortex_late","up","promoter",FALSE,1,-1.67052276942475,0.0161564174664684,"HNF4G"
"MA1107.2","KLF9",-0.0308734442115934,0,"cortex_late","up","promoter",FALSE,1,-0.197012528931298,0.780229556932,"KLF9"
"MA0495.3","MAFF",-0.369599615376218,0,"cortex_late","up","promoter",FALSE,1,1.19899802643827,0.0273036282512805,"MAFF"
"MA0659.2","MAFG",-0.306618497439749,0,"cortex_late","up","promoter",FALSE,1,0.110727696998016,0.540526967059497,"MAFG"
"MA0496.3","MAFK",-0.109010461793782,0,"cortex_late","up","promoter",FALSE,1,-0.0592938378199301,0.820849080597603,"MAFK"
"MA0620.3","MITF",-0.171825999391213,0,"cortex_late","up","promoter",FALSE,1,-0.421950461520824,0.084258042308899,"MITF"
"MA1108.2","MXI1",-0.00395512098563611,0,"cortex_late","up","promoter",FALSE,1,-0.8408892143695,0.0324376444095301,"MXI1"
"MA0056.2","MZF1",-0.0478448978798554,0,"cortex_late","up","promoter",FALSE,1,0.230232641685022,0.258638089854901,"MZF1"
"MA0089.2","NFE2L1",-0.722715559462762,0,"cortex_late","up","promoter",FALSE,1,0.39550938680892,0.0167434207201977,"NFE2L1"
"MA0025.2","NFIL3",-0.0542043889165926,0,"cortex_late","up","promoter",FALSE,1,0.216310606034646,0.452315044303837,"NFIL3"
"MA0502.2","NFYB",-0.0921444182367468,0,"cortex_late","up","promoter",FALSE,1,0.0535703405217713,0.791034907841889,"NFYB"
"MA1112.2","NR4A1",-0.299358954986799,0,"cortex_late","up","promoter",FALSE,1,-0.877932818285481,0.295695214214979,"NR4A1"
"MA0679.2","ONECUT1",0.151370967616672,0,"cortex_late","up","promoter",FALSE,1,-0.305681157401709,0.79726462709597,"ONECUT1"
"MA1113.2","PBX2",-0.153238924885253,0,"cortex_late","up","promoter",FALSE,1,-0.0716879256131486,0.592499892421122,"PBX2"
"MA0508.3","PRDM1",-0.0485543455626223,0,"cortex_late","up","promoter",FALSE,1,0.851380000503385,0.102516486577911,"PRDM1"
"MA0509.2","RFX1",-0.0787312624009786,0,"cortex_late","up","promoter",FALSE,1,-0.0862975991716723,0.767027162375109,"RFX1"
"MA0798.2","RFX3",-0.075813125086686,0,"cortex_late","up","promoter",FALSE,1,-0.369887629903715,0.0899832485099614,"RFX3"
"MA0745.2","SNAI2",-0.206251652761722,0,"cortex_late","up","promoter",FALSE,1,0.643499167235776,0.093934214104676,"SNAI2"
"MA0522.3","TCF3",-0.0515391807240082,0,"cortex_late","up","promoter",FALSE,1,0.557824702012325,0.164946685394945,"TCF3"
"MA0830.2","TCF4",-0.0598951919909112,0,"cortex_late","up","promoter",FALSE,1,0.230313803831776,0.515529818856741,"TCF4"
"MA0769.2","TCF7",0.103911267579134,0,"cortex_late","up","promoter",FALSE,1,0.671607301980921,0.406633927331149,"TCF7"
"MA0090.3","TEAD1",-0.0838268350692504,0,"cortex_late","up","promoter",FALSE,1,0.021731518988295,0.95950778813433,"TEAD1"
"MA0809.2","TEAD4",-0.0822520045057624,0,"cortex_late","up","promoter",FALSE,1,0.94200136013122,0.0116730618613006,"TEAD4"
"MA0003.4","TFAP2A",-0.0736000848116092,0,"cortex_late","up","promoter",FALSE,1,0.136494272440522,0.671569041798904,"TFAP2A"
"MA0093.3","USF1",-0.0795505838848571,0,"cortex_late","up","promoter",FALSE,1,0.205963435892328,0.466491178494197,"USF1"
"MA0526.3","USF2",-0.0689242996683834,0,"cortex_late","up","promoter",FALSE,1,-0.254954552846203,0.144650105291358,"USF2"
"MA0528.2","ZNF263",-0.0575506850359311,0,"cortex_late","up","promoter",FALSE,1,0.297947962619334,0.149510985786169,"ZNF263"
"MA0139.1","CTCF",0.208208457407673,0.0218165152963686,"cortex_late","up","enhancer",FALSE,0.951006498713278,-0.173609257308518,0.232497739386449,"CTCF"
"MA0163.1","PLAG1",0.248543084263161,0.0218165152963686,"cortex_late","up","enhancer",FALSE,0.951006498713278,-0.659814240566227,0.0330035180216781,"PLAG1"
"MA0476.1","FOS",0.239654449749324,0.0218165152963686,"cortex_late","up","enhancer",FALSE,0.951006498713278,0.0732688759655913,0.949948116968932,"FOS"
"MA0665.1","MSC",0.358000636852462,0.0218165152963686,"cortex_late","up","enhancer",FALSE,0.951006498713278,2.83767986683434,0.0379757731696713,"MSC"
"MA0691.1","TFAP4",0.290753451548568,0.0218165152963686,"cortex_late","up","enhancer",FALSE,0.951006498713278,0.234059751067489,0.491775768024472,"TFAP4"
"MA0141.3","ESRRB",0.307870184400441,0.0218165152963686,"cortex_late","up","enhancer",FALSE,0.951006498713278,-1.23719169277586,0.0538021583252273,"ESRRB"
"MA0088.2","ZNF143",0.56529943461946,0.0218165152963686,"cortex_late","up","enhancer",FALSE,0.951006498713278,0.113175542531204,0.423980285045556,"ZNF143"
"MA0794.1","PROX1",0.647434707045791,0.0218165152963686,"cortex_late","up","enhancer",FALSE,0.951006498713278,-0.535703323737026,0.215777185403021,"PROX1"
"MA0804.1","TBX19",0.553716420340591,0.0218165152963686,"cortex_late","up","enhancer",FALSE,0.951006498713278,-0.100633503188082,0.78140790859454,"TBX19"
"MA0863.1","MTF1",0.474231468344697,0.0218165152963686,"cortex_late","up","enhancer",FALSE,0.951006498713278,-0.23168631262967,0.250223375849655,"MTF1"
"MA0908.1","HOXD11",0.292212135254983,0.0218165152963686,"cortex_late","up","enhancer",FALSE,0.951006498713278,0.530842005471124,0.28573497441396,"HOXD11"
"MA0014.3","PAX5",0.306748775418454,0.0218165152963686,"cortex_late","up","enhancer",FALSE,0.951006498713278,3.04953545833408,0.0676302692915357,"PAX5"
"MA1114.1","PBX3",0.219981617057558,0.0218165152963686,"cortex_late","up","enhancer",FALSE,0.951006498713278,0.368727398392041,0.317576972386,"PBX3"
"MA0037.3","GATA3",0.324772945093663,0.0218165152963686,"cortex_late","up","enhancer",FALSE,0.951006498713278,-0.016450652305716,0.957898617959031,"GATA3"
"MA0099.3","FOS::JUN",0.266697915820045,0.0218165152963686,"cortex_late","up","enhancer",FALSE,0.951006498713278,0.234618959475633,0.479714656230028,"JUN"
"MA1130.1","FOSL2::JUN",0.256194928818285,0.0218165152963686,"cortex_late","up","enhancer",FALSE,0.951006498713278,1.02846159986398,0.00413734877776558,"FOSL2"
"MA1132.1","JUN::JUNB",0.249867419172001,0.0218165152963686,"cortex_late","up","enhancer",FALSE,0.951006498713278,0.987021576512366,0.0505275527139367,"JUNB"
"MA1134.1","FOS::JUNB",0.280266817242475,0.0218165152963686,"cortex_late","up","enhancer",FALSE,0.951006498713278,0.987021576512366,0.0505275527139367,"JUNB"
"MA1135.1","FOSB::JUNB",0.282800119138481,0.0218165152963686,"cortex_late","up","enhancer",FALSE,0.951006498713278,0.987021576512366,0.0505275527139367,"JUNB"
"MA1138.1","FOSL2::JUNB",0.274304266142032,0.0218165152963686,"cortex_late","up","enhancer",FALSE,0.951006498713278,1.02846159986398,0.00413734877776558,"FOSL2"
"MA1141.1","FOS::JUND",0.352262023995335,0.0218165152963686,"cortex_late","up","enhancer",FALSE,0.951006498713278,0.176041424308677,0.44988657898698,"JUND"
"MA1142.1","FOSL1::JUND",0.284199284190353,0.0218165152963686,"cortex_late","up","enhancer",FALSE,0.951006498713278,2.10935552338616,0.016545053702966,"FOSL1"
"MA1144.1","FOSL2::JUND",0.274237420818191,0.0218165152963686,"cortex_late","up","enhancer",FALSE,0.951006498713278,1.02846159986398,0.00413734877776558,"FOSL2"
"MA1147.1","NR4A2::RXRA",0.299194761019671,0.0218165152963686,"cortex_late","up","enhancer",FALSE,0.951006498713278,-0.35170414551812,0.0446090522371796,"RXRA"
"MA1503.1","HOXB9",0.383337720825248,0.0218165152963686,"cortex_late","up","enhancer",FALSE,0.951006498713278,0.139019574035474,0.798438427624629,"HOXB9"
"MA1516.1","KLF3",0.187002314703793,0.0218165152963686,"cortex_late","up","enhancer",FALSE,0.951006498713278,0.259184857475672,0.16630168309976,"KLF3"
"MA1517.1","KLF6",0.121506109408591,0.0218165152963686,"cortex_late","up","enhancer",FALSE,0.951006498713278,0.858501826661747,0.0204023158607641,"KLF6"
"MA1541.1","NR6A1",0.254604501735639,0.0218165152963686,"cortex_late","up","enhancer",FALSE,0.951006498713278,-0.228536655670166,0.220257902756409,"NR6A1"
"MA1554.1","RFX7",0.293249120978825,0.0218165152963686,"cortex_late","up","enhancer",FALSE,0.951006498713278,0.00244834820523376,0.993120758035164,"RFX7"
"MA0462.2","BATF::JUN",0.241880834998255,0.0218165152963686,"cortex_late","up","enhancer",FALSE,0.951006498713278,1.56394663954186,0.0618399334525825,"BATF"
"MA0766.2","GATA5",0.387410378027515,0.0218165152963686,"cortex_late","up","enhancer",FALSE,0.951006498713278,-0.858321146014657,0.090824984476688,"GATA5"
"MA0594.2","HOXA9",0.620063943444922,0.0218165152963686,"cortex_late","up","enhancer",FALSE,0.951006498713278,-0.207499195594185,0.336693854373909,"HOXA9"
"MA0485.2","HOXC9",0.450188251198381,0.0218165152963686,"cortex_late","up","enhancer",FALSE,0.951006498713278,0.0106923027358348,0.973223681010187,"HOXC9"
"MA0913.2","HOXD9",0.229937466161773,0.0218165152963686,"cortex_late","up","enhancer",FALSE,0.951006498713278,-0.220051670664814,0.432420314672991,"HOXD9"
"MA0842.2","NRL",0.337983292358767,0.0218165152963686,"cortex_late","up","enhancer",FALSE,0.951006498713278,-0.663213236069124,0.0389492960832284,"NRL"
"MA1654.1","ZNF16",0.398956903223371,0.0218165152963686,"cortex_late","up","enhancer",FALSE,0.951006498713278,0.0361068081639608,0.858138167792166,"ZNF16"
"MA0836.2","CEBPD",0.315313711170098,0.0218165152963686,"cortex_late","up","enhancer",FALSE,0.951006498713278,1.44345369263554,0.00638640839435599,"CEBPD"
"MA0592.3","ESRRA",0.210341313142543,0.0218165152963686,"cortex_late","up","enhancer",FALSE,0.951006498713278,-0.616565060989549,0.0889287925938677,"ESRRA"
"MA0477.2","FOSL1",0.296274783011716,0.0218165152963686,"cortex_late","up","enhancer",FALSE,0.951006498713278,2.10935552338616,0.016545053702966,"FOSL1"
"MA0482.2","GATA4",0.311235848368415,0.0218165152963686,"cortex_late","up","enhancer",FALSE,0.951006498713278,-0.504200287194804,0.711362867217369,"GATA4"
"MA1107.2","KLF9",0.109118873705498,0.0218165152963686,"cortex_late","up","enhancer",FALSE,0.951006498713278,-0.197012528931298,0.780229556932,"KLF9"
"MA0025.2","NFIL3",0.290863973020529,0.0218165152963686,"cortex_late","up","enhancer",FALSE,0.951006498713278,0.216310606034646,0.452315044303837,"NFIL3"
"MA0080.5","SPI1",0.13514276598184,0.0218165152963686,"cortex_late","up","enhancer",FALSE,0.951006498713278,2.08688724918781,0.0277096386312101,"SPI1"
"MA1123.2","TWIST1",0.158958899315591,0.0218165152963686,"cortex_late","up","enhancer",FALSE,0.951006498713278,-0.827018017422278,0.0586081214958713,"TWIST1"
"MA0030.1","FOXF2",0.0607840875280754,0,"cortex_late","up","enhancer",FALSE,1,1.97874974844741,0.0164160764157412,"FOXF2"
"MA0031.1","FOXD1",-0.0379927314691804,0,"cortex_late","up","enhancer",FALSE,1,0.723275246426268,0.11360860257452,"FOXD1"
"MA0051.1","IRF2",-0.103949991991944,0,"cortex_late","up","enhancer",FALSE,1,0.0874187242730144,0.522403921571679,"IRF2"
"MA0059.1","MAX::MYC",0.0441622834398103,0,"cortex_late","up","enhancer",FALSE,1,1.59019081752968,0.00294986225410836,"MYC"
"MA0066.1","PPARG",0.159058064196444,0,"cortex_late","up","enhancer",FALSE,1,0.00149969125401683,0.997290578342321,"PPARG"
"MA0070.1","PBX1",-0.158748890163543,0,"cortex_late","up","enhancer",FALSE,1,0.0480557333630021,0.861020911821847,"PBX1"
"MA0071.1","RORA",-0.0351093655017367,0,"cortex_late","up","enhancer",FALSE,1,-0.386721146891125,0.400755729885775,"RORA"
"MA0073.1","RREB1",-0.00193757088360513,0,"cortex_late","up","enhancer",FALSE,1,-0.267612957653856,0.368219135542279,"RREB1"
"MA0074.1","RXRA::VDR",0.00277158062706295,0,"cortex_late","up","enhancer",FALSE,1,-0.35170414551812,0.0446090522371796,"RXRA"
"MA0077.1","SOX9",-0.0288874738280223,0,"cortex_late","up","enhancer",FALSE,1,2.58056679197372,0.00543504740369628,"SOX9"
"MA0091.1","TAL1::TCF3",0.164268469466309,0,"cortex_late","up","enhancer",FALSE,1,0.557824702012325,0.164946685394945,"TCF3"
"MA0101.1","REL",0.0774886902410072,0,"cortex_late","up","enhancer",FALSE,1,0.551292490640919,0.272342374321645,"REL"
"MA0107.1","RELA",0.18919814986878,0,"cortex_late","up","enhancer",FALSE,1,0.479175835146296,0.0389355204112652,"RELA"
"MA0115.1","NR1H2::RXRA",0.252150904611042,0,"cortex_late","up","enhancer",FALSE,1,-0.35170414551812,0.0446090522371796,"RXRA"
"MA0119.1","NFIC::TLX1",-0.282305803112616,0,"cortex_late","up","enhancer",FALSE,1,0.0479395657695862,0.821202623198197,"NFIC"
"MA0138.2","REST",0.0599337575634102,0,"cortex_late","up","enhancer",FALSE,1,0.0571722519401625,0.849285039157882,"REST"
"MA0152.1","NFATC2",-0.024780081775293,0,"cortex_late","up","enhancer",FALSE,1,0.460547363681982,0.29695714802985,"NFATC2"
"MA0159.1","RARA::RXRA",-0.157263416118782,0,"cortex_late","up","enhancer",FALSE,1,-0.35170414551812,0.0446090522371796,"RXRA"
"MA0160.1","NR4A2",0.105458336372406,0,"cortex_late","up","enhancer",FALSE,1,-0.099963853280352,0.860557992521686,"NR4A2"
"MA0259.1","ARNT::HIF1A",-0.0981908215909657,0,"cortex_late","up","enhancer",FALSE,1,1.14093533925004,0.00389864211258081,"HIF1A"
"MA0478.1","FOSL2",-0.0625740075408618,0,"cortex_late","up","enhancer",FALSE,1,1.02846159986398,0.00413734877776558,"FOSL2"
"MA0488.1","JUN",-0.01874712822163,0,"cortex_late","up","enhancer",FALSE,1,0.234618959475633,0.479714656230028,"JUN"
"MA0497.1","MEF2C",-0.0825395874318842,0,"cortex_late","up","enhancer",FALSE,1,0.319820453201881,0.430764311998789,"MEF2C"
"MA0501.1","MAF::NFE2",0.0364909312641997,0,"cortex_late","up","enhancer",FALSE,1,-0.749296741488903,0.138596254609732,"MAF"
"MA0504.1","NR2C2",-0.17941918222534,0,"cortex_late","up","enhancer",FALSE,1,0.0261954527076078,0.894017430809098,"NR2C2"
"MA0506.1","NRF1",-0.268369242081462,0,"cortex_late","up","enhancer",FALSE,1,0.159318075994392,0.438612794523248,"NRF1"
"MA0507.1","POU2F2",-0.114647669590978,0,"cortex_late","up","enhancer",FALSE,1,2.79185820405312,0.0298145721105701,"POU2F2"
"MA0513.1","SMAD2::SMAD3::SMAD4",-0.0118068938239961,0,"cortex_late","up","enhancer",FALSE,1,0.0888215081793708,0.531558295838665,"SMAD2"
"MA0517.1","STAT1::STAT2",0.0975814519954303,0,"cortex_late","up","enhancer",FALSE,1,0.603573978204228,0.0811251148209067,"STAT1"
"MA0523.1","TCF7L2",0.00991664101085998,0,"cortex_late","up","enhancer",FALSE,1,0.00238143260191759,0.989583890092099,"TCF7L2"
"MA0527.1","ZBTB33",-0.115353150487101,0,"cortex_late","up","enhancer",FALSE,1,0.130491570655312,0.645490492018604,"ZBTB33"
"MA0076.2","ELK4",0.00543379165423996,0,"cortex_late","up","enhancer",FALSE,1,0.113728816705128,0.724685215620708,"ELK4"
"MA0050.2","IRF1",-0.0928168537322431,0,"cortex_late","up","enhancer",FALSE,1,1.40089257237319,0.0329814929460361,"IRF1"
"MA0137.3","STAT1",0.0747694557715111,0,"cortex_late","up","enhancer",FALSE,1,0.603573978204228,0.0811251148209067,"STAT1"
"MA0144.2","STAT3",-0.00830889436727045,0,"cortex_late","up","enhancer",FALSE,1,0.99721539206208,0.00260121202556568,"STAT3"
"MA0140.2","GATA1::TAL1",-0.418097534667872,0,"cortex_late","up","enhancer",FALSE,1,0.238086368779233,0.590072504281107,"TAL1"
"MA0095.2","YY1",0.117728775478312,0,"cortex_late","up","enhancer",FALSE,1,-0.0384036864583219,0.761721173984392,"YY1"
"MA0593.1","FOXP2",-0.0104607772128977,0,"cortex_late","up","enhancer",FALSE,1,-0.0870864022130844,0.894221743407541,"FOXP2"
"MA0595.1","SREBF1",0.135572823079251,0,"cortex_late","up","enhancer",FALSE,1,0.360771361816368,0.639549160156198,"SREBF1"
"MA0596.1","SREBF2",0.0503361129775444,0,"cortex_late","up","enhancer",FALSE,1,0.11974876308076,0.693522766072638,"SREBF2"
"MA0597.1","THAP1",-0.14155065459403,0,"cortex_late","up","enhancer",FALSE,1,-0.393221135299563,0.113535365474224,"THAP1"
"MA0599.1","KLF5",-0.0209194306735299,0,"cortex_late","up","enhancer",FALSE,1,0.646858846811948,0.218190362765962,"KLF5"
"MA0610.1","DMRT3",-0.151921748480202,0,"cortex_late","up","enhancer",FALSE,1,-0.104872810567713,0.949948116968932,"DMRT3"
"MA0625.1","NFATC3",0.135610014883399,0,"cortex_late","up","enhancer",FALSE,1,-0.00494304575414795,0.976852407429291,"NFATC3"
"MA0628.1","POU6F1",0.00700880899220024,0,"cortex_late","up","enhancer",FALSE,1,0.361985665472876,0.176889171398798,"POU6F1"
"MA0636.1","BHLHE41",-0.00160000978703412,0,"cortex_late","up","enhancer",FALSE,1,0.140487032426744,0.654500510174604,"BHLHE41"
"MA0637.1","CENPB",-0.288433248015879,0,"cortex_late","up","enhancer",FALSE,1,0.259625818160133,0.163432874701111,"CENPB"
"MA0638.1","CREB3",0.0726953150209262,0,"cortex_late","up","enhancer",FALSE,1,-0.0312938897977935,0.859846071925377,"CREB3"
"MA0641.1","ELF4",-0.522638080388657,0,"cortex_late","up","enhancer",FALSE,1,1.1869546001238,0.0558249946846822,"ELF4"
"MA0136.2","ELF5",-0.0510386078527834,0,"cortex_late","up","enhancer",FALSE,1,-1.72323832595498,0.0121229004048676,"ELF5"
"MA0645.1","ETV6",0.0895534326917815,0,"cortex_late","up","enhancer",FALSE,1,0.0314945665117898,0.815104280096964,"ETV6"
"MA0475.2","FLI1",0.141370162214566,0,"cortex_late","up","enhancer",FALSE,1,0.304643589387498,0.455546018981208,"FLI1"
"MA0042.2","FOXI1",0.139100802212495,0,"cortex_late","up","enhancer",FALSE,1,-1.39593847266708,0.0144730671977558,"FOXI1"
"MA0033.2","FOXL1",-0.134501770476879,0,"cortex_late","up","enhancer",FALSE,1,1.19314167894993,0.0287646425821827,"FOXL1"
"MA0157.2","FOXO3",-0.114092217613667,0,"cortex_late","up","enhancer",FALSE,1,0.371826551772787,0.0854041186239956,"FOXO3"
"MA0646.1","GCM1",0.0295603128919053,0,"cortex_late","up","enhancer",FALSE,1,-1.55196553705747,0.0936892960361109,"GCM1"
"MA0649.1","HEY2",-0.21091120835268,0,"cortex_late","up","enhancer",FALSE,1,-0.408026083806639,0.434808319004231,"HEY2"
"MA0131.2","HINFP",0.0886196414792524,0,"cortex_late","up","enhancer",FALSE,1,-0.0669551288115535,0.763974922779228,"HINFP"
"MA0046.2","HNF1A",0.205882121243052,0,"cortex_late","up","enhancer",FALSE,1,-1.15752951398589,0.0389492960832284,"HNF1A"
"MA0153.2","HNF1B",0.176950307330513,0,"cortex_late","up","enhancer",FALSE,1,-0.309838678344864,0.211547891735755,"HNF1B"
"MA0651.1","HOXC11",0.195018456150809,0,"cortex_late","up","enhancer",FALSE,1,1.20723958040601,0.0785745237161324,"HOXC11"
"MA0486.2","HSF1",-0.19579007629647,0,"cortex_late","up","enhancer",FALSE,1,-0.062417242231966,0.758576041569429,"HSF1"
"MA0652.1","IRF8",-0.237049782257271,0,"cortex_late","up","enhancer",FALSE,1,1.99775348829634,0.0266397809229116,"IRF8"
"MA0653.1","IRF9",-0.161245923732362,0,"cortex_late","up","enhancer",FALSE,1,1.02733372798073,0.0210231643759869,"IRF9"
"MA0655.1","JDP2",0.113700536404482,0,"cortex_late","up","enhancer",FALSE,1,0.981298186715939,0.0268722362635841,"JDP2"
"MA0657.1","KLF13",0.222369651293046,0,"cortex_late","up","enhancer",FALSE,1,0.367136760476838,0.159526324161599,"KLF13"
"MA0658.1","LHX6",0.0821146912497346,0,"cortex_late","up","enhancer",FALSE,1,0.828230214780972,0.0640017841565306,"LHX6"
"MA0660.1","MEF2B",0.363394752329106,0,"cortex_late","up","enhancer",FALSE,1,0.49074170369681,0.461384502314738,"MEF2B"
"MA0663.1","MLX",0.06281944607142,0,"cortex_late","up","enhancer",FALSE,1,-0.209666092229397,0.228050685352637,"MLX"
"MA0664.1","MLXIPL",0.0119206328739061,0,"cortex_late","up","enhancer",FALSE,1,0.0995975625288743,0.878548857744067,"MLXIPL"
"MA0666.1","MSX1",-0.020619399553329,0,"cortex_late","up","enhancer",FALSE,1,0.1174666850007,0.798678021225016,"MSX1"
"MA0670.1","NFIA",-0.0837987951605967,0,"cortex_late","up","enhancer",FALSE,1,-0.0446118130960471,0.836965216075202,"NFIA"
"MA0671.1","NFIX",-0.0856123322897062,0,"cortex_late","up","enhancer",FALSE,1,0.920894700338016,0.0385768678852775,"NFIX"
"MA0685.1","SP4",-0.308120573252087,0,"cortex_late","up","enhancer",FALSE,1,-0.00306346589752327,0.992850300357811,"SP4"
"MA0083.3","SRF",0.141746263553024,0,"cortex_late","up","enhancer",FALSE,1,0.394956455418964,0.0605773048600956,"SRF"
"MA0688.1","TBX2",-0.00289968352066516,0,"cortex_late","up","enhancer",FALSE,1,-0.112455451316849,0.617110319099526,"TBX2"
"MA0690.1","TBX21",-0.126057854573433,0,"cortex_late","up","enhancer",FALSE,1,1.66514802825355,0.109119064224061,"TBX21"
"MA0145.3","TFCP2",-0.300984060675608,0,"cortex_late","up","enhancer",FALSE,1,-0.270521960607984,0.0228630004160411,"TFCP2"
"MA0692.1","TFEB",-0.107245790764309,0,"cortex_late","up","enhancer",FALSE,1,0.572683458959158,0.0619450276272282,"TFEB"
"MA0694.1","ZBTB7B",0.129162337214042,0,"cortex_late","up","enhancer",FALSE,1,0.154685075131229,0.690580599688603,"ZBTB7B"
"MA0695.1","ZBTB7C",0.139142214451125,0,"cortex_late","up","enhancer",FALSE,1,1.04476026260957,0.0771797048903576,"ZBTB7C"
"MA0698.1","ZBTB18",0.0612511780049552,0,"cortex_late","up","enhancer",FALSE,1,0.0253122254804037,0.90288689740565,"ZBTB18"
"MA0716.1","PRRX1",0.0151147012018473,0,"cortex_late","up","enhancer",FALSE,1,0.88704444168176,0.0474606382941013,"PRRX1"
"MA0722.1","VAX1",0.166144106488327,0,"cortex_late","up","enhancer",FALSE,1,0.305881850899317,0.833767807084669,"VAX1"
"MA0112.3","ESR1",-0.266442337048702,0,"cortex_late","up","enhancer",FALSE,1,-0.581637538909517,0.109639714071584,"ESR1"
"MA0017.2","NR2F1",-0.112934825328999,0,"cortex_late","up","enhancer",FALSE,1,0.714106291964725,0.214361008768726,"NR2F1"
"MA0113.3","NR3C1",0.330403982036863,0,"cortex_late","up","enhancer",FALSE,1,-0.491753358006394,0.0187363952170916,"NR3C1"
"MA0727.1","NR3C2",0.148292416505267,0,"cortex_late","up","enhancer",FALSE,1,-0.925132488823745,0.014437160475709,"NR3C2"
"MA0729.1","RARA",-0.235148227799127,0,"cortex_late","up","enhancer",FALSE,1,0.149275406051572,0.583960222172284,"RARA"
"MA0731.1","BCL6B",0.111106987395353,0,"cortex_late","up","enhancer",FALSE,1,-0.139201728444065,0.744055703664974,"BCL6B"
"MA0472.2","EGR2",-0.104931853869073,0,"cortex_late","up","enhancer",FALSE,1,2.9557831683514,0.00543504740369628,"EGR2"
"MA0732.1","EGR3",-0.382476495437289,0,"cortex_late","up","enhancer",FALSE,1,2.17378427667236,0.0167434207201977,"EGR3"
"MA0735.1","GLIS1",0.169925001442312,0,"cortex_late","up","enhancer",FALSE,1,-0.82767331385964,0.0654662802053464,"GLIS1"
"MA0736.1","GLIS2",-0.241489660636725,0,"cortex_late","up","enhancer",FALSE,1,-0.452732814220206,0.0815971532049507,"GLIS2"
"MA0737.1","GLIS3",-0.296821981153649,0,"cortex_late","up","enhancer",FALSE,1,0.230399755239139,0.479346309730214,"GLIS3"
"MA0738.1","HIC2",-0.039790730170715,0,"cortex_late","up","enhancer",FALSE,1,0.184385615616127,0.351399587318816,"HIC2"
"MA0741.1","KLF16",-0.0453749521638542,0,"cortex_late","up","enhancer",FALSE,1,0.647264389062577,0.062253570183691,"KLF16"
"MA0749.1","ZBED1",-0.24218573704583,0,"cortex_late","up","enhancer",FALSE,1,0.468161300168552,0.0641749323048502,"ZBED1"
"MA0752.1","ZNF410",0.0487809621241078,0,"cortex_late","up","enhancer",FALSE,1,-0.409264896913698,0.0099448486175386,"ZNF410"
"MA0754.1","CUX1",0.149592272227436,0,"cortex_late","up","enhancer",FALSE,1,-0.639871530568587,0.0298145721105701,"CUX1"
"MA0759.1","ELK3",-0.100855858040535,0,"cortex_late","up","enhancer",FALSE,1,0.330708801440769,0.2398630905309,"ELK3"
"MA0760.1","ERF",-0.105460316579008,0,"cortex_late","up","enhancer",FALSE,1,-0.242743286574139,0.292841591307765,"ERF"
"MA0474.2","ERG",0.107752514264261,0,"cortex_late","up","enhancer",FALSE,1,-0.0873122960994186,0.805953037975104,"ERG"
"MA0098.3","ETS1",0.0194486555495592,0,"cortex_late","up","enhancer",FALSE,1,0.104463415808721,0.772417938339684,"ETS1"
"MA0762.1","ETV2",0.0808264163140944,0,"cortex_late","up","enhancer",FALSE,1,0.566219601725347,0.363934910142764,"ETV2"
"MA0763.1","ETV3",-0.0223650391964787,0,"cortex_late","up","enhancer",FALSE,1,0.177937865999423,0.210212448262891,"ETV3"
"MA0768.1","LEF1",-0.224959408196259,0,"cortex_late","up","enhancer",FALSE,1,1.90249484679824,0.0180652427067034,"LEF1"
"MA0770.1","HSF2",-0.383404876544046,0,"cortex_late","up","enhancer",FALSE,1,0.0583290477005285,0.724065621695407,"HSF2"
"MA0771.1","HSF4",-0.0982822388341855,0,"cortex_late","up","enhancer",FALSE,1,1.05728511176318,0.0480884855409424,"HSF4"
"MA0772.1","IRF7",0.155451803212987,0,"cortex_late","up","enhancer",FALSE,1,0.7856033099439,0.132250162995758,"IRF7"
"MA0773.1","MEF2D",0.381243486129113,0,"cortex_late","up","enhancer",FALSE,1,0.277264857858333,0.129101237872296,"MEF2D"
"MA0498.2","MEIS1",0.0819081039811245,0,"cortex_late","up","enhancer",FALSE,1,0.664042397654292,0.158880222962715,"MEIS1"
"MA0774.1","MEIS2",-0.171321717771456,0,"cortex_late","up","enhancer",FALSE,1,0.00240920939135059,0.995459109912767,"MEIS2"
"MA0775.1","MEIS3",-0.102494285532318,0,"cortex_late","up","enhancer",FALSE,1,1.1314026229715,0.0600622512986775,"MEIS3"
"MA0776.1","MYBL1",-0.321849333048031,0,"cortex_late","up","enhancer",FALSE,1,1.68538215945102,0.0122334468276326,"MYBL1"
"MA0777.1","MYBL2",-0.640878982921266,0,"cortex_late","up","enhancer",FALSE,1,2.54167122737594,0.0167719163849104,"MYBL2"
"MA0105.4","NFKB1",-0.0119200021849242,0,"cortex_late","up","enhancer",FALSE,1,0.405257807980465,0.0892931004887569,"NFKB1"
"MA0778.1","NFKB2",0.0466934566708526,0,"cortex_late","up","enhancer",FALSE,1,0.77218365080566,0.0869991698425003,"NFKB2"
"MA0783.1","PKNOX2",-0.174734330211957,0,"cortex_late","up","enhancer",FALSE,1,0.394272824380476,0.38554530958871,"PKNOX2"
"MA0785.1","POU2F1",-0.0513218507101909,0,"cortex_late","up","enhancer",FALSE,1,0.223728842825509,0.428331585315998,"POU2F1"
"MA0788.1","POU3F3",0.0742252383203947,0,"cortex_late","up","enhancer",FALSE,1,0.0200365438456984,0.969373434085365,"POU3F3"
"MA0600.2","RFX2",0.267102229656023,0,"cortex_late","up","enhancer",FALSE,1,-0.0877645373107878,0.778605028600402,"RFX2"
"MA0795.1","SMAD3",0.113331456830834,0,"cortex_late","up","enhancer",FALSE,1,0.121366048735763,0.588111009882596,"SMAD3"
"MA0796.1","TGIF1",0.188964038989802,0,"cortex_late","up","enhancer",FALSE,1,0.794249406231259,0.024397496606554,"TGIF1"
"MA0797.1","TGIF2",-0.13757290395843,0,"cortex_late","up","enhancer",FALSE,1,-0.0894147349062706,0.7842097534443,"TGIF2"
"MA0510.2","RFX5",0.172540535665581,0,"cortex_late","up","enhancer",FALSE,1,0.501414601589885,0.0983833366041225,"RFX5"
"MA0511.2","RUNX2",-0.0616970942297339,0,"cortex_late","up","enhancer",FALSE,1,2.05009004792153,0.0144923202630453,"RUNX2"
"MA0800.1","EOMES",-0.188751173329429,0,"cortex_late","up","enhancer",FALSE,1,2.3904244876289,0.0453884867683635,"EOMES"
"MA0801.1","MGA",0.0122640720306224,0,"cortex_late","up","enhancer",FALSE,1,-0.00931677187637536,0.958610340545883,"MGA"
"MA0805.1","TBX1",0.0434036050800648,0,"cortex_late","up","enhancer",FALSE,1,2.16985939116411,0.0269522711228122,"TBX1"
"MA0808.1","TEAD3",0.103453846546005,0,"cortex_late","up","enhancer",FALSE,1,0.521680656924673,0.00638640839435599,"TEAD3"
"MA0811.1","TFAP2B",-0.0454940585396866,0,"cortex_late","up","enhancer",FALSE,1,-0.259982990856523,0.527583169794893,"TFAP2B"
"MA0464.2","BHLHE40",-0.196439763225571,0,"cortex_late","up","enhancer",FALSE,1,0.314890752961937,0.346258513628138,"BHLHE40"
"MA0818.1","BHLHE22",0.162236869860533,0,"cortex_late","up","enhancer",FALSE,1,2.60969134217934,0.0147362418120288,"BHLHE22"
"MA0819.1","CLOCK",-0.338389597634332,0,"cortex_late","up","enhancer",FALSE,1,-0.344584352748873,0.28800642738705,"CLOCK"
"MA0823.1","HEY1",-0.0566691901881589,0,"cortex_late","up","enhancer",FALSE,1,0.144545892035918,0.696434910316029,"HEY1"
"MA0058.3","MAX",-0.0350069210653601,0,"cortex_late","up","enhancer",FALSE,1,0.313773552899902,0.108168353844389,"MAX"
"MA0825.1","MNT",-0.00690828783702813,0,"cortex_late","up","enhancer",FALSE,1,0.304610705223919,0.155485755617486,"MNT"
"MA0466.2","CEBPB",0.183511966670733,0,"cortex_late","up","enhancer",FALSE,1,1.55619495932372,0.00389864211258081,"CEBPB"
"MA0838.1","CEBPG",0.0858796616274615,0,"cortex_late","up","enhancer",FALSE,1,0.301951506588183,0.0589993265624855,"CEBPG"
"MA0839.1","CREB3L1",-0.0605429895132668,0,"cortex_late","up","enhancer",FALSE,1,2.43085209894203,0.00716078074477501,"CREB3L1"
"MA0843.1","TEF",-0.283037436915747,0,"cortex_late","up","enhancer",FALSE,1,-0.864944303734186,0.00748630965046787,"TEF"
"MA0844.1","XBP1",0.147844317194504,0,"cortex_late","up","enhancer",FALSE,1,0.348624663896845,0.0761247578428936,"XBP1"
"MA0032.2","FOXC1",0.0805027295206173,0,"cortex_late","up","enhancer",FALSE,1,-0.179032381938588,0.704299410394463,"FOXC1"
"MA0846.1","FOXC2",0.0129783768293468,0,"cortex_late","up","enhancer",FALSE,1,0.430539472349024,0.239486083808496,"FOXC2"
"MA0848.1","FOXO4",0.139100802212495,0,"cortex_late","up","enhancer",FALSE,1,-0.521458010922331,0.00748630965046787,"FOXO4"
"MA0850.1","FOXP3",0.0452727424493524,0,"cortex_late","up","enhancer",FALSE,1,0.663757276125553,0.376792157653482,"FOXP3"
"MA0855.1","RXRB",0.00141697326158319,0,"cortex_late","up","enhancer",FALSE,1,-0.013595831285115,0.930702571123666,"RXRB"
"MA0856.1","RXRG",-0.227236447607559,0,"cortex_late","up","enhancer",FALSE,1,-0.381741342730905,0.672267685894918,"RXRG"
"MA0106.3","TP53",-0.231913460240249,0,"cortex_late","up","enhancer",FALSE,1,0.627491614340639,0.0615087765804618,"TP53"
"MA0861.1","TP73",-0.0514931443212294,0,"cortex_late","up","enhancer",FALSE,1,0.198602394146859,0.740297241194491,"TP73"
"MA0862.1","GMEB2",-0.0332015462206021,0,"cortex_late","up","enhancer",FALSE,1,0.069577144549104,0.653871256266482,"GMEB2"
"MA0024.3","E2F1",0.0827352661379823,0,"cortex_late","up","enhancer",FALSE,1,-9.23251704945116e-05,0.999934552034004,"E2F1"
"MA0028.2","ELK1",-0.128339349967034,0,"cortex_late","up","enhancer",FALSE,1,0.249401399433791,0.166237083287717,"ELK1"
"MA0886.1","EMX2",-0.0457681097214717,0,"cortex_late","up","enhancer",FALSE,1,-0.0119007550013999,0.973091095607023,"EMX2"
"MA0889.1","GBX1",0.0812255314798547,0,"cortex_late","up","enhancer",FALSE,1,-0.0757867066593149,0.915108276475197,"GBX1"
"MA0891.1","GSC2",-0.209590549120982,0,"cortex_late","up","enhancer",FALSE,1,-1.27976744344108,0.0773524078228098,"GSC2"
"MA0895.1","HMBOX1",-0.302149212879446,0,"cortex_late","up","enhancer",FALSE,1,-0.252011754315682,0.266230745950304,"HMBOX1"
"MA0899.1","HOXA10",0.122005702610267,0,"cortex_late","up","enhancer",FALSE,1,-0.301074636628616,0.0624049336475272,"HOXA10"
"MA0903.1","HOXB3",0.0391928016422236,0,"cortex_late","up","enhancer",FALSE,1,0.316447877789761,0.288978893472889,"HOXB3"
"MA0905.1","HOXC10",0.208801468399726,0,"cortex_late","up","enhancer",FALSE,1,0.0829181808846,0.79923636090623,"HOXC10"
"MA0852.2","FOXK1",-0.0775416648514629,0,"cortex_late","up","enhancer",FALSE,1,-0.137536006976261,0.378982704233958,"FOXK1"
"MA0036.3","GATA2",0.185075747304308,0,"cortex_late","up","enhancer",FALSE,1,-0.922089085870465,0.0238793397352311,"GATA2"
"MA1106.1","HIF1A",-0.0872449796108548,0,"cortex_late","up","enhancer",FALSE,1,1.14093533925004,0.00389864211258081,"HIF1A"
"MA0147.3","MYC",-0.179757662610918,0,"cortex_late","up","enhancer",FALSE,1,1.59019081752968,0.00294986225410836,"MYC"
"MA0104.4","MYCN",-0.00118805472526962,0,"cortex_late","up","enhancer",FALSE,1,-0.269802710550367,0.400606413399665,"MYCN"
"MA0161.2","NFIC",-0.167006844657958,0,"cortex_late","up","enhancer",FALSE,1,0.0479395657695862,0.821202623198197,"NFIC"
"MA0060.3","NFYA",0.0334137636236287,0,"cortex_late","up","enhancer",FALSE,1,0.127865048398804,0.449370859968367,"NFYA"
"MA1110.1","NR1H4",-0.352024268088864,0,"cortex_late","up","enhancer",FALSE,1,-1.4795007136102,0.0245097754849855,"NR1H4"
"MA1111.1","NR2F2",0.120672276784878,0,"cortex_late","up","enhancer",FALSE,1,0.256892847501779,0.208201202492486,"NR2F2"
"MA1116.1","RBPJ",0.0151359238401447,0,"cortex_late","up","enhancer",FALSE,1,0.353842408100793,0.0476151303405136,"RBPJ"
"MA1117.1","RELB",-0.283498495221779,0,"cortex_late","up","enhancer",FALSE,1,1.03654016209544,0.0547321416976345,"RELB"
"MA1120.1","SOX13",0.012826454090308,0,"cortex_late","up","enhancer",FALSE,1,-0.0888534469175832,0.780316048879504,"SOX13"
"MA1121.1","TEAD2",-0.082144249609974,0,"cortex_late","up","enhancer",FALSE,1,0.398929707202682,0.203416788736098,"TEAD2"
"MA1122.1","TFDP1",-0.148470070680405,0,"cortex_late","up","enhancer",FALSE,1,0.0491686458014362,0.730931570793093,"TFDP1"
"MA0750.2","ZBTB7A",-0.0337160083296402,0,"cortex_late","up","enhancer",FALSE,1,0.248832336953842,0.0635588376012692,"ZBTB7A"
"MA0103.3","ZEB1",-0.133062000116086,0,"cortex_late","up","enhancer",FALSE,1,-0.226063817000626,0.436363855145491,"ZEB1"
"MA1124.1","ZNF24",0.0776448222018526,0,"cortex_late","up","enhancer",FALSE,1,-0.117114807392734,0.498643138228834,"ZNF24"
"MA1125.1","ZNF384",0.0810564723452476,0,"cortex_late","up","enhancer",FALSE,1,-0.198809362199945,0.119827039458488,"ZNF384"
"MA1154.1","ZNF282",-0.189502130969323,0,"cortex_late","up","enhancer",FALSE,1,-0.0775515311263906,0.643492291567831,"ZNF282"
"MA1126.1","FOS::JUN(var.2)",-0.174387804391851,0,"cortex_late","up","enhancer",FALSE,1,0.0732688759655913,0.949948116968932,"FOS"
"MA1127.1","FOSB::JUN",-0.0327201220515727,0,"cortex_late","up","enhancer",FALSE,1,0.234618959475633,0.479714656230028,"JUN"
"MA1128.1","FOSL1::JUN",0.198957950601669,0,"cortex_late","up","enhancer",FALSE,1,2.10935552338616,0.016545053702966,"FOSL1"
"MA1129.1","FOSL1::JUN(var.2)",-0.0273056267489284,0,"cortex_late","up","enhancer",FALSE,1,2.10935552338616,0.016545053702966,"FOSL1"
"MA1131.1","FOSL2::JUN(var.2)",0.0529980672534238,0,"cortex_late","up","enhancer",FALSE,1,1.02846159986398,0.00413734877776558,"FOSL2"
"MA1133.1","JUN::JUNB(var.2)",0.0163529480728641,0,"cortex_late","up","enhancer",FALSE,1,0.234618959475633,0.479714656230028,"JUN"
"MA1136.1","FOSB::JUNB(var.2)",0.0160521352248075,0,"cortex_late","up","enhancer",FALSE,1,-0.151061413725705,0.90288689740565,"FOSB"
"MA1137.1","FOSL1::JUNB",0.152984900963571,0,"cortex_late","up","enhancer",FALSE,1,2.10935552338616,0.016545053702966,"FOSL1"
"MA1139.1","FOSL2::JUNB(var.2)",0.0723732446284391,0,"cortex_late","up","enhancer",FALSE,1,1.02846159986398,0.00413734877776558,"FOSL2"
"MA1143.1","FOSL1::JUND(var.2)",0.144394253071751,0,"cortex_late","up","enhancer",FALSE,1,2.10935552338616,0.016545053702966,"FOSL1"
"MA1145.1","FOSL2::JUND(var.2)",-0.107499734445589,0,"cortex_late","up","enhancer",FALSE,1,1.02846159986398,0.00413734877776558,"FOSL2"
"MA1146.1","NR1H4::RXRA",0.0825777353964341,0,"cortex_late","up","enhancer",FALSE,1,-1.4795007136102,0.0245097754849855,"NR1H4"
"MA1148.1","PPARA::RXRA",0.041061703278789,0,"cortex_late","up","enhancer",FALSE,1,-1.40563125878995,0.0178870437190186,"PPARA"
"MA1149.1","RARA::RXRG",-0.171595455959235,0,"cortex_late","up","enhancer",FALSE,1,0.149275406051572,0.583960222172284,"RARA"
"MA1151.1","RORC",-0.0043977883611408,0,"cortex_late","up","enhancer",FALSE,1,-1.13986236165977,0.0443930641612915,"RORC"
"MA0831.2","TFE3",-0.0878138131541437,0,"cortex_late","up","enhancer",FALSE,1,0.0155579212628814,0.923689250327481,"TFE3"
"MA0693.2","VDR",-0.00835144510542118,0,"cortex_late","up","enhancer",FALSE,1,0.308192199139582,0.52607256528957,"VDR"
"MA1418.1","IRF3",0.0962465655270268,0,"cortex_late","up","enhancer",FALSE,1,0.331730650089508,0.258292443117683,"IRF3"
"MA1419.1","IRF4",-0.255231389992626,0,"cortex_late","up","enhancer",FALSE,1,2.16610018581263,0.0460701980064735,"IRF4"
"MA1420.1","IRF5",-0.498926541774113,0,"cortex_late","up","enhancer",FALSE,1,1.57352096860409,0.0485354503445092,"IRF5"
"MA1421.1","TCF7L1",-0.109572319544859,0,"cortex_late","up","enhancer",FALSE,1,0.038125697307426,0.91510880833701,"TCF7L1"
"MA1464.1","ARNT2",-0.141091139931461,0,"cortex_late","up","enhancer",FALSE,1,-0.217186729244624,0.505108166426022,"ARNT2"
"MA1466.1","ATF6",0.435515326536074,0,"cortex_late","up","enhancer",FALSE,1,0.0551701682574581,0.742498530039227,"ATF6"
"MA1101.2","BACH2",0.0362553233066443,0,"cortex_late","up","enhancer",FALSE,1,0.886009799480719,0.141809105983968,"BACH2"
"MA1471.1","BARX2",-0.0935440559227247,0,"cortex_late","up","enhancer",FALSE,1,1.3366037487251,0.0795525268876396,"BARX2"
"MA1474.1","CREB3L4",0.0271989928481391,0,"cortex_late","up","enhancer",FALSE,1,0.770932910836012,0.0615087765804618,"CREB3L4"
"MA1483.1","ELF2",-0.318106788273566,0,"cortex_late","up","enhancer",FALSE,1,-0.0977781842415455,0.659184813609932,"ELF2"
"MA1484.1","ETS2",0.0899447167114875,0,"cortex_late","up","enhancer",FALSE,1,0.235259681730191,0.403999783271664,"ETS2"
"MA1487.1","FOXE1",-0.0715502441477991,0,"cortex_late","up","enhancer",FALSE,1,0.165545902554006,0.916757977262879,"FOXE1"
"MA1489.1","FOXN3",-0.322479340563677,0,"cortex_late","up","enhancer",FALSE,1,-0.0170264651052374,0.94824231177084,"FOXN3"
"MA1491.1","GLI3",0.149210905266951,0,"cortex_late","up","enhancer",FALSE,1,0.195846706149949,0.415523616044721,"GLI3"
"MA1493.1","HES6",-0.224217528433397,0,"cortex_late","up","enhancer",FALSE,1,0.139709716480486,0.681215870772818,"HES6"
"MA1496.1","HOXA4",0.136284602881505,0,"cortex_late","up","enhancer",FALSE,1,-0.328579387546617,0.0889229578668277,"HOXA4"
"MA1497.1","HOXA6",0.261799820643447,0,"cortex_late","up","enhancer",FALSE,1,0.0684813732562888,0.802291316465486,"HOXA6"
"MA1498.1","HOXA7",-0.0224958082780748,0,"cortex_late","up","enhancer",FALSE,1,-0.644932767571269,0.020461876497108,"HOXA7"
"MA1499.1","HOXB4",-0.0413658496140616,0,"cortex_late","up","enhancer",FALSE,1,-0.234371268411707,0.415156280676598,"HOXB4"
"MA1500.1","HOXB6",0.0634027892211151,0,"cortex_late","up","enhancer",FALSE,1,0.112229652365349,0.762380463958116,"HOXB6"
"MA1501.1","HOXB7",0.12175023324712,0,"cortex_late","up","enhancer",FALSE,1,0.0546040514026656,0.882693100775046,"HOXB7"
"MA1502.1","HOXB8",-0.0221983656452682,0,"cortex_late","up","enhancer",FALSE,1,0.302957287113811,0.457526461585833,"HOXB8"
"MA1504.1","HOXC4",-0.0808011324764708,0,"cortex_late","up","enhancer",FALSE,1,0.126511795283852,0.692941947793839,"HOXC4"
"MA1505.1","HOXC8",0.31216441583363,0,"cortex_late","up","enhancer",FALSE,1,0.259697434719194,0.338502265852407,"HOXC8"
"MA1506.1","HOXD10",0.283086623979087,0,"cortex_late","up","enhancer",FALSE,1,0.250425744334608,0.521865736005921,"HOXD10"
"MA1507.1","HOXD4",-0.104001937695913,0,"cortex_late","up","enhancer",FALSE,1,-0.279948773628189,0.24561590093658,"HOXD4"
"MA1508.1","IKZF1",0.0359786312680441,0,"cortex_late","up","enhancer",FALSE,1,2.23956301583121,0.0306730728198086,"IKZF1"
"MA1509.1","IRF6",-0.0366770732202895,0,"cortex_late","up","enhancer",FALSE,1,-0.421448845583532,0.179310696495779,"IRF6"
"MA1511.1","KLF10",0.0361810210820739,0,"cortex_late","up","enhancer",FALSE,1,1.14345939925402,0.00717376791986162,"KLF10"
"MA1512.1","KLF11",-0.0235132141540007,0,"cortex_late","up","enhancer",FALSE,1,0.568595440067086,0.160395225565707,"KLF11"
"MA1513.1","KLF15",-0.164569730133158,0,"cortex_late","up","enhancer",FALSE,1,-1.21191688966138,0.0504137175878336,"KLF15"
"MA1515.1","KLF2",0.00329267367693298,0,"cortex_late","up","enhancer",FALSE,1,1.09690384265259,0.011073244496898,"KLF2"
"MA1518.1","LHX1",0.100904249292301,0,"cortex_late","up","enhancer",FALSE,1,-1.25961386257443,0.0336592304463987,"LHX1"
"MA1520.1","MAF",0.140824679680229,0,"cortex_late","up","enhancer",FALSE,1,-0.749296741488903,0.138596254609732,"MAF"
"MA1522.1","MAZ",-0.0586748966985553,0,"cortex_late","up","enhancer",FALSE,1,0.0818445163550425,0.76574810244375,"MAZ"
"MA1523.1","MSANTD3",0.118899059433351,0,"cortex_late","up","enhancer",FALSE,1,-0.296078459342358,0.257325911940941,"MSANTD3"
"MA1525.1","NFATC4",0.140595889840911,0,"cortex_late","up","enhancer",FALSE,1,1.00562403698568,0.0708583568185503,"NFATC4"
"MA1531.1","NR1D1",0.0365313077145384,0,"cortex_late","up","enhancer",FALSE,1,-0.952908464115697,0.0206843365698509,"NR1D1"
"MA1532.1","NR1D2",0.0499219080032445,0,"cortex_late","up","enhancer",FALSE,1,-0.691920665848408,0.0281474892991551,"NR1D2"
"MA1533.1","NR1I2",-0.0644095506041102,0,"cortex_late","up","enhancer",FALSE,1,-1.31956334777676,0.168613585950679,"NR1I2"
"MA1534.1","NR1I3",0.0212380674690307,0,"cortex_late","up","enhancer",FALSE,1,-2.77151182229256,0.0208960878408056,"NR1I3"
"MA1535.1","NR2C1",0.0256170681250758,0,"cortex_late","up","enhancer",FALSE,1,0.0513481072925432,0.848764100034936,"NR2C1"
"MA1542.1","OSR1",-0.122015325317379,0,"cortex_late","up","enhancer",FALSE,1,-0.283917499412603,0.593222395826596,"OSR1"
"MA1544.1","OVOL1",0.0143021598228001,0,"cortex_late","up","enhancer",FALSE,1,-0.499407127232584,0.324682019675354,"OVOL1"
"MA1545.1","OVOL2",-0.128133309617276,0,"cortex_late","up","enhancer",FALSE,1,-0.937384980994091,0.163092803632322,"OVOL2"
"MA1547.1","PITX2",-0.159968836628548,0,"cortex_late","up","enhancer",FALSE,1,-0.887872832656273,0.104140563403556,"PITX2"
"MA1548.1","PLAGL2",-0.0210815346980322,0,"cortex_late","up","enhancer",FALSE,1,0.00148680787333522,0.992684284962528,"PLAGL2"
"MA1550.1","PPARD",-0.0660535007720036,0,"cortex_late","up","enhancer",FALSE,1,0.608619133164281,0.0516790956070259,"PPARD"
"MA1557.1","SMAD5",0.0876579778511903,0,"cortex_late","up","enhancer",FALSE,1,-0.171495166281051,0.502575061009404,"SMAD5"
"MA1558.1","SNAI1",-0.128334502408153,0,"cortex_late","up","enhancer",FALSE,1,1.08564336920093,0.0137953755692324,"SNAI1"
"MA1561.1","SOX12",-0.099207809435681,0,"cortex_late","up","enhancer",FALSE,1,-0.361349976612461,0.262467188837292,"SOX12"
"MA1563.1","SOX18",0.147842361794496,0,"cortex_late","up","enhancer",FALSE,1,0.00292157347417987,0.994506061237315,"SOX18"
"MA1566.1","TBX3",-0.136691758136974,0,"cortex_late","up","enhancer",FALSE,1,0.102915683841081,0.740297241194491,"TBX3"
"MA1567.1","TBX6",-0.148108689731428,0,"cortex_late","up","enhancer",FALSE,1,-0.535548446437226,0.276636771493716,"TBX6"
"MA1573.1","THAP11",-0.282471731260872,0,"cortex_late","up","enhancer",FALSE,1,-0.110290111666856,0.630704109734632,"THAP11"
"MA1574.1","THRB",-0.0801563747386353,0,"cortex_late","up","enhancer",FALSE,1,-1.6658269470324,0.0099448486175386,"THRB"
"MA1578.1","VEZF1",-0.0591118659863064,0,"cortex_late","up","enhancer",FALSE,1,0.13098633501567,0.409155788581504,"VEZF1"
"MA1579.1","ZBTB26",-0.0846271247551424,0,"cortex_late","up","enhancer",FALSE,1,-0.364494695356772,0.225241831539457,"ZBTB26"
"MA1581.1","ZBTB6",-0.203821903556586,0,"cortex_late","up","enhancer",FALSE,1,-0.184074101784175,0.643162161370863,"ZBTB6"
"MA1583.1","ZFP57",0.0579688041749824,0,"cortex_late","up","enhancer",FALSE,1,-0.103947425277808,0.474366253525041,"ZFP57"
"MA1585.1","ZKSCAN1",0.136121899472629,0,"cortex_late","up","enhancer",FALSE,1,-0.186655574377817,0.415452988665755,"ZKSCAN1"
"MA1589.1","ZNF140",0.0316036304188687,0,"cortex_late","up","enhancer",FALSE,1,0.363278994076396,0.263827011539419,"ZNF140"
"MA1592.1","ZNF274",-0.035653829252877,0,"cortex_late","up","enhancer",FALSE,1,0.398293994423678,0.148166086713876,"ZNF274"
"MA1593.1","ZNF317",-0.0134743611329062,0,"cortex_late","up","enhancer",FALSE,1,0.188070251113703,0.109815886554582,"ZNF317"
"MA1594.1","ZNF382",-0.226947337942559,0,"cortex_late","up","enhancer",FALSE,1,-0.0948771776808257,0.766102078741142,"ZNF382"
"MA1600.1","ZNF684",-0.0994681896953953,0,"cortex_late","up","enhancer",FALSE,1,0.24699524891876,0.36331335292729,"ZNF684"
"MA1601.1","ZNF75D",-0.0173551430451866,0,"cortex_late","up","enhancer",FALSE,1,-0.0343495463244183,0.819366268136413,"ZNF75D"
"MA1602.1","ZSCAN29",-0.154958149060179,0,"cortex_late","up","enhancer",FALSE,1,-0.171044960347177,0.361383173126386,"ZSCAN29"
"MA0605.2","ATF3",0.207654058195404,0,"cortex_late","up","enhancer",FALSE,1,1.22781244711171,0.0296699168924001,"ATF3"
"MA0463.2","BCL6",-0.0279694822954957,0,"cortex_late","up","enhancer",FALSE,1,0.288789596975512,0.336304604074261,"BCL6"
"MA0864.2","E2F2",0.111756762183444,0,"cortex_late","up","enhancer",FALSE,1,2.16310203768275,0.0266657347108946,"E2F2"
"MA0469.3","E2F3",-0.0963724468233642,0,"cortex_late","up","enhancer",FALSE,1,0.0639608022362301,0.86849553817273,"E2F3"
"MA0470.2","E2F4",0.248454419376516,0,"cortex_late","up","enhancer",FALSE,1,0.268943575403831,0.186817082099646,"E2F4"
"MA0612.2","EMX1",0.0754307478835701,0,"cortex_late","up","enhancer",FALSE,1,-1.49587894973875,0.0146499492356548,"EMX1"
"MA0847.2","FOXD2",-0.0906896057786106,0,"cortex_late","up","enhancer",FALSE,1,-0.638139824644596,0.188673528040689,"FOXD2"
"MA0038.2","GFI1",-0.00102011714009365,0,"cortex_late","up","enhancer",FALSE,1,2.40048037565185,0.0212169709480674,"GFI1"
"MA0734.2","GLI2",0.246485242875014,0,"cortex_late","up","enhancer",FALSE,1,1.5218799508573,0.0166052938123415,"GLI2"
"MA1099.2","HES1",-0.0745355005956796,0,"cortex_late","up","enhancer",FALSE,1,0.333015747686757,0.219293504390995,"HES1"
"MA0900.2","HOXA2",-0.160267758890078,0,"cortex_late","up","enhancer",FALSE,1,0.457069078698871,0.245528809764773,"HOXA2"
"MA0158.2","HOXA5",-0.152523050443707,0,"cortex_late","up","enhancer",FALSE,1,0.0352279979290078,0.893093359002962,"HOXA5"
"MA0902.2","HOXB2",-0.1691788461917,0,"cortex_late","up","enhancer",FALSE,1,0.178148109043944,0.617110319099526,"HOXB2"
"MA0904.2","HOXB5",-0.398243880589448,0,"cortex_late","up","enhancer",FALSE,1,-0.00140329455360844,0.997357511683444,"HOXB5"
"MA0912.2","HOXD3",-0.170256715541401,0,"cortex_late","up","enhancer",FALSE,1,-0.173370878751268,0.515568530855192,"HOXD3"
"MA0910.2","HOXD8",0.0647024907042599,0,"cortex_late","up","enhancer",FALSE,1,-0.247006857707948,0.459135421366113,"HOXD8"
"MA0703.2","LMX1B",0.119922656496428,0,"cortex_late","up","enhancer",FALSE,1,-1.84069961652843,0.0180418116823236,"LMX1B"
"MA0075.3","PRRX2",0.0756041387115394,0,"cortex_late","up","enhancer",FALSE,1,2.1194664143216,0.0196498713122675,"PRRX2"
"MA0867.2","SOX4",-0.0895772961281356,0,"cortex_late","up","enhancer",FALSE,1,0.301882913349457,0.545106407190992,"SOX4"
"MA0079.4","SP1",-0.077029677875168,0,"cortex_late","up","enhancer",FALSE,1,-0.0538910415322489,0.794592964838596,"SP1"
"MA0516.2","SP2",-0.0242446083518271,0,"cortex_late","up","enhancer",FALSE,1,0.0672624806107178,0.724169610801314,"SP2"
"MA0746.2","SP3",-0.0325253546623543,0,"cortex_late","up","enhancer",FALSE,1,0.109857962317119,0.548861568587062,"SP3"
"MA0632.2","TCFL5",0.0872352353170198,0,"cortex_late","up","enhancer",FALSE,1,-0.219376841216913,0.33426805669732,"TCFL5"
"MA0871.2","TFEC",-0.0733851299178241,0,"cortex_late","up","enhancer",FALSE,1,-1.14927017579855,0.0819612126195886,"TFEC"
"MA0753.2","ZNF740",0.0320930361196119,0,"cortex_late","up","enhancer",FALSE,1,0.140793219266418,0.383650068966542,"ZNF740"
"MA1632.1","ATF2",-0.0274852029299648,0,"cortex_late","up","enhancer",FALSE,1,-0.209500134725169,0.190631785514542,"ATF2"
"MA1633.1","BACH1",0.146875727085193,0,"cortex_late","up","enhancer",FALSE,1,0.215623552209181,0.426882226405801,"BACH1"
"MA1634.1","BATF",0.172703073120553,0,"cortex_late","up","enhancer",FALSE,1,1.56394663954186,0.0618399334525825,"BATF"
"MA1643.1","NFIB",-0.116318071507806,0,"cortex_late","up","enhancer",FALSE,1,-0.801967209982136,0.0310195339310119,"NFIB"
"MA1644.1","NFYC",-0.133886121315665,0,"cortex_late","up","enhancer",FALSE,1,-0.405333178581786,0.0356282910709909,"NFYC"
"MA1647.1","PRDM4",0.110592038890291,0,"cortex_late","up","enhancer",FALSE,1,0.0432959774066282,0.825200630474584,"PRDM4"
"MA1649.1","ZBTB12",-0.172368938601671,0,"cortex_late","up","enhancer",FALSE,1,-0.134894266462391,0.747528241936079,"ZBTB12"
"MA1650.1","ZBTB14",0.109811162706271,0,"cortex_late","up","enhancer",FALSE,1,-0.160356275441869,0.296425439214427,"ZBTB14"
"MA1651.1","ZFP42",0.181378270107717,0,"cortex_late","up","enhancer",FALSE,1,0.590383423050386,0.229993067100302,"ZFP42"
"MA1652.1","ZKSCAN5",0.0796654107647328,0,"cortex_late","up","enhancer",FALSE,1,-0.112581517953963,0.525710357341252,"ZKSCAN5"
"MA1653.1","ZNF148",-0.0761231041341546,0,"cortex_late","up","enhancer",FALSE,1,-0.304674016324364,0.0990096020999713,"ZNF148"
"MA1655.1","ZNF341",0.0559346173486235,0,"cortex_late","up","enhancer",FALSE,1,-0.0568824868307107,0.802263160430005,"ZNF341"
"MA1656.1","ZNF449",-0.112653733184073,0,"cortex_late","up","enhancer",FALSE,1,0.295598152723616,0.409591317759226,"ZNF449"
"MA1657.1","ZNF652",0.0746975172999438,0,"cortex_late","up","enhancer",FALSE,1,-0.223573800710028,0.291824000832322,"ZNF652"
"MA0833.2","ATF4",0.233640020493528,0,"cortex_late","up","enhancer",FALSE,1,0.554828797699761,0.0497667357402476,"ATF4"
"MA0835.2","BATF3",0.140358827449414,0,"cortex_late","up","enhancer",FALSE,1,0.857094975164021,0.254780467456984,"BATF3"
"MA0102.4","CEBPA",0.0975804974309895,0,"cortex_late","up","enhancer",FALSE,1,-0.0534580467573815,0.902953038803753,"CEBPA"
"MA0018.4","CREB1",0.00682310327622826,0,"cortex_late","up","enhancer",FALSE,1,0.00394460007507025,0.984418522268869,"CREB1"
"MA0471.2","E2F6",-0.18361380737262,0,"cortex_late","up","enhancer",FALSE,1,0.242438800757994,0.097624693395725,"E2F6"
"MA0154.4","EBF1",0.0873572107073723,0,"cortex_late","up","enhancer",FALSE,1,0.0789783965357946,0.851382829431161,"EBF1"
"MA0162.4","EGR1",-0.0191592622387429,0,"cortex_late","up","enhancer",FALSE,1,0.993488240979284,0.175778955921886,"EGR1"
"MA0598.3","EHF",-0.0381957699217814,0,"cortex_late","up","enhancer",FALSE,1,1.70579233716635,0.00623660714767927,"EHF"
"MA0473.3","ELF1",-0.00367123178183881,0,"cortex_late","up","enhancer",FALSE,1,0.186522063855572,0.239380690744905,"ELF1"
"MA0640.2","ELF3",-0.0425875702947778,0,"cortex_late","up","enhancer",FALSE,1,1.40737148274039,0.00810709036805467,"ELF3"
"MA0761.2","ETV1",0.0128817747035868,0,"cortex_late","up","enhancer",FALSE,1,0.22212751917251,0.472527978995924,"ETV1"
"MA0764.2","ETV4",-0.0408288462259403,0,"cortex_late","up","enhancer",FALSE,1,2.71675802860031,0.00392533768056333,"ETV4"
"MA0765.2","ETV5",-0.0508736873256934,0,"cortex_late","up","enhancer",FALSE,1,-0.646748228578178,0.276180209783554,"ETV5"
"MA1103.2","FOXK2",0.112675181925503,0,"cortex_late","up","enhancer",FALSE,1,-0.354193883277111,0.0412444543084018,"FOXK2"
"MA0481.3","FOXP1",0.0392696884094654,0,"cortex_late","up","enhancer",FALSE,1,0.0808789329271917,0.774532961151454,"FOXP1"
"MA0062.3","GABPA",0.0520299652362866,0,"cortex_late","up","enhancer",FALSE,1,-0.268993180096397,0.0817415438809548,"GABPA"
"MA1104.2","GATA6",0.0862921705782611,0,"cortex_late","up","enhancer",FALSE,1,1.18590412577478,0.0411088110400008,"GATA6"
"MA1105.2","GRHL2",-0.0845165804752206,0,"cortex_late","up","enhancer",FALSE,1,0.210334170305685,0.455926607530173,"GRHL2"
"MA0043.3","HLF",0.0131508279237593,0,"cortex_late","up","enhancer",FALSE,1,-1.25933301879321,0.0342637808381269,"HLF"
"MA0114.4","HNF4A",-0.180215835548709,0,"cortex_late","up","enhancer",FALSE,1,-1.25980610586777,0.0892649856453942,"HNF4A"
"MA0484.2","HNF4G",-0.174657447438727,0,"cortex_late","up","enhancer",FALSE,1,-1.67052276942475,0.0161564174664684,"HNF4G"
"MA0490.2","JUNB",0.193261884482112,0,"cortex_late","up","enhancer",FALSE,1,0.987021576512366,0.0505275527139367,"JUNB"
"MA0491.2","JUND",0.222717288730428,0,"cortex_late","up","enhancer",FALSE,1,0.176041424308677,0.44988657898698,"JUND"
"MA0039.4","KLF4",-0.0390144087971329,0,"cortex_late","up","enhancer",FALSE,1,1.14570658880913,0.00389864211258081,"KLF4"
"MA0495.3","MAFF",0.0621814730293133,0,"cortex_late","up","enhancer",FALSE,1,1.19899802643827,0.0273036282512805,"MAFF"
"MA0659.2","MAFG",0.0621156187162564,0,"cortex_late","up","enhancer",FALSE,1,0.110727696998016,0.540526967059497,"MAFG"
"MA0496.3","MAFK",-0.0723664346062964,0,"cortex_late","up","enhancer",FALSE,1,-0.0592938378199301,0.820849080597603,"MAFK"
"MA0052.4","MEF2A",-0.0995013694308788,0,"cortex_late","up","enhancer",FALSE,1,0.24693987837195,0.151541068265505,"MEF2A"
"MA0620.3","MITF",-0.0143600936041723,0,"cortex_late","up","enhancer",FALSE,1,-0.421950461520824,0.084258042308899,"MITF"
"MA1108.2","MXI1",-0.167672078409612,0,"cortex_late","up","enhancer",FALSE,1,-0.8408892143695,0.0324376444095301,"MXI1"
"MA0056.2","MZF1",-0.0658650476904317,0,"cortex_late","up","enhancer",FALSE,1,0.230232641685022,0.258638089854901,"MZF1"
"MA0089.2","NFE2L1",0.271214678336391,0,"cortex_late","up","enhancer",FALSE,1,0.39550938680892,0.0167434207201977,"NFE2L1"
"MA0502.2","NFYB",0.0666291250429456,0,"cortex_late","up","enhancer",FALSE,1,0.0535703405217713,0.791034907841889,"NFYB"
"MA1112.2","NR4A1",0.0508444774855583,0,"cortex_late","up","enhancer",FALSE,1,-0.877932818285481,0.295695214214979,"NR4A1"
"MA0679.2","ONECUT1",-0.0683721821066889,0,"cortex_late","up","enhancer",FALSE,1,-0.305681157401709,0.79726462709597,"ONECUT1"
"MA1113.2","PBX2",0.0169491925836276,0,"cortex_late","up","enhancer",FALSE,1,-0.0716879256131486,0.592499892421122,"PBX2"
"MA0782.2","PKNOX1",0.0961429765369708,0,"cortex_late","up","enhancer",FALSE,1,0.0430717643209224,0.812897682609181,"PKNOX1"
"MA0508.3","PRDM1",-0.0256343709927922,0,"cortex_late","up","enhancer",FALSE,1,0.851380000503385,0.102516486577911,"PRDM1"
"MA0509.2","RFX1",0.00647860353318475,0,"cortex_late","up","enhancer",FALSE,1,-0.0862975991716723,0.767027162375109,"RFX1"
"MA0798.2","RFX3",-0.070822652998551,0,"cortex_late","up","enhancer",FALSE,1,-0.369887629903715,0.0899832485099614,"RFX3"
"MA0684.2","RUNX3",-0.0154545697393509,0,"cortex_late","up","enhancer",FALSE,1,2.59441605886014,0.0211188205554735,"RUNX3"
"MA0745.2","SNAI2",-0.0151579547448,0,"cortex_late","up","enhancer",FALSE,1,0.643499167235776,0.093934214104676,"SNAI2"
"MA0081.2","SPIB",0.0987358982717303,0,"cortex_late","up","enhancer",FALSE,1,4.0841758316319,0.0141010765844496,"SPIB"
"MA0522.3","TCF3",-0.0694259741121259,0,"cortex_late","up","enhancer",FALSE,1,0.557824702012325,0.164946685394945,"TCF3"
"MA0830.2","TCF4",-0.131365476281474,0,"cortex_late","up","enhancer",FALSE,1,0.230313803831776,0.515529818856741,"TCF4"
"MA0769.2","TCF7",0.0177851245376646,0,"cortex_late","up","enhancer",FALSE,1,0.671607301980921,0.406633927331149,"TCF7"
"MA0090.3","TEAD1",0.0306231872005487,0,"cortex_late","up","enhancer",FALSE,1,0.021731518988295,0.95950778813433,"TEAD1"
"MA0809.2","TEAD4",0.0172353687038171,0,"cortex_late","up","enhancer",FALSE,1,0.94200136013122,0.0116730618613006,"TEAD4"
"MA0003.4","TFAP2A",-0.00818094754178489,0,"cortex_late","up","enhancer",FALSE,1,0.136494272440522,0.671569041798904,"TFAP2A"
"MA0093.3","USF1",-0.153260087143596,0,"cortex_late","up","enhancer",FALSE,1,0.205963435892328,0.466491178494197,"USF1"
"MA0526.3","USF2",-0.143826607916952,0,"cortex_late","up","enhancer",FALSE,1,-0.254954552846203,0.144650105291358,"USF2"
"MA0528.2","ZNF263",-0.0326766351165073,0,"cortex_late","up","enhancer",FALSE,1,0.297947962619334,0.149510985786169,"ZNF263"
"MA0609.2","CREM",0.122013362344899,0,"cortex_late","up","enhancer",FALSE,1,0.641070187614052,0.023886407704992,"CREM"
"MA0517.1","STAT1::STAT2",0.636652490966918,0.655068673933266,"cortex_late","up","promoter",TRUE,0.221274478597294,0.603573978204228,0.0811251148209067,"STAT1"
"MA0761.2","ETV1",0.343130455698342,0.516980847835807,"cortex_late","up","promoter",TRUE,0.304101913010522,0.22212751917251,0.472527978995924,"ETV1"
"MA1110.1","NR1H4",0.675223587625959,0.479114162686359,"cortex_late","up","promoter",TRUE,0.331807224154944,-1.4795007136102,0.0245097754849855,"NR1H4"
"MA0050.2","IRF1",0.518096143524485,0.456671720798749,"cortex_late","up","promoter",TRUE,0.349404327198713,1.40089257237319,0.0329814929460361,"IRF1"
"MA0137.3","STAT1",0.539171659609736,0.456671720798749,"cortex_late","up","promoter",TRUE,0.349404327198713,0.603573978204228,0.0811251148209067,"STAT1"
"MA0598.3","EHF",0.324848302787906,0.456671720798749,"cortex_late","up","promoter",TRUE,0.349404327198713,1.70579233716635,0.00623660714767927,"EHF"
"MA0640.2","ELF3",0.260554217394913,0.456671720798749,"cortex_late","up","promoter",TRUE,0.349404327198713,1.40737148274039,0.00810709036805467,"ELF3"
"MA0764.2","ETV4",0.193667678402116,0.456671720798749,"cortex_late","up","promoter",TRUE,0.349404327198713,2.71675802860031,0.00392533768056333,"ETV4"
"MA0773.1","MEF2D",0.696942413032492,0.417216301640726,"cortex_late","up","promoter",TRUE,0.382634123803632,0.277264857858333,0.129101237872296,"MEF2D"
"MA1114.1","PBX3",0.389308379623851,0.417216301640726,"cortex_late","up","promoter",TRUE,0.382634123803632,0.368727398392041,0.317576972386,"PBX3"
"MA1123.2","TWIST1",0.406119950171536,0.333870296909968,"cortex_late","up","promoter",TRUE,0.46358534994212,-0.827018017422278,0.0586081214958713,"TWIST1"
"MA0062.3","GABPA",0.248434823853108,0.310810233352529,"cortex_late","up","promoter",TRUE,0.488865924529994,-0.268993180096397,0.0817415438809548,"GABPA"
"MA0660.1","MEF2B",0.632973570338752,0.287367210855041,"cortex_late","up","promoter",TRUE,0.515979906097623,0.49074170369681,0.461384502314738,"MEF2B"
"MA1147.1","NR4A2::RXRA",0.386478643890991,0.287367210855041,"cortex_late","up","promoter",TRUE,0.515979906097623,-0.35170414551812,0.0446090522371796,"RXRA"
"MA0473.3","ELF1",0.235886217282123,0.287367210855041,"cortex_late","up","promoter",TRUE,0.515979906097623,0.186522063855572,0.239380690744905,"ELF1"
"MA1146.1","NR1H4::RXRA",0.412201867146623,0.262105353949036,"cortex_late","up","promoter",TRUE,0.546883280337136,-1.4795007136102,0.0245097754849855,"NR1H4"
"MA1508.1","IKZF1",0.257470089651934,0.253701866172001,"cortex_late","up","promoter",TRUE,0.557568376291277,2.23956301583121,0.0306730728198086,"IKZF1"
"MA0476.1","FOS",0.492660569852677,0.205259140477276,"cortex_late","up","promoter",TRUE,0.623362768288236,0.0732688759655913,0.949948116968932,"FOS"
"MA0782.2","PKNOX1",0.378812122012748,0.205259140477276,"cortex_late","up","promoter",TRUE,0.623362768288236,0.0430717643209224,0.812897682609181,"PKNOX1"
"MA0637.1","CENPB",0.362987396558944,0.182767850022081,"cortex_late","up","promoter",TRUE,0.656496099285454,0.259625818160133,0.163432874701111,"CENPB"
"MA0771.1","HSF4",0.411265761490963,0.182767850022081,"cortex_late","up","promoter",TRUE,0.656496099285454,1.05728511176318,0.0480884855409424,"HSF4"
"MA0772.1","IRF7",0.496742388155735,0.182767850022081,"cortex_late","up","promoter",TRUE,0.656496099285454,0.7856033099439,0.132250162995758,"IRF7"
"MA1106.1","HIF1A",0.270486842324456,0.182767850022081,"cortex_late","up","promoter",TRUE,0.656496099285454,1.14093533925004,0.00389864211258081,"HIF1A"
"MA0147.3","MYC",0.242670563956018,0.182767850022081,"cortex_late","up","promoter",TRUE,0.656496099285454,1.59019081752968,0.00294986225410836,"MYC"
"MA1418.1","IRF3",0.583450446015555,0.182767850022081,"cortex_late","up","promoter",TRUE,0.656496099285454,0.331730650089508,0.258292443117683,"IRF3"
"MA1139.1","FOSL2::JUNB(var.2)",0.546193932814063,0.179051757554671,"cortex_late","up","promoter",TRUE,0.662137587975131,1.02846159986398,0.00413734877776558,"FOSL2"
"MA0895.1","HMBOX1",0.515649713252733,0.147130120312939,"cortex_late","up","promoter",TRUE,0.712639482017904,-0.252011754315682,0.266230745950304,"HMBOX1"
"MA0259.1","ARNT::HIF1A",0.174061484241405,0.104131988167184,"cortex_late","up","promoter",TRUE,0.786806631815376,1.14093533925004,0.00389864211258081,"HIF1A"
"MA0750.2","ZBTB7A",0.12287183405142,0.104131988167184,"cortex_late","up","promoter",TRUE,0.786806631815376,0.248832336953842,0.0635588376012692,"ZBTB7A"
"MA1138.1","FOSL2::JUNB",0.414645651578683,0.104131988167184,"cortex_late","up","promoter",TRUE,0.786806631815376,1.02846159986398,0.00413734877776558,"FOSL2"
"MA1532.1","NR1D2",0.304105490234166,0.0894019978520691,"cortex_late","up","promoter",TRUE,0.813950514733644,-0.691920665848408,0.0281474892991551,"NR1D2"
"MA1419.1","IRF4",0.488976551003963,0.0830408053336234,"cortex_late","up","promoter",TRUE,0.825960340553655,2.16610018581263,0.0460701980064735,"IRF4"
"MA1135.1","FOSB::JUNB",0.40094397141151,0.0757188042995025,"cortex_late","up","promoter",TRUE,0.840003693576665,0.987021576512366,0.0505275527139367,"JUNB"
"MA0051.1","IRF2",0.371056124058092,0.0726640643497106,"cortex_late","up","promoter",TRUE,0.845932938552774,0.0874187242730144,0.522403921571679,"IRF2"
"MA0059.1","MAX::MYC",0.297402387489186,0.0726640643497106,"cortex_late","up","promoter",TRUE,0.845932938552774,1.59019081752968,0.00294986225410836,"MYC"
"MA0119.1","NFIC::TLX1",0.343580091381824,0.0726640643497106,"cortex_late","up","promoter",TRUE,0.845932938552774,0.0479395657695862,0.821202623198197,"NFIC"
"MA0163.1","PLAG1",0.0890988708706359,0.0726640643497106,"cortex_late","up","promoter",TRUE,0.845932938552774,-0.659814240566227,0.0330035180216781,"PLAG1"
"MA0497.1","MEF2C",0.351154371487914,0.0726640643497106,"cortex_late","up","promoter",TRUE,0.845932938552774,0.319820453201881,0.430764311998789,"MEF2C"
"MA0144.2","STAT3",0.203227746550265,0.0726640643497106,"cortex_late","up","promoter",TRUE,0.845932938552774,0.99721539206208,0.00260121202556568,"STAT3"
"MA0595.1","SREBF1",0.197690454858565,0.0726640643497106,"cortex_late","up","promoter",TRUE,0.845932938552774,0.360771361816368,0.639549160156198,"SREBF1"
"MA0652.1","IRF8",0.481930474105853,0.0726640643497106,"cortex_late","up","promoter",TRUE,0.845932938552774,1.99775348829634,0.0266397809229116,"IRF8"
"MA0653.1","IRF9",0.451510198547292,0.0726640643497106,"cortex_late","up","promoter",TRUE,0.845932938552774,1.02733372798073,0.0210231643759869,"IRF9"
"MA0663.1","MLX",0.377567976675638,0.0726640643497106,"cortex_late","up","promoter",TRUE,0.845932938552774,-0.209666092229397,0.228050685352637,"MLX"
"MA0698.1","ZBTB18",0.308239872920298,0.0726640643497106,"cortex_late","up","promoter",TRUE,0.845932938552774,0.0253122254804037,0.90288689740565,"ZBTB18"
"MA0727.1","NR3C2",0.420464117380462,0.0726640643497106,"cortex_late","up","promoter",TRUE,0.845932938552774,-0.925132488823745,0.014437160475709,"NR3C2"
"MA0777.1","MYBL2",0.408023662089225,0.0726640643497106,"cortex_late","up","promoter",TRUE,0.845932938552774,2.54167122737594,0.0167719163849104,"MYBL2"
"MA0825.1","MNT",0.246337706025925,0.0726640643497106,"cortex_late","up","promoter",TRUE,0.845932938552774,0.304610705223919,0.155485755617486,"MNT"
"MA0843.1","TEF",0.356943302217864,0.0726640643497106,"cortex_late","up","promoter",TRUE,0.845932938552774,-0.864944303734186,0.00748630965046787,"TEF"
"MA0036.3","GATA2",0.30950769580551,0.0726640643497106,"cortex_late","up","promoter",TRUE,0.845932938552774,-0.922089085870465,0.0238793397352311,"GATA2"
"MA0099.3","FOS::JUN",0.311396882588527,0.0726640643497106,"cortex_late","up","promoter",TRUE,0.845932938552774,0.234618959475633,0.479714656230028,"JUN"
"MA1128.1","FOSL1::JUN",0.308272708436625,0.0726640643497106,"cortex_late","up","promoter",TRUE,0.845932938552774,2.10935552338616,0.016545053702966,"FOSL1"
"MA1131.1","FOSL2::JUN(var.2)",0.357309131666313,0.0726640643497106,"cortex_late","up","promoter",TRUE,0.845932938552774,1.02846159986398,0.00413734877776558,"FOSL2"
"MA1133.1","JUN::JUNB(var.2)",0.326084671187171,0.0726640643497106,"cortex_late","up","promoter",TRUE,0.845932938552774,0.234618959475633,0.479714656230028,"JUN"
"MA1151.1","RORC",0.349248141178617,0.0726640643497106,"cortex_late","up","promoter",TRUE,0.845932938552774,-1.13986236165977,0.0443930641612915,"RORC"
"MA1420.1","IRF5",0.336304883084892,0.0726640643497106,"cortex_late","up","promoter",TRUE,0.845932938552774,1.57352096860409,0.0485354503445092,"IRF5"
"MA1493.1","HES6",0.303056086411843,0.0726640643497106,"cortex_late","up","promoter",TRUE,0.845932938552774,0.139709716480486,0.681215870772818,"HES6"
"MA1507.1","HOXD4",0.337812603766428,0.0726640643497106,"cortex_late","up","promoter",TRUE,0.845932938552774,-0.279948773628189,0.24561590093658,"HOXD4"
"MA1511.1","KLF10",0.0812311770410687,0.0726640643497106,"cortex_late","up","promoter",TRUE,0.845932938552774,1.14345939925402,0.00717376791986162,"KLF10"
"MA1523.1","MSANTD3",0.153310677131351,0.0726640643497106,"cortex_late","up","promoter",TRUE,0.845932938552774,-0.296078459342358,0.257325911940941,"MSANTD3"
"MA0904.2","HOXB5",0.384877697516008,0.0726640643497106,"cortex_late","up","promoter",TRUE,0.845932938552774,-0.00140329455360844,0.997357511683444,"HOXB5"
"MA1652.1","ZKSCAN5",0.119128001069997,0.0726640643497106,"cortex_late","up","promoter",TRUE,0.845932938552774,-0.112581517953963,0.525710357341252,"ZKSCAN5"
"MA1653.1","ZNF148",0.0337744392871162,0.0726640643497106,"cortex_late","up","promoter",TRUE,0.845932938552774,-0.304674016324364,0.0990096020999713,"ZNF148"
"MA0018.4","CREB1",0.304706463762331,0.0726640643497106,"cortex_late","up","promoter",TRUE,0.845932938552774,0.00394460007507025,0.984418522268869,"CREB1"
"MA0477.2","FOSL1",0.393932022097965,0.0726640643497106,"cortex_late","up","promoter",TRUE,0.845932938552774,2.10935552338616,0.016545053702966,"FOSL1"
"MA0114.4","HNF4A",0.250965730985258,0.0726640643497106,"cortex_late","up","promoter",TRUE,0.845932938552774,-1.25980610586777,0.0892649856453942,"HNF4A"
"MA0039.4","KLF4",0.0404196293829493,0.0726640643497106,"cortex_late","up","promoter",TRUE,0.845932938552774,1.14570658880913,0.00389864211258081,"KLF4"
"MA0052.4","MEF2A",0.395104931480795,0.0726640643497106,"cortex_late","up","promoter",TRUE,0.845932938552774,0.24693987837195,0.151541068265505,"MEF2A"
"MA0684.2","RUNX3",0.264408837134328,0.0726640643497106,"cortex_late","up","promoter",TRUE,0.845932938552774,2.59441605886014,0.0211188205554735,"RUNX3"
"MA0732.1","EGR3",0.127568443318052,0.0664001611562556,"cortex_late","up","promoter",TRUE,0.858222386588233,2.17378427667236,0.0167434207201977,"EGR3"
"MA1127.1","FOSB::JUN",0.314767087403397,0.0664001611562556,"cortex_late","up","promoter",TRUE,0.858222386588233,0.234618959475633,0.479714656230028,"JUN"
"MA1534.1","NR1I3",0.252032194867711,0.0664001611562556,"cortex_late","up","promoter",TRUE,0.858222386588233,-2.77151182229256,0.0208960878408056,"NR1I3"
"MA0632.2","TCFL5",0.0812558348612953,0.0664001611562556,"cortex_late","up","promoter",TRUE,0.858222386588233,-0.219376841216913,0.33426805669732,"TCFL5"
"MA1634.1","BATF",0.285843278454359,0.0664001611562556,"cortex_late","up","promoter",TRUE,0.858222386588233,1.56394663954186,0.0618399334525825,"BATF"
"MA0835.2","BATF3",0.288858136639842,0.0664001611562556,"cortex_late","up","promoter",TRUE,0.858222386588233,0.857094975164021,0.254780467456984,"BATF3"
"MA0490.2","JUNB",0.295612756746297,0.0664001611562556,"cortex_late","up","promoter",TRUE,0.858222386588233,0.987021576512366,0.0505275527139367,"JUNB"
"MA1145.1","FOSL2::JUND(var.2)",0.312639867453005,0.0554646532142285,"cortex_late","up","promoter",TRUE,0.880106739764018,1.02846159986398,0.00413734877776558,"FOSL2"
"MA1503.1","HOXB9",0.355245807393934,0.0554646532142285,"cortex_late","up","promoter",TRUE,0.880106739764018,0.139019574035474,0.798438427624629,"HOXB9"
"MA0463.2","BCL6",0.311145825911351,0.0554646532142285,"cortex_late","up","promoter",TRUE,0.880106739764018,0.288789596975512,0.336304604074261,"BCL6"
"MA0154.4","EBF1",0.1066799703464,0.0472523682634023,"cortex_late","up","promoter",TRUE,0.896907450656564,0.0789783965357946,0.851382829431161,"EBF1"
"MA0484.2","HNF4G",0.220133905874247,0.0472523682634023,"cortex_late","up","promoter",TRUE,0.896907450656564,-1.67052276942475,0.0161564174664684,"HNF4G"
"MA0038.2","GFI1",0.298336142378457,0.0455356228926205,"cortex_late","up","promoter",TRUE,0.90045989973087,2.40048037565185,0.0212169709480674,"GFI1"
"MA0025.2","NFIL3",0.315545170038034,0.0444769224760884,"cortex_late","up","promoter",TRUE,0.902657671586147,0.216310606034646,0.452315044303837,"NFIL3"
"MA0113.3","NR3C1",0.310516505435656,0.042497115548306,"cortex_late","up","promoter",TRUE,0.906781987133723,-0.491753358006394,0.0187363952170916,"NR3C1"
"MA1525.1","NFATC4",0.16914965021967,0.042497115548306,"cortex_late","up","promoter",TRUE,0.906781987133723,1.00562403698568,0.0708583568185503,"NFATC4"
"MA0081.2","SPIB",0.12834776530218,0.042497115548306,"cortex_late","up","promoter",TRUE,0.906781987133723,4.0841758316319,0.0141010765844496,"SPIB"
"MA0596.1","SREBF2",0.183300355883286,0.0418812914698214,"cortex_late","up","promoter",TRUE,0.908068704573285,0.11974876308076,0.693522766072638,"SREBF2"
"MA0651.1","HOXC11",0.31807632094722,0.0418812914698214,"cortex_late","up","promoter",TRUE,0.908068704573285,1.20723958040601,0.0785745237161324,"HOXC11"
"MA0737.1","GLIS3",0.270853239597269,0.0418812914698214,"cortex_late","up","promoter",TRUE,0.908068704573285,0.230399755239139,0.479346309730214,"GLIS3"
"MA0738.1","HIC2",0.0923956937870303,0.0418812914698214,"cortex_late","up","promoter",TRUE,0.908068704573285,0.184385615616127,0.351399587318816,"HIC2"
"MA0778.1","NFKB2",0.178091193965099,0.0418812914698214,"cortex_late","up","promoter",TRUE,0.908068704573285,0.77218365080566,0.0869991698425003,"NFKB2"
"MA0058.3","MAX",0.170039535712253,0.0418812914698214,"cortex_late","up","promoter",TRUE,0.908068704573285,0.313773552899902,0.108168353844389,"MAX"
"MA0104.4","MYCN",0.146062580524843,0.0418812914698214,"cortex_late","up","promoter",TRUE,0.908068704573285,-0.269802710550367,0.400606413399665,"MYCN"
"MA1130.1","FOSL2::JUN",0.225471816888086,0.0418812914698214,"cortex_late","up","promoter",TRUE,0.908068704573285,1.02846159986398,0.00413734877776558,"FOSL2"
"MA1144.1","FOSL2::JUND",0.256364037437571,0.0418812914698214,"cortex_late","up","promoter",TRUE,0.908068704573285,1.02846159986398,0.00413734877776558,"FOSL2"
"MA1464.1","ARNT2",0.187259344240222,0.0418812914698214,"cortex_late","up","promoter",TRUE,0.908068704573285,-0.217186729244624,0.505108166426022,"ARNT2"
"MA1557.1","SMAD5",0.261598091397047,0.0418812914698214,"cortex_late","up","promoter",TRUE,0.908068704573285,-0.171495166281051,0.502575061009404,"SMAD5"
"MA0462.2","BATF::JUN",0.25950929288187,0.0418812914698214,"cortex_late","up","promoter",TRUE,0.908068704573285,1.56394663954186,0.0618399334525825,"BATF"
"MA0766.2","GATA5",0.246589766440375,0.0418812914698214,"cortex_late","up","promoter",TRUE,0.908068704573285,-0.858321146014657,0.090824984476688,"GATA5"
"MA0106.3","TP53",0.301731660215937,0.0412779671346585,"cortex_late","up","promoter",TRUE,0.909331075364654,0.627491614340639,0.0615087765804618,"TP53"
"MA0080.5","SPI1",0.119126705445856,0.0388759700437175,"cortex_late","up","promoter",TRUE,0.914374339921522,2.08688724918781,0.0277096386312101,"SPI1"
"MA1099.2","HES1",0.0656395143957074,0.0376410215131374,"cortex_late","up","promoter",TRUE,0.91697813137375,0.333015747686757,0.219293504390995,"HES1"
"MA0605.2","ATF3",0.28785877601013,0.0355480544022496,"cortex_late","up","promoter",TRUE,0.921407929905442,1.22781244711171,0.0296699168924001,"ATF3"
"MA0136.2","ELF5",0.0995259758710541,0.0337954286959563,"cortex_late","up","promoter",TRUE,0.925133848990478,-1.72323832595498,0.0121229004048676,"ELF5"
"MA1516.1","KLF3",0.0616942331197556,0.0337954286959563,"cortex_late","up","promoter",TRUE,0.925133848990478,0.259184857475672,0.16630168309976,"KLF3"
"MA1650.1","ZBTB14",0.0377303253237233,0.0337954286959563,"cortex_late","up","promoter",TRUE,0.925133848990478,-0.160356275441869,0.296425439214427,"ZBTB14"
"MA0688.1","TBX2",0.179054748157207,0.0313123507951685,"cortex_late","up","promoter",TRUE,0.930438450142145,-0.112455451316849,0.617110319099526,"TBX2"
"MA0464.2","BHLHE40",0.193794083653936,0.0313123507951685,"cortex_late","up","promoter",TRUE,0.930438450142145,0.314890752961937,0.346258513628138,"BHLHE40"
"MA1632.1","ATF2",0.241760438756618,0.0313123507951685,"cortex_late","up","promoter",TRUE,0.930438450142145,-0.209500134725169,0.190631785514542,"ATF2"
"MA0902.2","HOXB2",0.24655164081789,0.0312086665372381,"cortex_late","up","promoter",TRUE,0.93066061123587,0.178148109043944,0.617110319099526,"HOXB2"
"MA0070.1","PBX1",0.265460080325039,0.0310167905351522,"cortex_late","up","promoter",TRUE,0.931071878009988,0.0480557333630021,0.861020911821847,"PBX1"
"MA0513.1","SMAD2::SMAD3::SMAD4",0.1002019112678,0.0310167905351522,"cortex_late","up","promoter",TRUE,0.931071878009988,0.0888215081793708,0.531558295838665,"SMAD2"
"MA0628.1","POU6F1",0.270433191098021,0.0310167905351522,"cortex_late","up","promoter",TRUE,0.931071878009988,0.361985665472876,0.176889171398798,"POU6F1"
"MA0664.1","MLXIPL",0.197212610702119,0.0310167905351522,"cortex_late","up","promoter",TRUE,0.931071878009988,0.0995975625288743,0.878548857744067,"MLXIPL"
"MA0685.1","SP4",0.123574334990775,0.0310167905351522,"cortex_late","up","promoter",TRUE,0.931071878009988,-0.00306346589752327,0.992850300357811,"SP4"
"MA1137.1","FOSL1::JUNB",0.217886691395828,0.0310167905351522,"cortex_late","up","promoter",TRUE,0.931071878009988,2.10935552338616,0.016545053702966,"FOSL1"
"MA1522.1","MAZ",0.037166566800007,0.0310167905351522,"cortex_late","up","promoter",TRUE,0.931071878009988,0.0818445163550425,0.76574810244375,"MAZ"
"MA0158.2","HOXA5",0.22867737831597,0.0310167905351522,"cortex_late","up","promoter",TRUE,0.931071878009988,0.0352279979290078,0.893093359002962,"HOXA5"
"MA0485.2","HOXC9",0.24983558415119,0.0310167905351522,"cortex_late","up","promoter",TRUE,0.931071878009988,0.0106923027358348,0.973223681010187,"HOXC9"
"MA1647.1","PRDM4",0.137090898266378,0.0310167905351522,"cortex_late","up","promoter",TRUE,0.931071878009988,0.0432959774066282,0.825200630474584,"PRDM4"
"MA1654.1","ZNF16",0.23920971997013,0.0310167905351522,"cortex_late","up","promoter",TRUE,0.931071878009988,0.0361068081639608,0.858138167792166,"ZNF16"
"MA0043.3","HLF",0.245163856535949,0.0310167905351522,"cortex_late","up","promoter",TRUE,0.931071878009988,-1.25933301879321,0.0342637808381269,"HLF"
"MA0609.2","CREM",0.221788533169785,0.0310167905351522,"cortex_late","up","promoter",TRUE,0.931071878009988,0.641070187614052,0.023886407704992,"CREM"
"MA0153.2","HNF1B",0.246475671621509,0.0258370535335038,"cortex_late","up","promoter",TRUE,0.942243058019198,-0.309838678344864,0.211547891735755,"HNF1B"
"MA0741.1","KLF16",0.031914664833252,0.0258370535335038,"cortex_late","up","promoter",TRUE,0.942243058019198,0.647264389062577,0.062253570183691,"KLF16"
"MA0729.1","RARA",0.169925001442312,0.0214436503471604,"cortex_late","up","promoter",TRUE,0.951823339056403,0.149275406051572,0.583960222172284,"RARA"
"MA0731.1","BCL6B",0.169925001442312,0.0214436503471604,"cortex_late","up","promoter",TRUE,0.951823339056403,-0.139201728444065,0.744055703664974,"BCL6B"
"MA0912.2","HOXD3",0.231080586899118,0.0187896110858102,"cortex_late","up","promoter",TRUE,0.957657885173289,-0.173370878751268,0.515568530855192,"HOXD3"
"MA0139.1","CTCF",0.0783722005371494,0.0152608286840296,"cortex_late","up","promoter",TRUE,0.965470862112146,-0.173609257308518,0.232497739386449,"CTCF"
"MA0646.1","GCM1",0.0802968109598705,0.0152608286840296,"cortex_late","up","promoter",TRUE,0.965470862112146,-1.55196553705747,0.0936892960361109,"GCM1"
"MA0655.1","JDP2",0.204967685035423,0.0152608286840296,"cortex_late","up","promoter",TRUE,0.965470862112146,0.981298186715939,0.0268722362635841,"JDP2"
"MA0112.3","ESR1",0.204168567556294,0.0152608286840296,"cortex_late","up","promoter",TRUE,0.965470862112146,-0.581637538909517,0.109639714071584,"ESR1"
"MA0788.1","POU3F3",0.220174059456245,0.0152608286840296,"cortex_late","up","promoter",TRUE,0.965470862112146,0.0200365438456984,0.969373434085365,"POU3F3"
"MA0905.1","HOXC10",0.216673674974928,0.0152608286840296,"cortex_late","up","promoter",TRUE,0.965470862112146,0.0829181808846,0.79923636090623,"HOXC10"
"MA0908.1","HOXD11",0.218733000482674,0.0152608286840296,"cortex_late","up","promoter",TRUE,0.965470862112146,0.530842005471124,0.28573497441396,"HOXD11"
"MA0037.3","GATA3",0.145014629722526,0.0152608286840296,"cortex_late","up","promoter",TRUE,0.965470862112146,-0.016450652305716,0.957898617959031,"GATA3"
"MA1129.1","FOSL1::JUN(var.2)",0.210113338915402,0.0152608286840296,"cortex_late","up","promoter",TRUE,0.965470862112146,2.10935552338616,0.016545053702966,"FOSL1"
"MA1134.1","FOS::JUNB",0.179601131289338,0.0152608286840296,"cortex_late","up","promoter",TRUE,0.965470862112146,0.987021576512366,0.0505275527139367,"JUNB"
"MA1136.1","FOSB::JUNB(var.2)",0.205494052711511,0.0152608286840296,"cortex_late","up","promoter",TRUE,0.965470862112146,-0.151061413725705,0.90288689740565,"FOSB"
"MA1141.1","FOS::JUND",0.161353966146424,0.0152608286840296,"cortex_late","up","promoter",TRUE,0.965470862112146,0.176041424308677,0.44988657898698,"JUND"
"MA1504.1","HOXC4",0.187419082325833,0.0152608286840296,"cortex_late","up","promoter",TRUE,0.965470862112146,0.126511795283852,0.692941947793839,"HOXC4"
"MA1533.1","NR1I2",0.106321081693739,0.0152608286840296,"cortex_late","up","promoter",TRUE,0.965470862112146,-1.31956334777676,0.168613585950679,"NR1I2"
"MA0079.4","SP1",0.0927740773001142,0.0152608286840296,"cortex_late","up","promoter",TRUE,0.965470862112146,-0.0538910415322489,0.794592964838596,"SP1"
"MA0482.2","GATA4",0.16217834676833,0.0152608286840296,"cortex_late","up","promoter",TRUE,0.965470862112146,-0.504200287194804,0.711362867217369,"GATA4"
"MA1104.2","GATA6",0.186295785379339,0.0152608286840296,"cortex_late","up","promoter",TRUE,0.965470862112146,1.18590412577478,0.0411088110400008,"GATA6"
"MA0491.2","JUND",0.181351072892939,0.0152608286840296,"cortex_late","up","promoter",TRUE,0.965470862112146,0.176041424308677,0.44988657898698,"JUND"
"MA1649.1","ZBTB12",0.111734890873186,0.0147435952700237,"cortex_late","up","promoter",TRUE,0.96662139775013,-0.134894266462391,0.747528241936079,"ZBTB12"
"MA1142.1","FOSL1::JUND",0.16538125075362,0.0103513985793873,"cortex_late","up","promoter",TRUE,0.976446833566052,2.10935552338616,0.016545053702966,"FOSL1"
"MA0665.1","MSC",0.105544772529631,0.00388232913338553,"cortex_late","up","promoter",TRUE,0.991100444390354,2.83767986683434,0.0379757731696713,"MSC"
"MA0838.1","CEBPG",0.202239062519054,0.00388232913338553,"cortex_late","up","promoter",TRUE,0.991100444390354,0.301951506588183,0.0589993265624855,"CEBPG"
"MA0886.1","EMX2",0.180131854077759,0.00388232913338553,"cortex_late","up","promoter",TRUE,0.991100444390354,-0.0119007550013999,0.973091095607023,"EMX2"
"MA1124.1","ZNF24",0.176268057695204,0.00388232913338553,"cortex_late","up","promoter",TRUE,0.991100444390354,-0.117114807392734,0.498643138228834,"ZNF24"
"MA1474.1","CREB3L4",0.0777815334611525,0.00388232913338553,"cortex_late","up","promoter",TRUE,0.991100444390354,0.770932910836012,0.0615087765804618,"CREB3L4"
"MA1542.1","OSR1",0.101912828848479,0.00388232913338553,"cortex_late","up","promoter",TRUE,0.991100444390354,-0.283917499412603,0.593222395826596,"OSR1"
"MA0612.2","EMX1",0.179236630502176,0.00388232913338553,"cortex_late","up","promoter",TRUE,0.991100444390354,-1.49587894973875,0.0146499492356548,"EMX1"
"MA0900.2","HOXA2",0.155271906393576,0.00388232913338553,"cortex_late","up","promoter",TRUE,0.991100444390354,0.457069078698871,0.245528809764773,"HOXA2"
"MA0735.1","GLIS1",0.161361961391127,0.00066887418224577,"cortex_late","up","promoter",TRUE,0.998461045685411,-0.82767331385964,0.0654662802053464,"GLIS1"
"MA0030.1","FOXF2",0.136521372424189,0,"cortex_late","up","promoter",TRUE,1,1.97874974844741,0.0164160764157412,"FOXF2"
"MA0031.1","FOXD1",0.127994642198777,0,"cortex_late","up","promoter",TRUE,1,0.723275246426268,0.11360860257452,"FOXD1"
"MA0066.1","PPARG",-0.169367732298101,0,"cortex_late","up","promoter",TRUE,1,0.00149969125401683,0.997290578342321,"PPARG"
"MA0071.1","RORA",0.0843451843979093,0,"cortex_late","up","promoter",TRUE,1,-0.386721146891125,0.400755729885775,"RORA"
"MA0073.1","RREB1",0.0393885880814526,0,"cortex_late","up","promoter",TRUE,1,-0.267612957653856,0.368219135542279,"RREB1"
"MA0074.1","RXRA::VDR",-0.114934948193451,0,"cortex_late","up","promoter",TRUE,1,-0.35170414551812,0.0446090522371796,"RXRA"
"MA0077.1","SOX9",-0.054172948755963,0,"cortex_late","up","promoter",TRUE,1,2.58056679197372,0.00543504740369628,"SOX9"
"MA0091.1","TAL1::TCF3",0.0526844387858318,0,"cortex_late","up","promoter",TRUE,1,0.557824702012325,0.164946685394945,"TCF3"
"MA0101.1","REL",0.0215572635656605,0,"cortex_late","up","promoter",TRUE,1,0.551292490640919,0.272342374321645,"REL"
"MA0107.1","RELA",-0.0531077019458879,0,"cortex_late","up","promoter",TRUE,1,0.479175835146296,0.0389355204112652,"RELA"
"MA0115.1","NR1H2::RXRA",-0.148139793599559,0,"cortex_late","up","promoter",TRUE,1,-0.35170414551812,0.0446090522371796,"RXRA"
"MA0138.2","REST",-0.0390143093397635,0,"cortex_late","up","promoter",TRUE,1,0.0571722519401625,0.849285039157882,"REST"
"MA0152.1","NFATC2",-0.137230864493786,0,"cortex_late","up","promoter",TRUE,1,0.460547363681982,0.29695714802985,"NFATC2"
"MA0159.1","RARA::RXRA",-0.111213324947013,0,"cortex_late","up","promoter",TRUE,1,-0.35170414551812,0.0446090522371796,"RXRA"
"MA0160.1","NR4A2",-0.21780594432387,0,"cortex_late","up","promoter",TRUE,1,-0.099963853280352,0.860557992521686,"NR4A2"
"MA0478.1","FOSL2",0.073000755118815,0,"cortex_late","up","promoter",TRUE,1,1.02846159986398,0.00413734877776558,"FOSL2"
"MA0488.1","JUN",0.125037514057323,0,"cortex_late","up","promoter",TRUE,1,0.234618959475633,0.479714656230028,"JUN"
"MA0501.1","MAF::NFE2",-0.404463102488452,0,"cortex_late","up","promoter",TRUE,1,-0.749296741488903,0.138596254609732,"MAF"
"MA0504.1","NR2C2",-0.00738795081646515,0,"cortex_late","up","promoter",TRUE,1,0.0261954527076078,0.894017430809098,"NR2C2"
"MA0506.1","NRF1",0.0121139994339661,0,"cortex_late","up","promoter",TRUE,1,0.159318075994392,0.438612794523248,"NRF1"
"MA0507.1","POU2F2",0.133678834601981,0,"cortex_late","up","promoter",TRUE,1,2.79185820405312,0.0298145721105701,"POU2F2"
"MA0523.1","TCF7L2",0.0565097934687975,0,"cortex_late","up","promoter",TRUE,1,0.00238143260191759,0.989583890092099,"TCF7L2"
"MA0527.1","ZBTB33",-0.0108914763411549,0,"cortex_late","up","promoter",TRUE,1,0.130491570655312,0.645490492018604,"ZBTB33"
"MA0076.2","ELK4",0.0302519000147017,0,"cortex_late","up","promoter",TRUE,1,0.113728816705128,0.724685215620708,"ELK4"
"MA0140.2","GATA1::TAL1",-0.537246599892961,0,"cortex_late","up","promoter",TRUE,1,0.238086368779233,0.590072504281107,"TAL1"
"MA0095.2","YY1",-0.267505511940518,0,"cortex_late","up","promoter",TRUE,1,-0.0384036864583219,0.761721173984392,"YY1"
"MA0593.1","FOXP2",-0.061568649121174,0,"cortex_late","up","promoter",TRUE,1,-0.0870864022130844,0.894221743407541,"FOXP2"
"MA0597.1","THAP1",-0.159844554544668,0,"cortex_late","up","promoter",TRUE,1,-0.393221135299563,0.113535365474224,"THAP1"
"MA0599.1","KLF5",0.0132611204043513,0,"cortex_late","up","promoter",TRUE,1,0.646858846811948,0.218190362765962,"KLF5"
"MA0610.1","DMRT3",-0.367169251840423,0,"cortex_late","up","promoter",TRUE,1,-0.104872810567713,0.949948116968932,"DMRT3"
"MA0625.1","NFATC3",-0.077821272351466,0,"cortex_late","up","promoter",TRUE,1,-0.00494304575414795,0.976852407429291,"NFATC3"
"MA0636.1","BHLHE41",0.0286070248104684,0,"cortex_late","up","promoter",TRUE,1,0.140487032426744,0.654500510174604,"BHLHE41"
"MA0638.1","CREB3",-0.159996771834289,0,"cortex_late","up","promoter",TRUE,1,-0.0312938897977935,0.859846071925377,"CREB3"
"MA0641.1","ELF4",-0.23920835405624,0,"cortex_late","up","promoter",TRUE,1,1.1869546001238,0.0558249946846822,"ELF4"
"MA0645.1","ETV6",-0.0107660134905041,0,"cortex_late","up","promoter",TRUE,1,0.0314945665117898,0.815104280096964,"ETV6"
"MA0475.2","FLI1",-0.475335491912038,0,"cortex_late","up","promoter",TRUE,1,0.304643589387498,0.455546018981208,"FLI1"
"MA0042.2","FOXI1",-0.138271207630591,0,"cortex_late","up","promoter",TRUE,1,-1.39593847266708,0.0144730671977558,"FOXI1"
"MA0033.2","FOXL1",-0.18972684268856,0,"cortex_late","up","promoter",TRUE,1,1.19314167894993,0.0287646425821827,"FOXL1"
"MA0157.2","FOXO3",0.0793659649061587,0,"cortex_late","up","promoter",TRUE,1,0.371826551772787,0.0854041186239956,"FOXO3"
"MA0649.1","HEY2",0.0188192577706356,0,"cortex_late","up","promoter",TRUE,1,-0.408026083806639,0.434808319004231,"HEY2"
"MA0131.2","HINFP",0.0160414953351733,0,"cortex_late","up","promoter",TRUE,1,-0.0669551288115535,0.763974922779228,"HINFP"
"MA0046.2","HNF1A",0.0413931192230734,0,"cortex_late","up","promoter",TRUE,1,-1.15752951398589,0.0389492960832284,"HNF1A"
"MA0486.2","HSF1",-0.319670791533611,0,"cortex_late","up","promoter",TRUE,1,-0.062417242231966,0.758576041569429,"HSF1"
"MA0657.1","KLF13",-0.466145204846819,0,"cortex_late","up","promoter",TRUE,1,0.367136760476838,0.159526324161599,"KLF13"
"MA0658.1","LHX6",0.136797421620935,0,"cortex_late","up","promoter",TRUE,1,0.828230214780972,0.0640017841565306,"LHX6"
"MA0666.1","MSX1",0.0471802000278938,0,"cortex_late","up","promoter",TRUE,1,0.1174666850007,0.798678021225016,"MSX1"
"MA0670.1","NFIA",-0.151764656105136,0,"cortex_late","up","promoter",TRUE,1,-0.0446118130960471,0.836965216075202,"NFIA"
"MA0671.1","NFIX",-0.389790690593237,0,"cortex_late","up","promoter",TRUE,1,0.920894700338016,0.0385768678852775,"NFIX"
"MA0083.3","SRF",-0.00254341348383491,0,"cortex_late","up","promoter",TRUE,1,0.394956455418964,0.0605773048600956,"SRF"
"MA0690.1","TBX21",-0.308554468069651,0,"cortex_late","up","promoter",TRUE,1,1.66514802825355,0.109119064224061,"TBX21"
"MA0691.1","TFAP4",-0.306566645085755,0,"cortex_late","up","promoter",TRUE,1,0.234059751067489,0.491775768024472,"TFAP4"
"MA0145.3","TFCP2",-0.189147371287972,0,"cortex_late","up","promoter",TRUE,1,-0.270521960607984,0.0228630004160411,"TFCP2"
"MA0692.1","TFEB",0.108008756041684,0,"cortex_late","up","promoter",TRUE,1,0.572683458959158,0.0619450276272282,"TFEB"
"MA0694.1","ZBTB7B",0.0300741241174931,0,"cortex_late","up","promoter",TRUE,1,0.154685075131229,0.690580599688603,"ZBTB7B"
"MA0695.1","ZBTB7C",-0.012672178269014,0,"cortex_late","up","promoter",TRUE,1,1.04476026260957,0.0771797048903576,"ZBTB7C"
"MA0716.1","PRRX1",0.0267718343246184,0,"cortex_late","up","promoter",TRUE,1,0.88704444168176,0.0474606382941013,"PRRX1"
"MA0722.1","VAX1",-0.0629918532010567,0,"cortex_late","up","promoter",TRUE,1,0.305881850899317,0.833767807084669,"VAX1"
"MA0141.3","ESRRB",-0.247379894431477,0,"cortex_late","up","promoter",TRUE,1,-1.23719169277586,0.0538021583252273,"ESRRB"
"MA0017.2","NR2F1",-0.0574363809709846,0,"cortex_late","up","promoter",TRUE,1,0.714106291964725,0.214361008768726,"NR2F1"
"MA0472.2","EGR2",0.00125523105969183,0,"cortex_late","up","promoter",TRUE,1,2.9557831683514,0.00543504740369628,"EGR2"
"MA0736.1","GLIS2",-0.0552328147700898,0,"cortex_late","up","promoter",TRUE,1,-0.452732814220206,0.0815971532049507,"GLIS2"
"MA0749.1","ZBED1",-0.350779067494325,0,"cortex_late","up","promoter",TRUE,1,0.468161300168552,0.0641749323048502,"ZBED1"
"MA0088.2","ZNF143",-0.256651346802145,0,"cortex_late","up","promoter",TRUE,1,0.113175542531204,0.423980285045556,"ZNF143"
"MA0752.1","ZNF410",0.100369194517585,0,"cortex_late","up","promoter",TRUE,1,-0.409264896913698,0.0099448486175386,"ZNF410"
"MA0754.1","CUX1",-0.410814219533887,0,"cortex_late","up","promoter",TRUE,1,-0.639871530568587,0.0298145721105701,"CUX1"
"MA0759.1","ELK3",-0.334014138269929,0,"cortex_late","up","promoter",TRUE,1,0.330708801440769,0.2398630905309,"ELK3"
"MA0760.1","ERF",-0.239533733865971,0,"cortex_late","up","promoter",TRUE,1,-0.242743286574139,0.292841591307765,"ERF"
"MA0474.2","ERG",-0.328129692982367,0,"cortex_late","up","promoter",TRUE,1,-0.0873122960994186,0.805953037975104,"ERG"
"MA0098.3","ETS1",-0.401308295951556,0,"cortex_late","up","promoter",TRUE,1,0.104463415808721,0.772417938339684,"ETS1"
"MA0762.1","ETV2",-0.344455563743752,0,"cortex_late","up","promoter",TRUE,1,0.566219601725347,0.363934910142764,"ETV2"
"MA0763.1","ETV3",-0.490112950710158,0,"cortex_late","up","promoter",TRUE,1,0.177937865999423,0.210212448262891,"ETV3"
"MA0768.1","LEF1",-0.384150517257612,0,"cortex_late","up","promoter",TRUE,1,1.90249484679824,0.0180652427067034,"LEF1"
"MA0770.1","HSF2",0.0667749084192284,0,"cortex_late","up","promoter",TRUE,1,0.0583290477005285,0.724065621695407,"HSF2"
"MA0498.2","MEIS1",-0.0265292154634169,0,"cortex_late","up","promoter",TRUE,1,0.664042397654292,0.158880222962715,"MEIS1"
"MA0774.1","MEIS2",-0.176579198093589,0,"cortex_late","up","promoter",TRUE,1,0.00240920939135059,0.995459109912767,"MEIS2"
"MA0775.1","MEIS3",-0.164023318721666,0,"cortex_late","up","promoter",TRUE,1,1.1314026229715,0.0600622512986775,"MEIS3"
"MA0776.1","MYBL1",-0.00810685701236302,0,"cortex_late","up","promoter",TRUE,1,1.68538215945102,0.0122334468276326,"MYBL1"
"MA0105.4","NFKB1",-0.32880429732601,0,"cortex_late","up","promoter",TRUE,1,0.405257807980465,0.0892931004887569,"NFKB1"
"MA0783.1","PKNOX2",-0.0975934422119349,0,"cortex_late","up","promoter",TRUE,1,0.394272824380476,0.38554530958871,"PKNOX2"
"MA0785.1","POU2F1",0.149427157789869,0,"cortex_late","up","promoter",TRUE,1,0.223728842825509,0.428331585315998,"POU2F1"
"MA0794.1","PROX1",-0.438913187881745,0,"cortex_late","up","promoter",TRUE,1,-0.535703323737026,0.215777185403021,"PROX1"
"MA0600.2","RFX2",-0.377499603183257,0,"cortex_late","up","promoter",TRUE,1,-0.0877645373107878,0.778605028600402,"RFX2"
"MA0795.1","SMAD3",-0.00547359571090222,0,"cortex_late","up","promoter",TRUE,1,0.121366048735763,0.588111009882596,"SMAD3"
"MA0796.1","TGIF1",-0.350639257659814,0,"cortex_late","up","promoter",TRUE,1,0.794249406231259,0.024397496606554,"TGIF1"
"MA0797.1","TGIF2",-0.267503892533507,0,"cortex_late","up","promoter",TRUE,1,-0.0894147349062706,0.7842097534443,"TGIF2"
"MA0510.2","RFX5",-0.520583931892129,0,"cortex_late","up","promoter",TRUE,1,0.501414601589885,0.0983833366041225,"RFX5"
"MA0511.2","RUNX2",-0.156679399601543,0,"cortex_late","up","promoter",TRUE,1,2.05009004792153,0.0144923202630453,"RUNX2"
"MA0800.1","EOMES",-0.261146183917905,0,"cortex_late","up","promoter",TRUE,1,2.3904244876289,0.0453884867683635,"EOMES"
"MA0801.1","MGA",-0.190904580174851,0,"cortex_late","up","promoter",TRUE,1,-0.00931677187637536,0.958610340545883,"MGA"
"MA0804.1","TBX19",-0.184010598725138,0,"cortex_late","up","promoter",TRUE,1,-0.100633503188082,0.78140790859454,"TBX19"
"MA0805.1","TBX1",-0.321578113615447,0,"cortex_late","up","promoter",TRUE,1,2.16985939116411,0.0269522711228122,"TBX1"
"MA0808.1","TEAD3",0.0938063416975439,0,"cortex_late","up","promoter",TRUE,1,0.521680656924673,0.00638640839435599,"TEAD3"
"MA0811.1","TFAP2B",0.0251689438829317,0,"cortex_late","up","promoter",TRUE,1,-0.259982990856523,0.527583169794893,"TFAP2B"
"MA0818.1","BHLHE22",0.156724659466743,0,"cortex_late","up","promoter",TRUE,1,2.60969134217934,0.0147362418120288,"BHLHE22"
"MA0819.1","CLOCK",-0.0700579666404977,0,"cortex_late","up","promoter",TRUE,1,-0.344584352748873,0.28800642738705,"CLOCK"
"MA0823.1","HEY1",0.0478834402649841,0,"cortex_late","up","promoter",TRUE,1,0.144545892035918,0.696434910316029,"HEY1"
"MA0466.2","CEBPB",-0.0112100819753369,0,"cortex_late","up","promoter",TRUE,1,1.55619495932372,0.00389864211258081,"CEBPB"
"MA0839.1","CREB3L1",-0.237883956449428,0,"cortex_late","up","promoter",TRUE,1,2.43085209894203,0.00716078074477501,"CREB3L1"
"MA0844.1","XBP1",-0.110430010495603,0,"cortex_late","up","promoter",TRUE,1,0.348624663896845,0.0761247578428936,"XBP1"
"MA0032.2","FOXC1",-0.141083407465675,0,"cortex_late","up","promoter",TRUE,1,-0.179032381938588,0.704299410394463,"FOXC1"
"MA0846.1","FOXC2",0.103625485268087,0,"cortex_late","up","promoter",TRUE,1,0.430539472349024,0.239486083808496,"FOXC2"
"MA0848.1","FOXO4",-0.138271207630591,0,"cortex_late","up","promoter",TRUE,1,-0.521458010922331,0.00748630965046787,"FOXO4"
"MA0850.1","FOXP3",-0.111631306020442,0,"cortex_late","up","promoter",TRUE,1,0.663757276125553,0.376792157653482,"FOXP3"
"MA0855.1","RXRB",-0.65861878604787,0,"cortex_late","up","promoter",TRUE,1,-0.013595831285115,0.930702571123666,"RXRB"
"MA0856.1","RXRG",-0.43990569844507,0,"cortex_late","up","promoter",TRUE,1,-0.381741342730905,0.672267685894918,"RXRG"
"MA0861.1","TP73",-0.523150235462206,0,"cortex_late","up","promoter",TRUE,1,0.198602394146859,0.740297241194491,"TP73"
"MA0862.1","GMEB2",-0.0123296549818681,0,"cortex_late","up","promoter",TRUE,1,0.069577144549104,0.653871256266482,"GMEB2"
"MA0863.1","MTF1",0.0670273887386355,0,"cortex_late","up","promoter",TRUE,1,-0.23168631262967,0.250223375849655,"MTF1"
"MA0024.3","E2F1",-0.465794093433372,0,"cortex_late","up","promoter",TRUE,1,-9.23251704945116e-05,0.999934552034004,"E2F1"
"MA0028.2","ELK1",-0.536764089868258,0,"cortex_late","up","promoter",TRUE,1,0.249401399433791,0.166237083287717,"ELK1"
"MA0889.1","GBX1",0.0921987904669743,0,"cortex_late","up","promoter",TRUE,1,-0.0757867066593149,0.915108276475197,"GBX1"
"MA0891.1","GSC2",-0.182598197977392,0,"cortex_late","up","promoter",TRUE,1,-1.27976744344108,0.0773524078228098,"GSC2"
"MA0899.1","HOXA10",0.0906947701244718,0,"cortex_late","up","promoter",TRUE,1,-0.301074636628616,0.0624049336475272,"HOXA10"
"MA0903.1","HOXB3",0.132160271859243,0,"cortex_late","up","promoter",TRUE,1,0.316447877789761,0.288978893472889,"HOXB3"
"MA0852.2","FOXK1",0.0543233642234124,0,"cortex_late","up","promoter",TRUE,1,-0.137536006976261,0.378982704233958,"FOXK1"
"MA0161.2","NFIC",-0.28075859942568,0,"cortex_late","up","promoter",TRUE,1,0.0479395657695862,0.821202623198197,"NFIC"
"MA0060.3","NFYA",0.00703662168512231,0,"cortex_late","up","promoter",TRUE,1,0.127865048398804,0.449370859968367,"NFYA"
"MA1111.1","NR2F2",-0.144636357790358,0,"cortex_late","up","promoter",TRUE,1,0.256892847501779,0.208201202492486,"NR2F2"
"MA0014.3","PAX5",-0.0513841558220669,0,"cortex_late","up","promoter",TRUE,1,3.04953545833408,0.0676302692915357,"PAX5"
"MA1116.1","RBPJ",-0.238520812405222,0,"cortex_late","up","promoter",TRUE,1,0.353842408100793,0.0476151303405136,"RBPJ"
"MA1117.1","RELB",-0.00918328421650028,0,"cortex_late","up","promoter",TRUE,1,1.03654016209544,0.0547321416976345,"RELB"
"MA1120.1","SOX13",-0.285237635177923,0,"cortex_late","up","promoter",TRUE,1,-0.0888534469175832,0.780316048879504,"SOX13"
"MA1121.1","TEAD2",0.0552107329038742,0,"cortex_late","up","promoter",TRUE,1,0.398929707202682,0.203416788736098,"TEAD2"
"MA1122.1","TFDP1",-0.0336342708385722,0,"cortex_late","up","promoter",TRUE,1,0.0491686458014362,0.730931570793093,"TFDP1"
"MA0103.3","ZEB1",-0.0831271843058694,0,"cortex_late","up","promoter",TRUE,1,-0.226063817000626,0.436363855145491,"ZEB1"
"MA1125.1","ZNF384",0.0720660452967428,0,"cortex_late","up","promoter",TRUE,1,-0.198809362199945,0.119827039458488,"ZNF384"
"MA1154.1","ZNF282",0.0615355463002318,0,"cortex_late","up","promoter",TRUE,1,-0.0775515311263906,0.643492291567831,"ZNF282"
"MA1126.1","FOS::JUN(var.2)",-0.204248441277834,0,"cortex_late","up","promoter",TRUE,1,0.0732688759655913,0.949948116968932,"FOS"
"MA1132.1","JUN::JUNB",-0.0127572451831375,0,"cortex_late","up","promoter",TRUE,1,0.987021576512366,0.0505275527139367,"JUNB"
"MA1143.1","FOSL1::JUND(var.2)",-0.287475403827465,0,"cortex_late","up","promoter",TRUE,1,2.10935552338616,0.016545053702966,"FOSL1"
"MA1148.1","PPARA::RXRA",-0.0538373086026622,0,"cortex_late","up","promoter",TRUE,1,-1.40563125878995,0.0178870437190186,"PPARA"
"MA1149.1","RARA::RXRG",0.0334001869458946,0,"cortex_late","up","promoter",TRUE,1,0.149275406051572,0.583960222172284,"RARA"
"MA0831.2","TFE3",-0.0173472978929503,0,"cortex_late","up","promoter",TRUE,1,0.0155579212628814,0.923689250327481,"TFE3"
"MA0693.2","VDR",0.0165610213526914,0,"cortex_late","up","promoter",TRUE,1,0.308192199139582,0.52607256528957,"VDR"
"MA1421.1","TCF7L1",-0.337662264896526,0,"cortex_late","up","promoter",TRUE,1,0.038125697307426,0.91510880833701,"TCF7L1"
"MA1466.1","ATF6",-0.323651530840125,0,"cortex_late","up","promoter",TRUE,1,0.0551701682574581,0.742498530039227,"ATF6"
"MA1101.2","BACH2",-0.114486300682746,0,"cortex_late","up","promoter",TRUE,1,0.886009799480719,0.141809105983968,"BACH2"
"MA1471.1","BARX2",0.133230991153563,0,"cortex_late","up","promoter",TRUE,1,1.3366037487251,0.0795525268876396,"BARX2"
"MA1483.1","ELF2",-0.151517721810832,0,"cortex_late","up","promoter",TRUE,1,-0.0977781842415455,0.659184813609932,"ELF2"
"MA1484.1","ETS2",-0.370287466339255,0,"cortex_late","up","promoter",TRUE,1,0.235259681730191,0.403999783271664,"ETS2"
"MA1487.1","FOXE1",0.0201074880335059,0,"cortex_late","up","promoter",TRUE,1,0.165545902554006,0.916757977262879,"FOXE1"
"MA1489.1","FOXN3",0.0122221761420889,0,"cortex_late","up","promoter",TRUE,1,-0.0170264651052374,0.94824231177084,"FOXN3"
"MA1491.1","GLI3",-0.207918663832362,0,"cortex_late","up","promoter",TRUE,1,0.195846706149949,0.415523616044721,"GLI3"
"MA1496.1","HOXA4",-0.0805055118117126,0,"cortex_late","up","promoter",TRUE,1,-0.328579387546617,0.0889229578668277,"HOXA4"
"MA1497.1","HOXA6",-0.131332514641348,0,"cortex_late","up","promoter",TRUE,1,0.0684813732562888,0.802291316465486,"HOXA6"
"MA1498.1","HOXA7",0.0454721192990579,0,"cortex_late","up","promoter",TRUE,1,-0.644932767571269,0.020461876497108,"HOXA7"
"MA1499.1","HOXB4",0.128286845802475,0,"cortex_late","up","promoter",TRUE,1,-0.234371268411707,0.415156280676598,"HOXB4"
"MA1500.1","HOXB6",-0.108996154671317,0,"cortex_late","up","promoter",TRUE,1,0.112229652365349,0.762380463958116,"HOXB6"
"MA1501.1","HOXB7",-0.013245843800612,0,"cortex_late","up","promoter",TRUE,1,0.0546040514026656,0.882693100775046,"HOXB7"
"MA1502.1","HOXB8",-0.149170227195682,0,"cortex_late","up","promoter",TRUE,1,0.302957287113811,0.457526461585833,"HOXB8"
"MA1505.1","HOXC8",-0.0198359753443542,0,"cortex_late","up","promoter",TRUE,1,0.259697434719194,0.338502265852407,"HOXC8"
"MA1506.1","HOXD10",-0.0421474245736273,0,"cortex_late","up","promoter",TRUE,1,0.250425744334608,0.521865736005921,"HOXD10"
"MA1509.1","IRF6",0.00704057134469416,0,"cortex_late","up","promoter",TRUE,1,-0.421448845583532,0.179310696495779,"IRF6"
"MA1512.1","KLF11",0.00635246289255598,0,"cortex_late","up","promoter",TRUE,1,0.568595440067086,0.160395225565707,"KLF11"
"MA1513.1","KLF15",-0.037969048022406,0,"cortex_late","up","promoter",TRUE,1,-1.21191688966138,0.0504137175878336,"KLF15"
"MA1515.1","KLF2",-0.00661226582771768,0,"cortex_late","up","promoter",TRUE,1,1.09690384265259,0.011073244496898,"KLF2"
"MA1517.1","KLF6",-0.102493829879855,0,"cortex_late","up","promoter",TRUE,1,0.858501826661747,0.0204023158607641,"KLF6"
"MA1518.1","LHX1",-0.0462897033623317,0,"cortex_late","up","promoter",TRUE,1,-1.25961386257443,0.0336592304463987,"LHX1"
"MA1520.1","MAF",-0.371207669683772,0,"cortex_late","up","promoter",TRUE,1,-0.749296741488903,0.138596254609732,"MAF"
"MA1531.1","NR1D1",0.0674597650358644,0,"cortex_late","up","promoter",TRUE,1,-0.952908464115697,0.0206843365698509,"NR1D1"
"MA1535.1","NR2C1",-0.160086852751268,0,"cortex_late","up","promoter",TRUE,1,0.0513481072925432,0.848764100034936,"NR2C1"
"MA1541.1","NR6A1",-0.171829116846023,0,"cortex_late","up","promoter",TRUE,1,-0.228536655670166,0.220257902756409,"NR6A1"
"MA1544.1","OVOL1",0.141207950014677,0,"cortex_late","up","promoter",TRUE,1,-0.499407127232584,0.324682019675354,"OVOL1"
"MA1545.1","OVOL2",-0.145057774687888,0,"cortex_late","up","promoter",TRUE,1,-0.937384980994091,0.163092803632322,"OVOL2"
"MA1547.1","PITX2",0.0743225676488493,0,"cortex_late","up","promoter",TRUE,1,-0.887872832656273,0.104140563403556,"PITX2"
"MA1548.1","PLAGL2",-0.0647352143382083,0,"cortex_late","up","promoter",TRUE,1,0.00148680787333522,0.992684284962528,"PLAGL2"
"MA1550.1","PPARD",-0.561210139702371,0,"cortex_late","up","promoter",TRUE,1,0.608619133164281,0.0516790956070259,"PPARD"
"MA1554.1","RFX7",0.0644411441360786,0,"cortex_late","up","promoter",TRUE,1,0.00244834820523376,0.993120758035164,"RFX7"
"MA1558.1","SNAI1",-0.0685978671595144,0,"cortex_late","up","promoter",TRUE,1,1.08564336920093,0.0137953755692324,"SNAI1"
"MA1561.1","SOX12",0.05041870668932,0,"cortex_late","up","promoter",TRUE,1,-0.361349976612461,0.262467188837292,"SOX12"
"MA1563.1","SOX18",-0.700023943027166,0,"cortex_late","up","promoter",TRUE,1,0.00292157347417987,0.994506061237315,"SOX18"
"MA1566.1","TBX3",0.0876821324241863,0,"cortex_late","up","promoter",TRUE,1,0.102915683841081,0.740297241194491,"TBX3"
"MA1567.1","TBX6",-0.0421653410838445,0,"cortex_late","up","promoter",TRUE,1,-0.535548446437226,0.276636771493716,"TBX6"
"MA1573.1","THAP11",0.110831212047205,0,"cortex_late","up","promoter",TRUE,1,-0.110290111666856,0.630704109734632,"THAP11"
"MA1574.1","THRB",-0.0768274583409054,0,"cortex_late","up","promoter",TRUE,1,-1.6658269470324,0.0099448486175386,"THRB"
"MA1578.1","VEZF1",-0.00652033960681742,0,"cortex_late","up","promoter",TRUE,1,0.13098633501567,0.409155788581504,"VEZF1"
"MA1579.1","ZBTB26",0.0500778174953922,0,"cortex_late","up","promoter",TRUE,1,-0.364494695356772,0.225241831539457,"ZBTB26"
"MA1581.1","ZBTB6",-0.0836163285649505,0,"cortex_late","up","promoter",TRUE,1,-0.184074101784175,0.643162161370863,"ZBTB6"
"MA1583.1","ZFP57",-0.0320070712915923,0,"cortex_late","up","promoter",TRUE,1,-0.103947425277808,0.474366253525041,"ZFP57"
"MA1585.1","ZKSCAN1",-0.256752018894749,0,"cortex_late","up","promoter",TRUE,1,-0.186655574377817,0.415452988665755,"ZKSCAN1"
"MA1589.1","ZNF140",0.0704873634154772,0,"cortex_late","up","promoter",TRUE,1,0.363278994076396,0.263827011539419,"ZNF140"
"MA1592.1","ZNF274",-0.0216242736530328,0,"cortex_late","up","promoter",TRUE,1,0.398293994423678,0.148166086713876,"ZNF274"
"MA1593.1","ZNF317",-0.0865744403920363,0,"cortex_late","up","promoter",TRUE,1,0.188070251113703,0.109815886554582,"ZNF317"
"MA1594.1","ZNF382",-0.191533242190072,0,"cortex_late","up","promoter",TRUE,1,-0.0948771776808257,0.766102078741142,"ZNF382"
"MA1600.1","ZNF684",0.105280745852275,0,"cortex_late","up","promoter",TRUE,1,0.24699524891876,0.36331335292729,"ZNF684"
"MA1601.1","ZNF75D",-0.15079779319628,0,"cortex_late","up","promoter",TRUE,1,-0.0343495463244183,0.819366268136413,"ZNF75D"
"MA1602.1","ZSCAN29",-0.243147290745963,0,"cortex_late","up","promoter",TRUE,1,-0.171044960347177,0.361383173126386,"ZSCAN29"
"MA0864.2","E2F2",-0.100599073635208,0,"cortex_late","up","promoter",TRUE,1,2.16310203768275,0.0266657347108946,"E2F2"
"MA0469.3","E2F3",0.139795646897522,0,"cortex_late","up","promoter",TRUE,1,0.0639608022362301,0.86849553817273,"E2F3"
"MA0470.2","E2F4",-0.0102520349641333,0,"cortex_late","up","promoter",TRUE,1,0.268943575403831,0.186817082099646,"E2F4"
"MA0847.2","FOXD2",-0.0366580651645725,0,"cortex_late","up","promoter",TRUE,1,-0.638139824644596,0.188673528040689,"FOXD2"
"MA0734.2","GLI2",-0.251950308196155,0,"cortex_late","up","promoter",TRUE,1,1.5218799508573,0.0166052938123415,"GLI2"
"MA0594.2","HOXA9",-0.0696916650057533,0,"cortex_late","up","promoter",TRUE,1,-0.207499195594185,0.336693854373909,"HOXA9"
"MA0910.2","HOXD8",-0.297852834488813,0,"cortex_late","up","promoter",TRUE,1,-0.247006857707948,0.459135421366113,"HOXD8"
"MA0913.2","HOXD9",0.124164725746287,0,"cortex_late","up","promoter",TRUE,1,-0.220051670664814,0.432420314672991,"HOXD9"
"MA0703.2","LMX1B",-0.197523781518218,0,"cortex_late","up","promoter",TRUE,1,-1.84069961652843,0.0180418116823236,"LMX1B"
"MA0842.2","NRL",-0.298737152146253,0,"cortex_late","up","promoter",TRUE,1,-0.663213236069124,0.0389492960832284,"NRL"
"MA0075.3","PRRX2",-0.040546231365294,0,"cortex_late","up","promoter",TRUE,1,2.1194664143216,0.0196498713122675,"PRRX2"
"MA0867.2","SOX4",0.0154907082907689,0,"cortex_late","up","promoter",TRUE,1,0.301882913349457,0.545106407190992,"SOX4"
"MA0516.2","SP2",0.014162819992622,0,"cortex_late","up","promoter",TRUE,1,0.0672624806107178,0.724169610801314,"SP2"
"MA0746.2","SP3",-0.0263809613354855,0,"cortex_late","up","promoter",TRUE,1,0.109857962317119,0.548861568587062,"SP3"
"MA0871.2","TFEC",0.00229496265351514,0,"cortex_late","up","promoter",TRUE,1,-1.14927017579855,0.0819612126195886,"TFEC"
"MA0753.2","ZNF740",-0.0487546935347805,0,"cortex_late","up","promoter",TRUE,1,0.140793219266418,0.383650068966542,"ZNF740"
"MA1633.1","BACH1",0.0936282108769078,0,"cortex_late","up","promoter",TRUE,1,0.215623552209181,0.426882226405801,"BACH1"
"MA1643.1","NFIB",0.0368463574512194,0,"cortex_late","up","promoter",TRUE,1,-0.801967209982136,0.0310195339310119,"NFIB"
"MA1644.1","NFYC",0.0543688495717998,0,"cortex_late","up","promoter",TRUE,1,-0.405333178581786,0.0356282910709909,"NFYC"
"MA1651.1","ZFP42",-0.165581114177037,0,"cortex_late","up","promoter",TRUE,1,0.590383423050386,0.229993067100302,"ZFP42"
"MA1655.1","ZNF341",-0.0475308694869838,0,"cortex_late","up","promoter",TRUE,1,-0.0568824868307107,0.802263160430005,"ZNF341"
"MA1656.1","ZNF449",0.00466012843172692,0,"cortex_late","up","promoter",TRUE,1,0.295598152723616,0.409591317759226,"ZNF449"
"MA1657.1","ZNF652",0.0640296244193657,0,"cortex_late","up","promoter",TRUE,1,-0.223573800710028,0.291824000832322,"ZNF652"
"MA0833.2","ATF4",-0.0660112068297196,0,"cortex_late","up","promoter",TRUE,1,0.554828797699761,0.0497667357402476,"ATF4"
"MA0102.4","CEBPA",-0.097274115423736,0,"cortex_late","up","promoter",TRUE,1,-0.0534580467573815,0.902953038803753,"CEBPA"
"MA0836.2","CEBPD",-0.321559914736578,0,"cortex_late","up","promoter",TRUE,1,1.44345369263554,0.00638640839435599,"CEBPD"
"MA0471.2","E2F6",-0.0930026933565689,0,"cortex_late","up","promoter",TRUE,1,0.242438800757994,0.097624693395725,"E2F6"
"MA0162.4","EGR1",0.00386392353406251,0,"cortex_late","up","promoter",TRUE,1,0.993488240979284,0.175778955921886,"EGR1"
"MA0592.3","ESRRA",-0.214080146348647,0,"cortex_late","up","promoter",TRUE,1,-0.616565060989549,0.0889287925938677,"ESRRA"
"MA0765.2","ETV5",-0.0600410907276769,0,"cortex_late","up","promoter",TRUE,1,-0.646748228578178,0.276180209783554,"ETV5"
"MA1103.2","FOXK2",0.00266183007853016,0,"cortex_late","up","promoter",TRUE,1,-0.354193883277111,0.0412444543084018,"FOXK2"
"MA0481.3","FOXP1",-0.00281067620547759,0,"cortex_late","up","promoter",TRUE,1,0.0808789329271917,0.774532961151454,"FOXP1"
"MA1105.2","GRHL2",0.000556663040224947,0,"cortex_late","up","promoter",TRUE,1,0.210334170305685,0.455926607530173,"GRHL2"
"MA1107.2","KLF9",-0.0851045708676264,0,"cortex_late","up","promoter",TRUE,1,-0.197012528931298,0.780229556932,"KLF9"
"MA0495.3","MAFF",-0.326941416553176,0,"cortex_late","up","promoter",TRUE,1,1.19899802643827,0.0273036282512805,"MAFF"
"MA0659.2","MAFG",-0.216188399336899,0,"cortex_late","up","promoter",TRUE,1,0.110727696998016,0.540526967059497,"MAFG"
"MA0496.3","MAFK",-0.190168965946643,0,"cortex_late","up","promoter",TRUE,1,-0.0592938378199301,0.820849080597603,"MAFK"
"MA0620.3","MITF",-0.120782375568981,0,"cortex_late","up","promoter",TRUE,1,-0.421950461520824,0.084258042308899,"MITF"
"MA1108.2","MXI1",0.0738078891994007,0,"cortex_late","up","promoter",TRUE,1,-0.8408892143695,0.0324376444095301,"MXI1"
"MA0056.2","MZF1",-0.021079151343816,0,"cortex_late","up","promoter",TRUE,1,0.230232641685022,0.258638089854901,"MZF1"
"MA0089.2","NFE2L1",-1.01653839433654,0,"cortex_late","up","promoter",TRUE,1,0.39550938680892,0.0167434207201977,"NFE2L1"
"MA0502.2","NFYB",-0.14662238005863,0,"cortex_late","up","promoter",TRUE,1,0.0535703405217713,0.791034907841889,"NFYB"
"MA1112.2","NR4A1",-0.122319677821904,0,"cortex_late","up","promoter",TRUE,1,-0.877932818285481,0.295695214214979,"NR4A1"
"MA0679.2","ONECUT1",0.028440276986883,0,"cortex_late","up","promoter",TRUE,1,-0.305681157401709,0.79726462709597,"ONECUT1"
"MA1113.2","PBX2",-0.0926146684276397,0,"cortex_late","up","promoter",TRUE,1,-0.0716879256131486,0.592499892421122,"PBX2"
"MA0508.3","PRDM1",-0.0836304579938068,0,"cortex_late","up","promoter",TRUE,1,0.851380000503385,0.102516486577911,"PRDM1"
"MA0509.2","RFX1",-0.0113099299854156,0,"cortex_late","up","promoter",TRUE,1,-0.0862975991716723,0.767027162375109,"RFX1"
"MA0798.2","RFX3",-0.0238091386475574,0,"cortex_late","up","promoter",TRUE,1,-0.369887629903715,0.0899832485099614,"RFX3"
"MA0745.2","SNAI2",-0.236782864571649,0,"cortex_late","up","promoter",TRUE,1,0.643499167235776,0.093934214104676,"SNAI2"
"MA0522.3","TCF3",-0.0641552002906689,0,"cortex_late","up","promoter",TRUE,1,0.557824702012325,0.164946685394945,"TCF3"
"MA0830.2","TCF4",-0.081622229285907,0,"cortex_late","up","promoter",TRUE,1,0.230313803831776,0.515529818856741,"TCF4"
"MA0769.2","TCF7",0.064612005703979,0,"cortex_late","up","promoter",TRUE,1,0.671607301980921,0.406633927331149,"TCF7"
"MA0090.3","TEAD1",-0.108977679112954,0,"cortex_late","up","promoter",TRUE,1,0.021731518988295,0.95950778813433,"TEAD1"
"MA0809.2","TEAD4",-0.108534963382,0,"cortex_late","up","promoter",TRUE,1,0.94200136013122,0.0116730618613006,"TEAD4"
"MA0003.4","TFAP2A",-0.0817290000351019,0,"cortex_late","up","promoter",TRUE,1,0.136494272440522,0.671569041798904,"TFAP2A"
"MA0093.3","USF1",-0.0441332409346371,0,"cortex_late","up","promoter",TRUE,1,0.205963435892328,0.466491178494197,"USF1"
"MA0526.3","USF2",-0.0913450031354763,0,"cortex_late","up","promoter",TRUE,1,-0.254954552846203,0.144650105291358,"USF2"
"MA0528.2","ZNF263",-0.107952644936583,0,"cortex_late","up","promoter",TRUE,1,0.297947962619334,0.149510985786169,"ZNF263"
"MA0030.1","FOXF2",0.228760717982886,0.0147035200310386,"cortex_late","up","enhancer",TRUE,0.966710598447996,1.97874974844741,0.0164160764157412,"FOXF2"
"MA0074.1","RXRA::VDR",0.309375572189836,0.0147035200310386,"cortex_late","up","enhancer",TRUE,0.966710598447996,-0.35170414551812,0.0446090522371796,"RXRA"
"MA0091.1","TAL1::TCF3",0.281467030853772,0.0147035200310386,"cortex_late","up","enhancer",TRUE,0.966710598447996,0.557824702012325,0.164946685394945,"TCF3"
"MA0163.1","PLAG1",0.160033680468255,0.0147035200310386,"cortex_late","up","enhancer",TRUE,0.966710598447996,-0.659814240566227,0.0330035180216781,"PLAG1"
"MA0476.1","FOS",0.315676276154822,0.0147035200310386,"cortex_late","up","enhancer",TRUE,0.966710598447996,0.0732688759655913,0.949948116968932,"FOS"
"MA0095.2","YY1",0.195308731550584,0.0147035200310386,"cortex_late","up","enhancer",TRUE,0.966710598447996,-0.0384036864583219,0.761721173984392,"YY1"
"MA0593.1","FOXP2",0.151513735038786,0.0147035200310386,"cortex_late","up","enhancer",TRUE,0.966710598447996,-0.0870864022130844,0.894221743407541,"FOXP2"
"MA0042.2","FOXI1",0.182527123160947,0.0147035200310386,"cortex_late","up","enhancer",TRUE,0.966710598447996,-1.39593847266708,0.0144730671977558,"FOXI1"
"MA0660.1","MEF2B",0.365554844478758,0.0147035200310386,"cortex_late","up","enhancer",TRUE,0.966710598447996,0.49074170369681,0.461384502314738,"MEF2B"
"MA0665.1","MSC",0.165495589497142,0.0147035200310386,"cortex_late","up","enhancer",TRUE,0.966710598447996,2.83767986683434,0.0379757731696713,"MSC"
"MA0666.1","MSX1",0.247876709393701,0.0147035200310386,"cortex_late","up","enhancer",TRUE,0.966710598447996,0.1174666850007,0.798678021225016,"MSX1"
"MA0691.1","TFAP4",0.209764848560842,0.0147035200310386,"cortex_late","up","enhancer",TRUE,0.966710598447996,0.234059751067489,0.491775768024472,"TFAP4"
"MA0716.1","PRRX1",0.207500382470337,0.0147035200310386,"cortex_late","up","enhancer",TRUE,0.966710598447996,0.88704444168176,0.0474606382941013,"PRRX1"
"MA0722.1","VAX1",0.265377845861875,0.0147035200310386,"cortex_late","up","enhancer",TRUE,0.966710598447996,0.305881850899317,0.833767807084669,"VAX1"
"MA0141.3","ESRRB",0.314402146229916,0.0147035200310386,"cortex_late","up","enhancer",TRUE,0.966710598447996,-1.23719169277586,0.0538021583252273,"ESRRB"
"MA0088.2","ZNF143",0.436707735349785,0.0147035200310386,"cortex_late","up","enhancer",TRUE,0.966710598447996,0.113175542531204,0.423980285045556,"ZNF143"
"MA0773.1","MEF2D",0.347212847098717,0.0147035200310386,"cortex_late","up","enhancer",TRUE,0.966710598447996,0.277264857858333,0.129101237872296,"MEF2D"
"MA0498.2","MEIS1",0.18823765353065,0.0147035200310386,"cortex_late","up","enhancer",TRUE,0.966710598447996,0.664042397654292,0.158880222962715,"MEIS1"
"MA0105.4","NFKB1",0.376680315640206,0.0147035200310386,"cortex_late","up","enhancer",TRUE,0.966710598447996,0.405257807980465,0.0892931004887569,"NFKB1"
"MA0795.1","SMAD3",0.34812985997443,0.0147035200310386,"cortex_late","up","enhancer",TRUE,0.966710598447996,0.121366048735763,0.588111009882596,"SMAD3"
"MA0848.1","FOXO4",0.182527123160947,0.0147035200310386,"cortex_late","up","enhancer",TRUE,0.966710598447996,-0.521458010922331,0.00748630965046787,"FOXO4"
"MA0855.1","RXRB",0.355455775061116,0.0147035200310386,"cortex_late","up","enhancer",TRUE,0.966710598447996,-0.013595831285115,0.930702571123666,"RXRB"
"MA0886.1","EMX2",0.193777589586482,0.0147035200310386,"cortex_late","up","enhancer",TRUE,0.966710598447996,-0.0119007550013999,0.973091095607023,"EMX2"
"MA0889.1","GBX1",0.20815517365236,0.0147035200310386,"cortex_late","up","enhancer",TRUE,0.966710598447996,-0.0757867066593149,0.915108276475197,"GBX1"
"MA0899.1","HOXA10",0.195944460623492,0.0147035200310386,"cortex_late","up","enhancer",TRUE,0.966710598447996,-0.301074636628616,0.0624049336475272,"HOXA10"
"MA0905.1","HOXC10",0.244426762750951,0.0147035200310386,"cortex_late","up","enhancer",TRUE,0.966710598447996,0.0829181808846,0.79923636090623,"HOXC10"
"MA0036.3","GATA2",0.263559925732812,0.0147035200310386,"cortex_late","up","enhancer",TRUE,0.966710598447996,-0.922089085870465,0.0238793397352311,"GATA2"
"MA1106.1","HIF1A",0.228726608050319,0.0147035200310386,"cortex_late","up","enhancer",TRUE,0.966710598447996,1.14093533925004,0.00389864211258081,"HIF1A"
"MA0014.3","PAX5",0.309012998161647,0.0147035200310386,"cortex_late","up","enhancer",TRUE,0.966710598447996,3.04953545833408,0.0676302692915357,"PAX5"
"MA0037.3","GATA3",0.293534319742101,0.0147035200310386,"cortex_late","up","enhancer",TRUE,0.966710598447996,-0.016450652305716,0.957898617959031,"GATA3"
"MA0099.3","FOS::JUN",0.258788626804624,0.0147035200310386,"cortex_late","up","enhancer",TRUE,0.966710598447996,0.234618959475633,0.479714656230028,"JUN"
"MA1128.1","FOSL1::JUN",0.288400890348717,0.0147035200310386,"cortex_late","up","enhancer",TRUE,0.966710598447996,2.10935552338616,0.016545053702966,"FOSL1"
"MA1130.1","FOSL2::JUN",0.320146217136714,0.0147035200310386,"cortex_late","up","enhancer",TRUE,0.966710598447996,1.02846159986398,0.00413734877776558,"FOSL2"
"MA1132.1","JUN::JUNB",0.188263423104637,0.0147035200310386,"cortex_late","up","enhancer",TRUE,0.966710598447996,0.987021576512366,0.0505275527139367,"JUNB"
"MA1134.1","FOS::JUNB",0.323816616248036,0.0147035200310386,"cortex_late","up","enhancer",TRUE,0.966710598447996,0.987021576512366,0.0505275527139367,"JUNB"
"MA1135.1","FOSB::JUNB",0.204644821929575,0.0147035200310386,"cortex_late","up","enhancer",TRUE,0.966710598447996,0.987021576512366,0.0505275527139367,"JUNB"
"MA1137.1","FOSL1::JUNB",0.19902618278363,0.0147035200310386,"cortex_late","up","enhancer",TRUE,0.966710598447996,2.10935552338616,0.016545053702966,"FOSL1"
"MA1138.1","FOSL2::JUNB",0.26653582867562,0.0147035200310386,"cortex_late","up","enhancer",TRUE,0.966710598447996,1.02846159986398,0.00413734877776558,"FOSL2"
"MA1141.1","FOS::JUND",0.36270439019804,0.0147035200310386,"cortex_late","up","enhancer",TRUE,0.966710598447996,0.176041424308677,0.44988657898698,"JUND"
"MA1142.1","FOSL1::JUND",0.254622472884114,0.0147035200310386,"cortex_late","up","enhancer",TRUE,0.966710598447996,2.10935552338616,0.016545053702966,"FOSL1"
"MA1144.1","FOSL2::JUND",0.251008511382202,0.0147035200310386,"cortex_late","up","enhancer",TRUE,0.966710598447996,1.02846159986398,0.00413734877776558,"FOSL2"
"MA1148.1","PPARA::RXRA",0.142369807018044,0.0147035200310386,"cortex_late","up","enhancer",TRUE,0.966710598447996,-1.40563125878995,0.0178870437190186,"PPARA"
"MA1497.1","HOXA6",0.269771021172891,0.0147035200310386,"cortex_late","up","enhancer",TRUE,0.966710598447996,0.0684813732562888,0.802291316465486,"HOXA6"
"MA1503.1","HOXB9",0.312732292398351,0.0147035200310386,"cortex_late","up","enhancer",TRUE,0.966710598447996,0.139019574035474,0.798438427624629,"HOXB9"
"MA1505.1","HOXC8",0.355216577616109,0.0147035200310386,"cortex_late","up","enhancer",TRUE,0.966710598447996,0.259697434719194,0.338502265852407,"HOXC8"
"MA1506.1","HOXD10",0.346375605275922,0.0147035200310386,"cortex_late","up","enhancer",TRUE,0.966710598447996,0.250425744334608,0.521865736005921,"HOXD10"
"MA1508.1","IKZF1",0.12066518360178,0.0147035200310386,"cortex_late","up","enhancer",TRUE,0.966710598447996,2.23956301583121,0.0306730728198086,"IKZF1"
"MA1517.1","KLF6",0.156954208344885,0.0147035200310386,"cortex_late","up","enhancer",TRUE,0.966710598447996,0.858501826661747,0.0204023158607641,"KLF6"
"MA1534.1","NR1I3",0.221725264245205,0.0147035200310386,"cortex_late","up","enhancer",TRUE,0.966710598447996,-2.77151182229256,0.0208960878408056,"NR1I3"
"MA1541.1","NR6A1",0.262922175871389,0.0147035200310386,"cortex_late","up","enhancer",TRUE,0.966710598447996,-0.228536655670166,0.220257902756409,"NR6A1"
"MA1557.1","SMAD5",0.542366791581104,0.0147035200310386,"cortex_late","up","enhancer",TRUE,0.966710598447996,-0.171495166281051,0.502575061009404,"SMAD5"
"MA1585.1","ZKSCAN1",0.304728143563319,0.0147035200310386,"cortex_late","up","enhancer",TRUE,0.966710598447996,-0.186655574377817,0.415452988665755,"ZKSCAN1"
"MA0612.2","EMX1",0.239305056027813,0.0147035200310386,"cortex_late","up","enhancer",TRUE,0.966710598447996,-1.49587894973875,0.0146499492356548,"EMX1"
"MA0766.2","GATA5",0.309395904503599,0.0147035200310386,"cortex_late","up","enhancer",TRUE,0.966710598447996,-0.858321146014657,0.090824984476688,"GATA5"
"MA0594.2","HOXA9",0.520261519221206,0.0147035200310386,"cortex_late","up","enhancer",TRUE,0.966710598447996,-0.207499195594185,0.336693854373909,"HOXA9"
"MA0485.2","HOXC9",0.339528034700724,0.0147035200310386,"cortex_late","up","enhancer",TRUE,0.966710598447996,0.0106923027358348,0.973223681010187,"HOXC9"
"MA0913.2","HOXD9",0.304155092744106,0.0147035200310386,"cortex_late","up","enhancer",TRUE,0.966710598447996,-0.220051670664814,0.432420314672991,"HOXD9"
"MA0703.2","LMX1B",0.260675239997686,0.0147035200310386,"cortex_late","up","enhancer",TRUE,0.966710598447996,-1.84069961652843,0.0180418116823236,"LMX1B"
"MA0075.3","PRRX2",0.266790773445904,0.0147035200310386,"cortex_late","up","enhancer",TRUE,0.966710598447996,2.1194664143216,0.0196498713122675,"PRRX2"
"MA0516.2","SP2",0.121286996474047,0.0147035200310386,"cortex_late","up","enhancer",TRUE,0.966710598447996,0.0672624806107178,0.724169610801314,"SP2"
"MA1647.1","PRDM4",0.148563714542719,0.0147035200310386,"cortex_late","up","enhancer",TRUE,0.966710598447996,0.0432959774066282,0.825200630474584,"PRDM4"
"MA1651.1","ZFP42",0.21349285352257,0.0147035200310386,"cortex_late","up","enhancer",TRUE,0.966710598447996,0.590383423050386,0.229993067100302,"ZFP42"
"MA1655.1","ZNF341",0.117704747045203,0.0147035200310386,"cortex_late","up","enhancer",TRUE,0.966710598447996,-0.0568824868307107,0.802263160430005,"ZNF341"
"MA0833.2","ATF4",0.456784242370567,0.0147035200310386,"cortex_late","up","enhancer",TRUE,0.966710598447996,0.554828797699761,0.0497667357402476,"ATF4"
"MA0154.4","EBF1",0.13232978572662,0.0147035200310386,"cortex_late","up","enhancer",TRUE,0.966710598447996,0.0789783965357946,0.851382829431161,"EBF1"
"MA0477.2","FOSL1",0.396842237309545,0.0147035200310386,"cortex_late","up","enhancer",TRUE,0.966710598447996,2.10935552338616,0.016545053702966,"FOSL1"
"MA0482.2","GATA4",0.160354950454426,0.0147035200310386,"cortex_late","up","enhancer",TRUE,0.966710598447996,-0.504200287194804,0.711362867217369,"GATA4"
"MA1104.2","GATA6",0.404740396550777,0.0147035200310386,"cortex_late","up","enhancer",TRUE,0.966710598447996,1.18590412577478,0.0411088110400008,"GATA6"
"MA0490.2","JUNB",0.289702660518174,0.0147035200310386,"cortex_late","up","enhancer",TRUE,0.966710598447996,0.987021576512366,0.0505275527139367,"JUNB"
"MA0491.2","JUND",0.344607418254573,0.0147035200310386,"cortex_late","up","enhancer",TRUE,0.966710598447996,0.176041424308677,0.44988657898698,"JUND"
"MA0025.2","NFIL3",0.297282858314587,0.0147035200310386,"cortex_late","up","enhancer",TRUE,0.966710598447996,0.216310606034646,0.452315044303837,"NFIL3"
"MA0741.1","KLF16",0.0704812894186357,0.0139028598345974,"cortex_late","up","enhancer",TRUE,0.968494458578416,0.647264389062577,0.062253570183691,"KLF16"
"MA1125.1","ZNF384",0.118575599940235,0.0139028598345974,"cortex_late","up","enhancer",TRUE,0.968494458578416,-0.198809362199945,0.119827039458488,"ZNF384"
"MA0625.1","NFATC3",0.118156859085952,0.0103757523065861,"cortex_late","up","enhancer",TRUE,0.976392079351898,-0.00494304575414795,0.976852407429291,"NFATC3"
"MA1143.1","FOSL1::JUND(var.2)",0.2401555893219,0.0103757523065861,"cortex_late","up","enhancer",TRUE,0.976392079351898,2.10935552338616,0.016545053702966,"FOSL1"
"MA1525.1","NFATC4",0.12025696703013,0.0103757523065861,"cortex_late","up","enhancer",TRUE,0.976392079351898,1.00562403698568,0.0708583568185503,"NFATC4"
"MA0137.3","STAT1",0.153782816638141,0.00862297017787768,"cortex_late","up","enhancer",TRUE,0.980340692240314,0.603573978204228,0.0811251148209067,"STAT1"
"MA0628.1","POU6F1",0.227089902234217,0.00658354474553507,"cortex_late","up","enhancer",TRUE,0.984955149853736,0.361985665472876,0.176889171398798,"POU6F1"
"MA1114.1","PBX3",0.127188940524043,0.00658354474553507,"cortex_late","up","enhancer",TRUE,0.984955149853736,0.368727398392041,0.317576972386,"PBX3"
"MA0031.1","FOXD1",0.189035351671833,0,"cortex_late","up","enhancer",TRUE,1,0.723275246426268,0.11360860257452,"FOXD1"
"MA0051.1","IRF2",-0.0435282907372914,0,"cortex_late","up","enhancer",TRUE,1,0.0874187242730144,0.522403921571679,"IRF2"
"MA0059.1","MAX::MYC",0.155309410371132,0,"cortex_late","up","enhancer",TRUE,1,1.59019081752968,0.00294986225410836,"MYC"
"MA0066.1","PPARG",0.0951616902835877,0,"cortex_late","up","enhancer",TRUE,1,0.00149969125401683,0.997290578342321,"PPARG"
"MA0070.1","PBX1",-0.212706214943351,0,"cortex_late","up","enhancer",TRUE,1,0.0480557333630021,0.861020911821847,"PBX1"
"MA0071.1","RORA",-0.0889375454396104,0,"cortex_late","up","enhancer",TRUE,1,-0.386721146891125,0.400755729885775,"RORA"
"MA0073.1","RREB1",-0.0967817563426214,0,"cortex_late","up","enhancer",TRUE,1,-0.267612957653856,0.368219135542279,"RREB1"
"MA0077.1","SOX9",-0.0740591059977538,0,"cortex_late","up","enhancer",TRUE,1,2.58056679197372,0.00543504740369628,"SOX9"
"MA0101.1","REL",0.0450236381157367,0,"cortex_late","up","enhancer",TRUE,1,0.551292490640919,0.272342374321645,"REL"
"MA0107.1","RELA",0.123098232930296,0,"cortex_late","up","enhancer",TRUE,1,0.479175835146296,0.0389355204112652,"RELA"
"MA0115.1","NR1H2::RXRA",0.0474350233817975,0,"cortex_late","up","enhancer",TRUE,1,-0.35170414551812,0.0446090522371796,"RXRA"
"MA0119.1","NFIC::TLX1",-0.24244024076984,0,"cortex_late","up","enhancer",TRUE,1,0.0479395657695862,0.821202623198197,"NFIC"
"MA0139.1","CTCF",0.0114983494648149,0,"cortex_late","up","enhancer",TRUE,1,-0.173609257308518,0.232497739386449,"CTCF"
"MA0138.2","REST",0.0713402172736446,0,"cortex_late","up","enhancer",TRUE,1,0.0571722519401625,0.849285039157882,"REST"
"MA0152.1","NFATC2",0.000786239553191237,0,"cortex_late","up","enhancer",TRUE,1,0.460547363681982,0.29695714802985,"NFATC2"
"MA0159.1","RARA::RXRA",-0.13097081412252,0,"cortex_late","up","enhancer",TRUE,1,-0.35170414551812,0.0446090522371796,"RXRA"
"MA0160.1","NR4A2",-0.0336064422697602,0,"cortex_late","up","enhancer",TRUE,1,-0.099963853280352,0.860557992521686,"NR4A2"
"MA0259.1","ARNT::HIF1A",-0.0803204304939529,0,"cortex_late","up","enhancer",TRUE,1,1.14093533925004,0.00389864211258081,"HIF1A"
"MA0478.1","FOSL2",-0.0122746112457577,0,"cortex_late","up","enhancer",TRUE,1,1.02846159986398,0.00413734877776558,"FOSL2"
"MA0488.1","JUN",-0.0508580801670497,0,"cortex_late","up","enhancer",TRUE,1,0.234618959475633,0.479714656230028,"JUN"
"MA0497.1","MEF2C",0.00231742352774233,0,"cortex_late","up","enhancer",TRUE,1,0.319820453201881,0.430764311998789,"MEF2C"
"MA0501.1","MAF::NFE2",-0.0559535869119969,0,"cortex_late","up","enhancer",TRUE,1,-0.749296741488903,0.138596254609732,"MAF"
"MA0504.1","NR2C2",-0.0339118720281464,0,"cortex_late","up","enhancer",TRUE,1,0.0261954527076078,0.894017430809098,"NR2C2"
"MA0506.1","NRF1",-0.235850804340476,0,"cortex_late","up","enhancer",TRUE,1,0.159318075994392,0.438612794523248,"NRF1"
"MA0507.1","POU2F2",0.0694942313993074,0,"cortex_late","up","enhancer",TRUE,1,2.79185820405312,0.0298145721105701,"POU2F2"
"MA0513.1","SMAD2::SMAD3::SMAD4",-0.0554157958622765,0,"cortex_late","up","enhancer",TRUE,1,0.0888215081793708,0.531558295838665,"SMAD2"
"MA0517.1","STAT1::STAT2",0.118047535361586,0,"cortex_late","up","enhancer",TRUE,1,0.603573978204228,0.0811251148209067,"STAT1"
"MA0523.1","TCF7L2",-0.145003333088038,0,"cortex_late","up","enhancer",TRUE,1,0.00238143260191759,0.989583890092099,"TCF7L2"
"MA0527.1","ZBTB33",-0.00520156936100058,0,"cortex_late","up","enhancer",TRUE,1,0.130491570655312,0.645490492018604,"ZBTB33"
"MA0076.2","ELK4",0.011339145355751,0,"cortex_late","up","enhancer",TRUE,1,0.113728816705128,0.724685215620708,"ELK4"
"MA0050.2","IRF1",0.0124731226668438,0,"cortex_late","up","enhancer",TRUE,1,1.40089257237319,0.0329814929460361,"IRF1"
"MA0144.2","STAT3",0.0772633511352296,0,"cortex_late","up","enhancer",TRUE,1,0.99721539206208,0.00260121202556568,"STAT3"
"MA0140.2","GATA1::TAL1",-0.13828059485745,0,"cortex_late","up","enhancer",TRUE,1,0.238086368779233,0.590072504281107,"TAL1"
"MA0595.1","SREBF1",0.101372376943304,0,"cortex_late","up","enhancer",TRUE,1,0.360771361816368,0.639549160156198,"SREBF1"
"MA0596.1","SREBF2",0.0801587882009693,0,"cortex_late","up","enhancer",TRUE,1,0.11974876308076,0.693522766072638,"SREBF2"
"MA0597.1","THAP1",0.00147464332551372,0,"cortex_late","up","enhancer",TRUE,1,-0.393221135299563,0.113535365474224,"THAP1"
"MA0599.1","KLF5",0.0252324585032788,0,"cortex_late","up","enhancer",TRUE,1,0.646858846811948,0.218190362765962,"KLF5"
"MA0610.1","DMRT3",-0.140609817134659,0,"cortex_late","up","enhancer",TRUE,1,-0.104872810567713,0.949948116968932,"DMRT3"
"MA0636.1","BHLHE41",0.19418477698356,0,"cortex_late","up","enhancer",TRUE,1,0.140487032426744,0.654500510174604,"BHLHE41"
"MA0637.1","CENPB",-0.0224541375766014,0,"cortex_late","up","enhancer",TRUE,1,0.259625818160133,0.163432874701111,"CENPB"
"MA0638.1","CREB3",-0.1212260745862,0,"cortex_late","up","enhancer",TRUE,1,-0.0312938897977935,0.859846071925377,"CREB3"
"MA0641.1","ELF4",-0.795166815176365,0,"cortex_late","up","enhancer",TRUE,1,1.1869546001238,0.0558249946846822,"ELF4"
"MA0136.2","ELF5",-0.0937728375315956,0,"cortex_late","up","enhancer",TRUE,1,-1.72323832595498,0.0121229004048676,"ELF5"
"MA0645.1","ETV6",-0.117710624174812,0,"cortex_late","up","enhancer",TRUE,1,0.0314945665117898,0.815104280096964,"ETV6"
"MA0475.2","FLI1",-0.0852781003315997,0,"cortex_late","up","enhancer",TRUE,1,0.304643589387498,0.455546018981208,"FLI1"
"MA0033.2","FOXL1",-0.0328172916315967,0,"cortex_late","up","enhancer",TRUE,1,1.19314167894993,0.0287646425821827,"FOXL1"
"MA0157.2","FOXO3",0.172836829177386,0,"cortex_late","up","enhancer",TRUE,1,0.371826551772787,0.0854041186239956,"FOXO3"
"MA0646.1","GCM1",0.0124886033174425,0,"cortex_late","up","enhancer",TRUE,1,-1.55196553705747,0.0936892960361109,"GCM1"
"MA0649.1","HEY2",-0.0373569852539637,0,"cortex_late","up","enhancer",TRUE,1,-0.408026083806639,0.434808319004231,"HEY2"
"MA0131.2","HINFP",0.0918310294117655,0,"cortex_late","up","enhancer",TRUE,1,-0.0669551288115535,0.763974922779228,"HINFP"
"MA0046.2","HNF1A",0.0382968739808103,0,"cortex_late","up","enhancer",TRUE,1,-1.15752951398589,0.0389492960832284,"HNF1A"
"MA0153.2","HNF1B",0.196587211096835,0,"cortex_late","up","enhancer",TRUE,1,-0.309838678344864,0.211547891735755,"HNF1B"
"MA0651.1","HOXC11",0.026064830410145,0,"cortex_late","up","enhancer",TRUE,1,1.20723958040601,0.0785745237161324,"HOXC11"
"MA0486.2","HSF1",-0.340073946986482,0,"cortex_late","up","enhancer",TRUE,1,-0.062417242231966,0.758576041569429,"HSF1"
"MA0652.1","IRF8",0.0863635785890757,0,"cortex_late","up","enhancer",TRUE,1,1.99775348829634,0.0266397809229116,"IRF8"
"MA0653.1","IRF9",0.0216147373544699,0,"cortex_late","up","enhancer",TRUE,1,1.02733372798073,0.0210231643759869,"IRF9"
"MA0655.1","JDP2",0.000835605263429073,0,"cortex_late","up","enhancer",TRUE,1,0.981298186715939,0.0268722362635841,"JDP2"
"MA0657.1","KLF13",0.240018860261759,0,"cortex_late","up","enhancer",TRUE,1,0.367136760476838,0.159526324161599,"KLF13"
"MA0658.1","LHX6",0.141432692190449,0,"cortex_late","up","enhancer",TRUE,1,0.828230214780972,0.0640017841565306,"LHX6"
"MA0663.1","MLX",-0.139555342534559,0,"cortex_late","up","enhancer",TRUE,1,-0.209666092229397,0.228050685352637,"MLX"
"MA0664.1","MLXIPL",0.00906053669134455,0,"cortex_late","up","enhancer",TRUE,1,0.0995975625288743,0.878548857744067,"MLXIPL"
"MA0670.1","NFIA",-0.149036635831338,0,"cortex_late","up","enhancer",TRUE,1,-0.0446118130960471,0.836965216075202,"NFIA"
"MA0671.1","NFIX",-0.156329885529763,0,"cortex_late","up","enhancer",TRUE,1,0.920894700338016,0.0385768678852775,"NFIX"
"MA0685.1","SP4",-0.0963690839947215,0,"cortex_late","up","enhancer",TRUE,1,-0.00306346589752327,0.992850300357811,"SP4"
"MA0083.3","SRF",-0.134133850003212,0,"cortex_late","up","enhancer",TRUE,1,0.394956455418964,0.0605773048600956,"SRF"
"MA0688.1","TBX2",-0.0889228789560486,0,"cortex_late","up","enhancer",TRUE,1,-0.112455451316849,0.617110319099526,"TBX2"
"MA0690.1","TBX21",0.0842010589612805,0,"cortex_late","up","enhancer",TRUE,1,1.66514802825355,0.109119064224061,"TBX21"
"MA0145.3","TFCP2",-0.0888622234150809,0,"cortex_late","up","enhancer",TRUE,1,-0.270521960607984,0.0228630004160411,"TFCP2"
"MA0692.1","TFEB",-0.188575623597288,0,"cortex_late","up","enhancer",TRUE,1,0.572683458959158,0.0619450276272282,"TFEB"
"MA0694.1","ZBTB7B",0.0201072715743456,0,"cortex_late","up","enhancer",TRUE,1,0.154685075131229,0.690580599688603,"ZBTB7B"
"MA0695.1","ZBTB7C",-0.0304684819473806,0,"cortex_late","up","enhancer",TRUE,1,1.04476026260957,0.0771797048903576,"ZBTB7C"
"MA0698.1","ZBTB18",-0.0957438528413563,0,"cortex_late","up","enhancer",TRUE,1,0.0253122254804037,0.90288689740565,"ZBTB18"
"MA0112.3","ESR1",-0.094608788471398,0,"cortex_late","up","enhancer",TRUE,1,-0.581637538909517,0.109639714071584,"ESR1"
"MA0017.2","NR2F1",-0.0536854815184888,0,"cortex_late","up","enhancer",TRUE,1,0.714106291964725,0.214361008768726,"NR2F1"
"MA0113.3","NR3C1",0.225649095352251,0,"cortex_late","up","enhancer",TRUE,1,-0.491753358006394,0.0187363952170916,"NR3C1"
"MA0727.1","NR3C2",0.160522121656818,0,"cortex_late","up","enhancer",TRUE,1,-0.925132488823745,0.014437160475709,"NR3C2"
"MA0729.1","RARA",-0.392191024321766,0,"cortex_late","up","enhancer",TRUE,1,0.149275406051572,0.583960222172284,"RARA"
"MA0731.1","BCL6B",0.106566471864759,0,"cortex_late","up","enhancer",TRUE,1,-0.139201728444065,0.744055703664974,"BCL6B"
"MA0472.2","EGR2",0.0295650764207238,0,"cortex_late","up","enhancer",TRUE,1,2.9557831683514,0.00543504740369628,"EGR2"
"MA0732.1","EGR3",-0.116856201831163,0,"cortex_late","up","enhancer",TRUE,1,2.17378427667236,0.0167434207201977,"EGR3"
"MA0736.1","GLIS2",0.0681420894039642,0,"cortex_late","up","enhancer",TRUE,1,-0.452732814220206,0.0815971532049507,"GLIS2"
"MA0737.1","GLIS3",0.0237956563174055,0,"cortex_late","up","enhancer",TRUE,1,0.230399755239139,0.479346309730214,"GLIS3"
"MA0738.1","HIC2",0.0155494379427505,0,"cortex_late","up","enhancer",TRUE,1,0.184385615616127,0.351399587318816,"HIC2"
"MA0749.1","ZBED1",-0.16922909686172,0,"cortex_late","up","enhancer",TRUE,1,0.468161300168552,0.0641749323048502,"ZBED1"
"MA0752.1","ZNF410",0.126618393552888,0,"cortex_late","up","enhancer",TRUE,1,-0.409264896913698,0.0099448486175386,"ZNF410"
"MA0754.1","CUX1",0.143805218782542,0,"cortex_late","up","enhancer",TRUE,1,-0.639871530568587,0.0298145721105701,"CUX1"
"MA0759.1","ELK3",-0.197549083048403,0,"cortex_late","up","enhancer",TRUE,1,0.330708801440769,0.2398630905309,"ELK3"
"MA0760.1","ERF",-0.0424475348141726,0,"cortex_late","up","enhancer",TRUE,1,-0.242743286574139,0.292841591307765,"ERF"
"MA0474.2","ERG",0.0322608233193611,0,"cortex_late","up","enhancer",TRUE,1,-0.0873122960994186,0.805953037975104,"ERG"
"MA0098.3","ETS1",-0.0577537805512014,0,"cortex_late","up","enhancer",TRUE,1,0.104463415808721,0.772417938339684,"ETS1"
"MA0762.1","ETV2",0.0474236809758919,0,"cortex_late","up","enhancer",TRUE,1,0.566219601725347,0.363934910142764,"ETV2"
"MA0763.1","ETV3",-0.109964040161938,0,"cortex_late","up","enhancer",TRUE,1,0.177937865999423,0.210212448262891,"ETV3"
"MA0768.1","LEF1",-0.0263213945950316,0,"cortex_late","up","enhancer",TRUE,1,1.90249484679824,0.0180652427067034,"LEF1"
"MA0770.1","HSF2",-0.308030013641357,0,"cortex_late","up","enhancer",TRUE,1,0.0583290477005285,0.724065621695407,"HSF2"
"MA0771.1","HSF4",-0.0442336341998502,0,"cortex_late","up","enhancer",TRUE,1,1.05728511176318,0.0480884855409424,"HSF4"
"MA0772.1","IRF7",-0.0859138777658215,0,"cortex_late","up","enhancer",TRUE,1,0.7856033099439,0.132250162995758,"IRF7"
"MA0774.1","MEIS2",0.00623630822274546,0,"cortex_late","up","enhancer",TRUE,1,0.00240920939135059,0.995459109912767,"MEIS2"
"MA0775.1","MEIS3",0.0442234289805281,0,"cortex_late","up","enhancer",TRUE,1,1.1314026229715,0.0600622512986775,"MEIS3"
"MA0776.1","MYBL1",-0.11507628951209,0,"cortex_late","up","enhancer",TRUE,1,1.68538215945102,0.0122334468276326,"MYBL1"
"MA0777.1","MYBL2",-0.523749612611801,0,"cortex_late","up","enhancer",TRUE,1,2.54167122737594,0.0167719163849104,"MYBL2"
"MA0778.1","NFKB2",-0.128435339209602,0,"cortex_late","up","enhancer",TRUE,1,0.77218365080566,0.0869991698425003,"NFKB2"
"MA0783.1","PKNOX2",-0.0340350771368385,0,"cortex_late","up","enhancer",TRUE,1,0.394272824380476,0.38554530958871,"PKNOX2"
"MA0785.1","POU2F1",0.0778496064446443,0,"cortex_late","up","enhancer",TRUE,1,0.223728842825509,0.428331585315998,"POU2F1"
"MA0788.1","POU3F3",0.0676386082588092,0,"cortex_late","up","enhancer",TRUE,1,0.0200365438456984,0.969373434085365,"POU3F3"
"MA0794.1","PROX1",-0.00348667802125391,0,"cortex_late","up","enhancer",TRUE,1,-0.535703323737026,0.215777185403021,"PROX1"
"MA0600.2","RFX2",-0.233043511144647,0,"cortex_late","up","enhancer",TRUE,1,-0.0877645373107878,0.778605028600402,"RFX2"
"MA0796.1","TGIF1",0.211240212476836,0,"cortex_late","up","enhancer",TRUE,1,0.794249406231259,0.024397496606554,"TGIF1"
"MA0797.1","TGIF2",-0.3417043138684,0,"cortex_late","up","enhancer",TRUE,1,-0.0894147349062706,0.7842097534443,"TGIF2"
"MA0510.2","RFX5",-0.281559452741393,0,"cortex_late","up","enhancer",TRUE,1,0.501414601589885,0.0983833366041225,"RFX5"
"MA0511.2","RUNX2",-0.0813475307269336,0,"cortex_late","up","enhancer",TRUE,1,2.05009004792153,0.0144923202630453,"RUNX2"
"MA0800.1","EOMES",-0.0568927833151047,0,"cortex_late","up","enhancer",TRUE,1,2.3904244876289,0.0453884867683635,"EOMES"
"MA0801.1","MGA",0.101422283137245,0,"cortex_late","up","enhancer",TRUE,1,-0.00931677187637536,0.958610340545883,"MGA"
"MA0804.1","TBX19",0.147947807327122,0,"cortex_late","up","enhancer",TRUE,1,-0.100633503188082,0.78140790859454,"TBX19"
"MA0805.1","TBX1",0.0810170896454405,0,"cortex_late","up","enhancer",TRUE,1,2.16985939116411,0.0269522711228122,"TBX1"
"MA0808.1","TEAD3",-0.00280685637408684,0,"cortex_late","up","enhancer",TRUE,1,0.521680656924673,0.00638640839435599,"TEAD3"
"MA0811.1","TFAP2B",-0.133416305217009,0,"cortex_late","up","enhancer",TRUE,1,-0.259982990856523,0.527583169794893,"TFAP2B"
"MA0464.2","BHLHE40",-0.0658444978011286,0,"cortex_late","up","enhancer",TRUE,1,0.314890752961937,0.346258513628138,"BHLHE40"
"MA0818.1","BHLHE22",0.245986432341903,0,"cortex_late","up","enhancer",TRUE,1,2.60969134217934,0.0147362418120288,"BHLHE22"
"MA0819.1","CLOCK",-0.192681433974266,0,"cortex_late","up","enhancer",TRUE,1,-0.344584352748873,0.28800642738705,"CLOCK"
"MA0823.1","HEY1",0.026629596486357,0,"cortex_late","up","enhancer",TRUE,1,0.144545892035918,0.696434910316029,"HEY1"
"MA0058.3","MAX",-0.0276823180592052,0,"cortex_late","up","enhancer",TRUE,1,0.313773552899902,0.108168353844389,"MAX"
"MA0825.1","MNT",-0.0317175864068746,0,"cortex_late","up","enhancer",TRUE,1,0.304610705223919,0.155485755617486,"MNT"
"MA0466.2","CEBPB",-0.0773526339851323,0,"cortex_late","up","enhancer",TRUE,1,1.55619495932372,0.00389864211258081,"CEBPB"
"MA0838.1","CEBPG",-0.0542086373902499,0,"cortex_late","up","enhancer",TRUE,1,0.301951506588183,0.0589993265624855,"CEBPG"
"MA0839.1","CREB3L1",-0.483473297786222,0,"cortex_late","up","enhancer",TRUE,1,2.43085209894203,0.00716078074477501,"CREB3L1"
"MA0843.1","TEF",-0.252091082358588,0,"cortex_late","up","enhancer",TRUE,1,-0.864944303734186,0.00748630965046787,"TEF"
"MA0844.1","XBP1",0.132344773837881,0,"cortex_late","up","enhancer",TRUE,1,0.348624663896845,0.0761247578428936,"XBP1"
"MA0032.2","FOXC1",0.0333401266138278,0,"cortex_late","up","enhancer",TRUE,1,-0.179032381938588,0.704299410394463,"FOXC1"
"MA0846.1","FOXC2",0.0176557862781461,0,"cortex_late","up","enhancer",TRUE,1,0.430539472349024,0.239486083808496,"FOXC2"
"MA0850.1","FOXP3",0.0713688575143152,0,"cortex_late","up","enhancer",TRUE,1,0.663757276125553,0.376792157653482,"FOXP3"
"MA0856.1","RXRG",0.159403176737649,0,"cortex_late","up","enhancer",TRUE,1,-0.381741342730905,0.672267685894918,"RXRG"
"MA0106.3","TP53",0.112955514876702,0,"cortex_late","up","enhancer",TRUE,1,0.627491614340639,0.0615087765804618,"TP53"
"MA0861.1","TP73",0.244529864172161,0,"cortex_late","up","enhancer",TRUE,1,0.198602394146859,0.740297241194491,"TP73"
"MA0862.1","GMEB2",-0.127473720836605,0,"cortex_late","up","enhancer",TRUE,1,0.069577144549104,0.653871256266482,"GMEB2"
"MA0863.1","MTF1",0.0720667230355616,0,"cortex_late","up","enhancer",TRUE,1,-0.23168631262967,0.250223375849655,"MTF1"
"MA0024.3","E2F1",0.067273815828143,0,"cortex_late","up","enhancer",TRUE,1,-9.23251704945116e-05,0.999934552034004,"E2F1"
"MA0028.2","ELK1",-0.194171457663428,0,"cortex_late","up","enhancer",TRUE,1,0.249401399433791,0.166237083287717,"ELK1"
"MA0891.1","GSC2",-0.357837355581744,0,"cortex_late","up","enhancer",TRUE,1,-1.27976744344108,0.0773524078228098,"GSC2"
"MA0895.1","HMBOX1",-0.327157314734219,0,"cortex_late","up","enhancer",TRUE,1,-0.252011754315682,0.266230745950304,"HMBOX1"
"MA0903.1","HOXB3",0.183275427191008,0,"cortex_late","up","enhancer",TRUE,1,0.316447877789761,0.288978893472889,"HOXB3"
"MA0908.1","HOXD11",0.115323163928443,0,"cortex_late","up","enhancer",TRUE,1,0.530842005471124,0.28573497441396,"HOXD11"
"MA0852.2","FOXK1",0.0847916081759825,0,"cortex_late","up","enhancer",TRUE,1,-0.137536006976261,0.378982704233958,"FOXK1"
"MA0147.3","MYC",0.0291686733863816,0,"cortex_late","up","enhancer",TRUE,1,1.59019081752968,0.00294986225410836,"MYC"
"MA0104.4","MYCN",-0.00547247744890278,0,"cortex_late","up","enhancer",TRUE,1,-0.269802710550367,0.400606413399665,"MYCN"
"MA0161.2","NFIC",-0.177054844680623,0,"cortex_late","up","enhancer",TRUE,1,0.0479395657695862,0.821202623198197,"NFIC"
"MA0060.3","NFYA",-0.131250736358563,0,"cortex_late","up","enhancer",TRUE,1,0.127865048398804,0.449370859968367,"NFYA"
"MA1110.1","NR1H4",-0.614965484558581,0,"cortex_late","up","enhancer",TRUE,1,-1.4795007136102,0.0245097754849855,"NR1H4"
"MA1111.1","NR2F2",0.0701289264384215,0,"cortex_late","up","enhancer",TRUE,1,0.256892847501779,0.208201202492486,"NR2F2"
"MA1116.1","RBPJ",0.0544884849363285,0,"cortex_late","up","enhancer",TRUE,1,0.353842408100793,0.0476151303405136,"RBPJ"
"MA1117.1","RELB",-0.0468204054864172,0,"cortex_late","up","enhancer",TRUE,1,1.03654016209544,0.0547321416976345,"RELB"
"MA1120.1","SOX13",-0.168031349176614,0,"cortex_late","up","enhancer",TRUE,1,-0.0888534469175832,0.780316048879504,"SOX13"
"MA1121.1","TEAD2",-0.227075042423482,0,"cortex_late","up","enhancer",TRUE,1,0.398929707202682,0.203416788736098,"TEAD2"
"MA1122.1","TFDP1",0.0578956479826491,0,"cortex_late","up","enhancer",TRUE,1,0.0491686458014362,0.730931570793093,"TFDP1"
"MA0750.2","ZBTB7A",-0.0229282603758101,0,"cortex_late","up","enhancer",TRUE,1,0.248832336953842,0.0635588376012692,"ZBTB7A"
"MA0103.3","ZEB1",-0.0227080740765686,0,"cortex_late","up","enhancer",TRUE,1,-0.226063817000626,0.436363855145491,"ZEB1"
"MA1124.1","ZNF24",-0.238280321470187,0,"cortex_late","up","enhancer",TRUE,1,-0.117114807392734,0.498643138228834,"ZNF24"
"MA1154.1","ZNF282",-0.0473928972937374,0,"cortex_late","up","enhancer",TRUE,1,-0.0775515311263906,0.643492291567831,"ZNF282"
"MA1126.1","FOS::JUN(var.2)",-0.0632900489022559,0,"cortex_late","up","enhancer",TRUE,1,0.0732688759655913,0.949948116968932,"FOS"
"MA1127.1","FOSB::JUN",0.177233856919933,0,"cortex_late","up","enhancer",TRUE,1,0.234618959475633,0.479714656230028,"JUN"
"MA1129.1","FOSL1::JUN(var.2)",-0.041215014417685,0,"cortex_late","up","enhancer",TRUE,1,2.10935552338616,0.016545053702966,"FOSL1"
"MA1131.1","FOSL2::JUN(var.2)",-0.0182027975024281,0,"cortex_late","up","enhancer",TRUE,1,1.02846159986398,0.00413734877776558,"FOSL2"
"MA1133.1","JUN::JUNB(var.2)",-0.11982027092163,0,"cortex_late","up","enhancer",TRUE,1,0.234618959475633,0.479714656230028,"JUN"
"MA1136.1","FOSB::JUNB(var.2)",0.0641831862813769,0,"cortex_late","up","enhancer",TRUE,1,-0.151061413725705,0.90288689740565,"FOSB"
"MA1139.1","FOSL2::JUNB(var.2)",0.0095057014055655,0,"cortex_late","up","enhancer",TRUE,1,1.02846159986398,0.00413734877776558,"FOSL2"
"MA1145.1","FOSL2::JUND(var.2)",-0.0562004905103555,0,"cortex_late","up","enhancer",TRUE,1,1.02846159986398,0.00413734877776558,"FOSL2"
"MA1146.1","NR1H4::RXRA",-0.00158040573646812,0,"cortex_late","up","enhancer",TRUE,1,-1.4795007136102,0.0245097754849855,"NR1H4"
"MA1147.1","NR4A2::RXRA",0.0936325689394906,0,"cortex_late","up","enhancer",TRUE,1,-0.35170414551812,0.0446090522371796,"RXRA"
"MA1149.1","RARA::RXRG",-0.162554279049171,0,"cortex_late","up","enhancer",TRUE,1,0.149275406051572,0.583960222172284,"RARA"
"MA1151.1","RORC",0.0610920478413703,0,"cortex_late","up","enhancer",TRUE,1,-1.13986236165977,0.0443930641612915,"RORC"
"MA0831.2","TFE3",0.0211753083422641,0,"cortex_late","up","enhancer",TRUE,1,0.0155579212628814,0.923689250327481,"TFE3"
"MA0693.2","VDR",-0.0696415417181813,0,"cortex_late","up","enhancer",TRUE,1,0.308192199139582,0.52607256528957,"VDR"
"MA1418.1","IRF3",0.152278711656794,0,"cortex_late","up","enhancer",TRUE,1,0.331730650089508,0.258292443117683,"IRF3"
"MA1419.1","IRF4",-0.0720961685726134,0,"cortex_late","up","enhancer",TRUE,1,2.16610018581263,0.0460701980064735,"IRF4"
"MA1420.1","IRF5",-0.177015294285192,0,"cortex_late","up","enhancer",TRUE,1,1.57352096860409,0.0485354503445092,"IRF5"
"MA1421.1","TCF7L1",-0.124355815097491,0,"cortex_late","up","enhancer",TRUE,1,0.038125697307426,0.91510880833701,"TCF7L1"
"MA1464.1","ARNT2",-0.114389781424602,0,"cortex_late","up","enhancer",TRUE,1,-0.217186729244624,0.505108166426022,"ARNT2"
"MA1466.1","ATF6",0.293817849756738,0,"cortex_late","up","enhancer",TRUE,1,0.0551701682574581,0.742498530039227,"ATF6"
"MA1101.2","BACH2",0.0981163075708134,0,"cortex_late","up","enhancer",TRUE,1,0.886009799480719,0.141809105983968,"BACH2"
"MA1471.1","BARX2",-0.0802225979118916,0,"cortex_late","up","enhancer",TRUE,1,1.3366037487251,0.0795525268876396,"BARX2"
"MA1474.1","CREB3L4",0.122962147344593,0,"cortex_late","up","enhancer",TRUE,1,0.770932910836012,0.0615087765804618,"CREB3L4"
"MA1483.1","ELF2",-0.600667163908967,0,"cortex_late","up","enhancer",TRUE,1,-0.0977781842415455,0.659184813609932,"ELF2"
"MA1484.1","ETS2",0.0363304628420122,0,"cortex_late","up","enhancer",TRUE,1,0.235259681730191,0.403999783271664,"ETS2"
"MA1487.1","FOXE1",-0.157776487818407,0,"cortex_late","up","enhancer",TRUE,1,0.165545902554006,0.916757977262879,"FOXE1"
"MA1489.1","FOXN3",0.00739042290981118,0,"cortex_late","up","enhancer",TRUE,1,-0.0170264651052374,0.94824231177084,"FOXN3"
"MA1491.1","GLI3",-0.134460143140771,0,"cortex_late","up","enhancer",TRUE,1,0.195846706149949,0.415523616044721,"GLI3"
"MA1493.1","HES6",0.0365615810979119,0,"cortex_late","up","enhancer",TRUE,1,0.139709716480486,0.681215870772818,"HES6"
"MA1496.1","HOXA4",-0.182242401776327,0,"cortex_late","up","enhancer",TRUE,1,-0.328579387546617,0.0889229578668277,"HOXA4"
"MA1498.1","HOXA7",0.0654819569082115,0,"cortex_late","up","enhancer",TRUE,1,-0.644932767571269,0.020461876497108,"HOXA7"
"MA1499.1","HOXB4",-0.242145495975863,0,"cortex_late","up","enhancer",TRUE,1,-0.234371268411707,0.415156280676598,"HOXB4"
"MA1500.1","HOXB6",0.0228171204693011,0,"cortex_late","up","enhancer",TRUE,1,0.112229652365349,0.762380463958116,"HOXB6"
"MA1501.1","HOXB7",0.132513889149688,0,"cortex_late","up","enhancer",TRUE,1,0.0546040514026656,0.882693100775046,"HOXB7"
"MA1502.1","HOXB8",0.0151377707747766,0,"cortex_late","up","enhancer",TRUE,1,0.302957287113811,0.457526461585833,"HOXB8"
"MA1504.1","HOXC4",-0.130135922034144,0,"cortex_late","up","enhancer",TRUE,1,0.126511795283852,0.692941947793839,"HOXC4"
"MA1507.1","HOXD4",-0.133147897907222,0,"cortex_late","up","enhancer",TRUE,1,-0.279948773628189,0.24561590093658,"HOXD4"
"MA1509.1","IRF6",-0.240783162266972,0,"cortex_late","up","enhancer",TRUE,1,-0.421448845583532,0.179310696495779,"IRF6"
"MA1511.1","KLF10",0.0179696519087162,0,"cortex_late","up","enhancer",TRUE,1,1.14345939925402,0.00717376791986162,"KLF10"
"MA1512.1","KLF11",0.0672618766592574,0,"cortex_late","up","enhancer",TRUE,1,0.568595440067086,0.160395225565707,"KLF11"
"MA1513.1","KLF15",0.0523998674845645,0,"cortex_late","up","enhancer",TRUE,1,-1.21191688966138,0.0504137175878336,"KLF15"
"MA1515.1","KLF2",0.0382845272453274,0,"cortex_late","up","enhancer",TRUE,1,1.09690384265259,0.011073244496898,"KLF2"
"MA1516.1","KLF3",-0.00118745530587638,0,"cortex_late","up","enhancer",TRUE,1,0.259184857475672,0.16630168309976,"KLF3"
"MA1518.1","LHX1",0.213272477222773,0,"cortex_late","up","enhancer",TRUE,1,-1.25961386257443,0.0336592304463987,"LHX1"
"MA1520.1","MAF",0.0803560493663484,0,"cortex_late","up","enhancer",TRUE,1,-0.749296741488903,0.138596254609732,"MAF"
"MA1522.1","MAZ",0.0128362073674175,0,"cortex_late","up","enhancer",TRUE,1,0.0818445163550425,0.76574810244375,"MAZ"
"MA1523.1","MSANTD3",0.0950299387205931,0,"cortex_late","up","enhancer",TRUE,1,-0.296078459342358,0.257325911940941,"MSANTD3"
"MA1531.1","NR1D1",-0.214226331498971,0,"cortex_late","up","enhancer",TRUE,1,-0.952908464115697,0.0206843365698509,"NR1D1"
"MA1532.1","NR1D2",0.0508819243134075,0,"cortex_late","up","enhancer",TRUE,1,-0.691920665848408,0.0281474892991551,"NR1D2"
"MA1533.1","NR1I2",0.0195198657378226,0,"cortex_late","up","enhancer",TRUE,1,-1.31956334777676,0.168613585950679,"NR1I2"
"MA1535.1","NR2C1",0.00788197923702683,0,"cortex_late","up","enhancer",TRUE,1,0.0513481072925432,0.848764100034936,"NR2C1"
"MA1542.1","OSR1",0.0811339031716392,0,"cortex_late","up","enhancer",TRUE,1,-0.283917499412603,0.593222395826596,"OSR1"
"MA1544.1","OVOL1",-0.103672864576956,0,"cortex_late","up","enhancer",TRUE,1,-0.499407127232584,0.324682019675354,"OVOL1"
"MA1545.1","OVOL2",-0.335741311818532,0,"cortex_late","up","enhancer",TRUE,1,-0.937384980994091,0.163092803632322,"OVOL2"
"MA1547.1","PITX2",-0.17872087443184,0,"cortex_late","up","enhancer",TRUE,1,-0.887872832656273,0.104140563403556,"PITX2"
"MA1548.1","PLAGL2",0.000707776014694517,0,"cortex_late","up","enhancer",TRUE,1,0.00148680787333522,0.992684284962528,"PLAGL2"
"MA1550.1","PPARD",0.183239640929091,0,"cortex_late","up","enhancer",TRUE,1,0.608619133164281,0.0516790956070259,"PPARD"
"MA1554.1","RFX7",-0.108081958133025,0,"cortex_late","up","enhancer",TRUE,1,0.00244834820523376,0.993120758035164,"RFX7"
"MA1558.1","SNAI1",-0.0558102703113583,0,"cortex_late","up","enhancer",TRUE,1,1.08564336920093,0.0137953755692324,"SNAI1"
"MA1561.1","SOX12",-0.265996802372314,0,"cortex_late","up","enhancer",TRUE,1,-0.361349976612461,0.262467188837292,"SOX12"
"MA1563.1","SOX18",-0.116133275560958,0,"cortex_late","up","enhancer",TRUE,1,0.00292157347417987,0.994506061237315,"SOX18"
"MA1566.1","TBX3",-0.150483559551547,0,"cortex_late","up","enhancer",TRUE,1,0.102915683841081,0.740297241194491,"TBX3"
"MA1567.1","TBX6",-0.179120440525528,0,"cortex_late","up","enhancer",TRUE,1,-0.535548446437226,0.276636771493716,"TBX6"
"MA1573.1","THAP11",-0.182179406538057,0,"cortex_late","up","enhancer",TRUE,1,-0.110290111666856,0.630704109734632,"THAP11"
"MA1574.1","THRB",0.0769006794147371,0,"cortex_late","up","enhancer",TRUE,1,-1.6658269470324,0.0099448486175386,"THRB"
"MA1578.1","VEZF1",-0.0129977203597011,0,"cortex_late","up","enhancer",TRUE,1,0.13098633501567,0.409155788581504,"VEZF1"
"MA1579.1","ZBTB26",0.0152486354358938,0,"cortex_late","up","enhancer",TRUE,1,-0.364494695356772,0.225241831539457,"ZBTB26"
"MA1581.1","ZBTB6",-0.216601799633945,0,"cortex_late","up","enhancer",TRUE,1,-0.184074101784175,0.643162161370863,"ZBTB6"
"MA1583.1","ZFP57",-0.0423910096269173,0,"cortex_late","up","enhancer",TRUE,1,-0.103947425277808,0.474366253525041,"ZFP57"
"MA1589.1","ZNF140",0.00166136463603284,0,"cortex_late","up","enhancer",TRUE,1,0.363278994076396,0.263827011539419,"ZNF140"
"MA1592.1","ZNF274",-0.0417180859716098,0,"cortex_late","up","enhancer",TRUE,1,0.398293994423678,0.148166086713876,"ZNF274"
"MA1593.1","ZNF317",-0.11099369207268,0,"cortex_late","up","enhancer",TRUE,1,0.188070251113703,0.109815886554582,"ZNF317"
"MA1594.1","ZNF382",-0.0741752038814885,0,"cortex_late","up","enhancer",TRUE,1,-0.0948771776808257,0.766102078741142,"ZNF382"
"MA1600.1","ZNF684",-0.266429251344048,0,"cortex_late","up","enhancer",TRUE,1,0.24699524891876,0.36331335292729,"ZNF684"
"MA1601.1","ZNF75D",-0.0957855999774981,0,"cortex_late","up","enhancer",TRUE,1,-0.0343495463244183,0.819366268136413,"ZNF75D"
"MA1602.1","ZSCAN29",-0.0344752746349171,0,"cortex_late","up","enhancer",TRUE,1,-0.171044960347177,0.361383173126386,"ZSCAN29"
"MA0605.2","ATF3",-0.0682952149868608,0,"cortex_late","up","enhancer",TRUE,1,1.22781244711171,0.0296699168924001,"ATF3"
"MA0462.2","BATF::JUN",0.136440340258228,0,"cortex_late","up","enhancer",TRUE,1,1.56394663954186,0.0618399334525825,"BATF"
"MA0463.2","BCL6",0.0535218869834422,0,"cortex_late","up","enhancer",TRUE,1,0.288789596975512,0.336304604074261,"BCL6"
"MA0864.2","E2F2",-0.0844400098261824,0,"cortex_late","up","enhancer",TRUE,1,2.16310203768275,0.0266657347108946,"E2F2"
"MA0469.3","E2F3",-0.0377959054839296,0,"cortex_late","up","enhancer",TRUE,1,0.0639608022362301,0.86849553817273,"E2F3"
"MA0470.2","E2F4",0.238744320516114,0,"cortex_late","up","enhancer",TRUE,1,0.268943575403831,0.186817082099646,"E2F4"
"MA0847.2","FOXD2",-0.0235001990909058,0,"cortex_late","up","enhancer",TRUE,1,-0.638139824644596,0.188673528040689,"FOXD2"
"MA0038.2","GFI1",-0.0166624414771555,0,"cortex_late","up","enhancer",TRUE,1,2.40048037565185,0.0212169709480674,"GFI1"
"MA0734.2","GLI2",0.142767016579159,0,"cortex_late","up","enhancer",TRUE,1,1.5218799508573,0.0166052938123415,"GLI2"
"MA1099.2","HES1",0.0464116692234509,0,"cortex_late","up","enhancer",TRUE,1,0.333015747686757,0.219293504390995,"HES1"
"MA0900.2","HOXA2",-0.0939178973853734,0,"cortex_late","up","enhancer",TRUE,1,0.457069078698871,0.245528809764773,"HOXA2"
"MA0158.2","HOXA5",-0.114642790897581,0,"cortex_late","up","enhancer",TRUE,1,0.0352279979290078,0.893093359002962,"HOXA5"
"MA0902.2","HOXB2",-0.00900998900469929,0,"cortex_late","up","enhancer",TRUE,1,0.178148109043944,0.617110319099526,"HOXB2"
"MA0904.2","HOXB5",-0.181857478642497,0,"cortex_late","up","enhancer",TRUE,1,-0.00140329455360844,0.997357511683444,"HOXB5"
"MA0912.2","HOXD3",-0.0230930110384131,0,"cortex_late","up","enhancer",TRUE,1,-0.173370878751268,0.515568530855192,"HOXD3"
"MA0910.2","HOXD8",0.0667975317547036,0,"cortex_late","up","enhancer",TRUE,1,-0.247006857707948,0.459135421366113,"HOXD8"
"MA0842.2","NRL",-0.0967828394889514,0,"cortex_late","up","enhancer",TRUE,1,-0.663213236069124,0.0389492960832284,"NRL"
"MA0867.2","SOX4",-0.211162987382331,0,"cortex_late","up","enhancer",TRUE,1,0.301882913349457,0.545106407190992,"SOX4"
"MA0079.4","SP1",0.0668974981917518,0,"cortex_late","up","enhancer",TRUE,1,-0.0538910415322489,0.794592964838596,"SP1"
"MA0746.2","SP3",0.0128579958749722,0,"cortex_late","up","enhancer",TRUE,1,0.109857962317119,0.548861568587062,"SP3"
"MA0632.2","TCFL5",0.146845983795296,0,"cortex_late","up","enhancer",TRUE,1,-0.219376841216913,0.33426805669732,"TCFL5"
"MA0871.2","TFEC",0.0984061254266333,0,"cortex_late","up","enhancer",TRUE,1,-1.14927017579855,0.0819612126195886,"TFEC"
"MA0753.2","ZNF740",0.0592020568811886,0,"cortex_late","up","enhancer",TRUE,1,0.140793219266418,0.383650068966542,"ZNF740"
"MA1632.1","ATF2",-0.120279375894549,0,"cortex_late","up","enhancer",TRUE,1,-0.209500134725169,0.190631785514542,"ATF2"
"MA1633.1","BACH1",0.0702848169535946,0,"cortex_late","up","enhancer",TRUE,1,0.215623552209181,0.426882226405801,"BACH1"
"MA1634.1","BATF",0.14062768591372,0,"cortex_late","up","enhancer",TRUE,1,1.56394663954186,0.0618399334525825,"BATF"
"MA1643.1","NFIB",-0.0934259664166204,0,"cortex_late","up","enhancer",TRUE,1,-0.801967209982136,0.0310195339310119,"NFIB"
"MA1644.1","NFYC",-0.254293557373242,0,"cortex_late","up","enhancer",TRUE,1,-0.405333178581786,0.0356282910709909,"NFYC"
"MA1649.1","ZBTB12",0.0990593248716181,0,"cortex_late","up","enhancer",TRUE,1,-0.134894266462391,0.747528241936079,"ZBTB12"
"MA1650.1","ZBTB14",0.02967027930685,0,"cortex_late","up","enhancer",TRUE,1,-0.160356275441869,0.296425439214427,"ZBTB14"
"MA1652.1","ZKSCAN5",-0.0350267384638236,0,"cortex_late","up","enhancer",TRUE,1,-0.112581517953963,0.525710357341252,"ZKSCAN5"
"MA1653.1","ZNF148",0.0242065049218496,0,"cortex_late","up","enhancer",TRUE,1,-0.304674016324364,0.0990096020999713,"ZNF148"
"MA1654.1","ZNF16",0.127489669442824,0,"cortex_late","up","enhancer",TRUE,1,0.0361068081639608,0.858138167792166,"ZNF16"
"MA1656.1","ZNF449",-0.00764302088120772,0,"cortex_late","up","enhancer",TRUE,1,0.295598152723616,0.409591317759226,"ZNF449"
"MA1657.1","ZNF652",0.10675050793256,0,"cortex_late","up","enhancer",TRUE,1,-0.223573800710028,0.291824000832322,"ZNF652"
"MA0835.2","BATF3",0.130087464475305,0,"cortex_late","up","enhancer",TRUE,1,0.857094975164021,0.254780467456984,"BATF3"
"MA0102.4","CEBPA",0.0619884834804427,0,"cortex_late","up","enhancer",TRUE,1,-0.0534580467573815,0.902953038803753,"CEBPA"
"MA0836.2","CEBPD",0.1510468007185,0,"cortex_late","up","enhancer",TRUE,1,1.44345369263554,0.00638640839435599,"CEBPD"
"MA0018.4","CREB1",-0.0383553009254767,0,"cortex_late","up","enhancer",TRUE,1,0.00394460007507025,0.984418522268869,"CREB1"
"MA0471.2","E2F6",0.0188654047916792,0,"cortex_late","up","enhancer",TRUE,1,0.242438800757994,0.097624693395725,"E2F6"
"MA0162.4","EGR1",0.0345253514193615,0,"cortex_late","up","enhancer",TRUE,1,0.993488240979284,0.175778955921886,"EGR1"
"MA0598.3","EHF",-0.0311770086788972,0,"cortex_late","up","enhancer",TRUE,1,1.70579233716635,0.00623660714767927,"EHF"
"MA0473.3","ELF1",0.0134924682138617,0,"cortex_late","up","enhancer",TRUE,1,0.186522063855572,0.239380690744905,"ELF1"
"MA0640.2","ELF3",-0.0287286324665725,0,"cortex_late","up","enhancer",TRUE,1,1.40737148274039,0.00810709036805467,"ELF3"
"MA0592.3","ESRRA",0.0820550562052782,0,"cortex_late","up","enhancer",TRUE,1,-0.616565060989549,0.0889287925938677,"ESRRA"
"MA0761.2","ETV1",0.0534433728106194,0,"cortex_late","up","enhancer",TRUE,1,0.22212751917251,0.472527978995924,"ETV1"
"MA0764.2","ETV4",-0.0491734754162731,0,"cortex_late","up","enhancer",TRUE,1,2.71675802860031,0.00392533768056333,"ETV4"
"MA0765.2","ETV5",-0.122650676902047,0,"cortex_late","up","enhancer",TRUE,1,-0.646748228578178,0.276180209783554,"ETV5"
"MA1103.2","FOXK2",0.090328015760659,0,"cortex_late","up","enhancer",TRUE,1,-0.354193883277111,0.0412444543084018,"FOXK2"
"MA0481.3","FOXP1",-0.025809816502675,0,"cortex_late","up","enhancer",TRUE,1,0.0808789329271917,0.774532961151454,"FOXP1"
"MA0062.3","GABPA",0.0357754985095102,0,"cortex_late","up","enhancer",TRUE,1,-0.268993180096397,0.0817415438809548,"GABPA"
"MA1105.2","GRHL2",-0.0722528901393211,0,"cortex_late","up","enhancer",TRUE,1,0.210334170305685,0.455926607530173,"GRHL2"
"MA0043.3","HLF",-0.0689566779078161,0,"cortex_late","up","enhancer",TRUE,1,-1.25933301879321,0.0342637808381269,"HLF"
"MA0114.4","HNF4A",-0.0213459709025248,0,"cortex_late","up","enhancer",TRUE,1,-1.25980610586777,0.0892649856453942,"HNF4A"
"MA0484.2","HNF4G",0.0240994783622739,0,"cortex_late","up","enhancer",TRUE,1,-1.67052276942475,0.0161564174664684,"HNF4G"
"MA0039.4","KLF4",0.0147904411274347,0,"cortex_late","up","enhancer",TRUE,1,1.14570658880913,0.00389864211258081,"KLF4"
"MA1107.2","KLF9",0.0596795696571277,0,"cortex_late","up","enhancer",TRUE,1,-0.197012528931298,0.780229556932,"KLF9"
"MA0495.3","MAFF",-0.313451395318018,0,"cortex_late","up","enhancer",TRUE,1,1.19899802643827,0.0273036282512805,"MAFF"
"MA0659.2","MAFG",-0.0518935374123028,0,"cortex_late","up","enhancer",TRUE,1,0.110727696998016,0.540526967059497,"MAFG"
"MA0496.3","MAFK",-0.00587249622645114,0,"cortex_late","up","enhancer",TRUE,1,-0.0592938378199301,0.820849080597603,"MAFK"
"MA0052.4","MEF2A",-0.0284477311874305,0,"cortex_late","up","enhancer",TRUE,1,0.24693987837195,0.151541068265505,"MEF2A"
"MA0620.3","MITF",-0.0186204743693459,0,"cortex_late","up","enhancer",TRUE,1,-0.421950461520824,0.084258042308899,"MITF"
"MA1108.2","MXI1",-0.204417550149175,0,"cortex_late","up","enhancer",TRUE,1,-0.8408892143695,0.0324376444095301,"MXI1"
"MA0056.2","MZF1",-0.0304010345982899,0,"cortex_late","up","enhancer",TRUE,1,0.230232641685022,0.258638089854901,"MZF1"
"MA0089.2","NFE2L1",0.106088960358807,0,"cortex_late","up","enhancer",TRUE,1,0.39550938680892,0.0167434207201977,"NFE2L1"
"MA0502.2","NFYB",0.000302779476569093,0,"cortex_late","up","enhancer",TRUE,1,0.0535703405217713,0.791034907841889,"NFYB"
"MA1112.2","NR4A1",-0.0367611115183273,0,"cortex_late","up","enhancer",TRUE,1,-0.877932818285481,0.295695214214979,"NR4A1"
"MA0679.2","ONECUT1",0.119896792709521,0,"cortex_late","up","enhancer",TRUE,1,-0.305681157401709,0.79726462709597,"ONECUT1"
"MA1113.2","PBX2",0.00545329693133922,0,"cortex_late","up","enhancer",TRUE,1,-0.0716879256131486,0.592499892421122,"PBX2"
"MA0782.2","PKNOX1",0.0338524626489916,0,"cortex_late","up","enhancer",TRUE,1,0.0430717643209224,0.812897682609181,"PKNOX1"
"MA0508.3","PRDM1",0.0757788240073083,0,"cortex_late","up","enhancer",TRUE,1,0.851380000503385,0.102516486577911,"PRDM1"
"MA0509.2","RFX1",0.0686995308942677,0,"cortex_late","up","enhancer",TRUE,1,-0.0862975991716723,0.767027162375109,"RFX1"
"MA0798.2","RFX3",-0.0640316768349507,0,"cortex_late","up","enhancer",TRUE,1,-0.369887629903715,0.0899832485099614,"RFX3"
"MA0684.2","RUNX3",0.00829431073709586,0,"cortex_late","up","enhancer",TRUE,1,2.59441605886014,0.0211188205554735,"RUNX3"
"MA0745.2","SNAI2",0.052738677859141,0,"cortex_late","up","enhancer",TRUE,1,0.643499167235776,0.093934214104676,"SNAI2"
"MA0080.5","SPI1",0.0176748224670877,0,"cortex_late","up","enhancer",TRUE,1,2.08688724918781,0.0277096386312101,"SPI1"
"MA0081.2","SPIB",-0.0294409023520803,0,"cortex_late","up","enhancer",TRUE,1,4.0841758316319,0.0141010765844496,"SPIB"
"MA0522.3","TCF3",0.0771946935158034,0,"cortex_late","up","enhancer",TRUE,1,0.557824702012325,0.164946685394945,"TCF3"
"MA0830.2","TCF4",-0.00985805233046122,0,"cortex_late","up","enhancer",TRUE,1,0.230313803831776,0.515529818856741,"TCF4"
"MA0769.2","TCF7",-0.100076008193154,0,"cortex_late","up","enhancer",TRUE,1,0.671607301980921,0.406633927331149,"TCF7"
"MA0090.3","TEAD1",-0.0123011900598318,0,"cortex_late","up","enhancer",TRUE,1,0.021731518988295,0.95950778813433,"TEAD1"
"MA0809.2","TEAD4",-0.0576216600459478,0,"cortex_late","up","enhancer",TRUE,1,0.94200136013122,0.0116730618613006,"TEAD4"
"MA0003.4","TFAP2A",-0.125712748643492,0,"cortex_late","up","enhancer",TRUE,1,0.136494272440522,0.671569041798904,"TFAP2A"
"MA1123.2","TWIST1",0.0769937692521951,0,"cortex_late","up","enhancer",TRUE,1,-0.827018017422278,0.0586081214958713,"TWIST1"
"MA0093.3","USF1",-0.208718039349897,0,"cortex_late","up","enhancer",TRUE,1,0.205963435892328,0.466491178494197,"USF1"
"MA0526.3","USF2",-0.146709089027248,0,"cortex_late","up","enhancer",TRUE,1,-0.254954552846203,0.144650105291358,"USF2"
"MA0528.2","ZNF263",0.0252883297851678,0,"cortex_late","up","enhancer",TRUE,1,0.297947962619334,0.149510985786169,"ZNF263"
"MA0609.2","CREM",0.0367715294719071,0,"cortex_late","up","enhancer",TRUE,1,0.641070187614052,0.023886407704992,"CREM"
"MA0735.1","GLIS1",NA,NA,"cortex_late","up","enhancer",TRUE,NA,-0.82767331385964,0.0654662802053464,"GLIS1"
"MA0112.3","ESR1",1.00472172561741,0.992204539223518,"medulla_early","down","promoter",FALSE,0.101811177607033,-0.754140224542913,0.131717332990373,"ESR1"
"MA0160.1","NR4A2",0.516561346066462,0.440404873723185,"medulla_early","down","promoter",FALSE,0.362739730729466,0.670144111666451,0.506393131551157,"NR4A2"
"MA0141.3","ESRRB",0.780752617514381,0.440404873723185,"medulla_early","down","promoter",FALSE,0.362739730729466,-0.0320077363265767,0.982244692972162,"ESRRB"
"MA1111.1","NR2F2",0.64566445866337,0.440404873723185,"medulla_early","down","promoter",FALSE,0.362739730729466,0.0773628921649152,0.792190519734132,"NR2F2"
"MA0632.2","TCFL5",0.267253912036964,0.164328048678264,"medulla_early","down","promoter",FALSE,0.684970631578273,-0.125984535075871,0.641277270968521,"TCFL5"
"MA0259.1","ARNT::HIF1A",0.342373331124243,0.158921461162614,"medulla_early","down","promoter",FALSE,0.693551218112737,1.01651237888565,0.207865436005933,"HIF1A"
"MA0625.1","NFATC3",0.471762075385906,0.158921461162614,"medulla_early","down","promoter",FALSE,0.693551218112737,-0.0155296820718904,0.956731123773962,"NFATC3"
"MA0636.1","BHLHE41",0.666837609876362,0.158921461162614,"medulla_early","down","promoter",FALSE,0.693551218112737,0.148710381196328,0.818255736703222,"BHLHE41"
"MA1581.1","ZBTB6",0.300154857436675,0.158921461162614,"medulla_early","down","promoter",FALSE,0.693551218112737,-0.361137112953845,0.625151330776602,"ZBTB6"
"MA0038.2","GFI1",0.636883314426442,0.158921461162614,"medulla_early","down","promoter",FALSE,0.693551218112737,1.38160825886547,0.29103299967878,"GFI1"
"MA0025.2","NFIL3",0.649162445231926,0.158921461162614,"medulla_early","down","promoter",FALSE,0.693551218112737,0.745980541597738,0.122501804370263,"NFIL3"
"MA0527.1","ZBTB33",0.356449280201366,0.154016332237005,"medulla_early","down","promoter",FALSE,0.701428919731669,-0.0650986887417684,0.914667083595947,"ZBTB33"
"MA0043.3","HLF",0.608248218237106,0.154016332237005,"medulla_early","down","promoter",FALSE,0.701428919731669,-0.604757118734295,0.163746211181165,"HLF"
"MA0089.2","NFE2L1",0.60424747070814,0.154016332237005,"medulla_early","down","promoter",FALSE,0.701428919731669,0.250576209871364,0.291460571276196,"NFE2L1"
"MA1112.2","NR4A1",0.496496536148003,0.154016332237005,"medulla_early","down","promoter",FALSE,0.701428919731669,0.584862578948409,0.66978651208401,"NR4A1"
"MA0152.1","NFATC2",0.365589604301801,0.0571792154649152,"medulla_early","down","promoter",FALSE,0.876638993647158,0.590951661666812,0.346753245063191,"NFATC2"
"MA1149.1","RARA::RXRG",0.321291448210457,0.0571792154649152,"medulla_early","down","promoter",FALSE,0.876638993647158,-1.92633319462346,0.173777595901941,"RXRG"
"MA0501.1","MAF::NFE2",0.517168163517575,0.00633986775198357,"medulla_early","down","promoter",FALSE,0.985507950466686,-0.82789645632328,0.147136755264912,"MAF"
"MA1541.1","NR6A1",0.398941146248424,0.00633986775198357,"medulla_early","down","promoter",FALSE,0.985507950466686,0.130870702750765,0.710272688724595,"NR6A1"
"MA1592.1","ZNF274",0.49991728418772,0.00633986775198357,"medulla_early","down","promoter",FALSE,0.985507950466686,0.38620323622967,0.18285194566605,"ZNF274"
"MA1643.1","NFIB",0.426331824272594,0.00633986775198357,"medulla_early","down","promoter",FALSE,0.985507950466686,-0.443600970555623,0.236817474381606,"NFIB"
"MA1113.2","PBX2",0.501105740866159,0.00633986775198357,"medulla_early","down","promoter",FALSE,0.985507950466686,0.168210555534477,0.431059780126037,"PBX2"
"MA0031.1","FOXD1",0.1184134667902,0,"medulla_early","down","promoter",FALSE,1,0.63017856901305,0.121903352863792,"FOXD1"
"MA0051.1","IRF2",-0.271930065140206,0,"medulla_early","down","promoter",FALSE,1,0.217173928590692,0.341640931174144,"IRF2"
"MA0059.1","MAX::MYC",0.0212881582372484,0,"medulla_early","down","promoter",FALSE,1,0.840782416698474,0.234985963307979,"MYC"
"MA0066.1","PPARG",0.194994598871843,0,"medulla_early","down","promoter",FALSE,1,1.37320301516143,0.0869135823172405,"PPARG"
"MA0070.1","PBX1",-0.15621428379939,0,"medulla_early","down","promoter",FALSE,1,0.504126129843289,0.19190814414701,"PBX1"
"MA0071.1","RORA",0.296286509652403,0,"medulla_early","down","promoter",FALSE,1,-0.560742748182804,0.335161734083373,"RORA"
"MA0073.1","RREB1",-0.099562149209695,0,"medulla_early","down","promoter",FALSE,1,-0.232197035188481,0.618080744818636,"RREB1"
"MA0074.1","RXRA::VDR",-0.421188339116089,0,"medulla_early","down","promoter",FALSE,1,-1.09932889011824,0.372016550714213,"VDR"
"MA0077.1","SOX9",-0.121278899586339,0,"medulla_early","down","promoter",FALSE,1,0.149611239615608,0.904147284538814,"SOX9"
"MA0091.1","TAL1::TCF3",0.166192474676762,0,"medulla_early","down","promoter",FALSE,1,0.760909391800218,0.0716761923256732,"TAL1"
"MA0101.1","REL",0.202217516588787,0,"medulla_early","down","promoter",FALSE,1,0.0800215676474639,0.968675604394128,"REL"
"MA0107.1","RELA",0.292533214187343,0,"medulla_early","down","promoter",FALSE,1,0.558077788889914,0.0564862461561881,"RELA"
"MA0115.1","NR1H2::RXRA",-0.00747319568853344,0,"medulla_early","down","promoter",FALSE,1,0.285160089250391,0.249873545188576,"NR1H2"
"MA0119.1","NFIC::TLX1",-0.440416768327932,0,"medulla_early","down","promoter",FALSE,1,0.110585462196594,0.718758563012995,"NFIC"
"MA0139.1","CTCF",-0.124692946134851,0,"medulla_early","down","promoter",FALSE,1,-0.00889126866160517,0.974038165068298,"CTCF"
"MA0138.2","REST",0.38434092660186,0,"medulla_early","down","promoter",FALSE,1,-0.0415618307860806,0.945209506982702,"REST"
"MA0159.1","RARA::RXRA",0.180374176207748,0,"medulla_early","down","promoter",FALSE,1,0.237473110317985,0.33777301629397,"RARA"
"MA0163.1","PLAG1",0.0201272496228269,0,"medulla_early","down","promoter",FALSE,1,0.482897442141747,0.518320027008768,"PLAG1"
"MA0476.1","FOS",-0.220461702290154,0,"medulla_early","down","promoter",FALSE,1,0.790444411147782,0.495819179428345,"FOS"
"MA0478.1","FOSL2",0.197268109706842,0,"medulla_early","down","promoter",FALSE,1,1.08455929293645,0.0618584746703685,"FOSL2"
"MA0488.1","JUN",-0.328648189504187,0,"medulla_early","down","promoter",FALSE,1,0.25851843413685,0.588249029107439,"JUN"
"MA0497.1","MEF2C",-0.0723874702287812,0,"medulla_early","down","promoter",FALSE,1,0.462020070154845,0.135488088859171,"MEF2C"
"MA0504.1","NR2C2",-0.130022492030128,0,"medulla_early","down","promoter",FALSE,1,0.0494679283340194,0.9302329235975,"NR2C2"
"MA0506.1","NRF1",0.0530729614228624,0,"medulla_early","down","promoter",FALSE,1,0.358516284174075,0.12706932132958,"NRF1"
"MA0507.1","POU2F2",-0.184606714502941,0,"medulla_early","down","promoter",FALSE,1,1.55969797562014,0.0967970792705109,"POU2F2"
"MA0513.1","SMAD2::SMAD3::SMAD4",-0.269698333853321,0,"medulla_early","down","promoter",FALSE,1,-0.168477519832847,0.552834077757077,"SMAD4"
"MA0517.1","STAT1::STAT2",0.136365207495848,0,"medulla_early","down","promoter",FALSE,1,0.892153553169537,0.153114577868935,"STAT1"
"MA0523.1","TCF7L2",0.240691153746997,0,"medulla_early","down","promoter",FALSE,1,0.41684490565464,0.143092339078767,"TCF7L2"
"MA0076.2","ELK4",0.00644983532616372,0,"medulla_early","down","promoter",FALSE,1,-0.453543911657625,0.564367021810182,"ELK4"
"MA0050.2","IRF1",-0.0857649105806022,0,"medulla_early","down","promoter",FALSE,1,1.42681426997678,0.0671876671908609,"IRF1"
"MA0137.3","STAT1",-0.417117215964645,0,"medulla_early","down","promoter",FALSE,1,0.892153553169537,0.153114577868935,"STAT1"
"MA0144.2","STAT3",0.0462814393404258,0,"medulla_early","down","promoter",FALSE,1,0.708432150176781,0.0636959946514459,"STAT3"
"MA0140.2","GATA1::TAL1",-0.0910460777288886,0,"medulla_early","down","promoter",FALSE,1,0.760909391800218,0.0716761923256732,"TAL1"
"MA0095.2","YY1",-0.222857068892756,0,"medulla_early","down","promoter",FALSE,1,-0.138238874902464,0.498476034308346,"YY1"
"MA0593.1","FOXP2",-0.199517615393537,0,"medulla_early","down","promoter",FALSE,1,-0.483628998360313,0.623427755716405,"FOXP2"
"MA0595.1","SREBF1",-0.240561829864828,0,"medulla_early","down","promoter",FALSE,1,-0.394358063631408,0.478982400806204,"SREBF1"
"MA0596.1","SREBF2",-0.10141028954206,0,"medulla_early","down","promoter",FALSE,1,-0.285261787057085,0.621044028311948,"SREBF2"
"MA0597.1","THAP1",-0.142269211887607,0,"medulla_early","down","promoter",FALSE,1,-0.174647403581858,0.542521541921057,"THAP1"
"MA0599.1","KLF5",-0.0570595002368908,0,"medulla_early","down","promoter",FALSE,1,0.97306412242482,0.310096301808503,"KLF5"
"MA0628.1","POU6F1",-0.796590183816166,0,"medulla_early","down","promoter",FALSE,1,0.508698992617218,0.182444066184707,"POU6F1"
"MA0637.1","CENPB",0.162812114538572,0,"medulla_early","down","promoter",FALSE,1,0.489281537501189,0.154186298655422,"CENPB"
"MA0638.1","CREB3",-0.488821530624322,0,"medulla_early","down","promoter",FALSE,1,0.253825614097928,0.418313584882421,"CREB3"
"MA0641.1","ELF4",-0.159897224928391,0,"medulla_early","down","promoter",FALSE,1,1.07465740278767,0.0637678535424862,"ELF4"
"MA0136.2","ELF5",-0.262631669669886,0,"medulla_early","down","promoter",FALSE,1,1.11133724421382,0.338030751654114,"ELF5"
"MA0645.1","ETV6",0.145725423068706,0,"medulla_early","down","promoter",FALSE,1,0.347371207909622,0.154786995395705,"ETV6"
"MA0475.2","FLI1",-0.321876818664039,0,"medulla_early","down","promoter",FALSE,1,0.586153179940898,0.109298140664543,"FLI1"
"MA0042.2","FOXI1",0.144596296793322,0,"medulla_early","down","promoter",FALSE,1,-0.875336820839591,0.315134881631071,"FOXI1"
"MA0033.2","FOXL1",-0.0590426007449159,0,"medulla_early","down","promoter",FALSE,1,0.0121985126618991,0.988527614317458,"FOXL1"
"MA0157.2","FOXO3",0.0619990467029012,0,"medulla_early","down","promoter",FALSE,1,0.453006442609666,0.283366619336918,"FOXO3"
"MA0646.1","GCM1",0.14837963001381,0,"medulla_early","down","promoter",FALSE,1,-2.39087774170395,0.118640047017021,"GCM1"
"MA0647.1","GRHL1",0.00927746341794666,0,"medulla_early","down","promoter",FALSE,1,0.967802111767785,0.176191528060478,"GRHL1"
"MA0649.1","HEY2",0.123489375363929,0,"medulla_early","down","promoter",FALSE,1,-0.575724392510419,0.260000737419597,"HEY2"
"MA0131.2","HINFP",0.0593957103604579,0,"medulla_early","down","promoter",FALSE,1,-0.0352036210137197,0.920374044665355,"HINFP"
"MA0046.2","HNF1A",0.224512213245087,0,"medulla_early","down","promoter",FALSE,1,-3.4941919434228,0.0752441288689795,"HNF1A"
"MA0153.2","HNF1B",-0.0130101183878581,0,"medulla_early","down","promoter",FALSE,1,-0.169388902221994,0.711653267999088,"HNF1B"
"MA0651.1","HOXC11",-0.280460938263677,0,"medulla_early","down","promoter",FALSE,1,0.657732566855532,0.417818088388702,"HOXC11"
"MA0486.2","HSF1",0.171545601543145,0,"medulla_early","down","promoter",FALSE,1,0.049475949593706,0.900123271083596,"HSF1"
"MA0652.1","IRF8",-0.0520410000396061,0,"medulla_early","down","promoter",FALSE,1,1.18274000047459,0.101574921715219,"IRF8"
"MA0653.1","IRF9",-0.11604013870886,0,"medulla_early","down","promoter",FALSE,1,1.10057616102454,0.0538801276677179,"IRF9"
"MA0655.1","JDP2",-0.462506484413983,0,"medulla_early","down","promoter",FALSE,1,1.06661891407839,0.0671876671908609,"JDP2"
"MA0657.1","KLF13",-0.265578275292969,0,"medulla_early","down","promoter",FALSE,1,-0.00291473958090815,0.99516145579269,"KLF13"
"MA0658.1","LHX6",-0.336661229366661,0,"medulla_early","down","promoter",FALSE,1,0.610815883501578,0.153367181687364,"LHX6"
"MA0660.1","MEF2B",-0.176863486320213,0,"medulla_early","down","promoter",FALSE,1,-0.483300096440254,0.654141859809405,"MEF2B"
"MA0661.1","MEOX1",-0.419324986212724,0,"medulla_early","down","promoter",FALSE,1,0.641598996092283,0.729906665526044,"MEOX1"
"MA0663.1","MLX",0.251369951092963,0,"medulla_early","down","promoter",FALSE,1,-0.045305214304185,0.886627030661515,"MLX"
"MA0664.1","MLXIPL",0.312892189720272,0,"medulla_early","down","promoter",FALSE,1,-3.29180772933465,0.0791697779134321,"MLXIPL"
"MA0665.1","MSC",0.22734751224352,0,"medulla_early","down","promoter",FALSE,1,1.5770646914424,0.317074680424571,"MSC"
"MA0666.1","MSX1",0.210942979487325,0,"medulla_early","down","promoter",FALSE,1,0.366240599475117,0.533530991924705,"MSX1"
"MA0670.1","NFIA",0.0504493681484268,0,"medulla_early","down","promoter",FALSE,1,-0.226528027272291,0.598257680800778,"NFIA"
"MA0671.1","NFIX",0.277432243837453,0,"medulla_early","down","promoter",FALSE,1,0.564594198114021,0.0736908808273432,"NFIX"
"MA0685.1","SP4",-0.767603935750545,0,"medulla_early","down","promoter",FALSE,1,0.243124962478401,0.694410488279258,"SP4"
"MA0083.3","SRF",0.169925001442312,0,"medulla_early","down","promoter",FALSE,1,0.571765007633593,0.0658507918159552,"SRF"
"MA0688.1","TBX2",0.0888692985461175,0,"medulla_early","down","promoter",FALSE,1,0.150023270292296,0.757548607212227,"TBX2"
"MA0690.1","TBX21",0.319746671037117,0,"medulla_early","down","promoter",FALSE,1,1.12069650160351,0.415023539986082,"TBX21"
"MA0691.1","TFAP4",-0.081458472268185,0,"medulla_early","down","promoter",FALSE,1,-0.170761165905302,0.631474016558116,"TFAP4"
"MA0145.3","TFCP2",-0.6354003096314,0,"medulla_early","down","promoter",FALSE,1,-0.107443480670486,0.577992267057532,"TFCP2"
"MA0692.1","TFEB",0.320853533563382,0,"medulla_early","down","promoter",FALSE,1,0.328272024454406,0.227690645055759,"TFEB"
"MA0694.1","ZBTB7B",0.111453814972967,0,"medulla_early","down","promoter",FALSE,1,-0.209024759708744,0.631708799839401,"ZBTB7B"
"MA0695.1","ZBTB7C",0.11507010900693,0,"medulla_early","down","promoter",FALSE,1,0.781723467545024,0.166255330391503,"ZBTB7C"
"MA0698.1","ZBTB18",-0.0479658180502671,0,"medulla_early","down","promoter",FALSE,1,-0.327694892959125,0.360088014072592,"ZBTB18"
"MA0716.1","PRRX1",-0.570277602308996,0,"medulla_early","down","promoter",FALSE,1,-0.166015221967061,0.841536489450615,"PRRX1"
"MA0722.1","VAX1",-0.383572516502959,0,"medulla_early","down","promoter",FALSE,1,-3.438831185671,0.155425998835213,"VAX1"
"MA0017.2","NR2F1",0.184760416439835,0,"medulla_early","down","promoter",FALSE,1,0.282382504432173,0.587548530176853,"NR2F1"
"MA0113.3","NR3C1",-0.157333534217579,0,"medulla_early","down","promoter",FALSE,1,-0.499605012691847,0.122682160942737,"NR3C1"
"MA0727.1","NR3C2",-0.40348475514848,0,"medulla_early","down","promoter",FALSE,1,0.198865770780005,0.747317567379592,"NR3C2"
"MA0729.1","RARA",-0.0912101303786117,0,"medulla_early","down","promoter",FALSE,1,0.237473110317985,0.33777301629397,"RARA"
"MA0731.1","BCL6B",-0.050944216526783,0,"medulla_early","down","promoter",FALSE,1,0.762210553381182,0.0726039000077938,"BCL6B"
"MA0472.2","EGR2",-0.116026049108395,0,"medulla_early","down","promoter",FALSE,1,2.42834614690525,0.0736908808273432,"EGR2"
"MA0732.1","EGR3",-0.337673167991849,0,"medulla_early","down","promoter",FALSE,1,0.905435287832733,0.51732000265961,"EGR3"
"MA0735.1","GLIS1",0.114839836801474,0,"medulla_early","down","promoter",FALSE,1,-1.30837385883829,0.187906004500892,"GLIS1"
"MA0736.1","GLIS2",0.208965568134017,0,"medulla_early","down","promoter",FALSE,1,-0.65891659436957,0.0581788116396234,"GLIS2"
"MA0737.1","GLIS3",0.378527375144632,0,"medulla_early","down","promoter",FALSE,1,-0.196560407606767,0.736946059135664,"GLIS3"
"MA0738.1","HIC2",0.0510679579684243,0,"medulla_early","down","promoter",FALSE,1,0.155618142644939,0.767589809234284,"HIC2"
"MA0741.1","KLF16",-0.109596783872853,0,"medulla_early","down","promoter",FALSE,1,0.269650237545363,0.461492183934434,"KLF16"
"MA0749.1","ZBED1",-0.0169786973157788,0,"medulla_early","down","promoter",FALSE,1,0.401962085158185,0.103894485072747,"ZBED1"
"MA0088.2","ZNF143",0.0171801803364393,0,"medulla_early","down","promoter",FALSE,1,-0.0817517083150916,0.770338048345388,"ZNF143"
"MA0752.1","ZNF410",0.169925001442312,0,"medulla_early","down","promoter",FALSE,1,-0.100949867114212,0.657355619379551,"ZNF410"
"MA0754.1","CUX1",-0.363046456573931,0,"medulla_early","down","promoter",FALSE,1,-0.679274169005233,0.124562579245047,"CUX1"
"MA0759.1","ELK3",-0.183624415752609,0,"medulla_early","down","promoter",FALSE,1,0.679141112159724,0.0516569808763003,"ELK3"
"MA0760.1","ERF",-0.312751223542678,0,"medulla_early","down","promoter",FALSE,1,-0.369885960178769,0.322468223020106,"ERF"
"MA0474.2","ERG",-0.348460890418949,0,"medulla_early","down","promoter",FALSE,1,0.875601981859466,0.119647840228973,"ERG"
"MA0098.3","ETS1",-0.30785649361612,0,"medulla_early","down","promoter",FALSE,1,0.122252321544641,0.865950184910343,"ETS1"
"MA0762.1","ETV2",-0.424983974217484,0,"medulla_early","down","promoter",FALSE,1,0.628729270749787,0.290106794199507,"ETV2"
"MA0763.1","ETV3",-0.181295526162408,0,"medulla_early","down","promoter",FALSE,1,0.228980334027496,0.509886030301196,"ETV3"
"MA0768.1","LEF1",0.367767691392937,0,"medulla_early","down","promoter",FALSE,1,0.653669264335977,0.178162077515761,"LEF1"
"MA0770.1","HSF2",-0.249411905838646,0,"medulla_early","down","promoter",FALSE,1,-0.0643696560585907,0.840506447147468,"HSF2"
"MA0771.1","HSF4",0.116477445973372,0,"medulla_early","down","promoter",FALSE,1,0.815767005312291,0.124562579245047,"HSF4"
"MA0772.1","IRF7",-0.930837075669464,0,"medulla_early","down","promoter",FALSE,1,0.786539281622198,0.288943154598854,"IRF7"
"MA0773.1","MEF2D",-0.109211584830724,0,"medulla_early","down","promoter",FALSE,1,0.344697022750822,0.118744066150201,"MEF2D"
"MA0498.2","MEIS1",0.151451890208082,0,"medulla_early","down","promoter",FALSE,1,0.661464631896895,0.162801721447683,"MEIS1"
"MA0774.1","MEIS2",0.0555474884973099,0,"medulla_early","down","promoter",FALSE,1,0.266724544650988,0.530290571809906,"MEIS2"
"MA0775.1","MEIS3",0.160536137876776,0,"medulla_early","down","promoter",FALSE,1,0.986756991640251,0.06604313776341,"MEIS3"
"MA0776.1","MYBL1",0.186194148256351,0,"medulla_early","down","promoter",FALSE,1,0.324079283176014,0.698270636999145,"MYBL1"
"MA0777.1","MYBL2",0.0930458220156911,0,"medulla_early","down","promoter",FALSE,1,0.324522708701639,0.702831246653549,"MYBL2"
"MA0105.4","NFKB1",-0.0775080979185847,0,"medulla_early","down","promoter",FALSE,1,0.358332487032487,0.227614527640085,"NFKB1"
"MA0778.1","NFKB2",0.268822226104648,0,"medulla_early","down","promoter",FALSE,1,0.504127215866936,0.109143448514621,"NFKB2"
"MA0783.1","PKNOX2",-0.0124988479454813,0,"medulla_early","down","promoter",FALSE,1,-0.0510469240905236,0.938916864932661,"PKNOX2"
"MA0785.1","POU2F1",0.401605426313659,0,"medulla_early","down","promoter",FALSE,1,-0.0254606879461252,0.968977526882527,"POU2F1"
"MA0788.1","POU3F3",0.211939071514338,0,"medulla_early","down","promoter",FALSE,1,-0.303769583298376,0.459163556728696,"POU3F3"
"MA0793.1","POU6F2",-0.0485988507443427,0,"medulla_early","down","promoter",FALSE,1,1.25362859490879,0.254904639470336,"POU6F2"
"MA0794.1","PROX1",0.411504021110723,0,"medulla_early","down","promoter",FALSE,1,0.759951447180321,0.425011842612935,"PROX1"
"MA0600.2","RFX2",-0.499940584810743,0,"medulla_early","down","promoter",FALSE,1,0.668664767268385,0.0863441887288586,"RFX2"
"MA0795.1","SMAD3",0.338311260518432,0,"medulla_early","down","promoter",FALSE,1,0.196828471997327,0.6161189028885,"SMAD3"
"MA0796.1","TGIF1",-0.0854136219877097,0,"medulla_early","down","promoter",FALSE,1,0.750880565173492,0.116892441380672,"TGIF1"
"MA0797.1","TGIF2",0.113345800959205,0,"medulla_early","down","promoter",FALSE,1,-0.124518765041029,0.726929376762138,"TGIF2"
"MA0510.2","RFX5",-0.540093995223995,0,"medulla_early","down","promoter",FALSE,1,0.484408369218253,0.0915827651074983,"RFX5"
"MA0511.2","RUNX2",-0.0417584506126989,0,"medulla_early","down","promoter",FALSE,1,0.755105408746354,0.28969735297338,"RUNX2"
"MA0800.1","EOMES",0.102570183749352,0,"medulla_early","down","promoter",FALSE,1,1.17846458419444,0.430700787253069,"EOMES"
"MA0801.1","MGA",-0.223296154144571,0,"medulla_early","down","promoter",FALSE,1,0.115454508123493,0.773408677112713,"MGA"
"MA0804.1","TBX19",0.168057373856125,0,"medulla_early","down","promoter",FALSE,1,0.0039616639510851,0.993385776435293,"TBX19"
"MA0805.1","TBX1",-0.166336857603207,0,"medulla_early","down","promoter",FALSE,1,1.07277825377375,0.229605965535677,"TBX1"
"MA0808.1","TEAD3",-0.470827284053456,0,"medulla_early","down","promoter",FALSE,1,0.429998560146028,0.0974468396039125,"TEAD3"
"MA0811.1","TFAP2B",0.0990169877290397,0,"medulla_early","down","promoter",FALSE,1,-0.103844649133968,0.878993502968564,"TFAP2B"
"MA0464.2","BHLHE40",0.356894531529888,0,"medulla_early","down","promoter",FALSE,1,0.674547485650892,0.174874517287919,"BHLHE40"
"MA0819.1","CLOCK",0.364714071370014,0,"medulla_early","down","promoter",FALSE,1,-0.253135594892285,0.717302137818283,"CLOCK"
"MA0823.1","HEY1",0.3070316441709,0,"medulla_early","down","promoter",FALSE,1,-0.152082639015041,0.86780393831646,"HEY1"
"MA0058.3","MAX",0.276139766515607,0,"medulla_early","down","promoter",FALSE,1,0.234064132878819,0.355100406815999,"MAX"
"MA0825.1","MNT",0.20736355651916,0,"medulla_early","down","promoter",FALSE,1,0.304837644860451,0.222953636563293,"MNT"
"MA0466.2","CEBPB",-0.0870017829717127,0,"medulla_early","down","promoter",FALSE,1,1.46263432073617,0.0492181571789625,"CEBPB"
"MA0838.1","CEBPG",-0.102096497096398,0,"medulla_early","down","promoter",FALSE,1,-0.011597868271787,0.974038165068298,"CEBPG"
"MA0839.1","CREB3L1",0.206263454122971,0,"medulla_early","down","promoter",FALSE,1,1.22534668585265,0.103920804468515,"CREB3L1"
"MA0843.1","TEF",0.429564351186014,0,"medulla_early","down","promoter",FALSE,1,-0.295841215052998,0.413931192517274,"TEF"
"MA0844.1","XBP1",0.078493496341868,0,"medulla_early","down","promoter",FALSE,1,-0.037555362907062,0.935361721233266,"XBP1"
"MA0032.2","FOXC1",0.129077696285775,0,"medulla_early","down","promoter",FALSE,1,0.595496919873019,0.174142327086812,"FOXC1"
"MA0846.1","FOXC2",0.217510046343743,0,"medulla_early","down","promoter",FALSE,1,0.315696454017831,0.559713854565078,"FOXC2"
"MA0848.1","FOXO4",0.144596296793322,0,"medulla_early","down","promoter",FALSE,1,-0.386816279001445,0.142466418389761,"FOXO4"
"MA0850.1","FOXP3",0.179192799261021,0,"medulla_early","down","promoter",FALSE,1,0.804584909325343,0.364936642049094,"FOXP3"
"MA0855.1","RXRB",0.156289418532338,0,"medulla_early","down","promoter",FALSE,1,0.00713770504806721,0.974690547789849,"RXRB"
"MA0856.1","RXRG",0.344673420488329,0,"medulla_early","down","promoter",FALSE,1,-1.92633319462346,0.173777595901941,"RXRG"
"MA0106.3","TP53",0.108482780302506,0,"medulla_early","down","promoter",FALSE,1,0.277198543157821,0.291460571276196,"TP53"
"MA0861.1","TP73",-0.10313987196892,0,"medulla_early","down","promoter",FALSE,1,-1.00156108890773,0.240158335275445,"TP73"
"MA0862.1","GMEB2",0.0469043247220888,0,"medulla_early","down","promoter",FALSE,1,0.353788071852497,0.17282654658279,"GMEB2"
"MA0863.1","MTF1",-0.0437203311823184,0,"medulla_early","down","promoter",FALSE,1,-0.147932626511653,0.73722886023314,"MTF1"
"MA0024.3","E2F1",-0.0377633485373359,0,"medulla_early","down","promoter",FALSE,1,-1.55631415781051,0.155603468655091,"E2F1"
"MA0028.2","ELK1",0.0159187020405103,0,"medulla_early","down","promoter",FALSE,1,0.282648827199531,0.134091008128395,"ELK1"
"MA0886.1","EMX2",-0.558838762392401,0,"medulla_early","down","promoter",FALSE,1,0.272409323488209,0.367758222708498,"EMX2"
"MA0889.1","GBX1",-0.0126699282377416,0,"medulla_early","down","promoter",FALSE,1,0.459518028931596,0.410557045323838,"GBX1"
"MA0891.1","GSC2",-0.0052252438567395,0,"medulla_early","down","promoter",FALSE,1,-3.59482865046134,0.0672971010070892,"GSC2"
"MA0895.1","HMBOX1",-0.0319666815840955,0,"medulla_early","down","promoter",FALSE,1,-0.546922559482415,0.266980988822546,"HMBOX1"
"MA0899.1","HOXA10",-0.237576787204121,0,"medulla_early","down","promoter",FALSE,1,-0.0631731913756974,0.831099791614122,"HOXA10"
"MA0903.1","HOXB3",0.19109345951411,0,"medulla_early","down","promoter",FALSE,1,0.859617502903848,0.162190378311986,"HOXB3"
"MA0905.1","HOXC10",-0.231493730493907,0,"medulla_early","down","promoter",FALSE,1,0.157539312293275,0.698852454553097,"HOXC10"
"MA0908.1","HOXD11",-0.557187636079276,0,"medulla_early","down","promoter",FALSE,1,0.444615669876819,0.422787751028675,"HOXD11"
"MA0852.2","FOXK1",0.191075594717658,0,"medulla_early","down","promoter",FALSE,1,-0.18726845918241,0.484124180621158,"FOXK1"
"MA0036.3","GATA2",-0.183353557165272,0,"medulla_early","down","promoter",FALSE,1,1.06795824526672,0.121942278137661,"GATA2"
"MA1106.1","HIF1A",0.196590568486685,0,"medulla_early","down","promoter",FALSE,1,1.01651237888565,0.207865436005933,"HIF1A"
"MA0147.3","MYC",0.0607756491872538,0,"medulla_early","down","promoter",FALSE,1,0.840782416698474,0.234985963307979,"MYC"
"MA0104.4","MYCN",-0.13679886466057,0,"medulla_early","down","promoter",FALSE,1,-0.944861256508446,0.0912934439993276,"MYCN"
"MA0161.2","NFIC",0.169823287922613,0,"medulla_early","down","promoter",FALSE,1,0.110585462196594,0.718758563012995,"NFIC"
"MA0060.3","NFYA",0.111581990448855,0,"medulla_early","down","promoter",FALSE,1,0.117003503198894,0.779532084746545,"NFYA"
"MA1110.1","NR1H4",0.028335244738698,0,"medulla_early","down","promoter",FALSE,1,-2.5467066004487,0.0702346883737401,"NR1H4"
"MA0014.3","PAX5",0.0818485106781459,0,"medulla_early","down","promoter",FALSE,1,2.02431599427039,0.0740140869339531,"PAX5"
"MA1114.1","PBX3",-0.00777343054474677,0,"medulla_early","down","promoter",FALSE,1,-0.247335591487829,0.673412476956731,"PBX3"
"MA1116.1","RBPJ",0.153836700773347,0,"medulla_early","down","promoter",FALSE,1,0.194894553057767,0.461769190321632,"RBPJ"
"MA1117.1","RELB",0.0853985026994488,0,"medulla_early","down","promoter",FALSE,1,1.06613486553326,0.0492181571789625,"RELB"
"MA1120.1","SOX13",0.0259391057415934,0,"medulla_early","down","promoter",FALSE,1,0.268946800473709,0.447142889561676,"SOX13"
"MA1121.1","TEAD2",0.0123129075588233,0,"medulla_early","down","promoter",FALSE,1,0.88299283078771,0.0963691648030841,"TEAD2"
"MA1122.1","TFDP1",0.0977952022419242,0,"medulla_early","down","promoter",FALSE,1,0.0531149132118154,0.761992016311086,"TFDP1"
"MA0750.2","ZBTB7A",0.0583745502214015,0,"medulla_early","down","promoter",FALSE,1,0.260842991996125,0.21998921030944,"ZBTB7A"
"MA0103.3","ZEB1",-0.164158665781679,0,"medulla_early","down","promoter",FALSE,1,0.15228824620129,0.747667148499305,"ZEB1"
"MA1124.1","ZNF24",-0.265734414572933,0,"medulla_early","down","promoter",FALSE,1,-0.0945960387246441,0.74225122160849,"ZNF24"
"MA1125.1","ZNF384",-0.567812075931754,0,"medulla_early","down","promoter",FALSE,1,-0.00246746851776258,0.991088652588159,"ZNF384"
"MA1154.1","ZNF282",-0.327947475661668,0,"medulla_early","down","promoter",FALSE,1,-0.30172191549048,0.180813264625007,"ZNF282"
"MA0037.3","GATA3",-0.128534323659662,0,"medulla_early","down","promoter",FALSE,1,1.24684229120587,0.153314943932154,"GATA3"
"MA0099.3","FOS::JUN",-0.341585743439232,0,"medulla_early","down","promoter",FALSE,1,0.790444411147782,0.495819179428345,"FOS"
"MA1126.1","FOS::JUN(var.2)",-0.0911256963548164,0,"medulla_early","down","promoter",FALSE,1,0.790444411147782,0.495819179428345,"FOS"
"MA1127.1","FOSB::JUN",0.0666112104411614,0,"medulla_early","down","promoter",FALSE,1,0.942247474099412,0.43993982201804,"FOSB"
"MA1128.1","FOSL1::JUN",-0.274199776875547,0,"medulla_early","down","promoter",FALSE,1,1.99314244351486,0.0834337048981768,"FOSL1"
"MA1129.1","FOSL1::JUN(var.2)",0.0195997311390972,0,"medulla_early","down","promoter",FALSE,1,1.99314244351486,0.0834337048981768,"FOSL1"
"MA1130.1","FOSL2::JUN",-0.133063453090263,0,"medulla_early","down","promoter",FALSE,1,1.08455929293645,0.0618584746703685,"FOSL2"
"MA1131.1","FOSL2::JUN(var.2)",0.370005270644319,0,"medulla_early","down","promoter",FALSE,1,1.08455929293645,0.0618584746703685,"FOSL2"
"MA1132.1","JUN::JUNB",-0.389481158878108,0,"medulla_early","down","promoter",FALSE,1,1.4087399624279,0.110679890761521,"JUNB"
"MA1133.1","JUN::JUNB(var.2)",0.0599543017043489,0,"medulla_early","down","promoter",FALSE,1,0.25851843413685,0.588249029107439,"JUN"
"MA1134.1","FOS::JUNB",-0.249624038523361,0,"medulla_early","down","promoter",FALSE,1,1.4087399624279,0.110679890761521,"JUNB"
"MA1135.1","FOSB::JUNB",-0.263829601100984,0,"medulla_early","down","promoter",FALSE,1,1.4087399624279,0.110679890761521,"JUNB"
"MA1136.1","FOSB::JUNB(var.2)",0.283174002499946,0,"medulla_early","down","promoter",FALSE,1,0.942247474099412,0.43993982201804,"FOSB"
"MA1137.1","FOSL1::JUNB",-0.309283787741664,0,"medulla_early","down","promoter",FALSE,1,1.99314244351486,0.0834337048981768,"FOSL1"
"MA1138.1","FOSL2::JUNB",-0.346291761292957,0,"medulla_early","down","promoter",FALSE,1,1.08455929293645,0.0618584746703685,"FOSL2"
"MA1139.1","FOSL2::JUNB(var.2)",0.148401082365236,0,"medulla_early","down","promoter",FALSE,1,1.08455929293645,0.0618584746703685,"FOSL2"
"MA1141.1","FOS::JUND",-0.21468276873319,0,"medulla_early","down","promoter",FALSE,1,0.790444411147782,0.495819179428345,"FOS"
"MA1142.1","FOSL1::JUND",-0.171809284285111,0,"medulla_early","down","promoter",FALSE,1,1.99314244351486,0.0834337048981768,"FOSL1"
"MA1143.1","FOSL1::JUND(var.2)",-0.20000405761143,0,"medulla_early","down","promoter",FALSE,1,1.99314244351486,0.0834337048981768,"FOSL1"
"MA1144.1","FOSL2::JUND",-0.396320596370397,0,"medulla_early","down","promoter",FALSE,1,1.08455929293645,0.0618584746703685,"FOSL2"
"MA1145.1","FOSL2::JUND(var.2)",0.0425038827252848,0,"medulla_early","down","promoter",FALSE,1,1.08455929293645,0.0618584746703685,"FOSL2"
"MA1146.1","NR1H4::RXRA",0.287517521248795,0,"medulla_early","down","promoter",FALSE,1,-2.5467066004487,0.0702346883737401,"NR1H4"
"MA1147.1","NR4A2::RXRA",0.114151724836434,0,"medulla_early","down","promoter",FALSE,1,0.670144111666451,0.506393131551157,"NR4A2"
"MA1148.1","PPARA::RXRA",0.226834953220263,0,"medulla_early","down","promoter",FALSE,1,-2.07757561779699,0.0553805652947001,"PPARA"
"MA1151.1","RORC",0.299536824347515,0,"medulla_early","down","promoter",FALSE,1,-1.40286978275786,0.0553805652947001,"RORC"
"MA1152.1","SOX15",-0.169725970338578,0,"medulla_early","down","promoter",FALSE,1,0.861093848435316,0.287192601031246,"SOX15"
"MA0831.2","TFE3",0.0832687811488428,0,"medulla_early","down","promoter",FALSE,1,0.141392460365029,0.507679145358249,"TFE3"
"MA0693.2","VDR",-0.0667730697494697,0,"medulla_early","down","promoter",FALSE,1,-1.09932889011824,0.372016550714213,"VDR"
"MA1418.1","IRF3",0.287619733306097,0,"medulla_early","down","promoter",FALSE,1,0.307725893196871,0.370567254683869,"IRF3"
"MA1419.1","IRF4",-0.161171857771734,0,"medulla_early","down","promoter",FALSE,1,-0.320259409710066,0.832412432586757,"IRF4"
"MA1420.1","IRF5",-0.0589001309010042,0,"medulla_early","down","promoter",FALSE,1,0.993460734600478,0.14302514397524,"IRF5"
"MA1421.1","TCF7L1",0.0811998250156067,0,"medulla_early","down","promoter",FALSE,1,0.296851189156293,0.367502890055435,"TCF7L1"
"MA1464.1","ARNT2",0.0855059142577304,0,"medulla_early","down","promoter",FALSE,1,0.178622021624861,0.717302137818283,"ARNT2"
"MA1466.1","ATF6",-0.13800401911437,0,"medulla_early","down","promoter",FALSE,1,-0.181235727294784,0.550407262353558,"ATF6"
"MA1101.2","BACH2",-0.0135824618402203,0,"medulla_early","down","promoter",FALSE,1,0.530099820963314,0.390748865276916,"BACH2"
"MA1474.1","CREB3L4",-0.123228932558598,0,"medulla_early","down","promoter",FALSE,1,0.849065643780523,0.0745841630908663,"CREB3L4"
"MA1483.1","ELF2",-0.17143762846895,0,"medulla_early","down","promoter",FALSE,1,0.0976861943240204,0.761832987752703,"ELF2"
"MA1484.1","ETS2",-0.191094313506714,0,"medulla_early","down","promoter",FALSE,1,0.647618011384727,0.135488088859171,"ETS2"
"MA1489.1","FOXN3",-0.0175932406774471,0,"medulla_early","down","promoter",FALSE,1,0.157175228031443,0.684836214516321,"FOXN3"
"MA1491.1","GLI3",0.0285255511128293,0,"medulla_early","down","promoter",FALSE,1,0.420827102716735,0.408586637681698,"GLI3"
"MA1493.1","HES6",0.251308426621812,0,"medulla_early","down","promoter",FALSE,1,0.0799962447876665,0.845897533595474,"HES6"
"MA1495.1","HOXA1",-0.424794171182695,0,"medulla_early","down","promoter",FALSE,1,0.241264764447689,0.669339778333461,"HOXA1"
"MA1496.1","HOXA4",0.0663218782389889,0,"medulla_early","down","promoter",FALSE,1,0.495769695027236,0.174640439731305,"HOXA4"
"MA1497.1","HOXA6",-0.0680089194941336,0,"medulla_early","down","promoter",FALSE,1,0.210046161816803,0.780598254038136,"HOXA6"
"MA1498.1","HOXA7",-0.154263609157303,0,"medulla_early","down","promoter",FALSE,1,-0.272879592585723,0.410626761044215,"HOXA7"
"MA1499.1","HOXB4",0.0166611377324619,0,"medulla_early","down","promoter",FALSE,1,0.885981435652577,0.15111836167839,"HOXB4"
"MA1500.1","HOXB6",-0.0194082762471273,0,"medulla_early","down","promoter",FALSE,1,0.880092305550794,0.149413767494403,"HOXB6"
"MA1501.1","HOXB7",0.212718091394886,0,"medulla_early","down","promoter",FALSE,1,0.72394818325564,0.153093802667215,"HOXB7"
"MA1502.1","HOXB8",0.149111340892206,0,"medulla_early","down","promoter",FALSE,1,1.39813153533931,0.0944278453286056,"HOXB8"
"MA1503.1","HOXB9",-0.483088350816852,0,"medulla_early","down","promoter",FALSE,1,1.62859042584854,0.0792795741625213,"HOXB9"
"MA1504.1","HOXC4",0.118521944902666,0,"medulla_early","down","promoter",FALSE,1,0.267922838417387,0.410087705276773,"HOXC4"
"MA1505.1","HOXC8",-0.115101510348842,0,"medulla_early","down","promoter",FALSE,1,0.263965553315281,0.586663564365419,"HOXC8"
"MA1506.1","HOXD10",-0.539845764099403,0,"medulla_early","down","promoter",FALSE,1,0.190949582551638,0.669177750340737,"HOXD10"
"MA1507.1","HOXD4",-0.134099157295175,0,"medulla_early","down","promoter",FALSE,1,0.465674993383879,0.254912947680986,"HOXD4"
"MA1508.1","IKZF1",0.00628661605956182,0,"medulla_early","down","promoter",FALSE,1,0.898286957646403,0.337113639531263,"IKZF1"
"MA1509.1","IRF6",0.124957414736654,0,"medulla_early","down","promoter",FALSE,1,-0.38661834193706,0.266869981848371,"IRF6"
"MA1511.1","KLF10",-0.136940539804987,0,"medulla_early","down","promoter",FALSE,1,1.12854911939724,0.0850325727471949,"KLF10"
"MA1512.1","KLF11",-0.123458565118202,0,"medulla_early","down","promoter",FALSE,1,0.476311520645546,0.424029813339626,"KLF11"
"MA1513.1","KLF15",-0.0118368944003713,0,"medulla_early","down","promoter",FALSE,1,-1.49302727518045,0.117121896380175,"KLF15"
"MA1515.1","KLF2",-0.137460725617887,0,"medulla_early","down","promoter",FALSE,1,1.17072698489711,0.0492181571789625,"KLF2"
"MA1516.1","KLF3",-0.12452580586725,0,"medulla_early","down","promoter",FALSE,1,0.185551529066375,0.67411254469576,"KLF3"
"MA1517.1","KLF6",-0.186054692372193,0,"medulla_early","down","promoter",FALSE,1,0.484351339991714,0.258737060423303,"KLF6"
"MA1518.1","LHX1",0.108484790674299,0,"medulla_early","down","promoter",FALSE,1,0.799750366275341,0.347677684451864,"LHX1"
"MA1520.1","MAF",-0.079664623043942,0,"medulla_early","down","promoter",FALSE,1,-0.82789645632328,0.147136755264912,"MAF"
"MA1522.1","MAZ",0.00459287565595545,0,"medulla_early","down","promoter",FALSE,1,-0.0958296142094124,0.747251262944041,"MAZ"
"MA1523.1","MSANTD3",-0.169502284883979,0,"medulla_early","down","promoter",FALSE,1,0.203248238908115,0.663274411054455,"MSANTD3"
"MA1525.1","NFATC4",0.250207011640984,0,"medulla_early","down","promoter",FALSE,1,0.629049823424627,0.184756985739429,"NFATC4"
"MA1531.1","NR1D1",0.131986378670129,0,"medulla_early","down","promoter",FALSE,1,-0.513315568569279,0.302709916052239,"NR1D1"
"MA1532.1","NR1D2",0.119467001759427,0,"medulla_early","down","promoter",FALSE,1,-0.363144641708264,0.491782414825179,"NR1D2"
"MA1534.1","NR1I3",0.0795233591840381,0,"medulla_early","down","promoter",FALSE,1,-4.90358972781777,0.0658946979272671,"NR1I3"
"MA1535.1","NR2C1",0.0903711841319055,0,"medulla_early","down","promoter",FALSE,1,0.05367508237393,0.914520893121088,"NR2C1"
"MA1542.1","OSR1",0.144355483399484,0,"medulla_early","down","promoter",FALSE,1,-0.829966851323582,0.26249742760543,"OSR1"
"MA1544.1","OVOL1",0.214500044201309,0,"medulla_early","down","promoter",FALSE,1,-0.0315645819091044,0.964549166639799,"OVOL1"
"MA1545.1","OVOL2",-0.149176771644541,0,"medulla_early","down","promoter",FALSE,1,-1.48704614110616,0.0608548530223647,"OVOL2"
"MA1547.1","PITX2",-0.252649742629706,0,"medulla_early","down","promoter",FALSE,1,-2.10144736674768,0.0637678535424862,"PITX2"
"MA1548.1","PLAGL2",0.0885342578876962,0,"medulla_early","down","promoter",FALSE,1,-0.0427429810348618,0.92453845969006,"PLAGL2"
"MA1550.1","PPARD",0.286731086587202,0,"medulla_early","down","promoter",FALSE,1,0.891892322611441,0.0492181571789625,"PPARD"
"MA1554.1","RFX7",-0.408120444091042,0,"medulla_early","down","promoter",FALSE,1,-0.271942060787191,0.764607945021969,"RFX7"
"MA1557.1","SMAD5",0.0509615562435712,0,"medulla_early","down","promoter",FALSE,1,-0.154342043721525,0.779330352383936,"SMAD5"
"MA1558.1","SNAI1",-0.183463608936876,0,"medulla_early","down","promoter",FALSE,1,0.81959282012999,0.15362511420621,"SNAI1"
"MA1561.1","SOX12",-0.0900170193818335,0,"medulla_early","down","promoter",FALSE,1,-0.0523250419755064,0.920374044665355,"SOX12"
"MA1563.1","SOX18",0.344985289073354,0,"medulla_early","down","promoter",FALSE,1,0.490845659420011,0.296037875641508,"SOX18"
"MA1566.1","TBX3",-0.427130448798623,0,"medulla_early","down","promoter",FALSE,1,1.52368608824319,0.0832738379815991,"TBX3"
"MA1567.1","TBX6",-0.343166347923507,0,"medulla_early","down","promoter",FALSE,1,-0.135759766743078,0.850143589044472,"TBX6"
"MA1573.1","THAP11",-0.0120546588065507,0,"medulla_early","down","promoter",FALSE,1,-0.0164096684038499,0.968977526882527,"THAP11"
"MA1574.1","THRB",0.221736513372001,0,"medulla_early","down","promoter",FALSE,1,-0.839934183983885,0.0493089608207352,"THRB"
"MA1578.1","VEZF1",0.0667555606023233,0,"medulla_early","down","promoter",FALSE,1,0.308827442903024,0.354499548765985,"VEZF1"
"MA1579.1","ZBTB26",-0.068353601933004,0,"medulla_early","down","promoter",FALSE,1,-0.0484390005078721,0.936082817778804,"ZBTB26"
"MA1583.1","ZFP57",0.0794905712455609,0,"medulla_early","down","promoter",FALSE,1,0.139330944009233,0.562477562308107,"ZFP57"
"MA1585.1","ZKSCAN1",0.0289143167785415,0,"medulla_early","down","promoter",FALSE,1,-0.268958325939968,0.310786095392853,"ZKSCAN1"
"MA1589.1","ZNF140",-0.374302185205044,0,"medulla_early","down","promoter",FALSE,1,0.00868613362562964,0.988542582908716,"ZNF140"
"MA1593.1","ZNF317",-0.0247414609538072,0,"medulla_early","down","promoter",FALSE,1,0.129523139860242,0.662654974022624,"ZNF317"
"MA1594.1","ZNF382",0.18220789598274,0,"medulla_early","down","promoter",FALSE,1,-0.474527871278598,0.316727206573792,"ZNF382"
"MA1600.1","ZNF684",0.0129215364545798,0,"medulla_early","down","promoter",FALSE,1,-0.168546705403499,0.725166131620865,"ZNF684"
"MA1601.1","ZNF75D",0.120969953561839,0,"medulla_early","down","promoter",FALSE,1,-0.200601746456184,0.248460709907167,"ZNF75D"
"MA1602.1","ZSCAN29",-0.113247820412256,0,"medulla_early","down","promoter",FALSE,1,-0.197171120935619,0.657269485058646,"ZSCAN29"
"MA0605.2","ATF3",-0.125191177046629,0,"medulla_early","down","promoter",FALSE,1,1.35785809494138,0.0916266417248995,"ATF3"
"MA0462.2","BATF::JUN",-0.0380547509135019,0,"medulla_early","down","promoter",FALSE,1,1.6596789750096,0.06604313776341,"BATF"
"MA0463.2","BCL6",-0.561885759922318,0,"medulla_early","down","promoter",FALSE,1,0.280517860039863,0.446505194271569,"BCL6"
"MA0864.2","E2F2",-0.523247104803321,0,"medulla_early","down","promoter",FALSE,1,-0.123860062846695,0.931181324066667,"E2F2"
"MA0469.3","E2F3",-0.105571472964349,0,"medulla_early","down","promoter",FALSE,1,-1.16985375144796,0.164158832744677,"E2F3"
"MA0470.2","E2F4",-0.654966361234603,0,"medulla_early","down","promoter",FALSE,1,0.301248728903738,0.178893459927132,"E2F4"
"MA0612.2","EMX1",-0.528469460764097,0,"medulla_early","down","promoter",FALSE,1,-3.31946901938768,0.0712060277233364,"EMX1"
"MA0847.2","FOXD2",0.096607607023671,0,"medulla_early","down","promoter",FALSE,1,-1.65752812201017,0.0842898766585046,"FOXD2"
"MA0766.2","GATA5",-0.136203239994379,0,"medulla_early","down","promoter",FALSE,1,-0.785689225094325,0.212489424946824,"GATA5"
"MA0734.2","GLI2",-0.0253693836826399,0,"medulla_early","down","promoter",FALSE,1,0.759269677713782,0.171262734067996,"GLI2"
"MA1099.2","HES1",0.122900726516418,0,"medulla_early","down","promoter",FALSE,1,1.01074502004133,0.0609514084546705,"HES1"
"MA0900.2","HOXA2",-0.246465273555301,0,"medulla_early","down","promoter",FALSE,1,0.837613405220707,0.154134101045651,"HOXA2"
"MA0158.2","HOXA5",-0.590815816973441,0,"medulla_early","down","promoter",FALSE,1,0.471503276270981,0.150095664944483,"HOXA5"
"MA0594.2","HOXA9",-0.897128210864982,0,"medulla_early","down","promoter",FALSE,1,-0.374756110264792,0.202624239501647,"HOXA9"
"MA0902.2","HOXB2",-0.326020990650284,0,"medulla_early","down","promoter",FALSE,1,1.18195155391374,0.107278423978181,"HOXB2"
"MA0904.2","HOXB5",-0.222269254586734,0,"medulla_early","down","promoter",FALSE,1,0.853553809598613,0.157124880881629,"HOXB5"
"MA0485.2","HOXC9",-0.549389522888066,0,"medulla_early","down","promoter",FALSE,1,0.208948432848126,0.537744862576777,"HOXC9"
"MA0912.2","HOXD3",-0.260702120606817,0,"medulla_early","down","promoter",FALSE,1,0.194409940203093,0.623939254874101,"HOXD3"
"MA0910.2","HOXD8",-0.014246949059884,0,"medulla_early","down","promoter",FALSE,1,0.06076443969084,0.896442211160504,"HOXD8"
"MA0913.2","HOXD9",-0.00410016556132398,0,"medulla_early","down","promoter",FALSE,1,0.344924367183701,0.399224265377298,"HOXD9"
"MA0703.2","LMX1B",-0.546073032057757,0,"medulla_early","down","promoter",FALSE,1,-3.77992993111808,0.0901544811220524,"LMX1B"
"MA0842.2","NRL",0.0761129056596506,0,"medulla_early","down","promoter",FALSE,1,-0.508515726317723,0.238721818287497,"NRL"
"MA0075.3","PRRX2",-0.666322020096268,0,"medulla_early","down","promoter",FALSE,1,1.3887251508707,0.128122391867741,"PRRX2"
"MA0867.2","SOX4",-0.179774587038008,0,"medulla_early","down","promoter",FALSE,1,0.631680146267919,0.195720062516252,"SOX4"
"MA0079.4","SP1",-0.755657718374596,0,"medulla_early","down","promoter",FALSE,1,-0.137530648943236,0.821174739945068,"SP1"
"MA0516.2","SP2",-0.310167873033264,0,"medulla_early","down","promoter",FALSE,1,0.342212266048479,0.112305557737171,"SP2"
"MA0746.2","SP3",-0.111591054291429,0,"medulla_early","down","promoter",FALSE,1,0.0059421778446227,0.99073376411167,"SP3"
"MA0871.2","TFEC",0.126236061384811,0,"medulla_early","down","promoter",FALSE,1,-2.10892727520893,0.077937476246155,"TFEC"
"MA0753.2","ZNF740",-0.0203030290098036,0,"medulla_early","down","promoter",FALSE,1,0.0711001810614098,0.677884009805371,"ZNF740"
"MA1632.1","ATF2",-0.283997858784561,0,"medulla_early","down","promoter",FALSE,1,-0.218878644399152,0.560809061434973,"ATF2"
"MA1633.1","BACH1",-0.0990560164357559,0,"medulla_early","down","promoter",FALSE,1,0.245167934407919,0.678642741180705,"BACH1"
"MA1634.1","BATF",-0.0380547509135019,0,"medulla_early","down","promoter",FALSE,1,1.6596789750096,0.06604313776341,"BATF"
"MA1637.1","EBF3",0.103689471202878,0,"medulla_early","down","promoter",FALSE,1,0.811550634572563,0.285610513960871,"EBF3"
"MA1644.1","NFYC",0.220670653864783,0,"medulla_early","down","promoter",FALSE,1,-0.00262316901602411,0.99394663650825,"NFYC"
"MA1646.1","OSR2",-0.047220798521602,0,"medulla_early","down","promoter",FALSE,1,1.06532246041255,0.178760150603818,"OSR2"
"MA1647.1","PRDM4",0.224773382080756,0,"medulla_early","down","promoter",FALSE,1,0.217812095886533,0.302222416185763,"PRDM4"
"MA1649.1","ZBTB12",0.286696476693536,0,"medulla_early","down","promoter",FALSE,1,0.0661264192595086,0.914745875678653,"ZBTB12"
"MA1650.1","ZBTB14",-0.0609192205563502,0,"medulla_early","down","promoter",FALSE,1,-0.14797160568025,0.595789182966952,"ZBTB14"
"MA1651.1","ZFP42",-0.462318590119266,0,"medulla_early","down","promoter",FALSE,1,1.4049632968339,0.0908580901674158,"ZFP42"
"MA1652.1","ZKSCAN5",0.145805581043944,0,"medulla_early","down","promoter",FALSE,1,0.172677139383119,0.537744862576777,"ZKSCAN5"
"MA1653.1","ZNF148",0.0200988959541402,0,"medulla_early","down","promoter",FALSE,1,-0.163540537254645,0.614516383449939,"ZNF148"
"MA1654.1","ZNF16",-0.0802236528119864,0,"medulla_early","down","promoter",FALSE,1,0.358892154672663,0.108598298396234,"ZNF16"
"MA1655.1","ZNF341",-0.281592801810926,0,"medulla_early","down","promoter",FALSE,1,-0.0842169612582779,0.812490975545782,"ZNF341"
"MA1656.1","ZNF449",-0.135941407622074,0,"medulla_early","down","promoter",FALSE,1,0.209226312368565,0.622294120606598,"ZNF449"
"MA1657.1","ZNF652",0.0462823020791276,0,"medulla_early","down","promoter",FALSE,1,-0.459728421087832,0.344625947814912,"ZNF652"
"MA1683.1","FOXA3",0.138585271214218,0,"medulla_early","down","promoter",FALSE,1,2.63328875361704,0.122337589758941,"FOXA3"
"MA0833.2","ATF4",0.23773882418652,0,"medulla_early","down","promoter",FALSE,1,0.47134174023383,0.153314943932154,"ATF4"
"MA0835.2","BATF3",-0.143697018631021,0,"medulla_early","down","promoter",FALSE,1,1.04702307697538,0.259033656862174,"BATF3"
"MA0102.4","CEBPA",0.418315597644709,0,"medulla_early","down","promoter",FALSE,1,-0.750693487416026,0.213010947113534,"CEBPA"
"MA0836.2","CEBPD",0.420273162903342,0,"medulla_early","down","promoter",FALSE,1,1.454422789141,0.06604313776341,"CEBPD"
"MA0018.4","CREB1",0.126235696302319,0,"medulla_early","down","promoter",FALSE,1,0.0489183839653187,0.89378345624792,"CREB1"
"MA0471.2","E2F6",0.0297090350357774,0,"medulla_early","down","promoter",FALSE,1,0.092236149129326,0.735101504111633,"E2F6"
"MA0154.4","EBF1",0.105961384214659,0,"medulla_early","down","promoter",FALSE,1,0.0221742268692431,0.950443332936093,"EBF1"
"MA0162.4","EGR1",-0.00339177966845838,0,"medulla_early","down","promoter",FALSE,1,1.20612237390305,0.310124947087848,"EGR1"
"MA0598.3","EHF",-0.0578410683088739,0,"medulla_early","down","promoter",FALSE,1,0.962007345090133,0.232418019910113,"EHF"
"MA0473.3","ELF1",-0.000181108131029895,0,"medulla_early","down","promoter",FALSE,1,0.19418631381297,0.588249029107439,"ELF1"
"MA0640.2","ELF3",0.0282491522646735,0,"medulla_early","down","promoter",FALSE,1,1.39397772651261,0.06604313776341,"ELF3"
"MA0592.3","ESRRA",0.331292600977432,0,"medulla_early","down","promoter",FALSE,1,-0.589542731640699,0.155741415377636,"ESRRA"
"MA0761.2","ETV1",-0.0344176009015271,0,"medulla_early","down","promoter",FALSE,1,-0.620578076459693,0.198011166160564,"ETV1"
"MA0764.2","ETV4",0.0287370764063901,0,"medulla_early","down","promoter",FALSE,1,1.00169138540545,0.112500476841191,"ETV4"
"MA0765.2","ETV5",-0.075009986054245,0,"medulla_early","down","promoter",FALSE,1,-1.46602920869963,0.0672971010070892,"ETV5"
"MA0477.2","FOSL1",-0.276300744076697,0,"medulla_early","down","promoter",FALSE,1,1.99314244351486,0.0834337048981768,"FOSL1"
"MA1103.2","FOXK2",0.130692571181384,0,"medulla_early","down","promoter",FALSE,1,-0.447632773770378,0.0878476068286651,"FOXK2"
"MA0481.3","FOXP1",0.106465762647417,0,"medulla_early","down","promoter",FALSE,1,0.212742459812227,0.446926516035402,"FOXP1"
"MA0062.3","GABPA",-0.000112063641700466,0,"medulla_early","down","promoter",FALSE,1,-0.243705616428664,0.418675712352007,"GABPA"
"MA1104.2","GATA6",-0.277340653934277,0,"medulla_early","down","promoter",FALSE,1,0.645828380756313,0.206754904684928,"GATA6"
"MA1105.2","GRHL2",-0.0208818533072188,0,"medulla_early","down","promoter",FALSE,1,0.847022715254837,0.104252829176874,"GRHL2"
"MA0114.4","HNF4A",0.264722499463294,0,"medulla_early","down","promoter",FALSE,1,-3.75826701797676,0.103850085880759,"HNF4A"
"MA0484.2","HNF4G",0.21698509150358,0,"medulla_early","down","promoter",FALSE,1,-2.88270133087316,0.0660196082957075,"HNF4G"
"MA0490.2","JUNB",-0.371181250425586,0,"medulla_early","down","promoter",FALSE,1,1.4087399624279,0.110679890761521,"JUNB"
"MA0491.2","JUND",-0.470716923976501,0,"medulla_early","down","promoter",FALSE,1,0.187699156397174,0.685974858607979,"JUND"
"MA0039.4","KLF4",-0.101109646288721,0,"medulla_early","down","promoter",FALSE,1,0.969127362297055,0.0875480384843572,"KLF4"
"MA1107.2","KLF9",-0.223870701094341,0,"medulla_early","down","promoter",FALSE,1,-0.443019729948276,0.66978651208401,"KLF9"
"MA0495.3","MAFF",0.323779875675766,0,"medulla_early","down","promoter",FALSE,1,1.52535659330182,0.0668960896156621,"MAFF"
"MA0659.2","MAFG",0.196169035894256,0,"medulla_early","down","promoter",FALSE,1,-0.00138173488101945,0.996703543959395,"MAFG"
"MA0496.3","MAFK",-0.0295857699111917,0,"medulla_early","down","promoter",FALSE,1,0.0931644558976767,0.812369843003484,"MAFK"
"MA0052.4","MEF2A",0.291306345885234,0,"medulla_early","down","promoter",FALSE,1,0.473138761157531,0.150095664944483,"MEF2A"
"MA0620.3","MITF",-0.13606371178227,0,"medulla_early","down","promoter",FALSE,1,-0.266035813894056,0.414822224854763,"MITF"
"MA1108.2","MXI1",-0.208104601033044,0,"medulla_early","down","promoter",FALSE,1,-0.876309316145971,0.0770476661946693,"MXI1"
"MA0056.2","MZF1",0.121242901613428,0,"medulla_early","down","promoter",FALSE,1,0.234397851002226,0.289935430825961,"MZF1"
"MA0502.2","NFYB",0.0292741808488426,0,"medulla_early","down","promoter",FALSE,1,0.224248324784698,0.332944855673808,"NFYB"
"MA0679.2","ONECUT1",-0.378695299928687,0,"medulla_early","down","promoter",FALSE,1,-3.39878981480351,0.117836266285429,"ONECUT1"
"MA0782.2","PKNOX1",-0.269469884859263,0,"medulla_early","down","promoter",FALSE,1,0.330737363291956,0.187097608107032,"PKNOX1"
"MA0508.3","PRDM1",-0.170960328375918,0,"medulla_early","down","promoter",FALSE,1,0.499682259790166,0.568062588577106,"PRDM1"
"MA0509.2","RFX1",-0.534282002954288,0,"medulla_early","down","promoter",FALSE,1,0.181643986679529,0.551825447303425,"RFX1"
"MA0798.2","RFX3",-0.394264790082135,0,"medulla_early","down","promoter",FALSE,1,-0.0695280347034934,0.905418228153621,"RFX3"
"MA0684.2","RUNX3",-0.0786630606967869,0,"medulla_early","down","promoter",FALSE,1,1.1763613565025,0.213894900158756,"RUNX3"
"MA0745.2","SNAI2",-0.145871140830905,0,"medulla_early","down","promoter",FALSE,1,1.10385608658876,0.0503095719599114,"SNAI2"
"MA0080.5","SPI1",-0.201289546905983,0,"medulla_early","down","promoter",FALSE,1,1.56811813326846,0.13417380810982,"SPI1"
"MA0522.3","TCF3",-0.157230077261943,0,"medulla_early","down","promoter",FALSE,1,0.466528757923918,0.109143448514621,"TCF3"
"MA0830.2","TCF4",-0.125605597087478,0,"medulla_early","down","promoter",FALSE,1,0.393146960839339,0.406470064965393,"TCF4"
"MA0769.2","TCF7",0.226232017576528,0,"medulla_early","down","promoter",FALSE,1,0.546792028975311,0.314754359974694,"TCF7"
"MA0090.3","TEAD1",-0.278427164783983,0,"medulla_early","down","promoter",FALSE,1,0.177381570686959,0.795003735824565,"TEAD1"
"MA0809.2","TEAD4",0.0442537047394556,0,"medulla_early","down","promoter",FALSE,1,0.756875322572355,0.071132448064588,"TEAD4"
"MA0003.4","TFAP2A",0.0422584986618562,0,"medulla_early","down","promoter",FALSE,1,1.12951183829806,0.140698726798868,"TFAP2A"
"MA1123.2","TWIST1",0.253654584629143,0,"medulla_early","down","promoter",FALSE,1,-1.55077067839058,0.0791786138811142,"TWIST1"
"MA0093.3","USF1",-0.363310600746991,0,"medulla_early","down","promoter",FALSE,1,0.607629080710937,0.169727927955546,"USF1"
"MA0526.3","USF2",-0.287224550846126,0,"medulla_early","down","promoter",FALSE,1,-0.0663723136822663,0.854801657673229,"USF2"
"MA0528.2","ZNF263",-0.0431563716984922,0,"medulla_early","down","promoter",FALSE,1,0.255528989001911,0.208757420908938,"ZNF263"
"MA0609.2","CREM",-0.298503187868529,0,"medulla_early","down","promoter",FALSE,1,0.785524708417041,0.107275306419822,"CREM"
"MA0031.1","FOXD1",-0.221152273246397,0.000783355697064189,"medulla_early","down","enhancer",FALSE,0.998197882616469,0.63017856901305,0.121903352863792,"FOXD1"
"MA0051.1","IRF2",-0.214716196992692,0.000783355697064189,"medulla_early","down","enhancer",FALSE,0.998197882616469,0.217173928590692,0.341640931174144,"IRF2"
"MA0059.1","MAX::MYC",0.0531480714694332,0.000783355697064189,"medulla_early","down","enhancer",FALSE,0.998197882616469,0.840782416698474,0.234985963307979,"MYC"
"MA0066.1","PPARG",0.136210261245074,0.000783355697064189,"medulla_early","down","enhancer",FALSE,0.998197882616469,1.37320301516143,0.0869135823172405,"PPARG"
"MA0070.1","PBX1",-0.228018924682074,0.000783355697064189,"medulla_early","down","enhancer",FALSE,0.998197882616469,0.504126129843289,0.19190814414701,"PBX1"
"MA0071.1","RORA",0.0356655371077927,0.000783355697064189,"medulla_early","down","enhancer",FALSE,0.998197882616469,-0.560742748182804,0.335161734083373,"RORA"
"MA0073.1","RREB1",-0.119101912347426,0.000783355697064189,"medulla_early","down","enhancer",FALSE,0.998197882616469,-0.232197035188481,0.618080744818636,"RREB1"
"MA0074.1","RXRA::VDR",-0.0561831656423788,0.000783355697064189,"medulla_early","down","enhancer",FALSE,0.998197882616469,-1.09932889011824,0.372016550714213,"VDR"
"MA0077.1","SOX9",-0.0306232207183799,0.000783355697064189,"medulla_early","down","enhancer",FALSE,0.998197882616469,0.149611239615608,0.904147284538814,"SOX9"
"MA0091.1","TAL1::TCF3",0.00200877513990338,0.000783355697064189,"medulla_early","down","enhancer",FALSE,0.998197882616469,0.760909391800218,0.0716761923256732,"TAL1"
"MA0101.1","REL",0.0222814154311273,0.000783355697064189,"medulla_early","down","enhancer",FALSE,0.998197882616469,0.0800215676474639,0.968675604394128,"REL"
"MA0107.1","RELA",-0.137373236369356,0.000783355697064189,"medulla_early","down","enhancer",FALSE,0.998197882616469,0.558077788889914,0.0564862461561881,"RELA"
"MA0115.1","NR1H2::RXRA",0.37088645416386,0.000783355697064189,"medulla_early","down","enhancer",FALSE,0.998197882616469,0.285160089250391,0.249873545188576,"NR1H2"
"MA0119.1","NFIC::TLX1",-0.256327002543024,0.000783355697064189,"medulla_early","down","enhancer",FALSE,0.998197882616469,0.110585462196594,0.718758563012995,"NFIC"
"MA0139.1","CTCF",-0.0109162326264185,0.000783355697064189,"medulla_early","down","enhancer",FALSE,0.998197882616469,-0.00889126866160517,0.974038165068298,"CTCF"
"MA0138.2","REST",-0.186599740770213,0.000783355697064189,"medulla_early","down","enhancer",FALSE,0.998197882616469,-0.0415618307860806,0.945209506982702,"REST"
"MA0152.1","NFATC2",-0.127785655840594,0.000783355697064189,"medulla_early","down","enhancer",FALSE,0.998197882616469,0.590951661666812,0.346753245063191,"NFATC2"
"MA0159.1","RARA::RXRA",-0.0300948653264115,0.000783355697064189,"medulla_early","down","enhancer",FALSE,0.998197882616469,0.237473110317985,0.33777301629397,"RARA"
"MA0160.1","NR4A2",0.0558435148281058,0.000783355697064189,"medulla_early","down","enhancer",FALSE,0.998197882616469,0.670144111666451,0.506393131551157,"NR4A2"
"MA0163.1","PLAG1",-0.125428939083824,0.000783355697064189,"medulla_early","down","enhancer",FALSE,0.998197882616469,0.482897442141747,0.518320027008768,"PLAG1"
"MA0259.1","ARNT::HIF1A",0.199194525727949,0.000783355697064189,"medulla_early","down","enhancer",FALSE,0.998197882616469,1.01651237888565,0.207865436005933,"HIF1A"
"MA0476.1","FOS",0.111171933740445,0.000783355697064189,"medulla_early","down","enhancer",FALSE,0.998197882616469,0.790444411147782,0.495819179428345,"FOS"
"MA0478.1","FOSL2",0.335300689381469,0.000783355697064189,"medulla_early","down","enhancer",FALSE,0.998197882616469,1.08455929293645,0.0618584746703685,"FOSL2"
"MA0488.1","JUN",-0.0490762424490541,0.000783355697064189,"medulla_early","down","enhancer",FALSE,0.998197882616469,0.25851843413685,0.588249029107439,"JUN"
"MA0497.1","MEF2C",0.0216364352607208,0.000783355697064189,"medulla_early","down","enhancer",FALSE,0.998197882616469,0.462020070154845,0.135488088859171,"MEF2C"
"MA0501.1","MAF::NFE2",-0.0540104604540792,0.000783355697064189,"medulla_early","down","enhancer",FALSE,0.998197882616469,-0.82789645632328,0.147136755264912,"MAF"
"MA0504.1","NR2C2",-0.133932898681448,0.000783355697064189,"medulla_early","down","enhancer",FALSE,0.998197882616469,0.0494679283340194,0.9302329235975,"NR2C2"
"MA0506.1","NRF1",0.265924897479034,0.000783355697064189,"medulla_early","down","enhancer",FALSE,0.998197882616469,0.358516284174075,0.12706932132958,"NRF1"
"MA0507.1","POU2F2",0.0485239949381224,0.000783355697064189,"medulla_early","down","enhancer",FALSE,0.998197882616469,1.55969797562014,0.0967970792705109,"POU2F2"
"MA0513.1","SMAD2::SMAD3::SMAD4",0.258916408258435,0.000783355697064189,"medulla_early","down","enhancer",FALSE,0.998197882616469,-0.168477519832847,0.552834077757077,"SMAD4"
"MA0517.1","STAT1::STAT2",-0.0731616132965902,0.000783355697064189,"medulla_early","down","enhancer",FALSE,0.998197882616469,0.892153553169537,0.153114577868935,"STAT1"
"MA0523.1","TCF7L2",-0.0514922904607698,0.000783355697064189,"medulla_early","down","enhancer",FALSE,0.998197882616469,0.41684490565464,0.143092339078767,"TCF7L2"
"MA0527.1","ZBTB33",0.0983212822810948,0.000783355697064189,"medulla_early","down","enhancer",FALSE,0.998197882616469,-0.0650986887417684,0.914667083595947,"ZBTB33"
"MA0076.2","ELK4",-0.0601787673535581,0.000783355697064189,"medulla_early","down","enhancer",FALSE,0.998197882616469,-0.453543911657625,0.564367021810182,"ELK4"
"MA0050.2","IRF1",0.0156934142681031,0.000783355697064189,"medulla_early","down","enhancer",FALSE,0.998197882616469,1.42681426997678,0.0671876671908609,"IRF1"
"MA0137.3","STAT1",-0.101143999258158,0.000783355697064189,"medulla_early","down","enhancer",FALSE,0.998197882616469,0.892153553169537,0.153114577868935,"STAT1"
"MA0144.2","STAT3",-0.0268716186311124,0.000783355697064189,"medulla_early","down","enhancer",FALSE,0.998197882616469,0.708432150176781,0.0636959946514459,"STAT3"
"MA0140.2","GATA1::TAL1",0.0774204988720157,0.000783355697064189,"medulla_early","down","enhancer",FALSE,0.998197882616469,0.760909391800218,0.0716761923256732,"TAL1"
"MA0095.2","YY1",0.122658380793732,0.000783355697064189,"medulla_early","down","enhancer",FALSE,0.998197882616469,-0.138238874902464,0.498476034308346,"YY1"
"MA0593.1","FOXP2",-0.0990759482841428,0.000783355697064189,"medulla_early","down","enhancer",FALSE,0.998197882616469,-0.483628998360313,0.623427755716405,"FOXP2"
"MA0595.1","SREBF1",-0.00910596909308481,0.000783355697064189,"medulla_early","down","enhancer",FALSE,0.998197882616469,-0.394358063631408,0.478982400806204,"SREBF1"
"MA0596.1","SREBF2",-0.11132736293503,0.000783355697064189,"medulla_early","down","enhancer",FALSE,0.998197882616469,-0.285261787057085,0.621044028311948,"SREBF2"
"MA0597.1","THAP1",-0.173932297237348,0.000783355697064189,"medulla_early","down","enhancer",FALSE,0.998197882616469,-0.174647403581858,0.542521541921057,"THAP1"
"MA0599.1","KLF5",-0.0386094804380743,0.000783355697064189,"medulla_early","down","enhancer",FALSE,0.998197882616469,0.97306412242482,0.310096301808503,"KLF5"
"MA0625.1","NFATC3",-0.0899071982033561,0.000783355697064189,"medulla_early","down","enhancer",FALSE,0.998197882616469,-0.0155296820718904,0.956731123773962,"NFATC3"
"MA0628.1","POU6F1",0.273129613296576,0.000783355697064189,"medulla_early","down","enhancer",FALSE,0.998197882616469,0.508698992617218,0.182444066184707,"POU6F1"
"MA0636.1","BHLHE41",0.122310286741226,0.000783355697064189,"medulla_early","down","enhancer",FALSE,0.998197882616469,0.148710381196328,0.818255736703222,"BHLHE41"
"MA0637.1","CENPB",-0.00612137324626083,0.000783355697064189,"medulla_early","down","enhancer",FALSE,0.998197882616469,0.489281537501189,0.154186298655422,"CENPB"
"MA0638.1","CREB3",0.16683080512483,0.000783355697064189,"medulla_early","down","enhancer",FALSE,0.998197882616469,0.253825614097928,0.418313584882421,"CREB3"
"MA0641.1","ELF4",-0.364790563777189,0.000783355697064189,"medulla_early","down","enhancer",FALSE,0.998197882616469,1.07465740278767,0.0637678535424862,"ELF4"
"MA0136.2","ELF5",-0.172338463179958,0.000783355697064189,"medulla_early","down","enhancer",FALSE,0.998197882616469,1.11133724421382,0.338030751654114,"ELF5"
"MA0645.1","ETV6",-0.152655984410381,0.000783355697064189,"medulla_early","down","enhancer",FALSE,0.998197882616469,0.347371207909622,0.154786995395705,"ETV6"
"MA0475.2","FLI1",-0.300124116260734,0.000783355697064189,"medulla_early","down","enhancer",FALSE,0.998197882616469,0.586153179940898,0.109298140664543,"FLI1"
"MA0042.2","FOXI1",-0.134968861825675,0.000783355697064189,"medulla_early","down","enhancer",FALSE,0.998197882616469,-0.875336820839591,0.315134881631071,"FOXI1"
"MA0033.2","FOXL1",-0.0337156931759512,0.000783355697064189,"medulla_early","down","enhancer",FALSE,0.998197882616469,0.0121985126618991,0.988527614317458,"FOXL1"
"MA0157.2","FOXO3",-0.156769437904767,0.000783355697064189,"medulla_early","down","enhancer",FALSE,0.998197882616469,0.453006442609666,0.283366619336918,"FOXO3"
"MA0646.1","GCM1",-0.0425654673891351,0.000783355697064189,"medulla_early","down","enhancer",FALSE,0.998197882616469,-2.39087774170395,0.118640047017021,"GCM1"
"MA0647.1","GRHL1",-0.243678840692391,0.000783355697064189,"medulla_early","down","enhancer",FALSE,0.998197882616469,0.967802111767785,0.176191528060478,"GRHL1"
"MA0649.1","HEY2",0.217295238543447,0.000783355697064189,"medulla_early","down","enhancer",FALSE,0.998197882616469,-0.575724392510419,0.260000737419597,"HEY2"
"MA0131.2","HINFP",-0.14537879580043,0.000783355697064189,"medulla_early","down","enhancer",FALSE,0.998197882616469,-0.0352036210137197,0.920374044665355,"HINFP"
"MA0046.2","HNF1A",0.0804109541348783,0.000783355697064189,"medulla_early","down","enhancer",FALSE,0.998197882616469,-3.4941919434228,0.0752441288689795,"HNF1A"
"MA0153.2","HNF1B",-0.03664153169413,0.000783355697064189,"medulla_early","down","enhancer",FALSE,0.998197882616469,-0.169388902221994,0.711653267999088,"HNF1B"
"MA0651.1","HOXC11",0.354369214482952,0.000783355697064189,"medulla_early","down","enhancer",FALSE,0.998197882616469,0.657732566855532,0.417818088388702,"HOXC11"
"MA0486.2","HSF1",-0.0218592673209494,0.000783355697064189,"medulla_early","down","enhancer",FALSE,0.998197882616469,0.049475949593706,0.900123271083596,"HSF1"
"MA0653.1","IRF9",0.110573309538275,0.000783355697064189,"medulla_early","down","enhancer",FALSE,0.998197882616469,1.10057616102454,0.0538801276677179,"IRF9"
"MA0655.1","JDP2",0.433820738750066,0.000783355697064189,"medulla_early","down","enhancer",FALSE,0.998197882616469,1.06661891407839,0.0671876671908609,"JDP2"
"MA0657.1","KLF13",0.371781555854843,0.000783355697064189,"medulla_early","down","enhancer",FALSE,0.998197882616469,-0.00291473958090815,0.99516145579269,"KLF13"
"MA0658.1","LHX6",0.060459897997136,0.000783355697064189,"medulla_early","down","enhancer",FALSE,0.998197882616469,0.610815883501578,0.153367181687364,"LHX6"
"MA0660.1","MEF2B",0.146292147964585,0.000783355697064189,"medulla_early","down","enhancer",FALSE,0.998197882616469,-0.483300096440254,0.654141859809405,"MEF2B"
"MA0661.1","MEOX1",0.114024759243403,0.000783355697064189,"medulla_early","down","enhancer",FALSE,0.998197882616469,0.641598996092283,0.729906665526044,"MEOX1"
"MA0663.1","MLX",-0.105118818113671,0.000783355697064189,"medulla_early","down","enhancer",FALSE,0.998197882616469,-0.045305214304185,0.886627030661515,"MLX"
"MA0664.1","MLXIPL",0.0949840564467541,0.000783355697064189,"medulla_early","down","enhancer",FALSE,0.998197882616469,-3.29180772933465,0.0791697779134321,"MLXIPL"
"MA0665.1","MSC",-0.201897552595575,0.000783355697064189,"medulla_early","down","enhancer",FALSE,0.998197882616469,1.5770646914424,0.317074680424571,"MSC"
"MA0666.1","MSX1",0.0756242164471956,0.000783355697064189,"medulla_early","down","enhancer",FALSE,0.998197882616469,0.366240599475117,0.533530991924705,"MSX1"
"MA0670.1","NFIA",-0.187976498499312,0.000783355697064189,"medulla_early","down","enhancer",FALSE,0.998197882616469,-0.226528027272291,0.598257680800778,"NFIA"
"MA0671.1","NFIX",-0.195367324846763,0.000783355697064189,"medulla_early","down","enhancer",FALSE,0.998197882616469,0.564594198114021,0.0736908808273432,"NFIX"
"MA0685.1","SP4",-0.107121768692462,0.000783355697064189,"medulla_early","down","enhancer",FALSE,0.998197882616469,0.243124962478401,0.694410488279258,"SP4"
"MA0083.3","SRF",0.113441991704458,0.000783355697064189,"medulla_early","down","enhancer",FALSE,0.998197882616469,0.571765007633593,0.0658507918159552,"SRF"
"MA0688.1","TBX2",-0.0728640946370804,0.000783355697064189,"medulla_early","down","enhancer",FALSE,0.998197882616469,0.150023270292296,0.757548607212227,"TBX2"
"MA0690.1","TBX21",0.0274003252143569,0.000783355697064189,"medulla_early","down","enhancer",FALSE,0.998197882616469,1.12069650160351,0.415023539986082,"TBX21"
"MA0691.1","TFAP4",-0.150405987119619,0.000783355697064189,"medulla_early","down","enhancer",FALSE,0.998197882616469,-0.170761165905302,0.631474016558116,"TFAP4"
"MA0145.3","TFCP2",0.0422833297581109,0.000783355697064189,"medulla_early","down","enhancer",FALSE,0.998197882616469,-0.107443480670486,0.577992267057532,"TFCP2"
"MA0692.1","TFEB",0.0572301135033166,0.000783355697064189,"medulla_early","down","enhancer",FALSE,0.998197882616469,0.328272024454406,0.227690645055759,"TFEB"
"MA0694.1","ZBTB7B",-0.116228377783528,0.000783355697064189,"medulla_early","down","enhancer",FALSE,0.998197882616469,-0.209024759708744,0.631708799839401,"ZBTB7B"
"MA0695.1","ZBTB7C",-0.172141777352007,0.000783355697064189,"medulla_early","down","enhancer",FALSE,0.998197882616469,0.781723467545024,0.166255330391503,"ZBTB7C"
"MA0698.1","ZBTB18",-0.0141400512219709,0.000783355697064189,"medulla_early","down","enhancer",FALSE,0.998197882616469,-0.327694892959125,0.360088014072592,"ZBTB18"
"MA0716.1","PRRX1",-0.0395770301810474,0.000783355697064189,"medulla_early","down","enhancer",FALSE,0.998197882616469,-0.166015221967061,0.841536489450615,"PRRX1"
"MA0722.1","VAX1",0.112260945331879,0.000783355697064189,"medulla_early","down","enhancer",FALSE,0.998197882616469,-3.438831185671,0.155425998835213,"VAX1"
"MA0112.3","ESR1",0.002388318825715,0.000783355697064189,"medulla_early","down","enhancer",FALSE,0.998197882616469,-0.754140224542913,0.131717332990373,"ESR1"
"MA0141.3","ESRRB",-0.149803373200785,0.000783355697064189,"medulla_early","down","enhancer",FALSE,0.998197882616469,-0.0320077363265767,0.982244692972162,"ESRRB"
"MA0017.2","NR2F1",-0.214935757177584,0.000783355697064189,"medulla_early","down","enhancer",FALSE,0.998197882616469,0.282382504432173,0.587548530176853,"NR2F1"
"MA0113.3","NR3C1",0.362871209839171,0.000783355697064189,"medulla_early","down","enhancer",FALSE,0.998197882616469,-0.499605012691847,0.122682160942737,"NR3C1"
"MA0727.1","NR3C2",0.195265404073969,0.000783355697064189,"medulla_early","down","enhancer",FALSE,0.998197882616469,0.198865770780005,0.747317567379592,"NR3C2"
"MA0729.1","RARA",-0.15699560437199,0.000783355697064189,"medulla_early","down","enhancer",FALSE,0.998197882616469,0.237473110317985,0.33777301629397,"RARA"
"MA0731.1","BCL6B",0.0647864384574168,0.000783355697064189,"medulla_early","down","enhancer",FALSE,0.998197882616469,0.762210553381182,0.0726039000077938,"BCL6B"
"MA0472.2","EGR2",0.388378552810194,0.000783355697064189,"medulla_early","down","enhancer",FALSE,0.998197882616469,2.42834614690525,0.0736908808273432,"EGR2"
"MA0732.1","EGR3",-0.00213900701664471,0.000783355697064189,"medulla_early","down","enhancer",FALSE,0.998197882616469,0.905435287832733,0.51732000265961,"EGR3"
"MA0735.1","GLIS1",0.132135599680348,0.000783355697064189,"medulla_early","down","enhancer",FALSE,0.998197882616469,-1.30837385883829,0.187906004500892,"GLIS1"
"MA0736.1","GLIS2",0.219966733299583,0.000783355697064189,"medulla_early","down","enhancer",FALSE,0.998197882616469,-0.65891659436957,0.0581788116396234,"GLIS2"
"MA0737.1","GLIS3",0.549890848523891,0.000783355697064189,"medulla_early","down","enhancer",FALSE,0.998197882616469,-0.196560407606767,0.736946059135664,"GLIS3"
"MA0738.1","HIC2",-0.144460693491856,0.000783355697064189,"medulla_early","down","enhancer",FALSE,0.998197882616469,0.155618142644939,0.767589809234284,"HIC2"
"MA0741.1","KLF16",0.0709388579694501,0.000783355697064189,"medulla_early","down","enhancer",FALSE,0.998197882616469,0.269650237545363,0.461492183934434,"KLF16"
"MA0749.1","ZBED1",-0.0310533466678793,0.000783355697064189,"medulla_early","down","enhancer",FALSE,0.998197882616469,0.401962085158185,0.103894485072747,"ZBED1"
"MA0088.2","ZNF143",0.272288990152541,0.000783355697064189,"medulla_early","down","enhancer",FALSE,0.998197882616469,-0.0817517083150916,0.770338048345388,"ZNF143"
"MA0754.1","CUX1",-0.189240942834185,0.000783355697064189,"medulla_early","down","enhancer",FALSE,0.998197882616469,-0.679274169005233,0.124562579245047,"CUX1"
"MA0759.1","ELK3",-0.249781416083088,0.000783355697064189,"medulla_early","down","enhancer",FALSE,0.998197882616469,0.679141112159724,0.0516569808763003,"ELK3"
"MA0760.1","ERF",-0.216331167180512,0.000783355697064189,"medulla_early","down","enhancer",FALSE,0.998197882616469,-0.369885960178769,0.322468223020106,"ERF"
"MA0474.2","ERG",-0.302361998575958,0.000783355697064189,"medulla_early","down","enhancer",FALSE,0.998197882616469,0.875601981859466,0.119647840228973,"ERG"
"MA0762.1","ETV2",-0.144174606773595,0.000783355697064189,"medulla_early","down","enhancer",FALSE,0.998197882616469,0.628729270749787,0.290106794199507,"ETV2"
"MA0763.1","ETV3",-0.197456700353746,0.000783355697064189,"medulla_early","down","enhancer",FALSE,0.998197882616469,0.228980334027496,0.509886030301196,"ETV3"
"MA0768.1","LEF1",-0.0509219941529171,0.000783355697064189,"medulla_early","down","enhancer",FALSE,0.998197882616469,0.653669264335977,0.178162077515761,"LEF1"
"MA0770.1","HSF2",0.125516987696807,0.000783355697064189,"medulla_early","down","enhancer",FALSE,0.998197882616469,-0.0643696560585907,0.840506447147468,"HSF2"
"MA0771.1","HSF4",-0.190346374289926,0.000783355697064189,"medulla_early","down","enhancer",FALSE,0.998197882616469,0.815767005312291,0.124562579245047,"HSF4"
"MA0772.1","IRF7",-0.364283410130585,0.000783355697064189,"medulla_early","down","enhancer",FALSE,0.998197882616469,0.786539281622198,0.288943154598854,"IRF7"
"MA0773.1","MEF2D",0.363503821421242,0.000783355697064189,"medulla_early","down","enhancer",FALSE,0.998197882616469,0.344697022750822,0.118744066150201,"MEF2D"
"MA0498.2","MEIS1",0.176217857500245,0.000783355697064189,"medulla_early","down","enhancer",FALSE,0.998197882616469,0.661464631896895,0.162801721447683,"MEIS1"
"MA0774.1","MEIS2",0.276011120708148,0.000783355697064189,"medulla_early","down","enhancer",FALSE,0.998197882616469,0.266724544650988,0.530290571809906,"MEIS2"
"MA0775.1","MEIS3",0.234749229343389,0.000783355697064189,"medulla_early","down","enhancer",FALSE,0.998197882616469,0.986756991640251,0.06604313776341,"MEIS3"
"MA0776.1","MYBL1",-0.362819971166458,0.000783355697064189,"medulla_early","down","enhancer",FALSE,0.998197882616469,0.324079283176014,0.698270636999145,"MYBL1"
"MA0777.1","MYBL2",0.159470372232674,0.000783355697064189,"medulla_early","down","enhancer",FALSE,0.998197882616469,0.324522708701639,0.702831246653549,"MYBL2"
"MA0105.4","NFKB1",-0.114102301992928,0.000783355697064189,"medulla_early","down","enhancer",FALSE,0.998197882616469,0.358332487032487,0.227614527640085,"NFKB1"
"MA0778.1","NFKB2",0.0994956339290933,0.000783355697064189,"medulla_early","down","enhancer",FALSE,0.998197882616469,0.504127215866936,0.109143448514621,"NFKB2"
"MA0783.1","PKNOX2",-0.102300230989836,0.000783355697064189,"medulla_early","down","enhancer",FALSE,0.998197882616469,-0.0510469240905236,0.938916864932661,"PKNOX2"
"MA0785.1","POU2F1",0.101421590448241,0.000783355697064189,"medulla_early","down","enhancer",FALSE,0.998197882616469,-0.0254606879461252,0.968977526882527,"POU2F1"
"MA0788.1","POU3F3",-0.0902520248818188,0.000783355697064189,"medulla_early","down","enhancer",FALSE,0.998197882616469,-0.303769583298376,0.459163556728696,"POU3F3"
"MA0793.1","POU6F2",0.151482731042711,0.000783355697064189,"medulla_early","down","enhancer",FALSE,0.998197882616469,1.25362859490879,0.254904639470336,"POU6F2"
"MA0794.1","PROX1",-0.53756358638999,0.000783355697064189,"medulla_early","down","enhancer",FALSE,0.998197882616469,0.759951447180321,0.425011842612935,"PROX1"
"MA0600.2","RFX2",-0.337343542360217,0.000783355697064189,"medulla_early","down","enhancer",FALSE,0.998197882616469,0.668664767268385,0.0863441887288586,"RFX2"
"MA0795.1","SMAD3",-0.29612168168407,0.000783355697064189,"medulla_early","down","enhancer",FALSE,0.998197882616469,0.196828471997327,0.6161189028885,"SMAD3"
"MA0796.1","TGIF1",-0.135049571512703,0.000783355697064189,"medulla_early","down","enhancer",FALSE,0.998197882616469,0.750880565173492,0.116892441380672,"TGIF1"
"MA0797.1","TGIF2",0.266978874144616,0.000783355697064189,"medulla_early","down","enhancer",FALSE,0.998197882616469,-0.124518765041029,0.726929376762138,"TGIF2"
"MA0510.2","RFX5",-0.293931059680917,0.000783355697064189,"medulla_early","down","enhancer",FALSE,0.998197882616469,0.484408369218253,0.0915827651074983,"RFX5"
"MA0511.2","RUNX2",0.165386928425578,0.000783355697064189,"medulla_early","down","enhancer",FALSE,0.998197882616469,0.755105408746354,0.28969735297338,"RUNX2"
"MA0800.1","EOMES",0.141016473938365,0.000783355697064189,"medulla_early","down","enhancer",FALSE,0.998197882616469,1.17846458419444,0.430700787253069,"EOMES"
"MA0801.1","MGA",-0.128025929129425,0.000783355697064189,"medulla_early","down","enhancer",FALSE,0.998197882616469,0.115454508123493,0.773408677112713,"MGA"
"MA0804.1","TBX19",-0.209155730098139,0.000783355697064189,"medulla_early","down","enhancer",FALSE,0.998197882616469,0.0039616639510851,0.993385776435293,"TBX19"
"MA0805.1","TBX1",-0.0654995911988996,0.000783355697064189,"medulla_early","down","enhancer",FALSE,0.998197882616469,1.07277825377375,0.229605965535677,"TBX1"
"MA0808.1","TEAD3",-0.137139702467876,0.000783355697064189,"medulla_early","down","enhancer",FALSE,0.998197882616469,0.429998560146028,0.0974468396039125,"TEAD3"
"MA0811.1","TFAP2B",0.188248763571764,0.000783355697064189,"medulla_early","down","enhancer",FALSE,0.998197882616469,-0.103844649133968,0.878993502968564,"TFAP2B"
"MA0464.2","BHLHE40",0.142395453416969,0.000783355697064189,"medulla_early","down","enhancer",FALSE,0.998197882616469,0.674547485650892,0.174874517287919,"BHLHE40"
"MA0819.1","CLOCK",-0.166729361950773,0.000783355697064189,"medulla_early","down","enhancer",FALSE,0.998197882616469,-0.253135594892285,0.717302137818283,"CLOCK"
"MA0823.1","HEY1",0.168121088406965,0.000783355697064189,"medulla_early","down","enhancer",FALSE,0.998197882616469,-0.152082639015041,0.86780393831646,"HEY1"
"MA0058.3","MAX",0.037357707318181,0.000783355697064189,"medulla_early","down","enhancer",FALSE,0.998197882616469,0.234064132878819,0.355100406815999,"MAX"
"MA0825.1","MNT",0.0477947358078863,0.000783355697064189,"medulla_early","down","enhancer",FALSE,0.998197882616469,0.304837644860451,0.222953636563293,"MNT"
"MA0466.2","CEBPB",-0.555015830604744,0.000783355697064189,"medulla_early","down","enhancer",FALSE,0.998197882616469,1.46263432073617,0.0492181571789625,"CEBPB"
"MA0839.1","CREB3L1",0.107340413518797,0.000783355697064189,"medulla_early","down","enhancer",FALSE,0.998197882616469,1.22534668585265,0.103920804468515,"CREB3L1"
"MA0843.1","TEF",-0.308171789455409,0.000783355697064189,"medulla_early","down","enhancer",FALSE,0.998197882616469,-0.295841215052998,0.413931192517274,"TEF"
"MA0844.1","XBP1",-0.184566388903842,0.000783355697064189,"medulla_early","down","enhancer",FALSE,0.998197882616469,-0.037555362907062,0.935361721233266,"XBP1"
"MA0032.2","FOXC1",0.0897525959517722,0.000783355697064189,"medulla_early","down","enhancer",FALSE,0.998197882616469,0.595496919873019,0.174142327086812,"FOXC1"
"MA0846.1","FOXC2",0.131870809714837,0.000783355697064189,"medulla_early","down","enhancer",FALSE,0.998197882616469,0.315696454017831,0.559713854565078,"FOXC2"
"MA0848.1","FOXO4",-0.134968861825675,0.000783355697064189,"medulla_early","down","enhancer",FALSE,0.998197882616469,-0.386816279001445,0.142466418389761,"FOXO4"
"MA0850.1","FOXP3",-0.180760977875975,0.000783355697064189,"medulla_early","down","enhancer",FALSE,0.998197882616469,0.804584909325343,0.364936642049094,"FOXP3"
"MA0855.1","RXRB",-0.212391031806546,0.000783355697064189,"medulla_early","down","enhancer",FALSE,0.998197882616469,0.00713770504806721,0.974690547789849,"RXRB"
"MA0856.1","RXRG",-0.338735910726686,0.000783355697064189,"medulla_early","down","enhancer",FALSE,0.998197882616469,-1.92633319462346,0.173777595901941,"RXRG"
"MA0106.3","TP53",0.179446792979489,0.000783355697064189,"medulla_early","down","enhancer",FALSE,0.998197882616469,0.277198543157821,0.291460571276196,"TP53"
"MA0861.1","TP73",0.170387434669323,0.000783355697064189,"medulla_early","down","enhancer",FALSE,0.998197882616469,-1.00156108890773,0.240158335275445,"TP73"
"MA0862.1","GMEB2",-0.114759145327665,0.000783355697064189,"medulla_early","down","enhancer",FALSE,0.998197882616469,0.353788071852497,0.17282654658279,"GMEB2"
"MA0863.1","MTF1",0.438473594688788,0.000783355697064189,"medulla_early","down","enhancer",FALSE,0.998197882616469,-0.147932626511653,0.73722886023314,"MTF1"
"MA0024.3","E2F1",-0.0756445722899226,0.000783355697064189,"medulla_early","down","enhancer",FALSE,0.998197882616469,-1.55631415781051,0.155603468655091,"E2F1"
"MA0028.2","ELK1",-0.284259982658604,0.000783355697064189,"medulla_early","down","enhancer",FALSE,0.998197882616469,0.282648827199531,0.134091008128395,"ELK1"
"MA0886.1","EMX2",0.0301820935297874,0.000783355697064189,"medulla_early","down","enhancer",FALSE,0.998197882616469,0.272409323488209,0.367758222708498,"EMX2"
"MA0889.1","GBX1",0.186653312242259,0.000783355697064189,"medulla_early","down","enhancer",FALSE,0.998197882616469,0.459518028931596,0.410557045323838,"GBX1"
"MA0891.1","GSC2",0.351450147008832,0.000783355697064189,"medulla_early","down","enhancer",FALSE,0.998197882616469,-3.59482865046134,0.0672971010070892,"GSC2"
"MA0895.1","HMBOX1",-0.122905954648181,0.000783355697064189,"medulla_early","down","enhancer",FALSE,0.998197882616469,-0.546922559482415,0.266980988822546,"HMBOX1"
"MA0899.1","HOXA10",0.081914060648046,0.000783355697064189,"medulla_early","down","enhancer",FALSE,0.998197882616469,-0.0631731913756974,0.831099791614122,"HOXA10"
"MA0903.1","HOXB3",0.230219453320336,0.000783355697064189,"medulla_early","down","enhancer",FALSE,0.998197882616469,0.859617502903848,0.162190378311986,"HOXB3"
"MA0905.1","HOXC10",0.128730087481148,0.000783355697064189,"medulla_early","down","enhancer",FALSE,0.998197882616469,0.157539312293275,0.698852454553097,"HOXC10"
"MA0908.1","HOXD11",0.143124324445637,0.000783355697064189,"medulla_early","down","enhancer",FALSE,0.998197882616469,0.444615669876819,0.422787751028675,"HOXD11"
"MA0852.2","FOXK1",-0.00933717941218681,0.000783355697064189,"medulla_early","down","enhancer",FALSE,0.998197882616469,-0.18726845918241,0.484124180621158,"FOXK1"
"MA0036.3","GATA2",-0.0793430153824701,0.000783355697064189,"medulla_early","down","enhancer",FALSE,0.998197882616469,1.06795824526672,0.121942278137661,"GATA2"
"MA1106.1","HIF1A",0.0570556241737723,0.000783355697064189,"medulla_early","down","enhancer",FALSE,0.998197882616469,1.01651237888565,0.207865436005933,"HIF1A"
"MA0147.3","MYC",0.0138129903076001,0.000783355697064189,"medulla_early","down","enhancer",FALSE,0.998197882616469,0.840782416698474,0.234985963307979,"MYC"
"MA0104.4","MYCN",0.107062032190572,0.000783355697064189,"medulla_early","down","enhancer",FALSE,0.998197882616469,-0.944861256508446,0.0912934439993276,"MYCN"
"MA0161.2","NFIC",-0.000645640299161698,0.000783355697064189,"medulla_early","down","enhancer",FALSE,0.998197882616469,0.110585462196594,0.718758563012995,"NFIC"
"MA0060.3","NFYA",0.287518865287065,0.000783355697064189,"medulla_early","down","enhancer",FALSE,0.998197882616469,0.117003503198894,0.779532084746545,"NFYA"
"MA1110.1","NR1H4",-0.19645523438539,0.000783355697064189,"medulla_early","down","enhancer",FALSE,0.998197882616469,-2.5467066004487,0.0702346883737401,"NR1H4"
"MA1111.1","NR2F2",-0.174631266362154,0.000783355697064189,"medulla_early","down","enhancer",FALSE,0.998197882616469,0.0773628921649152,0.792190519734132,"NR2F2"
"MA0014.3","PAX5",2.06373477755761e-05,0.000783355697064189,"medulla_early","down","enhancer",FALSE,0.998197882616469,2.02431599427039,0.0740140869339531,"PAX5"
"MA1114.1","PBX3",0.169603938262203,0.000783355697064189,"medulla_early","down","enhancer",FALSE,0.998197882616469,-0.247335591487829,0.673412476956731,"PBX3"
"MA1116.1","RBPJ",-0.022591258949479,0.000783355697064189,"medulla_early","down","enhancer",FALSE,0.998197882616469,0.194894553057767,0.461769190321632,"RBPJ"
"MA1117.1","RELB",-0.000268271437240841,0.000783355697064189,"medulla_early","down","enhancer",FALSE,0.998197882616469,1.06613486553326,0.0492181571789625,"RELB"
"MA1120.1","SOX13",-0.0253290653514275,0.000783355697064189,"medulla_early","down","enhancer",FALSE,0.998197882616469,0.268946800473709,0.447142889561676,"SOX13"
"MA1121.1","TEAD2",-0.00659189227568291,0.000783355697064189,"medulla_early","down","enhancer",FALSE,0.998197882616469,0.88299283078771,0.0963691648030841,"TEAD2"
"MA1122.1","TFDP1",0.105218160406038,0.000783355697064189,"medulla_early","down","enhancer",FALSE,0.998197882616469,0.0531149132118154,0.761992016311086,"TFDP1"
"MA0750.2","ZBTB7A",0.109443238731325,0.000783355697064189,"medulla_early","down","enhancer",FALSE,0.998197882616469,0.260842991996125,0.21998921030944,"ZBTB7A"
"MA0103.3","ZEB1",0.0872451281994788,0.000783355697064189,"medulla_early","down","enhancer",FALSE,0.998197882616469,0.15228824620129,0.747667148499305,"ZEB1"
"MA1124.1","ZNF24",0.165173999035966,0.000783355697064189,"medulla_early","down","enhancer",FALSE,0.998197882616469,-0.0945960387246441,0.74225122160849,"ZNF24"
"MA1125.1","ZNF384",0.0979951253004341,0.000783355697064189,"medulla_early","down","enhancer",FALSE,0.998197882616469,-0.00246746851776258,0.991088652588159,"ZNF384"
"MA1154.1","ZNF282",-0.216928054505162,0.000783355697064189,"medulla_early","down","enhancer",FALSE,0.998197882616469,-0.30172191549048,0.180813264625007,"ZNF282"
"MA0037.3","GATA3",0.11757438411401,0.000783355697064189,"medulla_early","down","enhancer",FALSE,0.998197882616469,1.24684229120587,0.153314943932154,"GATA3"
"MA0099.3","FOS::JUN",-0.134913948552852,0.000783355697064189,"medulla_early","down","enhancer",FALSE,0.998197882616469,0.790444411147782,0.495819179428345,"FOS"
"MA1126.1","FOS::JUN(var.2)",-0.166366027316443,0.000783355697064189,"medulla_early","down","enhancer",FALSE,0.998197882616469,0.790444411147782,0.495819179428345,"FOS"
"MA1127.1","FOSB::JUN",-0.298053007576765,0.000783355697064189,"medulla_early","down","enhancer",FALSE,0.998197882616469,0.942247474099412,0.43993982201804,"FOSB"
"MA1128.1","FOSL1::JUN",-0.0539900994837081,0.000783355697064189,"medulla_early","down","enhancer",FALSE,0.998197882616469,1.99314244351486,0.0834337048981768,"FOSL1"
"MA1129.1","FOSL1::JUN(var.2)",-0.139795915702694,0.000783355697064189,"medulla_early","down","enhancer",FALSE,0.998197882616469,1.99314244351486,0.0834337048981768,"FOSL1"
"MA1130.1","FOSL2::JUN",-0.0145720068274304,0.000783355697064189,"medulla_early","down","enhancer",FALSE,0.998197882616469,1.08455929293645,0.0618584746703685,"FOSL2"
"MA1131.1","FOSL2::JUN(var.2)",-0.241880145224108,0.000783355697064189,"medulla_early","down","enhancer",FALSE,0.998197882616469,1.08455929293645,0.0618584746703685,"FOSL2"
"MA1132.1","JUN::JUNB",-0.0537852291031387,0.000783355697064189,"medulla_early","down","enhancer",FALSE,0.998197882616469,1.4087399624279,0.110679890761521,"JUNB"
"MA1133.1","JUN::JUNB(var.2)",-0.322179984486976,0.000783355697064189,"medulla_early","down","enhancer",FALSE,0.998197882616469,0.25851843413685,0.588249029107439,"JUN"
"MA1134.1","FOS::JUNB",0.0328103060973763,0.000783355697064189,"medulla_early","down","enhancer",FALSE,0.998197882616469,1.4087399624279,0.110679890761521,"JUNB"
"MA1135.1","FOSB::JUNB",0.0704892965779482,0.000783355697064189,"medulla_early","down","enhancer",FALSE,0.998197882616469,1.4087399624279,0.110679890761521,"JUNB"
"MA1136.1","FOSB::JUNB(var.2)",-0.414366037173918,0.000783355697064189,"medulla_early","down","enhancer",FALSE,0.998197882616469,0.942247474099412,0.43993982201804,"FOSB"
"MA1137.1","FOSL1::JUNB",0.00347895373042384,0.000783355697064189,"medulla_early","down","enhancer",FALSE,0.998197882616469,1.99314244351486,0.0834337048981768,"FOSL1"
"MA1138.1","FOSL2::JUNB",0.071836306640261,0.000783355697064189,"medulla_early","down","enhancer",FALSE,0.998197882616469,1.08455929293645,0.0618584746703685,"FOSL2"
"MA1139.1","FOSL2::JUNB(var.2)",-0.20921009053001,0.000783355697064189,"medulla_early","down","enhancer",FALSE,0.998197882616469,1.08455929293645,0.0618584746703685,"FOSL2"
"MA1141.1","FOS::JUND",0.031972325496584,0.000783355697064189,"medulla_early","down","enhancer",FALSE,0.998197882616469,0.790444411147782,0.495819179428345,"FOS"
"MA1142.1","FOSL1::JUND",0.0562992557464534,0.000783355697064189,"medulla_early","down","enhancer",FALSE,0.998197882616469,1.99314244351486,0.0834337048981768,"FOSL1"
"MA1144.1","FOSL2::JUND",-0.0155808024813862,0.000783355697064189,"medulla_early","down","enhancer",FALSE,0.998197882616469,1.08455929293645,0.0618584746703685,"FOSL2"
"MA1145.1","FOSL2::JUND(var.2)",-0.216608652481383,0.000783355697064189,"medulla_early","down","enhancer",FALSE,0.998197882616469,1.08455929293645,0.0618584746703685,"FOSL2"
"MA1146.1","NR1H4::RXRA",-0.104122874190417,0.000783355697064189,"medulla_early","down","enhancer",FALSE,0.998197882616469,-2.5467066004487,0.0702346883737401,"NR1H4"
"MA1147.1","NR4A2::RXRA",-0.159544697760935,0.000783355697064189,"medulla_early","down","enhancer",FALSE,0.998197882616469,0.670144111666451,0.506393131551157,"NR4A2"
"MA1148.1","PPARA::RXRA",-0.060290140155784,0.000783355697064189,"medulla_early","down","enhancer",FALSE,0.998197882616469,-2.07757561779699,0.0553805652947001,"PPARA"
"MA1149.1","RARA::RXRG",-0.233158508160231,0.000783355697064189,"medulla_early","down","enhancer",FALSE,0.998197882616469,-1.92633319462346,0.173777595901941,"RXRG"
"MA1151.1","RORC",-0.130740868038348,0.000783355697064189,"medulla_early","down","enhancer",FALSE,0.998197882616469,-1.40286978275786,0.0553805652947001,"RORC"
"MA1152.1","SOX15",-0.0096597392467821,0.000783355697064189,"medulla_early","down","enhancer",FALSE,0.998197882616469,0.861093848435316,0.287192601031246,"SOX15"
"MA0831.2","TFE3",-0.0293518149878977,0.000783355697064189,"medulla_early","down","enhancer",FALSE,0.998197882616469,0.141392460365029,0.507679145358249,"TFE3"
"MA0693.2","VDR",-0.0373983559458528,0.000783355697064189,"medulla_early","down","enhancer",FALSE,0.998197882616469,-1.09932889011824,0.372016550714213,"VDR"
"MA1418.1","IRF3",0.127646389050128,0.000783355697064189,"medulla_early","down","enhancer",FALSE,0.998197882616469,0.307725893196871,0.370567254683869,"IRF3"
"MA1419.1","IRF4",0.063596808289311,0.000783355697064189,"medulla_early","down","enhancer",FALSE,0.998197882616469,-0.320259409710066,0.832412432586757,"IRF4"
"MA1420.1","IRF5",0.327288299766932,0.000783355697064189,"medulla_early","down","enhancer",FALSE,0.998197882616469,0.993460734600478,0.14302514397524,"IRF5"
"MA1421.1","TCF7L1",-0.229927143468354,0.000783355697064189,"medulla_early","down","enhancer",FALSE,0.998197882616469,0.296851189156293,0.367502890055435,"TCF7L1"
"MA1464.1","ARNT2",0.0592584505257214,0.000783355697064189,"medulla_early","down","enhancer",FALSE,0.998197882616469,0.178622021624861,0.717302137818283,"ARNT2"
"MA1466.1","ATF6",0.130836574423814,0.000783355697064189,"medulla_early","down","enhancer",FALSE,0.998197882616469,-0.181235727294784,0.550407262353558,"ATF6"
"MA1101.2","BACH2",0.258081530551118,0.000783355697064189,"medulla_early","down","enhancer",FALSE,0.998197882616469,0.530099820963314,0.390748865276916,"BACH2"
"MA1474.1","CREB3L4",0.00550353186062225,0.000783355697064189,"medulla_early","down","enhancer",FALSE,0.998197882616469,0.849065643780523,0.0745841630908663,"CREB3L4"
"MA1483.1","ELF2",-0.47152069142652,0.000783355697064189,"medulla_early","down","enhancer",FALSE,0.998197882616469,0.0976861943240204,0.761832987752703,"ELF2"
"MA1484.1","ETS2",-0.13865585579563,0.000783355697064189,"medulla_early","down","enhancer",FALSE,0.998197882616469,0.647618011384727,0.135488088859171,"ETS2"
"MA1489.1","FOXN3",0.11234464330493,0.000783355697064189,"medulla_early","down","enhancer",FALSE,0.998197882616469,0.157175228031443,0.684836214516321,"FOXN3"
"MA1491.1","GLI3",0.0565698549966793,0.000783355697064189,"medulla_early","down","enhancer",FALSE,0.998197882616469,0.420827102716735,0.408586637681698,"GLI3"
"MA1493.1","HES6",0.465055125309065,0.000783355697064189,"medulla_early","down","enhancer",FALSE,0.998197882616469,0.0799962447876665,0.845897533595474,"HES6"
"MA1495.1","HOXA1",0.00248679747967095,0.000783355697064189,"medulla_early","down","enhancer",FALSE,0.998197882616469,0.241264764447689,0.669339778333461,"HOXA1"
"MA1496.1","HOXA4",-0.0408282077614945,0.000783355697064189,"medulla_early","down","enhancer",FALSE,0.998197882616469,0.495769695027236,0.174640439731305,"HOXA4"
"MA1497.1","HOXA6",-0.130918664740592,0.000783355697064189,"medulla_early","down","enhancer",FALSE,0.998197882616469,0.210046161816803,0.780598254038136,"HOXA6"
"MA1498.1","HOXA7",0.105609865978297,0.000783355697064189,"medulla_early","down","enhancer",FALSE,0.998197882616469,-0.272879592585723,0.410626761044215,"HOXA7"
"MA1499.1","HOXB4",0.025229559525485,0.000783355697064189,"medulla_early","down","enhancer",FALSE,0.998197882616469,0.885981435652577,0.15111836167839,"HOXB4"
"MA1500.1","HOXB6",0.124601304385857,0.000783355697064189,"medulla_early","down","enhancer",FALSE,0.998197882616469,0.880092305550794,0.149413767494403,"HOXB6"
"MA1501.1","HOXB7",-0.0228042604118004,0.000783355697064189,"medulla_early","down","enhancer",FALSE,0.998197882616469,0.72394818325564,0.153093802667215,"HOXB7"
"MA1502.1","HOXB8",-0.0234076914758603,0.000783355697064189,"medulla_early","down","enhancer",FALSE,0.998197882616469,1.39813153533931,0.0944278453286056,"HOXB8"
"MA1503.1","HOXB9",0.284815587911283,0.000783355697064189,"medulla_early","down","enhancer",FALSE,0.998197882616469,1.62859042584854,0.0792795741625213,"HOXB9"
"MA1504.1","HOXC4",-0.00615087900466005,0.000783355697064189,"medulla_early","down","enhancer",FALSE,0.998197882616469,0.267922838417387,0.410087705276773,"HOXC4"
"MA1505.1","HOXC8",-0.0179420125767864,0.000783355697064189,"medulla_early","down","enhancer",FALSE,0.998197882616469,0.263965553315281,0.586663564365419,"HOXC8"
"MA1506.1","HOXD10",0.196617135739938,0.000783355697064189,"medulla_early","down","enhancer",FALSE,0.998197882616469,0.190949582551638,0.669177750340737,"HOXD10"
"MA1507.1","HOXD4",0.00866961278491729,0.000783355697064189,"medulla_early","down","enhancer",FALSE,0.998197882616469,0.465674993383879,0.254912947680986,"HOXD4"
"MA1508.1","IKZF1",-0.0362890185755962,0.000783355697064189,"medulla_early","down","enhancer",FALSE,0.998197882616469,0.898286957646403,0.337113639531263,"IKZF1"
"MA1509.1","IRF6",0.00767617198314596,0.000783355697064189,"medulla_early","down","enhancer",FALSE,0.998197882616469,-0.38661834193706,0.266869981848371,"IRF6"
"MA1511.1","KLF10",-0.00546613562605103,0.000783355697064189,"medulla_early","down","enhancer",FALSE,0.998197882616469,1.12854911939724,0.0850325727471949,"KLF10"
"MA1512.1","KLF11",-0.0518273816335384,0.000783355697064189,"medulla_early","down","enhancer",FALSE,0.998197882616469,0.476311520645546,0.424029813339626,"KLF11"
"MA1513.1","KLF15",-0.135924832758265,0.000783355697064189,"medulla_early","down","enhancer",FALSE,0.998197882616469,-1.49302727518045,0.117121896380175,"KLF15"
"MA1515.1","KLF2",-0.114821645472861,0.000783355697064189,"medulla_early","down","enhancer",FALSE,0.998197882616469,1.17072698489711,0.0492181571789625,"KLF2"
"MA1517.1","KLF6",-0.160271282852662,0.000783355697064189,"medulla_early","down","enhancer",FALSE,0.998197882616469,0.484351339991714,0.258737060423303,"KLF6"
"MA1518.1","LHX1",0.192457837929345,0.000783355697064189,"medulla_early","down","enhancer",FALSE,0.998197882616469,0.799750366275341,0.347677684451864,"LHX1"
"MA1520.1","MAF",-0.192123036261439,0.000783355697064189,"medulla_early","down","enhancer",FALSE,0.998197882616469,-0.82789645632328,0.147136755264912,"MAF"
"MA1522.1","MAZ",0.0117512612600503,0.000783355697064189,"medulla_early","down","enhancer",FALSE,0.998197882616469,-0.0958296142094124,0.747251262944041,"MAZ"
"MA1523.1","MSANTD3",-0.175066995238283,0.000783355697064189,"medulla_early","down","enhancer",FALSE,0.998197882616469,0.203248238908115,0.663274411054455,"MSANTD3"
"MA1525.1","NFATC4",-0.015462810498744,0.000783355697064189,"medulla_early","down","enhancer",FALSE,0.998197882616469,0.629049823424627,0.184756985739429,"NFATC4"
"MA1531.1","NR1D1",-0.127365519345688,0.000783355697064189,"medulla_early","down","enhancer",FALSE,0.998197882616469,-0.513315568569279,0.302709916052239,"NR1D1"
"MA1532.1","NR1D2",-0.0533615172273452,0.000783355697064189,"medulla_early","down","enhancer",FALSE,0.998197882616469,-0.363144641708264,0.491782414825179,"NR1D2"
"MA1534.1","NR1I3",0.133292931052972,0.000783355697064189,"medulla_early","down","enhancer",FALSE,0.998197882616469,-4.90358972781777,0.0658946979272671,"NR1I3"
"MA1535.1","NR2C1",-0.037005148062498,0.000783355697064189,"medulla_early","down","enhancer",FALSE,0.998197882616469,0.05367508237393,0.914520893121088,"NR2C1"
"MA1541.1","NR6A1",-0.0261176616592849,0.000783355697064189,"medulla_early","down","enhancer",FALSE,0.998197882616469,0.130870702750765,0.710272688724595,"NR6A1"
"MA1542.1","OSR1",-0.196803275280713,0.000783355697064189,"medulla_early","down","enhancer",FALSE,0.998197882616469,-0.829966851323582,0.26249742760543,"OSR1"
"MA1544.1","OVOL1",-0.354769745450711,0.000783355697064189,"medulla_early","down","enhancer",FALSE,0.998197882616469,-0.0315645819091044,0.964549166639799,"OVOL1"
"MA1545.1","OVOL2",-0.0964604351830509,0.000783355697064189,"medulla_early","down","enhancer",FALSE,0.998197882616469,-1.48704614110616,0.0608548530223647,"OVOL2"
"MA1547.1","PITX2",0.159396525120184,0.000783355697064189,"medulla_early","down","enhancer",FALSE,0.998197882616469,-2.10144736674768,0.0637678535424862,"PITX2"
"MA1548.1","PLAGL2",-0.022583318128623,0.000783355697064189,"medulla_early","down","enhancer",FALSE,0.998197882616469,-0.0427429810348618,0.92453845969006,"PLAGL2"
"MA1550.1","PPARD",-0.225610313166285,0.000783355697064189,"medulla_early","down","enhancer",FALSE,0.998197882616469,0.891892322611441,0.0492181571789625,"PPARD"
"MA1554.1","RFX7",-0.0685603059954127,0.000783355697064189,"medulla_early","down","enhancer",FALSE,0.998197882616469,-0.271942060787191,0.764607945021969,"RFX7"
"MA1557.1","SMAD5",0.254366981023536,0.000783355697064189,"medulla_early","down","enhancer",FALSE,0.998197882616469,-0.154342043721525,0.779330352383936,"SMAD5"
"MA1558.1","SNAI1",0.21592250118369,0.000783355697064189,"medulla_early","down","enhancer",FALSE,0.998197882616469,0.81959282012999,0.15362511420621,"SNAI1"
"MA1561.1","SOX12",0.0810976561809778,0.000783355697064189,"medulla_early","down","enhancer",FALSE,0.998197882616469,-0.0523250419755064,0.920374044665355,"SOX12"
"MA1563.1","SOX18",-0.097199498996007,0.000783355697064189,"medulla_early","down","enhancer",FALSE,0.998197882616469,0.490845659420011,0.296037875641508,"SOX18"
"MA1566.1","TBX3",0.00586549759360011,0.000783355697064189,"medulla_early","down","enhancer",FALSE,0.998197882616469,1.52368608824319,0.0832738379815991,"TBX3"
"MA1567.1","TBX6",0.0166436248163331,0.000783355697064189,"medulla_early","down","enhancer",FALSE,0.998197882616469,-0.135759766743078,0.850143589044472,"TBX6"
"MA1573.1","THAP11",-0.245889337584146,0.000783355697064189,"medulla_early","down","enhancer",FALSE,0.998197882616469,-0.0164096684038499,0.968977526882527,"THAP11"
"MA1578.1","VEZF1",-0.128317064953302,0.000783355697064189,"medulla_early","down","enhancer",FALSE,0.998197882616469,0.308827442903024,0.354499548765985,"VEZF1"
"MA1579.1","ZBTB26",0.0972231064325859,0.000783355697064189,"medulla_early","down","enhancer",FALSE,0.998197882616469,-0.0484390005078721,0.936082817778804,"ZBTB26"
"MA1581.1","ZBTB6",0.166508653329522,0.000783355697064189,"medulla_early","down","enhancer",FALSE,0.998197882616469,-0.361137112953845,0.625151330776602,"ZBTB6"
"MA1583.1","ZFP57",-0.0829065301855509,0.000783355697064189,"medulla_early","down","enhancer",FALSE,0.998197882616469,0.139330944009233,0.562477562308107,"ZFP57"
"MA1585.1","ZKSCAN1",0.100260289298997,0.000783355697064189,"medulla_early","down","enhancer",FALSE,0.998197882616469,-0.268958325939968,0.310786095392853,"ZKSCAN1"
"MA1589.1","ZNF140",0.480067346105041,0.000783355697064189,"medulla_early","down","enhancer",FALSE,0.998197882616469,0.00868613362562964,0.988542582908716,"ZNF140"
"MA1592.1","ZNF274",-0.121549005170467,0.000783355697064189,"medulla_early","down","enhancer",FALSE,0.998197882616469,0.38620323622967,0.18285194566605,"ZNF274"
"MA1593.1","ZNF317",-0.165595852406162,0.000783355697064189,"medulla_early","down","enhancer",FALSE,0.998197882616469,0.129523139860242,0.662654974022624,"ZNF317"
"MA1594.1","ZNF382",0.260663542944267,0.000783355697064189,"medulla_early","down","enhancer",FALSE,0.998197882616469,-0.474527871278598,0.316727206573792,"ZNF382"
"MA1600.1","ZNF684",-0.00663062057181651,0.000783355697064189,"medulla_early","down","enhancer",FALSE,0.998197882616469,-0.168546705403499,0.725166131620865,"ZNF684"
"MA1601.1","ZNF75D",-0.10307445399295,0.000783355697064189,"medulla_early","down","enhancer",FALSE,0.998197882616469,-0.200601746456184,0.248460709907167,"ZNF75D"
"MA1602.1","ZSCAN29",0.0771910220270113,0.000783355697064189,"medulla_early","down","enhancer",FALSE,0.998197882616469,-0.197171120935619,0.657269485058646,"ZSCAN29"
"MA0605.2","ATF3",-0.3873759724508,0.000783355697064189,"medulla_early","down","enhancer",FALSE,0.998197882616469,1.35785809494138,0.0916266417248995,"ATF3"
"MA0462.2","BATF::JUN",0.0281866314086558,0.000783355697064189,"medulla_early","down","enhancer",FALSE,0.998197882616469,1.6596789750096,0.06604313776341,"BATF"
"MA0463.2","BCL6",0.116632177578357,0.000783355697064189,"medulla_early","down","enhancer",FALSE,0.998197882616469,0.280517860039863,0.446505194271569,"BCL6"
"MA0864.2","E2F2",0.215344594167782,0.000783355697064189,"medulla_early","down","enhancer",FALSE,0.998197882616469,-0.123860062846695,0.931181324066667,"E2F2"
"MA0469.3","E2F3",0.0880029880152504,0.000783355697064189,"medulla_early","down","enhancer",FALSE,0.998197882616469,-1.16985375144796,0.164158832744677,"E2F3"
"MA0470.2","E2F4",0.353655734010265,0.000783355697064189,"medulla_early","down","enhancer",FALSE,0.998197882616469,0.301248728903738,0.178893459927132,"E2F4"
"MA0612.2","EMX1",-0.0251511681677723,0.000783355697064189,"medulla_early","down","enhancer",FALSE,0.998197882616469,-3.31946901938768,0.0712060277233364,"EMX1"
"MA0847.2","FOXD2",0.0599755806252498,0.000783355697064189,"medulla_early","down","enhancer",FALSE,0.998197882616469,-1.65752812201017,0.0842898766585046,"FOXD2"
"MA0766.2","GATA5",0.266196630596883,0.000783355697064189,"medulla_early","down","enhancer",FALSE,0.998197882616469,-0.785689225094325,0.212489424946824,"GATA5"
"MA0038.2","GFI1",-0.362635031829894,0.000783355697064189,"medulla_early","down","enhancer",FALSE,0.998197882616469,1.38160825886547,0.29103299967878,"GFI1"
"MA0734.2","GLI2",0.19036297399613,0.000783355697064189,"medulla_early","down","enhancer",FALSE,0.998197882616469,0.759269677713782,0.171262734067996,"GLI2"
"MA1099.2","HES1",0.161641185447525,0.000783355697064189,"medulla_early","down","enhancer",FALSE,0.998197882616469,1.01074502004133,0.0609514084546705,"HES1"
"MA0900.2","HOXA2",0.063891919555771,0.000783355697064189,"medulla_early","down","enhancer",FALSE,0.998197882616469,0.837613405220707,0.154134101045651,"HOXA2"
"MA0158.2","HOXA5",0.0416006386504204,0.000783355697064189,"medulla_early","down","enhancer",FALSE,0.998197882616469,0.471503276270981,0.150095664944483,"HOXA5"
"MA0594.2","HOXA9",0.478313268822609,0.000783355697064189,"medulla_early","down","enhancer",FALSE,0.998197882616469,-0.374756110264792,0.202624239501647,"HOXA9"
"MA0902.2","HOXB2",0.060829710817532,0.000783355697064189,"medulla_early","down","enhancer",FALSE,0.998197882616469,1.18195155391374,0.107278423978181,"HOXB2"
"MA0904.2","HOXB5",0.229008850964017,0.000783355697064189,"medulla_early","down","enhancer",FALSE,0.998197882616469,0.853553809598613,0.157124880881629,"HOXB5"
"MA0485.2","HOXC9",0.196202278180139,0.000783355697064189,"medulla_early","down","enhancer",FALSE,0.998197882616469,0.208948432848126,0.537744862576777,"HOXC9"
"MA0912.2","HOXD3",0.0934048792100795,0.000783355697064189,"medulla_early","down","enhancer",FALSE,0.998197882616469,0.194409940203093,0.623939254874101,"HOXD3"
"MA0910.2","HOXD8",0.0850773164794649,0.000783355697064189,"medulla_early","down","enhancer",FALSE,0.998197882616469,0.06076443969084,0.896442211160504,"HOXD8"
"MA0913.2","HOXD9",0.13941100219646,0.000783355697064189,"medulla_early","down","enhancer",FALSE,0.998197882616469,0.344924367183701,0.399224265377298,"HOXD9"
"MA0703.2","LMX1B",0.00248277609401715,0.000783355697064189,"medulla_early","down","enhancer",FALSE,0.998197882616469,-3.77992993111808,0.0901544811220524,"LMX1B"
"MA0842.2","NRL",-0.202841111630924,0.000783355697064189,"medulla_early","down","enhancer",FALSE,0.998197882616469,-0.508515726317723,0.238721818287497,"NRL"
"MA0075.3","PRRX2",0.0231383391483106,0.000783355697064189,"medulla_early","down","enhancer",FALSE,0.998197882616469,1.3887251508707,0.128122391867741,"PRRX2"
"MA0867.2","SOX4",0.0641484956517377,0.000783355697064189,"medulla_early","down","enhancer",FALSE,0.998197882616469,0.631680146267919,0.195720062516252,"SOX4"
"MA0079.4","SP1",-0.192629239849721,0.000783355697064189,"medulla_early","down","enhancer",FALSE,0.998197882616469,-0.137530648943236,0.821174739945068,"SP1"
"MA0516.2","SP2",0.142648122991747,0.000783355697064189,"medulla_early","down","enhancer",FALSE,0.998197882616469,0.342212266048479,0.112305557737171,"SP2"
"MA0746.2","SP3",-0.0558741329298327,0.000783355697064189,"medulla_early","down","enhancer",FALSE,0.998197882616469,0.0059421778446227,0.99073376411167,"SP3"
"MA0632.2","TCFL5",0.0281976788420302,0.000783355697064189,"medulla_early","down","enhancer",FALSE,0.998197882616469,-0.125984535075871,0.641277270968521,"TCFL5"
"MA0871.2","TFEC",-0.0445577621141,0.000783355697064189,"medulla_early","down","enhancer",FALSE,0.998197882616469,-2.10892727520893,0.077937476246155,"TFEC"
"MA0753.2","ZNF740",-0.0222313559502449,0.000783355697064189,"medulla_early","down","enhancer",FALSE,0.998197882616469,0.0711001810614098,0.677884009805371,"ZNF740"
"MA1632.1","ATF2",-0.0637069614328558,0.000783355697064189,"medulla_early","down","enhancer",FALSE,0.998197882616469,-0.218878644399152,0.560809061434973,"ATF2"
"MA1633.1","BACH1",-0.0960849640640316,0.000783355697064189,"medulla_early","down","enhancer",FALSE,0.998197882616469,0.245167934407919,0.678642741180705,"BACH1"
"MA1634.1","BATF",0.0255022531727001,0.000783355697064189,"medulla_early","down","enhancer",FALSE,0.998197882616469,1.6596789750096,0.06604313776341,"BATF"
"MA1637.1","EBF3",0.108281423201385,0.000783355697064189,"medulla_early","down","enhancer",FALSE,0.998197882616469,0.811550634572563,0.285610513960871,"EBF3"
"MA1643.1","NFIB",-0.305049796969565,0.000783355697064189,"medulla_early","down","enhancer",FALSE,0.998197882616469,-0.443600970555623,0.236817474381606,"NFIB"
"MA1644.1","NFYC",0.140309575646048,0.000783355697064189,"medulla_early","down","enhancer",FALSE,0.998197882616469,-0.00262316901602411,0.99394663650825,"NFYC"
"MA1646.1","OSR2",-0.070114922148071,0.000783355697064189,"medulla_early","down","enhancer",FALSE,0.998197882616469,1.06532246041255,0.178760150603818,"OSR2"
"MA1647.1","PRDM4",0.205537353601664,0.000783355697064189,"medulla_early","down","enhancer",FALSE,0.998197882616469,0.217812095886533,0.302222416185763,"PRDM4"
"MA1649.1","ZBTB12",-0.0186058588780433,0.000783355697064189,"medulla_early","down","enhancer",FALSE,0.998197882616469,0.0661264192595086,0.914745875678653,"ZBTB12"
"MA1650.1","ZBTB14",0.277469408414746,0.000783355697064189,"medulla_early","down","enhancer",FALSE,0.998197882616469,-0.14797160568025,0.595789182966952,"ZBTB14"
"MA1651.1","ZFP42",-0.00438650488363468,0.000783355697064189,"medulla_early","down","enhancer",FALSE,0.998197882616469,1.4049632968339,0.0908580901674158,"ZFP42"
"MA1652.1","ZKSCAN5",0.017457513466236,0.000783355697064189,"medulla_early","down","enhancer",FALSE,0.998197882616469,0.172677139383119,0.537744862576777,"ZKSCAN5"
"MA1653.1","ZNF148",-0.0123946294050974,0.000783355697064189,"medulla_early","down","enhancer",FALSE,0.998197882616469,-0.163540537254645,0.614516383449939,"ZNF148"
"MA1654.1","ZNF16",0.224261213998138,0.000783355697064189,"medulla_early","down","enhancer",FALSE,0.998197882616469,0.358892154672663,0.108598298396234,"ZNF16"
"MA1655.1","ZNF341",-0.00954947761593949,0.000783355697064189,"medulla_early","down","enhancer",FALSE,0.998197882616469,-0.0842169612582779,0.812490975545782,"ZNF341"
"MA1656.1","ZNF449",0.090115392040965,0.000783355697064189,"medulla_early","down","enhancer",FALSE,0.998197882616469,0.209226312368565,0.622294120606598,"ZNF449"
"MA1657.1","ZNF652",-0.112141794015112,0.000783355697064189,"medulla_early","down","enhancer",FALSE,0.998197882616469,-0.459728421087832,0.344625947814912,"ZNF652"
"MA1683.1","FOXA3",-0.116509697652452,0.000783355697064189,"medulla_early","down","enhancer",FALSE,0.998197882616469,2.63328875361704,0.122337589758941,"FOXA3"
"MA0833.2","ATF4",0.0259440180255224,0.000783355697064189,"medulla_early","down","enhancer",FALSE,0.998197882616469,0.47134174023383,0.153314943932154,"ATF4"
"MA0835.2","BATF3",0.0651848978856222,0.000783355697064189,"medulla_early","down","enhancer",FALSE,0.998197882616469,1.04702307697538,0.259033656862174,"BATF3"
"MA0102.4","CEBPA",-0.0985003770944406,0.000783355697064189,"medulla_early","down","enhancer",FALSE,0.998197882616469,-0.750693487416026,0.213010947113534,"CEBPA"
"MA0836.2","CEBPD",-0.277892812657607,0.000783355697064189,"medulla_early","down","enhancer",FALSE,0.998197882616469,1.454422789141,0.06604313776341,"CEBPD"
"MA0018.4","CREB1",-0.00449046106397866,0.000783355697064189,"medulla_early","down","enhancer",FALSE,0.998197882616469,0.0489183839653187,0.89378345624792,"CREB1"
"MA0471.2","E2F6",0.103202314849758,0.000783355697064189,"medulla_early","down","enhancer",FALSE,0.998197882616469,0.092236149129326,0.735101504111633,"E2F6"
"MA0154.4","EBF1",0.150329920718995,0.000783355697064189,"medulla_early","down","enhancer",FALSE,0.998197882616469,0.0221742268692431,0.950443332936093,"EBF1"
"MA0162.4","EGR1",0.0585041842709,0.000783355697064189,"medulla_early","down","enhancer",FALSE,0.998197882616469,1.20612237390305,0.310124947087848,"EGR1"
"MA0598.3","EHF",-0.125985149407703,0.000783355697064189,"medulla_early","down","enhancer",FALSE,0.998197882616469,0.962007345090133,0.232418019910113,"EHF"
"MA0473.3","ELF1",-0.0370285085066593,0.000783355697064189,"medulla_early","down","enhancer",FALSE,0.998197882616469,0.19418631381297,0.588249029107439,"ELF1"
"MA0640.2","ELF3",-0.0681564403746098,0.000783355697064189,"medulla_early","down","enhancer",FALSE,0.998197882616469,1.39397772651261,0.06604313776341,"ELF3"
"MA0592.3","ESRRA",-0.0853175024292518,0.000783355697064189,"medulla_early","down","enhancer",FALSE,0.998197882616469,-0.589542731640699,0.155741415377636,"ESRRA"
"MA0761.2","ETV1",-0.124288836872802,0.000783355697064189,"medulla_early","down","enhancer",FALSE,0.998197882616469,-0.620578076459693,0.198011166160564,"ETV1"
"MA0764.2","ETV4",-0.0434236167001956,0.000783355697064189,"medulla_early","down","enhancer",FALSE,0.998197882616469,1.00169138540545,0.112500476841191,"ETV4"
"MA0765.2","ETV5",-0.0343430174402277,0.000783355697064189,"medulla_early","down","enhancer",FALSE,0.998197882616469,-1.46602920869963,0.0672971010070892,"ETV5"
"MA0477.2","FOSL1",-0.00861367412625924,0.000783355697064189,"medulla_early","down","enhancer",FALSE,0.998197882616469,1.99314244351486,0.0834337048981768,"FOSL1"
"MA1103.2","FOXK2",-0.205606316807414,0.000783355697064189,"medulla_early","down","enhancer",FALSE,0.998197882616469,-0.447632773770378,0.0878476068286651,"FOXK2"
"MA0481.3","FOXP1",-0.0960805419635209,0.000783355697064189,"medulla_early","down","enhancer",FALSE,0.998197882616469,0.212742459812227,0.446926516035402,"FOXP1"
"MA0062.3","GABPA",-0.0423399887790419,0.000783355697064189,"medulla_early","down","enhancer",FALSE,0.998197882616469,-0.243705616428664,0.418675712352007,"GABPA"
"MA1104.2","GATA6",-0.0882656464449534,0.000783355697064189,"medulla_early","down","enhancer",FALSE,0.998197882616469,0.645828380756313,0.206754904684928,"GATA6"
"MA1105.2","GRHL2",0.169713064279728,0.000783355697064189,"medulla_early","down","enhancer",FALSE,0.998197882616469,0.847022715254837,0.104252829176874,"GRHL2"
"MA0043.3","HLF",0.00475826001092727,0.000783355697064189,"medulla_early","down","enhancer",FALSE,0.998197882616469,-0.604757118734295,0.163746211181165,"HLF"
"MA0114.4","HNF4A",0.229272890847087,0.000783355697064189,"medulla_early","down","enhancer",FALSE,0.998197882616469,-3.75826701797676,0.103850085880759,"HNF4A"
"MA0484.2","HNF4G",0.236624236730869,0.000783355697064189,"medulla_early","down","enhancer",FALSE,0.998197882616469,-2.88270133087316,0.0660196082957075,"HNF4G"
"MA0490.2","JUNB",0.0984637831464941,0.000783355697064189,"medulla_early","down","enhancer",FALSE,0.998197882616469,1.4087399624279,0.110679890761521,"JUNB"
"MA0491.2","JUND",-0.0759127838588105,0.000783355697064189,"medulla_early","down","enhancer",FALSE,0.998197882616469,0.187699156397174,0.685974858607979,"JUND"
"MA0039.4","KLF4",-0.0245948887565284,0.000783355697064189,"medulla_early","down","enhancer",FALSE,0.998197882616469,0.969127362297055,0.0875480384843572,"KLF4"
"MA1107.2","KLF9",-0.106710955952336,0.000783355697064189,"medulla_early","down","enhancer",FALSE,0.998197882616469,-0.443019729948276,0.66978651208401,"KLF9"
"MA0495.3","MAFF",-0.111870106608812,0.000783355697064189,"medulla_early","down","enhancer",FALSE,0.998197882616469,1.52535659330182,0.0668960896156621,"MAFF"
"MA0659.2","MAFG",-0.161307903243785,0.000783355697064189,"medulla_early","down","enhancer",FALSE,0.998197882616469,-0.00138173488101945,0.996703543959395,"MAFG"
"MA0496.3","MAFK",0.0340537534585081,0.000783355697064189,"medulla_early","down","enhancer",FALSE,0.998197882616469,0.0931644558976767,0.812369843003484,"MAFK"
"MA0052.4","MEF2A",-0.0390554208693032,0.000783355697064189,"medulla_early","down","enhancer",FALSE,0.998197882616469,0.473138761157531,0.150095664944483,"MEF2A"
"MA0620.3","MITF",0.14166978996714,0.000783355697064189,"medulla_early","down","enhancer",FALSE,0.998197882616469,-0.266035813894056,0.414822224854763,"MITF"
"MA1108.2","MXI1",-0.0342940062148624,0.000783355697064189,"medulla_early","down","enhancer",FALSE,0.998197882616469,-0.876309316145971,0.0770476661946693,"MXI1"
"MA0056.2","MZF1",-0.0805985694607871,0.000783355697064189,"medulla_early","down","enhancer",FALSE,0.998197882616469,0.234397851002226,0.289935430825961,"MZF1"
"MA0089.2","NFE2L1",-0.357879790511975,0.000783355697064189,"medulla_early","down","enhancer",FALSE,0.998197882616469,0.250576209871364,0.291460571276196,"NFE2L1"
"MA0025.2","NFIL3",0.0398298517561493,0.000783355697064189,"medulla_early","down","enhancer",FALSE,0.998197882616469,0.745980541597738,0.122501804370263,"NFIL3"
"MA0502.2","NFYB",-0.0597893962882505,0.000783355697064189,"medulla_early","down","enhancer",FALSE,0.998197882616469,0.224248324784698,0.332944855673808,"NFYB"
"MA1112.2","NR4A1",0.163305190458306,0.000783355697064189,"medulla_early","down","enhancer",FALSE,0.998197882616469,0.584862578948409,0.66978651208401,"NR4A1"
"MA0679.2","ONECUT1",0.200658845336337,0.000783355697064189,"medulla_early","down","enhancer",FALSE,0.998197882616469,-3.39878981480351,0.117836266285429,"ONECUT1"
"MA1113.2","PBX2",0.0539290639102639,0.000783355697064189,"medulla_early","down","enhancer",FALSE,0.998197882616469,0.168210555534477,0.431059780126037,"PBX2"
"MA0782.2","PKNOX1",0.264229893502818,0.000783355697064189,"medulla_early","down","enhancer",FALSE,0.998197882616469,0.330737363291956,0.187097608107032,"PKNOX1"
"MA0508.3","PRDM1",0.171726076681772,0.000783355697064189,"medulla_early","down","enhancer",FALSE,0.998197882616469,0.499682259790166,0.568062588577106,"PRDM1"
"MA0509.2","RFX1",-0.206840192314386,0.000783355697064189,"medulla_early","down","enhancer",FALSE,0.998197882616469,0.181643986679529,0.551825447303425,"RFX1"
"MA0798.2","RFX3",-0.139436727416395,0.000783355697064189,"medulla_early","down","enhancer",FALSE,0.998197882616469,-0.0695280347034934,0.905418228153621,"RFX3"
"MA0684.2","RUNX3",0.00976558944551442,0.000783355697064189,"medulla_early","down","enhancer",FALSE,0.998197882616469,1.1763613565025,0.213894900158756,"RUNX3"
"MA0745.2","SNAI2",0.0192900200224333,0.000783355697064189,"medulla_early","down","enhancer",FALSE,0.998197882616469,1.10385608658876,0.0503095719599114,"SNAI2"
"MA0080.5","SPI1",0.092823285042531,0.000783355697064189,"medulla_early","down","enhancer",FALSE,0.998197882616469,1.56811813326846,0.13417380810982,"SPI1"
"MA0522.3","TCF3",-0.120833302155151,0.000783355697064189,"medulla_early","down","enhancer",FALSE,0.998197882616469,0.466528757923918,0.109143448514621,"TCF3"
"MA0830.2","TCF4",0.027310651037789,0.000783355697064189,"medulla_early","down","enhancer",FALSE,0.998197882616469,0.393146960839339,0.406470064965393,"TCF4"
"MA0769.2","TCF7",-0.0770644913588416,0.000783355697064189,"medulla_early","down","enhancer",FALSE,0.998197882616469,0.546792028975311,0.314754359974694,"TCF7"
"MA0090.3","TEAD1",-0.0331762470583863,0.000783355697064189,"medulla_early","down","enhancer",FALSE,0.998197882616469,0.177381570686959,0.795003735824565,"TEAD1"
"MA0809.2","TEAD4",-0.0863897826250293,0.000783355697064189,"medulla_early","down","enhancer",FALSE,0.998197882616469,0.756875322572355,0.071132448064588,"TEAD4"
"MA0003.4","TFAP2A",0.0856922570129282,0.000783355697064189,"medulla_early","down","enhancer",FALSE,0.998197882616469,1.12951183829806,0.140698726798868,"TFAP2A"
"MA1123.2","TWIST1",-0.144815670543291,0.000783355697064189,"medulla_early","down","enhancer",FALSE,0.998197882616469,-1.55077067839058,0.0791786138811142,"TWIST1"
"MA0093.3","USF1",-0.0232428038775945,0.000783355697064189,"medulla_early","down","enhancer",FALSE,0.998197882616469,0.607629080710937,0.169727927955546,"USF1"
"MA0526.3","USF2",-0.0449063415793107,0.000783355697064189,"medulla_early","down","enhancer",FALSE,0.998197882616469,-0.0663723136822663,0.854801657673229,"USF2"
"MA0528.2","ZNF263",0.0780280747307636,0.000783355697064189,"medulla_early","down","enhancer",FALSE,0.998197882616469,0.255528989001911,0.208757420908938,"ZNF263"
"MA0609.2","CREM",-0.202064218249576,0.000783355697064189,"medulla_early","down","enhancer",FALSE,0.998197882616469,0.785524708417041,0.107275306419822,"CREM"
"MA0652.1","IRF8",-0.502035023349453,0.000600877910368186,"medulla_early","down","enhancer",FALSE,0.998617384176065,1.18274000047459,0.101574921715219,"IRF8"
"MA1574.1","THRB",-0.409357128181335,0.000365334981248279,"medulla_early","down","enhancer",FALSE,0.999159138840275,-0.839934183983885,0.0493089608207352,"THRB"
"MA0098.3","ETS1",-0.408869957620478,0.000246215037749711,"medulla_early","down","enhancer",FALSE,0.999433229599463,0.122252321544641,0.865950184910343,"ETS1"
"MA0838.1","CEBPG",-0.84201747340339,0.000246215037749711,"medulla_early","down","enhancer",FALSE,0.999433229599463,-0.011597868271787,0.974038165068298,"CEBPG"
"MA1143.1","FOSL1::JUND(var.2)",-0.673224348998916,0.000246215037749711,"medulla_early","down","enhancer",FALSE,0.999433229599463,1.99314244351486,0.0834337048981768,"FOSL1"
"MA1516.1","KLF3",-0.424672354495698,0.000246215037749711,"medulla_early","down","enhancer",FALSE,0.999433229599463,0.185551529066375,0.67411254469576,"KLF3"
"MA0752.1","ZNF410",-0.459287305749152,0,"medulla_early","down","enhancer",FALSE,1,-0.100949867114212,0.657355619379551,"ZNF410"
"MA0137.3","STAT1",0.824583491881402,0.506920601781246,"medulla_early","up","promoter",FALSE,0.311228527668604,0.892153553169537,0.153114577868935,"STAT1"
"MA0517.1","STAT1::STAT2",0.567543269035653,0.187057141037085,"medulla_early","up","promoter",FALSE,0.650044157041358,0.892153553169537,0.153114577868935,"STAT1"
"MA0144.2","STAT3",0.565659375809383,0.187057141037085,"medulla_early","up","promoter",FALSE,0.650044157041358,0.708432150176781,0.0636959946514459,"STAT3"
"MA0628.1","POU6F1",0.716185338984785,0.187057141037085,"medulla_early","up","promoter",FALSE,0.650044157041358,0.508698992617218,0.182444066184707,"POU6F1"
"MA0768.1","LEF1",0.71555633104301,0.187057141037085,"medulla_early","up","promoter",FALSE,0.650044157041358,0.653669264335977,0.178162077515761,"LEF1"
"MA0785.1","POU2F1",0.709239321782558,0.187057141037085,"medulla_early","up","promoter",FALSE,0.650044157041358,-0.0254606879461252,0.968977526882527,"POU2F1"
"MA0788.1","POU3F3",0.813485762637773,0.187057141037085,"medulla_early","up","promoter",FALSE,0.650044157041358,-0.303769583298376,0.459163556728696,"POU3F3"
"MA0597.1","THAP1",0.474384931456806,0.0562489595572909,"medulla_early","up","promoter",FALSE,0.878518761079062,-0.174647403581858,0.542521541921057,"THAP1"
"MA0716.1","PRRX1",0.67101744511572,0.0562489595572909,"medulla_early","up","promoter",FALSE,0.878518761079062,-0.166015221967061,0.841536489450615,"PRRX1"
"MA0722.1","VAX1",0.641499810664315,0.0562489595572909,"medulla_early","up","promoter",FALSE,0.878518761079062,-3.438831185671,0.155425998835213,"VAX1"
"MA0104.4","MYCN",0.452364665674238,0.0562489595572909,"medulla_early","up","promoter",FALSE,0.878518761079062,-0.944861256508446,0.0912934439993276,"MYCN"
"MA1147.1","NR4A2::RXRA",0.490586184154399,0.0562489595572909,"medulla_early","up","promoter",FALSE,0.878518761079062,0.670144111666451,0.506393131551157,"NR4A2"
"MA1418.1","IRF3",0.636625370028306,0.0562489595572909,"medulla_early","up","promoter",FALSE,0.878518761079062,0.307725893196871,0.370567254683869,"IRF3"
"MA0075.3","PRRX2",0.610798444099241,0.0562489595572909,"medulla_early","up","promoter",FALSE,0.878518761079062,1.3887251508707,0.128122391867741,"PRRX2"
"MA1138.1","FOSL2::JUNB",0.56772110536967,0.0409185696906375,"medulla_early","up","promoter",FALSE,0.910083897563432,1.08455929293645,0.0618584746703685,"FOSL2"
"MA0764.2","ETV4",0.230490706789862,0.0409185696906375,"medulla_early","up","promoter",FALSE,0.910083897563432,1.00169138540545,0.112500476841191,"ETV4"
"MA0652.1","IRF8",0.573729688628442,0.0128578028241177,"medulla_early","up","promoter",FALSE,0.970827784711286,1.18274000047459,0.101574921715219,"IRF8"
"MA0138.2","REST",0.48418358496705,0.00667895550792339,"medulla_early","up","promoter",FALSE,0.984738787446079,-0.0415618307860806,0.945209506982702,"REST"
"MA0507.1","POU2F2",0.535435697018206,0.00667895550792339,"medulla_early","up","promoter",FALSE,0.984738787446079,1.55969797562014,0.0967970792705109,"POU2F2"
"MA0819.1","CLOCK",0.517361374339989,0.00667895550792339,"medulla_early","up","promoter",FALSE,0.984738787446079,-0.253135594892285,0.717302137818283,"CLOCK"
"MA0903.1","HOXB3",0.527499395206349,0.00667895550792339,"medulla_early","up","promoter",FALSE,0.984738787446079,0.859617502903848,0.162190378311986,"HOXB3"
"MA0060.3","NFYA",0.476279197673326,0.00667895550792339,"medulla_early","up","promoter",FALSE,0.984738787446079,0.117003503198894,0.779532084746545,"NFYA"
"MA1149.1","RARA::RXRG",0.291772719258643,0.00667895550792339,"medulla_early","up","promoter",FALSE,0.984738787446079,-1.92633319462346,0.173777595901941,"RXRG"
"MA1542.1","OSR1",0.459082832692769,0.00667895550792339,"medulla_early","up","promoter",FALSE,0.984738787446079,-0.829966851323582,0.26249742760543,"OSR1"
"MA1578.1","VEZF1",0.137481780448361,0.00667895550792339,"medulla_early","up","promoter",FALSE,0.984738787446079,0.308827442903024,0.354499548765985,"VEZF1"
"MA1634.1","BATF",0.482324959079851,0.00667895550792339,"medulla_early","up","promoter",FALSE,0.984738787446079,1.6596789750096,0.06604313776341,"BATF"
"MA0761.2","ETV1",0.284134544315308,0.00667895550792339,"medulla_early","up","promoter",FALSE,0.984738787446079,-0.620578076459693,0.198011166160564,"ETV1"
"MA0062.3","GABPA",0.283462065664585,0.00667895550792339,"medulla_early","up","promoter",FALSE,0.984738787446079,-0.243705616428664,0.418675712352007,"GABPA"
"MA0782.2","PKNOX1",0.429666712080488,0.00667895550792339,"medulla_early","up","promoter",FALSE,0.984738787446079,0.330737363291956,0.187097608107032,"PKNOX1"
"MA0476.1","FOS",0.396862668788459,0.00111752650707136,"medulla_early","up","promoter",FALSE,0.99743010796474,0.790444411147782,0.495819179428345,"FOS"
"MA0506.1","NRF1",0.105783253592159,0.00111752650707136,"medulla_early","up","promoter",FALSE,0.99743010796474,0.358516284174075,0.12706932132958,"NRF1"
"MA0513.1","SMAD2::SMAD3::SMAD4",0.244004550797558,0.00111752650707136,"medulla_early","up","promoter",FALSE,0.99743010796474,-0.168477519832847,0.552834077757077,"SMAD4"
"MA0625.1","NFATC3",0.341296614762935,0.00111752650707136,"medulla_early","up","promoter",FALSE,0.99743010796474,-0.0155296820718904,0.956731123773962,"NFATC3"
"MA0042.2","FOXI1",0.382073670492507,0.00111752650707136,"medulla_early","up","promoter",FALSE,0.99743010796474,-0.875336820839591,0.315134881631071,"FOXI1"
"MA0658.1","LHX6",0.401839538217206,0.00111752650707136,"medulla_early","up","promoter",FALSE,0.99743010796474,0.610815883501578,0.153367181687364,"LHX6"
"MA0752.1","ZNF410",0.321928094887362,0.00111752650707136,"medulla_early","up","promoter",FALSE,0.99743010796474,-0.100949867114212,0.657355619379551,"ZNF410"
"MA0793.1","POU6F2",0.428150107009906,0.00111752650707136,"medulla_early","up","promoter",FALSE,0.99743010796474,1.25362859490879,0.254904639470336,"POU6F2"
"MA0058.3","MAX",0.359127098567027,0.00111752650707136,"medulla_early","up","promoter",FALSE,0.99743010796474,0.234064132878819,0.355100406815999,"MAX"
"MA0825.1","MNT",0.395652974592141,0.00111752650707136,"medulla_early","up","promoter",FALSE,0.99743010796474,0.304837644860451,0.222953636563293,"MNT"
"MA0848.1","FOXO4",0.382073670492507,0.00111752650707136,"medulla_early","up","promoter",FALSE,0.99743010796474,-0.386816279001445,0.142466418389761,"FOXO4"
"MA0889.1","GBX1",0.517263617671086,0.00111752650707136,"medulla_early","up","promoter",FALSE,0.99743010796474,0.459518028931596,0.410557045323838,"GBX1"
"MA0899.1","HOXA10",0.425932894395244,0.00111752650707136,"medulla_early","up","promoter",FALSE,0.99743010796474,-0.0631731913756974,0.831099791614122,"HOXA10"
"MA1106.1","HIF1A",0.263474696722797,0.00111752650707136,"medulla_early","up","promoter",FALSE,0.99743010796474,1.01651237888565,0.207865436005933,"HIF1A"
"MA0099.3","FOS::JUN",0.442299504369574,0.00111752650707136,"medulla_early","up","promoter",FALSE,0.99743010796474,0.790444411147782,0.495819179428345,"FOS"
"MA1134.1","FOS::JUNB",0.401642177678099,0.00111752650707136,"medulla_early","up","promoter",FALSE,0.99743010796474,1.4087399624279,0.110679890761521,"JUNB"
"MA1135.1","FOSB::JUNB",0.469992504988552,0.00111752650707136,"medulla_early","up","promoter",FALSE,0.99743010796474,1.4087399624279,0.110679890761521,"JUNB"
"MA1144.1","FOSL2::JUND",0.464173090308004,0.00111752650707136,"medulla_early","up","promoter",FALSE,0.99743010796474,1.08455929293645,0.0618584746703685,"FOSL2"
"MA1146.1","NR1H4::RXRA",0.404920936589671,0.00111752650707136,"medulla_early","up","promoter",FALSE,0.99743010796474,-2.5467066004487,0.0702346883737401,"NR1H4"
"MA0693.2","VDR",0.330383027475296,0.00111752650707136,"medulla_early","up","promoter",FALSE,0.99743010796474,-1.09932889011824,0.372016550714213,"VDR"
"MA1495.1","HOXA1",0.441710084414544,0.00111752650707136,"medulla_early","up","promoter",FALSE,0.99743010796474,0.241264764447689,0.669339778333461,"HOXA1"
"MA1504.1","HOXC4",0.414512116995602,0.00111752650707136,"medulla_early","up","promoter",FALSE,0.99743010796474,0.267922838417387,0.410087705276773,"HOXC4"
"MA1507.1","HOXD4",0.410782067472676,0.00111752650707136,"medulla_early","up","promoter",FALSE,0.99743010796474,0.465674993383879,0.254912947680986,"HOXD4"
"MA1523.1","MSANTD3",0.23287854408834,0.00111752650707136,"medulla_early","up","promoter",FALSE,0.99743010796474,0.203248238908115,0.663274411054455,"MSANTD3"
"MA1557.1","SMAD5",0.449675005652681,0.00111752650707136,"medulla_early","up","promoter",FALSE,0.99743010796474,-0.154342043721525,0.779330352383936,"SMAD5"
"MA0462.2","BATF::JUN",0.374033456992465,0.00111752650707136,"medulla_early","up","promoter",FALSE,0.99743010796474,1.6596789750096,0.06604313776341,"BATF"
"MA0612.2","EMX1",0.455338600779001,0.00111752650707136,"medulla_early","up","promoter",FALSE,0.99743010796474,-3.31946901938768,0.0712060277233364,"EMX1"
"MA0038.2","GFI1",0.425650851104708,0.00111752650707136,"medulla_early","up","promoter",FALSE,0.99743010796474,1.38160825886547,0.29103299967878,"GFI1"
"MA0912.2","HOXD3",0.466866418513567,0.00111752650707136,"medulla_early","up","promoter",FALSE,0.99743010796474,0.194409940203093,0.623939254874101,"HOXD3"
"MA1643.1","NFIB",0.346313003148751,0.00111752650707136,"medulla_early","up","promoter",FALSE,0.99743010796474,-0.443600970555623,0.236817474381606,"NFIB"
"MA1644.1","NFYC",0.40570868411357,0.00111752650707136,"medulla_early","up","promoter",FALSE,0.99743010796474,-0.00262316901602411,0.99394663650825,"NFYC"
"MA0835.2","BATF3",0.395375578070719,0.00111752650707136,"medulla_early","up","promoter",FALSE,0.99743010796474,1.04702307697538,0.259033656862174,"BATF3"
"MA0052.4","MEF2A",0.423922444018007,0.00111752650707136,"medulla_early","up","promoter",FALSE,0.99743010796474,0.473138761157531,0.150095664944483,"MEF2A"
"MA0031.1","FOXD1",0.146076469646463,0,"medulla_early","up","promoter",FALSE,1,0.63017856901305,0.121903352863792,"FOXD1"
"MA0051.1","IRF2",0.116220012327109,0,"medulla_early","up","promoter",FALSE,1,0.217173928590692,0.341640931174144,"IRF2"
"MA0059.1","MAX::MYC",0.12134546157264,0,"medulla_early","up","promoter",FALSE,1,0.840782416698474,0.234985963307979,"MYC"
"MA0066.1","PPARG",-0.42454477243669,0,"medulla_early","up","promoter",FALSE,1,1.37320301516143,0.0869135823172405,"PPARG"
"MA0070.1","PBX1",0.322745082245997,0,"medulla_early","up","promoter",FALSE,1,0.504126129843289,0.19190814414701,"PBX1"
"MA0071.1","RORA",0.00910273385600124,0,"medulla_early","up","promoter",FALSE,1,-0.560742748182804,0.335161734083373,"RORA"
"MA0073.1","RREB1",-0.0416048785517757,0,"medulla_early","up","promoter",FALSE,1,-0.232197035188481,0.618080744818636,"RREB1"
"MA0074.1","RXRA::VDR",-0.251497409829144,0,"medulla_early","up","promoter",FALSE,1,-1.09932889011824,0.372016550714213,"VDR"
"MA0077.1","SOX9",-0.314223892819165,0,"medulla_early","up","promoter",FALSE,1,0.149611239615608,0.904147284538814,"SOX9"
"MA0091.1","TAL1::TCF3",0.126207672408447,0,"medulla_early","up","promoter",FALSE,1,0.760909391800218,0.0716761923256732,"TAL1"
"MA0101.1","REL",-0.199590728212192,0,"medulla_early","up","promoter",FALSE,1,0.0800215676474639,0.968675604394128,"REL"
"MA0107.1","RELA",-0.239507701307707,0,"medulla_early","up","promoter",FALSE,1,0.558077788889914,0.0564862461561881,"RELA"
"MA0115.1","NR1H2::RXRA",0.0812161320921221,0,"medulla_early","up","promoter",FALSE,1,0.285160089250391,0.249873545188576,"NR1H2"
"MA0119.1","NFIC::TLX1",0.0575709347136124,0,"medulla_early","up","promoter",FALSE,1,0.110585462196594,0.718758563012995,"NFIC"
"MA0139.1","CTCF",-0.20467134928221,0,"medulla_early","up","promoter",FALSE,1,-0.00889126866160517,0.974038165068298,"CTCF"
"MA0152.1","NFATC2",-0.327379420555189,0,"medulla_early","up","promoter",FALSE,1,0.590951661666812,0.346753245063191,"NFATC2"
"MA0159.1","RARA::RXRA",-0.0998494023162166,0,"medulla_early","up","promoter",FALSE,1,0.237473110317985,0.33777301629397,"RARA"
"MA0160.1","NR4A2",-0.0448026393123184,0,"medulla_early","up","promoter",FALSE,1,0.670144111666451,0.506393131551157,"NR4A2"
"MA0163.1","PLAG1",0.0465890499887713,0,"medulla_early","up","promoter",FALSE,1,0.482897442141747,0.518320027008768,"PLAG1"
"MA0259.1","ARNT::HIF1A",0.109126236124172,0,"medulla_early","up","promoter",FALSE,1,1.01651237888565,0.207865436005933,"HIF1A"
"MA0478.1","FOSL2",0.114979102265634,0,"medulla_early","up","promoter",FALSE,1,1.08455929293645,0.0618584746703685,"FOSL2"
"MA0488.1","JUN",0.0470123970379119,0,"medulla_early","up","promoter",FALSE,1,0.25851843413685,0.588249029107439,"JUN"
"MA0497.1","MEF2C",0.214520805872917,0,"medulla_early","up","promoter",FALSE,1,0.462020070154845,0.135488088859171,"MEF2C"
"MA0501.1","MAF::NFE2",-0.262396003213194,0,"medulla_early","up","promoter",FALSE,1,-0.82789645632328,0.147136755264912,"MAF"
"MA0504.1","NR2C2",0.00105316958719914,0,"medulla_early","up","promoter",FALSE,1,0.0494679283340194,0.9302329235975,"NR2C2"
"MA0523.1","TCF7L2",0.163143777744485,0,"medulla_early","up","promoter",FALSE,1,0.41684490565464,0.143092339078767,"TCF7L2"
"MA0527.1","ZBTB33",0.0121531506128933,0,"medulla_early","up","promoter",FALSE,1,-0.0650986887417684,0.914667083595947,"ZBTB33"
"MA0076.2","ELK4",0.0673330602091271,0,"medulla_early","up","promoter",FALSE,1,-0.453543911657625,0.564367021810182,"ELK4"
"MA0050.2","IRF1",0.237081977882778,0,"medulla_early","up","promoter",FALSE,1,1.42681426997678,0.0671876671908609,"IRF1"
"MA0140.2","GATA1::TAL1",-0.293625242106849,0,"medulla_early","up","promoter",FALSE,1,0.760909391800218,0.0716761923256732,"TAL1"
"MA0095.2","YY1",-0.730599009186006,0,"medulla_early","up","promoter",FALSE,1,-0.138238874902464,0.498476034308346,"YY1"
"MA0593.1","FOXP2",0.0688333592089538,0,"medulla_early","up","promoter",FALSE,1,-0.483628998360313,0.623427755716405,"FOXP2"
"MA0595.1","SREBF1",0.0194390848596893,0,"medulla_early","up","promoter",FALSE,1,-0.394358063631408,0.478982400806204,"SREBF1"
"MA0596.1","SREBF2",0.195888674487144,0,"medulla_early","up","promoter",FALSE,1,-0.285261787057085,0.621044028311948,"SREBF2"
"MA0599.1","KLF5",-0.0152288576283421,0,"medulla_early","up","promoter",FALSE,1,0.97306412242482,0.310096301808503,"KLF5"
"MA0636.1","BHLHE41",-0.0112098316922218,0,"medulla_early","up","promoter",FALSE,1,0.148710381196328,0.818255736703222,"BHLHE41"
"MA0637.1","CENPB",-0.263620786287683,0,"medulla_early","up","promoter",FALSE,1,0.489281537501189,0.154186298655422,"CENPB"
"MA0638.1","CREB3",-0.559072174025696,0,"medulla_early","up","promoter",FALSE,1,0.253825614097928,0.418313584882421,"CREB3"
"MA0641.1","ELF4",-0.048082252611529,0,"medulla_early","up","promoter",FALSE,1,1.07465740278767,0.0637678535424862,"ELF4"
"MA0136.2","ELF5",0.192526568528639,0,"medulla_early","up","promoter",FALSE,1,1.11133724421382,0.338030751654114,"ELF5"
"MA0645.1","ETV6",0.10419246621937,0,"medulla_early","up","promoter",FALSE,1,0.347371207909622,0.154786995395705,"ETV6"
"MA0475.2","FLI1",0.195922372063871,0,"medulla_early","up","promoter",FALSE,1,0.586153179940898,0.109298140664543,"FLI1"
"MA0033.2","FOXL1",-0.126228412269461,0,"medulla_early","up","promoter",FALSE,1,0.0121985126618991,0.988527614317458,"FOXL1"
"MA0157.2","FOXO3",0.103476660169217,0,"medulla_early","up","promoter",FALSE,1,0.453006442609666,0.283366619336918,"FOXO3"
"MA0646.1","GCM1",0.148209343999125,0,"medulla_early","up","promoter",FALSE,1,-2.39087774170395,0.118640047017021,"GCM1"
"MA0647.1","GRHL1",0.00421658138154291,0,"medulla_early","up","promoter",FALSE,1,0.967802111767785,0.176191528060478,"GRHL1"
"MA0649.1","HEY2",-0.0810979027724592,0,"medulla_early","up","promoter",FALSE,1,-0.575724392510419,0.260000737419597,"HEY2"
"MA0131.2","HINFP",0.0248933486314895,0,"medulla_early","up","promoter",FALSE,1,-0.0352036210137197,0.920374044665355,"HINFP"
"MA0046.2","HNF1A",-0.124160627516812,0,"medulla_early","up","promoter",FALSE,1,-3.4941919434228,0.0752441288689795,"HNF1A"
"MA0153.2","HNF1B",-0.00937139050146474,0,"medulla_early","up","promoter",FALSE,1,-0.169388902221994,0.711653267999088,"HNF1B"
"MA0651.1","HOXC11",-0.0236531291523479,0,"medulla_early","up","promoter",FALSE,1,0.657732566855532,0.417818088388702,"HOXC11"
"MA0486.2","HSF1",-0.143279643496735,0,"medulla_early","up","promoter",FALSE,1,0.049475949593706,0.900123271083596,"HSF1"
"MA0653.1","IRF9",0.210787368101192,0,"medulla_early","up","promoter",FALSE,1,1.10057616102454,0.0538801276677179,"IRF9"
"MA0655.1","JDP2",0.0974643679080884,0,"medulla_early","up","promoter",FALSE,1,1.06661891407839,0.0671876671908609,"JDP2"
"MA0657.1","KLF13",-0.234728241453236,0,"medulla_early","up","promoter",FALSE,1,-0.00291473958090815,0.99516145579269,"KLF13"
"MA0660.1","MEF2B",-0.00566660620228676,0,"medulla_early","up","promoter",FALSE,1,-0.483300096440254,0.654141859809405,"MEF2B"
"MA0661.1","MEOX1",0.108444232946349,0,"medulla_early","up","promoter",FALSE,1,0.641598996092283,0.729906665526044,"MEOX1"
"MA0663.1","MLX",0.160774217948755,0,"medulla_early","up","promoter",FALSE,1,-0.045305214304185,0.886627030661515,"MLX"
"MA0664.1","MLXIPL",0.277833552484784,0,"medulla_early","up","promoter",FALSE,1,-3.29180772933465,0.0791697779134321,"MLXIPL"
"MA0665.1","MSC",-0.327771891987296,0,"medulla_early","up","promoter",FALSE,1,1.5770646914424,0.317074680424571,"MSC"
"MA0666.1","MSX1",0.322424373872602,0,"medulla_early","up","promoter",FALSE,1,0.366240599475117,0.533530991924705,"MSX1"
"MA0670.1","NFIA",-0.232430073734747,0,"medulla_early","up","promoter",FALSE,1,-0.226528027272291,0.598257680800778,"NFIA"
"MA0671.1","NFIX",-0.32965995176101,0,"medulla_early","up","promoter",FALSE,1,0.564594198114021,0.0736908808273432,"NFIX"
"MA0685.1","SP4",0.0123800524401112,0,"medulla_early","up","promoter",FALSE,1,0.243124962478401,0.694410488279258,"SP4"
"MA0688.1","TBX2",0.247369848502535,0,"medulla_early","up","promoter",FALSE,1,0.150023270292296,0.757548607212227,"TBX2"
"MA0690.1","TBX21",-0.0175962247409025,0,"medulla_early","up","promoter",FALSE,1,1.12069650160351,0.415023539986082,"TBX21"
"MA0691.1","TFAP4",0.179361476793313,0,"medulla_early","up","promoter",FALSE,1,-0.170761165905302,0.631474016558116,"TFAP4"
"MA0145.3","TFCP2",-0.787660296738201,0,"medulla_early","up","promoter",FALSE,1,-0.107443480670486,0.577992267057532,"TFCP2"
"MA0692.1","TFEB",0.194673960062587,0,"medulla_early","up","promoter",FALSE,1,0.328272024454406,0.227690645055759,"TFEB"
"MA0694.1","ZBTB7B",-0.141784982630654,0,"medulla_early","up","promoter",FALSE,1,-0.209024759708744,0.631708799839401,"ZBTB7B"
"MA0695.1","ZBTB7C",-0.0997781681231,0,"medulla_early","up","promoter",FALSE,1,0.781723467545024,0.166255330391503,"ZBTB7C"
"MA0698.1","ZBTB18",0.289838747559617,0,"medulla_early","up","promoter",FALSE,1,-0.327694892959125,0.360088014072592,"ZBTB18"
"MA0112.3","ESR1",-0.137627637917049,0,"medulla_early","up","promoter",FALSE,1,-0.754140224542913,0.131717332990373,"ESR1"
"MA0141.3","ESRRB",-0.349945908486576,0,"medulla_early","up","promoter",FALSE,1,-0.0320077363265767,0.982244692972162,"ESRRB"
"MA0017.2","NR2F1",-0.152738332070346,0,"medulla_early","up","promoter",FALSE,1,0.282382504432173,0.587548530176853,"NR2F1"
"MA0113.3","NR3C1",0.143491516132141,0,"medulla_early","up","promoter",FALSE,1,-0.499605012691847,0.122682160942737,"NR3C1"
"MA0727.1","NR3C2",0.0595264726745519,0,"medulla_early","up","promoter",FALSE,1,0.198865770780005,0.747317567379592,"NR3C2"
"MA0729.1","RARA",-0.0766289273256149,0,"medulla_early","up","promoter",FALSE,1,0.237473110317985,0.33777301629397,"RARA"
"MA0472.2","EGR2",-0.214538233686372,0,"medulla_early","up","promoter",FALSE,1,2.42834614690525,0.0736908808273432,"EGR2"
"MA0732.1","EGR3",0.0148060694162764,0,"medulla_early","up","promoter",FALSE,1,0.905435287832733,0.51732000265961,"EGR3"
"MA0735.1","GLIS1",0.0631735828228943,0,"medulla_early","up","promoter",FALSE,1,-1.30837385883829,0.187906004500892,"GLIS1"
"MA0736.1","GLIS2",-0.00731017222471397,0,"medulla_early","up","promoter",FALSE,1,-0.65891659436957,0.0581788116396234,"GLIS2"
"MA0737.1","GLIS3",-0.115931344647199,0,"medulla_early","up","promoter",FALSE,1,-0.196560407606767,0.736946059135664,"GLIS3"
"MA0738.1","HIC2",0.0253082767522859,0,"medulla_early","up","promoter",FALSE,1,0.155618142644939,0.767589809234284,"HIC2"
"MA0741.1","KLF16",-0.0232386877551907,0,"medulla_early","up","promoter",FALSE,1,0.269650237545363,0.461492183934434,"KLF16"
"MA0749.1","ZBED1",-0.051763453479353,0,"medulla_early","up","promoter",FALSE,1,0.401962085158185,0.103894485072747,"ZBED1"
"MA0088.2","ZNF143",0.0180249582507379,0,"medulla_early","up","promoter",FALSE,1,-0.0817517083150916,0.770338048345388,"ZNF143"
"MA0754.1","CUX1",-0.0981454477576844,0,"medulla_early","up","promoter",FALSE,1,-0.679274169005233,0.124562579245047,"CUX1"
"MA0759.1","ELK3",-0.0678474012255483,0,"medulla_early","up","promoter",FALSE,1,0.679141112159724,0.0516569808763003,"ELK3"
"MA0760.1","ERF",0.107543107282825,0,"medulla_early","up","promoter",FALSE,1,-0.369885960178769,0.322468223020106,"ERF"
"MA0474.2","ERG",0.100020982097264,0,"medulla_early","up","promoter",FALSE,1,0.875601981859466,0.119647840228973,"ERG"
"MA0098.3","ETS1",-0.0403436822675642,0,"medulla_early","up","promoter",FALSE,1,0.122252321544641,0.865950184910343,"ETS1"
"MA0762.1","ETV2",-0.0537068207697917,0,"medulla_early","up","promoter",FALSE,1,0.628729270749787,0.290106794199507,"ETV2"
"MA0763.1","ETV3",-0.284215195563004,0,"medulla_early","up","promoter",FALSE,1,0.228980334027496,0.509886030301196,"ETV3"
"MA0770.1","HSF2",0.187669489163708,0,"medulla_early","up","promoter",FALSE,1,-0.0643696560585907,0.840506447147468,"HSF2"
"MA0771.1","HSF4",0.117780794225785,0,"medulla_early","up","promoter",FALSE,1,0.815767005312291,0.124562579245047,"HSF4"
"MA0772.1","IRF7",0.337089865414673,0,"medulla_early","up","promoter",FALSE,1,0.786539281622198,0.288943154598854,"IRF7"
"MA0773.1","MEF2D",-0.084825902204976,0,"medulla_early","up","promoter",FALSE,1,0.344697022750822,0.118744066150201,"MEF2D"
"MA0498.2","MEIS1",-0.2527045762625,0,"medulla_early","up","promoter",FALSE,1,0.661464631896895,0.162801721447683,"MEIS1"
"MA0774.1","MEIS2",-0.217062320659158,0,"medulla_early","up","promoter",FALSE,1,0.266724544650988,0.530290571809906,"MEIS2"
"MA0775.1","MEIS3",-0.154280792327711,0,"medulla_early","up","promoter",FALSE,1,0.986756991640251,0.06604313776341,"MEIS3"
"MA0776.1","MYBL1",-0.0819611693157203,0,"medulla_early","up","promoter",FALSE,1,0.324079283176014,0.698270636999145,"MYBL1"
"MA0777.1","MYBL2",0.27491773503161,0,"medulla_early","up","promoter",FALSE,1,0.324522708701639,0.702831246653549,"MYBL2"
"MA0105.4","NFKB1",-0.126808466246787,0,"medulla_early","up","promoter",FALSE,1,0.358332487032487,0.227614527640085,"NFKB1"
"MA0778.1","NFKB2",0.17607385024897,0,"medulla_early","up","promoter",FALSE,1,0.504127215866936,0.109143448514621,"NFKB2"
"MA0783.1","PKNOX2",-0.161728448148817,0,"medulla_early","up","promoter",FALSE,1,-0.0510469240905236,0.938916864932661,"PKNOX2"
"MA0794.1","PROX1",-0.213140518110313,0,"medulla_early","up","promoter",FALSE,1,0.759951447180321,0.425011842612935,"PROX1"
"MA0600.2","RFX2",-0.252194826569737,0,"medulla_early","up","promoter",FALSE,1,0.668664767268385,0.0863441887288586,"RFX2"
"MA0795.1","SMAD3",-0.0345564692006501,0,"medulla_early","up","promoter",FALSE,1,0.196828471997327,0.6161189028885,"SMAD3"
"MA0797.1","TGIF2",-0.31703675103206,0,"medulla_early","up","promoter",FALSE,1,-0.124518765041029,0.726929376762138,"TGIF2"
"MA0510.2","RFX5",-0.339666280082944,0,"medulla_early","up","promoter",FALSE,1,0.484408369218253,0.0915827651074983,"RFX5"
"MA0511.2","RUNX2",0.0198309961214047,0,"medulla_early","up","promoter",FALSE,1,0.755105408746354,0.28969735297338,"RUNX2"
"MA0800.1","EOMES",-0.000655646095181872,0,"medulla_early","up","promoter",FALSE,1,1.17846458419444,0.430700787253069,"EOMES"
"MA0801.1","MGA",-0.0961517826578584,0,"medulla_early","up","promoter",FALSE,1,0.115454508123493,0.773408677112713,"MGA"
"MA0804.1","TBX19",-0.0514868445953645,0,"medulla_early","up","promoter",FALSE,1,0.0039616639510851,0.993385776435293,"TBX19"
"MA0805.1","TBX1",0.0324845130838156,0,"medulla_early","up","promoter",FALSE,1,1.07277825377375,0.229605965535677,"TBX1"
"MA0808.1","TEAD3",-0.103351862041728,0,"medulla_early","up","promoter",FALSE,1,0.429998560146028,0.0974468396039125,"TEAD3"
"MA0811.1","TFAP2B",-0.135693471596787,0,"medulla_early","up","promoter",FALSE,1,-0.103844649133968,0.878993502968564,"TFAP2B"
"MA0464.2","BHLHE40",0.0125894906013944,0,"medulla_early","up","promoter",FALSE,1,0.674547485650892,0.174874517287919,"BHLHE40"
"MA0823.1","HEY1",-0.00334191026428687,0,"medulla_early","up","promoter",FALSE,1,-0.152082639015041,0.86780393831646,"HEY1"
"MA0466.2","CEBPB",-0.0950924292354398,0,"medulla_early","up","promoter",FALSE,1,1.46263432073617,0.0492181571789625,"CEBPB"
"MA0838.1","CEBPG",0.0184397535913088,0,"medulla_early","up","promoter",FALSE,1,-0.011597868271787,0.974038165068298,"CEBPG"
"MA0839.1","CREB3L1",-0.285854507119712,0,"medulla_early","up","promoter",FALSE,1,1.22534668585265,0.103920804468515,"CREB3L1"
"MA0843.1","TEF",-0.169155760156879,0,"medulla_early","up","promoter",FALSE,1,-0.295841215052998,0.413931192517274,"TEF"
"MA0844.1","XBP1",-0.373509736408401,0,"medulla_early","up","promoter",FALSE,1,-0.037555362907062,0.935361721233266,"XBP1"
"MA0032.2","FOXC1",-0.252004224454705,0,"medulla_early","up","promoter",FALSE,1,0.595496919873019,0.174142327086812,"FOXC1"
"MA0846.1","FOXC2",-0.144873237183583,0,"medulla_early","up","promoter",FALSE,1,0.315696454017831,0.559713854565078,"FOXC2"
"MA0850.1","FOXP3",-0.00400827272257853,0,"medulla_early","up","promoter",FALSE,1,0.804584909325343,0.364936642049094,"FOXP3"
"MA0855.1","RXRB",-0.125090858930231,0,"medulla_early","up","promoter",FALSE,1,0.00713770504806721,0.974690547789849,"RXRB"
"MA0856.1","RXRG",-0.130356898454769,0,"medulla_early","up","promoter",FALSE,1,-1.92633319462346,0.173777595901941,"RXRG"
"MA0106.3","TP53",0.203883012842542,0,"medulla_early","up","promoter",FALSE,1,0.277198543157821,0.291460571276196,"TP53"
"MA0861.1","TP73",-0.411987847443533,0,"medulla_early","up","promoter",FALSE,1,-1.00156108890773,0.240158335275445,"TP73"
"MA0862.1","GMEB2",0.0182350587343407,0,"medulla_early","up","promoter",FALSE,1,0.353788071852497,0.17282654658279,"GMEB2"
"MA0863.1","MTF1",-0.160763199778296,0,"medulla_early","up","promoter",FALSE,1,-0.147932626511653,0.73722886023314,"MTF1"
"MA0024.3","E2F1",0.00162386229413869,0,"medulla_early","up","promoter",FALSE,1,-1.55631415781051,0.155603468655091,"E2F1"
"MA0028.2","ELK1",-0.155976084240892,0,"medulla_early","up","promoter",FALSE,1,0.282648827199531,0.134091008128395,"ELK1"
"MA0886.1","EMX2",0.32317724268823,0,"medulla_early","up","promoter",FALSE,1,0.272409323488209,0.367758222708498,"EMX2"
"MA0891.1","GSC2",-0.646448979316427,0,"medulla_early","up","promoter",FALSE,1,-3.59482865046134,0.0672971010070892,"GSC2"
"MA0895.1","HMBOX1",0.213575540818958,0,"medulla_early","up","promoter",FALSE,1,-0.546922559482415,0.266980988822546,"HMBOX1"
"MA0905.1","HOXC10",-0.101467775379422,0,"medulla_early","up","promoter",FALSE,1,0.157539312293275,0.698852454553097,"HOXC10"
"MA0908.1","HOXD11",0.170155310004676,0,"medulla_early","up","promoter",FALSE,1,0.444615669876819,0.422787751028675,"HOXD11"
"MA0852.2","FOXK1",0.122851788657576,0,"medulla_early","up","promoter",FALSE,1,-0.18726845918241,0.484124180621158,"FOXK1"
"MA0036.3","GATA2",0.147435974180532,0,"medulla_early","up","promoter",FALSE,1,1.06795824526672,0.121942278137661,"GATA2"
"MA0147.3","MYC",0.127819656758808,0,"medulla_early","up","promoter",FALSE,1,0.840782416698474,0.234985963307979,"MYC"
"MA0161.2","NFIC",-0.284930374447007,0,"medulla_early","up","promoter",FALSE,1,0.110585462196594,0.718758563012995,"NFIC"
"MA1110.1","NR1H4",0.0282400595408907,0,"medulla_early","up","promoter",FALSE,1,-2.5467066004487,0.0702346883737401,"NR1H4"
"MA1111.1","NR2F2",-0.487932550298154,0,"medulla_early","up","promoter",FALSE,1,0.0773628921649152,0.792190519734132,"NR2F2"
"MA0014.3","PAX5",0.111855272041976,0,"medulla_early","up","promoter",FALSE,1,2.02431599427039,0.0740140869339531,"PAX5"
"MA1114.1","PBX3",0.0645299337009844,0,"medulla_early","up","promoter",FALSE,1,-0.247335591487829,0.673412476956731,"PBX3"
"MA1116.1","RBPJ",-0.0835800346962277,0,"medulla_early","up","promoter",FALSE,1,0.194894553057767,0.461769190321632,"RBPJ"
"MA1117.1","RELB",-0.0901236691641021,0,"medulla_early","up","promoter",FALSE,1,1.06613486553326,0.0492181571789625,"RELB"
"MA1120.1","SOX13",-0.177859219713211,0,"medulla_early","up","promoter",FALSE,1,0.268946800473709,0.447142889561676,"SOX13"
"MA1121.1","TEAD2",-0.143148852762718,0,"medulla_early","up","promoter",FALSE,1,0.88299283078771,0.0963691648030841,"TEAD2"
"MA1122.1","TFDP1",-0.0297764679268919,0,"medulla_early","up","promoter",FALSE,1,0.0531149132118154,0.761992016311086,"TFDP1"
"MA0750.2","ZBTB7A",0.120134178569511,0,"medulla_early","up","promoter",FALSE,1,0.260842991996125,0.21998921030944,"ZBTB7A"
"MA0103.3","ZEB1",-0.0783543183593132,0,"medulla_early","up","promoter",FALSE,1,0.15228824620129,0.747667148499305,"ZEB1"
"MA1124.1","ZNF24",0.00290884171776007,0,"medulla_early","up","promoter",FALSE,1,-0.0945960387246441,0.74225122160849,"ZNF24"
"MA1125.1","ZNF384",0.147630901235339,0,"medulla_early","up","promoter",FALSE,1,-0.00246746851776258,0.991088652588159,"ZNF384"
"MA1154.1","ZNF282",0.101237095398111,0,"medulla_early","up","promoter",FALSE,1,-0.30172191549048,0.180813264625007,"ZNF282"
"MA0037.3","GATA3",0.13765230229298,0,"medulla_early","up","promoter",FALSE,1,1.24684229120587,0.153314943932154,"GATA3"
"MA1126.1","FOS::JUN(var.2)",0.12199091110184,0,"medulla_early","up","promoter",FALSE,1,0.790444411147782,0.495819179428345,"FOS"
"MA1127.1","FOSB::JUN",0.252993822768556,0,"medulla_early","up","promoter",FALSE,1,0.942247474099412,0.43993982201804,"FOSB"
"MA1128.1","FOSL1::JUN",0.245294817927689,0,"medulla_early","up","promoter",FALSE,1,1.99314244351486,0.0834337048981768,"FOSL1"
"MA1129.1","FOSL1::JUN(var.2)",0.15757307080018,0,"medulla_early","up","promoter",FALSE,1,1.99314244351486,0.0834337048981768,"FOSL1"
"MA1130.1","FOSL2::JUN",0.204911218714256,0,"medulla_early","up","promoter",FALSE,1,1.08455929293645,0.0618584746703685,"FOSL2"
"MA1131.1","FOSL2::JUN(var.2)",0.224416806373454,0,"medulla_early","up","promoter",FALSE,1,1.08455929293645,0.0618584746703685,"FOSL2"
"MA1132.1","JUN::JUNB",0.201205081360044,0,"medulla_early","up","promoter",FALSE,1,1.4087399624279,0.110679890761521,"JUNB"
"MA1133.1","JUN::JUNB(var.2)",0.116694015701119,0,"medulla_early","up","promoter",FALSE,1,0.25851843413685,0.588249029107439,"JUN"
"MA1136.1","FOSB::JUNB(var.2)",-0.0395416490226581,0,"medulla_early","up","promoter",FALSE,1,0.942247474099412,0.43993982201804,"FOSB"
"MA1137.1","FOSL1::JUNB",0.279510095960653,0,"medulla_early","up","promoter",FALSE,1,1.99314244351486,0.0834337048981768,"FOSL1"
"MA1139.1","FOSL2::JUNB(var.2)",0.302140596918846,0,"medulla_early","up","promoter",FALSE,1,1.08455929293645,0.0618584746703685,"FOSL2"
"MA1141.1","FOS::JUND",0.11682814433385,0,"medulla_early","up","promoter",FALSE,1,0.790444411147782,0.495819179428345,"FOS"
"MA1142.1","FOSL1::JUND",0.149257656655172,0,"medulla_early","up","promoter",FALSE,1,1.99314244351486,0.0834337048981768,"FOSL1"
"MA1143.1","FOSL1::JUND(var.2)",0.162310473545255,0,"medulla_early","up","promoter",FALSE,1,1.99314244351486,0.0834337048981768,"FOSL1"
"MA1145.1","FOSL2::JUND(var.2)",-0.0030080983508638,0,"medulla_early","up","promoter",FALSE,1,1.08455929293645,0.0618584746703685,"FOSL2"
"MA1148.1","PPARA::RXRA",-0.264144398178256,0,"medulla_early","up","promoter",FALSE,1,-2.07757561779699,0.0553805652947001,"PPARA"
"MA1151.1","RORC",0.220443474760622,0,"medulla_early","up","promoter",FALSE,1,-1.40286978275786,0.0553805652947001,"RORC"
"MA1152.1","SOX15",-0.0996804604718475,0,"medulla_early","up","promoter",FALSE,1,0.861093848435316,0.287192601031246,"SOX15"
"MA0831.2","TFE3",0.0594788172911569,0,"medulla_early","up","promoter",FALSE,1,0.141392460365029,0.507679145358249,"TFE3"
"MA1419.1","IRF4",0.0951985073908146,0,"medulla_early","up","promoter",FALSE,1,-0.320259409710066,0.832412432586757,"IRF4"
"MA1420.1","IRF5",-0.109736794570822,0,"medulla_early","up","promoter",FALSE,1,0.993460734600478,0.14302514397524,"IRF5"
"MA1421.1","TCF7L1",0.148983833445761,0,"medulla_early","up","promoter",FALSE,1,0.296851189156293,0.367502890055435,"TCF7L1"
"MA1464.1","ARNT2",0.20625387258085,0,"medulla_early","up","promoter",FALSE,1,0.178622021624861,0.717302137818283,"ARNT2"
"MA1466.1","ATF6",-0.394273451587633,0,"medulla_early","up","promoter",FALSE,1,-0.181235727294784,0.550407262353558,"ATF6"
"MA1101.2","BACH2",0.0408531969939281,0,"medulla_early","up","promoter",FALSE,1,0.530099820963314,0.390748865276916,"BACH2"
"MA1474.1","CREB3L4",-0.341353421826404,0,"medulla_early","up","promoter",FALSE,1,0.849065643780523,0.0745841630908663,"CREB3L4"
"MA1483.1","ELF2",-0.109528504184391,0,"medulla_early","up","promoter",FALSE,1,0.0976861943240204,0.761832987752703,"ELF2"
"MA1484.1","ETS2",0.203954912097434,0,"medulla_early","up","promoter",FALSE,1,0.647618011384727,0.135488088859171,"ETS2"
"MA1489.1","FOXN3",-0.294851649327157,0,"medulla_early","up","promoter",FALSE,1,0.157175228031443,0.684836214516321,"FOXN3"
"MA1491.1","GLI3",-0.210397012670864,0,"medulla_early","up","promoter",FALSE,1,0.420827102716735,0.408586637681698,"GLI3"
"MA1493.1","HES6",0.117748402697928,0,"medulla_early","up","promoter",FALSE,1,0.0799962447876665,0.845897533595474,"HES6"
"MA1496.1","HOXA4",0.150430630844915,0,"medulla_early","up","promoter",FALSE,1,0.495769695027236,0.174640439731305,"HOXA4"
"MA1497.1","HOXA6",-0.0141247283663453,0,"medulla_early","up","promoter",FALSE,1,0.210046161816803,0.780598254038136,"HOXA6"
"MA1498.1","HOXA7",-0.483628803791408,0,"medulla_early","up","promoter",FALSE,1,-0.272879592585723,0.410626761044215,"HOXA7"
"MA1499.1","HOXB4",0.024606356927416,0,"medulla_early","up","promoter",FALSE,1,0.885981435652577,0.15111836167839,"HOXB4"
"MA1500.1","HOXB6",-0.461606331781178,0,"medulla_early","up","promoter",FALSE,1,0.880092305550794,0.149413767494403,"HOXB6"
"MA1501.1","HOXB7",-0.138869736291849,0,"medulla_early","up","promoter",FALSE,1,0.72394818325564,0.153093802667215,"HOXB7"
"MA1502.1","HOXB8",-0.218094589811936,0,"medulla_early","up","promoter",FALSE,1,1.39813153533931,0.0944278453286056,"HOXB8"
"MA1503.1","HOXB9",-0.218449121854141,0,"medulla_early","up","promoter",FALSE,1,1.62859042584854,0.0792795741625213,"HOXB9"
"MA1505.1","HOXC8",-0.0611506123954246,0,"medulla_early","up","promoter",FALSE,1,0.263965553315281,0.586663564365419,"HOXC8"
"MA1506.1","HOXD10",0.0554804579126702,0,"medulla_early","up","promoter",FALSE,1,0.190949582551638,0.669177750340737,"HOXD10"
"MA1508.1","IKZF1",0.0709134543349688,0,"medulla_early","up","promoter",FALSE,1,0.898286957646403,0.337113639531263,"IKZF1"
"MA1509.1","IRF6",0.0855889825245093,0,"medulla_early","up","promoter",FALSE,1,-0.38661834193706,0.266869981848371,"IRF6"
"MA1511.1","KLF10",-0.00738526087364111,0,"medulla_early","up","promoter",FALSE,1,1.12854911939724,0.0850325727471949,"KLF10"
"MA1512.1","KLF11",-0.138083555905115,0,"medulla_early","up","promoter",FALSE,1,0.476311520645546,0.424029813339626,"KLF11"
"MA1513.1","KLF15",0.039445419061936,0,"medulla_early","up","promoter",FALSE,1,-1.49302727518045,0.117121896380175,"KLF15"
"MA1515.1","KLF2",-0.0503554081526527,0,"medulla_early","up","promoter",FALSE,1,1.17072698489711,0.0492181571789625,"KLF2"
"MA1516.1","KLF3",0.060908241080706,0,"medulla_early","up","promoter",FALSE,1,0.185551529066375,0.67411254469576,"KLF3"
"MA1517.1","KLF6",-0.189834540613268,0,"medulla_early","up","promoter",FALSE,1,0.484351339991714,0.258737060423303,"KLF6"
"MA1518.1","LHX1",-0.05817977554468,0,"medulla_early","up","promoter",FALSE,1,0.799750366275341,0.347677684451864,"LHX1"
"MA1520.1","MAF",-0.283411620598447,0,"medulla_early","up","promoter",FALSE,1,-0.82789645632328,0.147136755264912,"MAF"
"MA1522.1","MAZ",0.0504145790527168,0,"medulla_early","up","promoter",FALSE,1,-0.0958296142094124,0.747251262944041,"MAZ"
"MA1525.1","NFATC4",0.191352733910189,0,"medulla_early","up","promoter",FALSE,1,0.629049823424627,0.184756985739429,"NFATC4"
"MA1531.1","NR1D1",0.126726308272961,0,"medulla_early","up","promoter",FALSE,1,-0.513315568569279,0.302709916052239,"NR1D1"
"MA1532.1","NR1D2",0.182187349659695,0,"medulla_early","up","promoter",FALSE,1,-0.363144641708264,0.491782414825179,"NR1D2"
"MA1534.1","NR1I3",0.0085690170572903,0,"medulla_early","up","promoter",FALSE,1,-4.90358972781777,0.0658946979272671,"NR1I3"
"MA1535.1","NR2C1",-0.0976560937439919,0,"medulla_early","up","promoter",FALSE,1,0.05367508237393,0.914520893121088,"NR2C1"
"MA1541.1","NR6A1",-0.38485129151278,0,"medulla_early","up","promoter",FALSE,1,0.130870702750765,0.710272688724595,"NR6A1"
"MA1544.1","OVOL1",-0.232661843399806,0,"medulla_early","up","promoter",FALSE,1,-0.0315645819091044,0.964549166639799,"OVOL1"
"MA1545.1","OVOL2",-0.295199564042149,0,"medulla_early","up","promoter",FALSE,1,-1.48704614110616,0.0608548530223647,"OVOL2"
"MA1547.1","PITX2",-0.454726470011393,0,"medulla_early","up","promoter",FALSE,1,-2.10144736674768,0.0637678535424862,"PITX2"
"MA1548.1","PLAGL2",0.0386268032079595,0,"medulla_early","up","promoter",FALSE,1,-0.0427429810348618,0.92453845969006,"PLAGL2"
"MA1550.1","PPARD",-0.517048098503703,0,"medulla_early","up","promoter",FALSE,1,0.891892322611441,0.0492181571789625,"PPARD"
"MA1554.1","RFX7",0.0219418380956435,0,"medulla_early","up","promoter",FALSE,1,-0.271942060787191,0.764607945021969,"RFX7"
"MA1558.1","SNAI1",-0.0921664115934728,0,"medulla_early","up","promoter",FALSE,1,0.81959282012999,0.15362511420621,"SNAI1"
"MA1561.1","SOX12",0.00857105235154698,0,"medulla_early","up","promoter",FALSE,1,-0.0523250419755064,0.920374044665355,"SOX12"
"MA1563.1","SOX18",-0.72215048225836,0,"medulla_early","up","promoter",FALSE,1,0.490845659420011,0.296037875641508,"SOX18"
"MA1566.1","TBX3",0.104484482765738,0,"medulla_early","up","promoter",FALSE,1,1.52368608824319,0.0832738379815991,"TBX3"
"MA1567.1","TBX6",0.0457341070260409,0,"medulla_early","up","promoter",FALSE,1,-0.135759766743078,0.850143589044472,"TBX6"
"MA1573.1","THAP11",0.0109423086128193,0,"medulla_early","up","promoter",FALSE,1,-0.0164096684038499,0.968977526882527,"THAP11"
"MA1574.1","THRB",-0.134737649000026,0,"medulla_early","up","promoter",FALSE,1,-0.839934183983885,0.0493089608207352,"THRB"
"MA1579.1","ZBTB26",0.0183114079722673,0,"medulla_early","up","promoter",FALSE,1,-0.0484390005078721,0.936082817778804,"ZBTB26"
"MA1581.1","ZBTB6",0.0837330208696452,0,"medulla_early","up","promoter",FALSE,1,-0.361137112953845,0.625151330776602,"ZBTB6"
"MA1583.1","ZFP57",-0.200490794721307,0,"medulla_early","up","promoter",FALSE,1,0.139330944009233,0.562477562308107,"ZFP57"
"MA1585.1","ZKSCAN1",-0.0635993450455485,0,"medulla_early","up","promoter",FALSE,1,-0.268958325939968,0.310786095392853,"ZKSCAN1"
"MA1589.1","ZNF140",0.0836150254816705,0,"medulla_early","up","promoter",FALSE,1,0.00868613362562964,0.988542582908716,"ZNF140"
"MA1592.1","ZNF274",-0.176898515805285,0,"medulla_early","up","promoter",FALSE,1,0.38620323622967,0.18285194566605,"ZNF274"
"MA1593.1","ZNF317",0.249712953345848,0,"medulla_early","up","promoter",FALSE,1,0.129523139860242,0.662654974022624,"ZNF317"
"MA1594.1","ZNF382",0.169925001442312,0,"medulla_early","up","promoter",FALSE,1,-0.474527871278598,0.316727206573792,"ZNF382"
"MA1600.1","ZNF684",0.146592857139915,0,"medulla_early","up","promoter",FALSE,1,-0.168546705403499,0.725166131620865,"ZNF684"
"MA1601.1","ZNF75D",-0.195751524476093,0,"medulla_early","up","promoter",FALSE,1,-0.200601746456184,0.248460709907167,"ZNF75D"
"MA1602.1","ZSCAN29",-0.335800197500623,0,"medulla_early","up","promoter",FALSE,1,-0.197171120935619,0.657269485058646,"ZSCAN29"
"MA0605.2","ATF3",-0.0126108936509866,0,"medulla_early","up","promoter",FALSE,1,1.35785809494138,0.0916266417248995,"ATF3"
"MA0463.2","BCL6",-0.112215235086571,0,"medulla_early","up","promoter",FALSE,1,0.280517860039863,0.446505194271569,"BCL6"
"MA0864.2","E2F2",-0.197076588249751,0,"medulla_early","up","promoter",FALSE,1,-0.123860062846695,0.931181324066667,"E2F2"
"MA0469.3","E2F3",0.0576686211240962,0,"medulla_early","up","promoter",FALSE,1,-1.16985375144796,0.164158832744677,"E2F3"
"MA0470.2","E2F4",-0.302807711762731,0,"medulla_early","up","promoter",FALSE,1,0.301248728903738,0.178893459927132,"E2F4"
"MA0847.2","FOXD2",-0.290843585848273,0,"medulla_early","up","promoter",FALSE,1,-1.65752812201017,0.0842898766585046,"FOXD2"
"MA0766.2","GATA5",0.251080421581058,0,"medulla_early","up","promoter",FALSE,1,-0.785689225094325,0.212489424946824,"GATA5"
"MA0734.2","GLI2",-0.260341660854124,0,"medulla_early","up","promoter",FALSE,1,0.759269677713782,0.171262734067996,"GLI2"
"MA1099.2","HES1",0.00700854147828789,0,"medulla_early","up","promoter",FALSE,1,1.01074502004133,0.0609514084546705,"HES1"
"MA0900.2","HOXA2",0.330969230795182,0,"medulla_early","up","promoter",FALSE,1,0.837613405220707,0.154134101045651,"HOXA2"
"MA0158.2","HOXA5",-0.117765813846623,0,"medulla_early","up","promoter",FALSE,1,0.471503276270981,0.150095664944483,"HOXA5"
"MA0594.2","HOXA9",-0.0559896729483711,0,"medulla_early","up","promoter",FALSE,1,-0.374756110264792,0.202624239501647,"HOXA9"
"MA0902.2","HOXB2",0.0965747906721122,0,"medulla_early","up","promoter",FALSE,1,1.18195155391374,0.107278423978181,"HOXB2"
"MA0904.2","HOXB5",0.00149700871536229,0,"medulla_early","up","promoter",FALSE,1,0.853553809598613,0.157124880881629,"HOXB5"
"MA0485.2","HOXC9",-0.127944369849102,0,"medulla_early","up","promoter",FALSE,1,0.208948432848126,0.537744862576777,"HOXC9"
"MA0910.2","HOXD8",-0.0635258314495397,0,"medulla_early","up","promoter",FALSE,1,0.06076443969084,0.896442211160504,"HOXD8"
"MA0913.2","HOXD9",0.316861777243173,0,"medulla_early","up","promoter",FALSE,1,0.344924367183701,0.399224265377298,"HOXD9"
"MA0703.2","LMX1B",0.398684258137373,0,"medulla_early","up","promoter",FALSE,1,-3.77992993111808,0.0901544811220524,"LMX1B"
"MA0842.2","NRL",-0.351311110277817,0,"medulla_early","up","promoter",FALSE,1,-0.508515726317723,0.238721818287497,"NRL"
"MA0867.2","SOX4",0.0111026870274591,0,"medulla_early","up","promoter",FALSE,1,0.631680146267919,0.195720062516252,"SOX4"
"MA0079.4","SP1",-0.112988669825478,0,"medulla_early","up","promoter",FALSE,1,-0.137530648943236,0.821174739945068,"SP1"
"MA0516.2","SP2",-0.138282976852256,0,"medulla_early","up","promoter",FALSE,1,0.342212266048479,0.112305557737171,"SP2"
"MA0746.2","SP3",-0.0567170049460399,0,"medulla_early","up","promoter",FALSE,1,0.0059421778446227,0.99073376411167,"SP3"
"MA0632.2","TCFL5",0.0962883940415615,0,"medulla_early","up","promoter",FALSE,1,-0.125984535075871,0.641277270968521,"TCFL5"
"MA0871.2","TFEC",0.223942203294922,0,"medulla_early","up","promoter",FALSE,1,-2.10892727520893,0.077937476246155,"TFEC"
"MA0753.2","ZNF740",-0.11462079397544,0,"medulla_early","up","promoter",FALSE,1,0.0711001810614098,0.677884009805371,"ZNF740"
"MA1632.1","ATF2",-0.345413142650021,0,"medulla_early","up","promoter",FALSE,1,-0.218878644399152,0.560809061434973,"ATF2"
"MA1633.1","BACH1",-0.0709885638042547,0,"medulla_early","up","promoter",FALSE,1,0.245167934407919,0.678642741180705,"BACH1"
"MA1637.1","EBF3",-0.274629122716264,0,"medulla_early","up","promoter",FALSE,1,0.811550634572563,0.285610513960871,"EBF3"
"MA1646.1","OSR2",0.0756829734248381,0,"medulla_early","up","promoter",FALSE,1,1.06532246041255,0.178760150603818,"OSR2"
"MA1647.1","PRDM4",0.0180637389798761,0,"medulla_early","up","promoter",FALSE,1,0.217812095886533,0.302222416185763,"PRDM4"
"MA1649.1","ZBTB12",-0.19835609954398,0,"medulla_early","up","promoter",FALSE,1,0.0661264192595086,0.914745875678653,"ZBTB12"
"MA1650.1","ZBTB14",0.0361176929465525,0,"medulla_early","up","promoter",FALSE,1,-0.14797160568025,0.595789182966952,"ZBTB14"
"MA1651.1","ZFP42",-0.438034564294329,0,"medulla_early","up","promoter",FALSE,1,1.4049632968339,0.0908580901674158,"ZFP42"
"MA1652.1","ZKSCAN5",-0.194835999325862,0,"medulla_early","up","promoter",FALSE,1,0.172677139383119,0.537744862576777,"ZKSCAN5"
"MA1653.1","ZNF148",0.00576038766709885,0,"medulla_early","up","promoter",FALSE,1,-0.163540537254645,0.614516383449939,"ZNF148"
"MA1654.1","ZNF16",-0.0132506527602452,0,"medulla_early","up","promoter",FALSE,1,0.358892154672663,0.108598298396234,"ZNF16"
"MA1655.1","ZNF341",0.0331359373608482,0,"medulla_early","up","promoter",FALSE,1,-0.0842169612582779,0.812490975545782,"ZNF341"
"MA1656.1","ZNF449",0.0842704544248578,0,"medulla_early","up","promoter",FALSE,1,0.209226312368565,0.622294120606598,"ZNF449"
"MA1657.1","ZNF652",-0.0283041799490609,0,"medulla_early","up","promoter",FALSE,1,-0.459728421087832,0.344625947814912,"ZNF652"
"MA1683.1","FOXA3",0.238892537316707,0,"medulla_early","up","promoter",FALSE,1,2.63328875361704,0.122337589758941,"FOXA3"
"MA0833.2","ATF4",-0.0942201501737574,0,"medulla_early","up","promoter",FALSE,1,0.47134174023383,0.153314943932154,"ATF4"
"MA0102.4","CEBPA",0.135025508994222,0,"medulla_early","up","promoter",FALSE,1,-0.750693487416026,0.213010947113534,"CEBPA"
"MA0836.2","CEBPD",0.140170868529205,0,"medulla_early","up","promoter",FALSE,1,1.454422789141,0.06604313776341,"CEBPD"
"MA0018.4","CREB1",-0.118773326820916,0,"medulla_early","up","promoter",FALSE,1,0.0489183839653187,0.89378345624792,"CREB1"
"MA0471.2","E2F6",-0.02430717569964,0,"medulla_early","up","promoter",FALSE,1,0.092236149129326,0.735101504111633,"E2F6"
"MA0154.4","EBF1",-0.384870720656017,0,"medulla_early","up","promoter",FALSE,1,0.0221742268692431,0.950443332936093,"EBF1"
"MA0162.4","EGR1",-0.000848579079441691,0,"medulla_early","up","promoter",FALSE,1,1.20612237390305,0.310124947087848,"EGR1"
"MA0598.3","EHF",0.223998420036933,0,"medulla_early","up","promoter",FALSE,1,0.962007345090133,0.232418019910113,"EHF"
"MA0473.3","ELF1",0.148780115643582,0,"medulla_early","up","promoter",FALSE,1,0.19418631381297,0.588249029107439,"ELF1"
"MA0640.2","ELF3",0.151970883988851,0,"medulla_early","up","promoter",FALSE,1,1.39397772651261,0.06604313776341,"ELF3"
"MA0592.3","ESRRA",-0.343668425389057,0,"medulla_early","up","promoter",FALSE,1,-0.589542731640699,0.155741415377636,"ESRRA"
"MA0765.2","ETV5",0.0661936184095859,0,"medulla_early","up","promoter",FALSE,1,-1.46602920869963,0.0672971010070892,"ETV5"
"MA0477.2","FOSL1",0.285033800186792,0,"medulla_early","up","promoter",FALSE,1,1.99314244351486,0.0834337048981768,"FOSL1"
"MA1103.2","FOXK2",-0.0136550826916348,0,"medulla_early","up","promoter",FALSE,1,-0.447632773770378,0.0878476068286651,"FOXK2"
"MA0481.3","FOXP1",0.21408537400301,0,"medulla_early","up","promoter",FALSE,1,0.212742459812227,0.446926516035402,"FOXP1"
"MA1104.2","GATA6",0.306183706889231,0,"medulla_early","up","promoter",FALSE,1,0.645828380756313,0.206754904684928,"GATA6"
"MA1105.2","GRHL2",-0.0711719070998358,0,"medulla_early","up","promoter",FALSE,1,0.847022715254837,0.104252829176874,"GRHL2"
"MA0043.3","HLF",-0.134504564035827,0,"medulla_early","up","promoter",FALSE,1,-0.604757118734295,0.163746211181165,"HLF"
"MA0114.4","HNF4A",0.0369056555499352,0,"medulla_early","up","promoter",FALSE,1,-3.75826701797676,0.103850085880759,"HNF4A"
"MA0484.2","HNF4G",-0.0656350291699486,0,"medulla_early","up","promoter",FALSE,1,-2.88270133087316,0.0660196082957075,"HNF4G"
"MA0490.2","JUNB",0.224961682428243,0,"medulla_early","up","promoter",FALSE,1,1.4087399624279,0.110679890761521,"JUNB"
"MA0491.2","JUND",0.361916677011856,0,"medulla_early","up","promoter",FALSE,1,0.187699156397174,0.685974858607979,"JUND"
"MA0039.4","KLF4",-0.0683044641496444,0,"medulla_early","up","promoter",FALSE,1,0.969127362297055,0.0875480384843572,"KLF4"
"MA1107.2","KLF9",-0.180978257982647,0,"medulla_early","up","promoter",FALSE,1,-0.443019729948276,0.66978651208401,"KLF9"
"MA0495.3","MAFF",-0.0365377795094468,0,"medulla_early","up","promoter",FALSE,1,1.52535659330182,0.0668960896156621,"MAFF"
"MA0659.2","MAFG",0.00431350962914578,0,"medulla_early","up","promoter",FALSE,1,-0.00138173488101945,0.996703543959395,"MAFG"
"MA0496.3","MAFK",-0.460165839298914,0,"medulla_early","up","promoter",FALSE,1,0.0931644558976767,0.812369843003484,"MAFK"
"MA0620.3","MITF",-0.390781224597591,0,"medulla_early","up","promoter",FALSE,1,-0.266035813894056,0.414822224854763,"MITF"
"MA1108.2","MXI1",0.0449631062899227,0,"medulla_early","up","promoter",FALSE,1,-0.876309316145971,0.0770476661946693,"MXI1"
"MA0056.2","MZF1",0.153010164829872,0,"medulla_early","up","promoter",FALSE,1,0.234397851002226,0.289935430825961,"MZF1"
"MA0089.2","NFE2L1",-0.540483292567772,0,"medulla_early","up","promoter",FALSE,1,0.250576209871364,0.291460571276196,"NFE2L1"
"MA0025.2","NFIL3",-0.11831917188739,0,"medulla_early","up","promoter",FALSE,1,0.745980541597738,0.122501804370263,"NFIL3"
"MA0502.2","NFYB",0.205211803610868,0,"medulla_early","up","promoter",FALSE,1,0.224248324784698,0.332944855673808,"NFYB"
"MA1112.2","NR4A1",-0.0800948266511572,0,"medulla_early","up","promoter",FALSE,1,0.584862578948409,0.66978651208401,"NR4A1"
"MA0679.2","ONECUT1",0.0373758313978514,0,"medulla_early","up","promoter",FALSE,1,-3.39878981480351,0.117836266285429,"ONECUT1"
"MA1113.2","PBX2",0.177855738167186,0,"medulla_early","up","promoter",FALSE,1,0.168210555534477,0.431059780126037,"PBX2"
"MA0508.3","PRDM1",-0.164189389157703,0,"medulla_early","up","promoter",FALSE,1,0.499682259790166,0.568062588577106,"PRDM1"
"MA0509.2","RFX1",-0.286769016572688,0,"medulla_early","up","promoter",FALSE,1,0.181643986679529,0.551825447303425,"RFX1"
"MA0798.2","RFX3",-0.302455713765051,0,"medulla_early","up","promoter",FALSE,1,-0.0695280347034934,0.905418228153621,"RFX3"
"MA0684.2","RUNX3",0.217470151346012,0,"medulla_early","up","promoter",FALSE,1,1.1763613565025,0.213894900158756,"RUNX3"
"MA0745.2","SNAI2",-0.175397484381747,0,"medulla_early","up","promoter",FALSE,1,1.10385608658876,0.0503095719599114,"SNAI2"
"MA0080.5","SPI1",0.115860147766931,0,"medulla_early","up","promoter",FALSE,1,1.56811813326846,0.13417380810982,"SPI1"
"MA0522.3","TCF3",-0.0773056582881413,0,"medulla_early","up","promoter",FALSE,1,0.466528757923918,0.109143448514621,"TCF3"
"MA0830.2","TCF4",-0.0337579087597168,0,"medulla_early","up","promoter",FALSE,1,0.393146960839339,0.406470064965393,"TCF4"
"MA0769.2","TCF7",0.217234544681014,0,"medulla_early","up","promoter",FALSE,1,0.546792028975311,0.314754359974694,"TCF7"
"MA0090.3","TEAD1",-0.124787753927275,0,"medulla_early","up","promoter",FALSE,1,0.177381570686959,0.795003735824565,"TEAD1"
"MA0809.2","TEAD4",-0.311067898739146,0,"medulla_early","up","promoter",FALSE,1,0.756875322572355,0.071132448064588,"TEAD4"
"MA0003.4","TFAP2A",-0.0666368563791435,0,"medulla_early","up","promoter",FALSE,1,1.12951183829806,0.140698726798868,"TFAP2A"
"MA1123.2","TWIST1",0.162573727093934,0,"medulla_early","up","promoter",FALSE,1,-1.55077067839058,0.0791786138811142,"TWIST1"
"MA0093.3","USF1",0.19892997654985,0,"medulla_early","up","promoter",FALSE,1,0.607629080710937,0.169727927955546,"USF1"
"MA0526.3","USF2",0.120393062771816,0,"medulla_early","up","promoter",FALSE,1,-0.0663723136822663,0.854801657673229,"USF2"
"MA0528.2","ZNF263",-0.0264680107491717,0,"medulla_early","up","promoter",FALSE,1,0.255528989001911,0.208757420908938,"ZNF263"
"MA0609.2","CREM",0.0593923707734354,0,"medulla_early","up","promoter",FALSE,1,0.785524708417041,0.107275306419822,"CREM"
"MA0083.3","SRF",NA,NA,"medulla_early","up","promoter",FALSE,NA,0.571765007633593,0.0658507918159552,"SRF"
"MA0731.1","BCL6B",NA,NA,"medulla_early","up","promoter",FALSE,NA,0.762210553381182,0.0726039000077938,"BCL6B"
"MA0796.1","TGIF1",NA,NA,"medulla_early","up","promoter",FALSE,NA,0.750880565173492,0.116892441380672,"TGIF1"
"MA0037.3","GATA3",0.380336843850758,0.170176428473094,"medulla_early","up","enhancer",FALSE,0.675808378161352,1.24684229120587,0.153314943932154,"GATA3"
"MA0596.1","SREBF2",0.328020171671009,0.161487164004856,"medulla_early","up","enhancer",FALSE,0.689465970706067,-0.285261787057085,0.621044028311948,"SREBF2"
"MA0510.2","RFX5",0.673353153240312,0.161487164004856,"medulla_early","up","enhancer",FALSE,0.689465970706067,0.484408369218253,0.0915827651074983,"RFX5"
"MA0766.2","GATA5",0.403462676745819,0.161487164004856,"medulla_early","up","enhancer",FALSE,0.689465970706067,-0.785689225094325,0.212489424946824,"GATA5"
"MA0595.1","SREBF1",0.287406767808504,0.074557815123318,"medulla_early","up","enhancer",FALSE,0.842252259781947,-0.394358063631408,0.478982400806204,"SREBF1"
"MA1563.1","SOX18",0.467281237999373,0.0582224537543016,"medulla_early","up","enhancer",FALSE,0.874535706941123,0.490845659420011,0.296037875641508,"SOX18"
"MA0795.1","SMAD3",0.536940720451416,0.0511630440059383,"medulla_early","up","enhancer",FALSE,0.888867354230736,0.196828471997327,0.6161189028885,"SMAD3"
"MA1474.1","CREB3L4",0.347753911602201,0.0511630440059383,"medulla_early","up","enhancer",FALSE,0.888867354230736,0.849065643780523,0.0745841630908663,"CREB3L4"
"MA0074.1","RXRA::VDR",0.406546640190173,0.0419371577819805,"medulla_early","up","enhancer",FALSE,0.907951900908812,-1.09932889011824,0.372016550714213,"VDR"
"MA0646.1","GCM1",0.311995104082351,0.0419371577819805,"medulla_early","up","enhancer",FALSE,0.907951900908812,-2.39087774170395,0.118640047017021,"GCM1"
"MA0671.1","NFIX",0.24061049538493,0.0419371577819805,"medulla_early","up","enhancer",FALSE,0.907951900908812,0.564594198114021,0.0736908808273432,"NFIX"
"MA0738.1","HIC2",0.195323533144386,0.0419371577819805,"medulla_early","up","enhancer",FALSE,0.907951900908812,0.155618142644939,0.767589809234284,"HIC2"
"MA0794.1","PROX1",0.488091708636879,0.0419371577819805,"medulla_early","up","enhancer",FALSE,0.907951900908812,0.759951447180321,0.425011842612935,"PROX1"
"MA0466.2","CEBPB",0.479513756481899,0.0419371577819805,"medulla_early","up","enhancer",FALSE,0.907951900908812,1.46263432073617,0.0492181571789625,"CEBPB"
"MA0516.2","SP2",0.212061984833734,0.0419371577819805,"medulla_early","up","enhancer",FALSE,0.907951900908812,0.342212266048479,0.112305557737171,"SP2"
"MA0653.1","IRF9",0.45597931021718,0.0415908132906185,"medulla_early","up","enhancer",FALSE,0.908676270147623,1.10057616102454,0.0538801276677179,"IRF9"
"MA0798.2","RFX3",0.314209153657056,0.0415908132906185,"medulla_early","up","enhancer",FALSE,0.908676270147623,-0.0695280347034934,0.905418228153621,"RFX3"
"MA0073.1","RREB1",0.158577647776643,0.0306785661059976,"medulla_early","up","enhancer",FALSE,0.931797270397779,-0.232197035188481,0.618080744818636,"RREB1"
"MA0163.1","PLAG1",0.14368415387835,0.0306785661059976,"medulla_early","up","enhancer",FALSE,0.931797270397779,0.482897442141747,0.518320027008768,"PLAG1"
"MA0597.1","THAP1",0.214042855885411,0.0306785661059976,"medulla_early","up","enhancer",FALSE,0.931797270397779,-0.174647403581858,0.542521541921057,"THAP1"
"MA0647.1","GRHL1",0.347885701258599,0.0306785661059976,"medulla_early","up","enhancer",FALSE,0.931797270397779,0.967802111767785,0.176191528060478,"GRHL1"
"MA0060.3","NFYA",0.297383997957807,0.0306785661059976,"medulla_early","up","enhancer",FALSE,0.931797270397779,0.117003503198894,0.779532084746545,"NFYA"
"MA1143.1","FOSL1::JUND(var.2)",0.32383293393061,0.0306785661059976,"medulla_early","up","enhancer",FALSE,0.931797270397779,1.99314244351486,0.0834337048981768,"FOSL1"
"MA1101.2","BACH2",0.460472326939531,0.0306785661059976,"medulla_early","up","enhancer",FALSE,0.931797270397779,0.530099820963314,0.390748865276916,"BACH2"
"MA1511.1","KLF10",0.140389415858072,0.0306785661059976,"medulla_early","up","enhancer",FALSE,0.931797270397779,1.12854911939724,0.0850325727471949,"KLF10"
"MA1515.1","KLF2",0.0992780961102628,0.0306785661059976,"medulla_early","up","enhancer",FALSE,0.931797270397779,1.17072698489711,0.0492181571789625,"KLF2"
"MA1517.1","KLF6",0.137816165946052,0.0306785661059976,"medulla_early","up","enhancer",FALSE,0.931797270397779,0.484351339991714,0.258737060423303,"KLF6"
"MA1574.1","THRB",0.228017336824479,0.0306785661059976,"medulla_early","up","enhancer",FALSE,0.931797270397779,-0.839934183983885,0.0493089608207352,"THRB"
"MA1583.1","ZFP57",0.298666335284047,0.0306785661059976,"medulla_early","up","enhancer",FALSE,0.931797270397779,0.139330944009233,0.562477562308107,"ZFP57"
"MA1602.1","ZSCAN29",0.365109106805301,0.0306785661059976,"medulla_early","up","enhancer",FALSE,0.931797270397779,-0.197171120935619,0.657269485058646,"ZSCAN29"
"MA0753.2","ZNF740",0.116294133419482,0.0306785661059976,"medulla_early","up","enhancer",FALSE,0.931797270397779,0.0711001810614098,0.677884009805371,"ZNF740"
"MA1650.1","ZBTB14",0.175645937190826,0.0306785661059976,"medulla_early","up","enhancer",FALSE,0.931797270397779,-0.14797160568025,0.595789182966952,"ZBTB14"
"MA0640.2","ELF3",0.133562452370898,0.0306785661059976,"medulla_early","up","enhancer",FALSE,0.931797270397779,1.39397772651261,0.06604313776341,"ELF3"
"MA0039.4","KLF4",0.0754173293844271,0.0306785661059976,"medulla_early","up","enhancer",FALSE,0.931797270397779,0.969127362297055,0.0875480384843572,"KLF4"
"MA1107.2","KLF9",0.116073986844276,0.0306785661059976,"medulla_early","up","enhancer",FALSE,0.931797270397779,-0.443019729948276,0.66978651208401,"KLF9"
"MA0080.5","SPI1",0.122035532180178,0.0306785661059976,"medulla_early","up","enhancer",FALSE,0.931797270397779,1.56811813326846,0.13417380810982,"SPI1"
"MA0507.1","POU2F2",0.281811893159627,0.0266442364793137,"medulla_early","up","enhancer",FALSE,0.940493424526243,1.55969797562014,0.0967970792705109,"POU2F2"
"MA0761.2","ETV1",0.115867847377606,0.0266442364793137,"medulla_early","up","enhancer",FALSE,0.940493424526243,-0.620578076459693,0.198011166160564,"ETV1"
"MA0070.1","PBX1",0.272664676824132,0.0233121861761108,"medulla_early","up","enhancer",FALSE,0.947736951668252,0.504126129843289,0.19190814414701,"PBX1"
"MA0136.2","ELF5",0.128313300679585,0.0233121861761108,"medulla_early","up","enhancer",FALSE,0.947736951668252,1.11133724421382,0.338030751654114,"ELF5"
"MA0785.1","POU2F1",0.225447685363575,0.0233121861761108,"medulla_early","up","enhancer",FALSE,0.947736951668252,-0.0254606879461252,0.968977526882527,"POU2F1"
"MA0838.1","CEBPG",0.39623103169617,0.0233121861761108,"medulla_early","up","enhancer",FALSE,0.947736951668252,-0.011597868271787,0.974038165068298,"CEBPG"
"MA1491.1","GLI3",0.195930975958871,0.0233121861761108,"medulla_early","up","enhancer",FALSE,0.947736951668252,0.420827102716735,0.408586637681698,"GLI3"
"MA1541.1","NR6A1",0.209810548147822,0.0233121861761108,"medulla_early","up","enhancer",FALSE,0.947736951668252,0.130870702750765,0.710272688724595,"NR6A1"
"MA1545.1","OVOL2",0.341551020510768,0.0233121861761108,"medulla_early","up","enhancer",FALSE,0.947736951668252,-1.48704614110616,0.0608548530223647,"OVOL2"
"MA0833.2","ATF4",0.356414983119864,0.0233121861761108,"medulla_early","up","enhancer",FALSE,0.947736951668252,0.47134174023383,0.153314943932154,"ATF4"
"MA0154.4","EBF1",0.11675673201013,0.0233121861761108,"medulla_early","up","enhancer",FALSE,0.947736951668252,0.0221742268692431,0.950443332936093,"EBF1"
"MA0043.3","HLF",0.30785198173364,0.0233121861761108,"medulla_early","up","enhancer",FALSE,0.947736951668252,-0.604757118734295,0.163746211181165,"HLF"
"MA1123.2","TWIST1",0.158492212850857,0.0233121861761108,"medulla_early","up","enhancer",FALSE,0.947736951668252,-1.55077067839058,0.0791786138811142,"TWIST1"
"MA0031.1","FOXD1",-0.223507272460606,0.000238803511915076,"medulla_early","up","enhancer",FALSE,0.999450285741587,0.63017856901305,0.121903352863792,"FOXD1"
"MA0051.1","IRF2",0.121557630358756,0.000238803511915076,"medulla_early","up","enhancer",FALSE,0.999450285741587,0.217173928590692,0.341640931174144,"IRF2"
"MA0059.1","MAX::MYC",-0.1119166934978,0.000238803511915076,"medulla_early","up","enhancer",FALSE,0.999450285741587,0.840782416698474,0.234985963307979,"MYC"
"MA0066.1","PPARG",-0.183268489487943,0.000238803511915076,"medulla_early","up","enhancer",FALSE,0.999450285741587,1.37320301516143,0.0869135823172405,"PPARG"
"MA0071.1","RORA",0.0846034009391881,0.000238803511915076,"medulla_early","up","enhancer",FALSE,0.999450285741587,-0.560742748182804,0.335161734083373,"RORA"
"MA0077.1","SOX9",0.181198697020374,0.000238803511915076,"medulla_early","up","enhancer",FALSE,0.999450285741587,0.149611239615608,0.904147284538814,"SOX9"
"MA0091.1","TAL1::TCF3",0.00270706873926674,0.000238803511915076,"medulla_early","up","enhancer",FALSE,0.999450285741587,0.760909391800218,0.0716761923256732,"TAL1"
"MA0101.1","REL",-0.154393730086944,0.000238803511915076,"medulla_early","up","enhancer",FALSE,0.999450285741587,0.0800215676474639,0.968675604394128,"REL"
"MA0107.1","RELA",-0.0716093221350826,0.000238803511915076,"medulla_early","up","enhancer",FALSE,0.999450285741587,0.558077788889914,0.0564862461561881,"RELA"
"MA0115.1","NR1H2::RXRA",0.20095048210485,0.000238803511915076,"medulla_early","up","enhancer",FALSE,0.999450285741587,0.285160089250391,0.249873545188576,"NR1H2"
"MA0119.1","NFIC::TLX1",-0.0697857780973763,0.000238803511915076,"medulla_early","up","enhancer",FALSE,0.999450285741587,0.110585462196594,0.718758563012995,"NFIC"
"MA0139.1","CTCF",0.0891096012361494,0.000238803511915076,"medulla_early","up","enhancer",FALSE,0.999450285741587,-0.00889126866160517,0.974038165068298,"CTCF"
"MA0138.2","REST",0.301629677171879,0.000238803511915076,"medulla_early","up","enhancer",FALSE,0.999450285741587,-0.0415618307860806,0.945209506982702,"REST"
"MA0152.1","NFATC2",0.0367871109132363,0.000238803511915076,"medulla_early","up","enhancer",FALSE,0.999450285741587,0.590951661666812,0.346753245063191,"NFATC2"
"MA0159.1","RARA::RXRA",0.0298757509435958,0.000238803511915076,"medulla_early","up","enhancer",FALSE,0.999450285741587,0.237473110317985,0.33777301629397,"RARA"
"MA0160.1","NR4A2",-0.101858377411315,0.000238803511915076,"medulla_early","up","enhancer",FALSE,0.999450285741587,0.670144111666451,0.506393131551157,"NR4A2"
"MA0259.1","ARNT::HIF1A",-0.0362425778247593,0.000238803511915076,"medulla_early","up","enhancer",FALSE,0.999450285741587,1.01651237888565,0.207865436005933,"HIF1A"
"MA0476.1","FOS",-0.0947967405912618,0.000238803511915076,"medulla_early","up","enhancer",FALSE,0.999450285741587,0.790444411147782,0.495819179428345,"FOS"
"MA0478.1","FOSL2",0.128831203072323,0.000238803511915076,"medulla_early","up","enhancer",FALSE,0.999450285741587,1.08455929293645,0.0618584746703685,"FOSL2"
"MA0488.1","JUN",-0.139345735677013,0.000238803511915076,"medulla_early","up","enhancer",FALSE,0.999450285741587,0.25851843413685,0.588249029107439,"JUN"
"MA0497.1","MEF2C",0.0310002664481424,0.000238803511915076,"medulla_early","up","enhancer",FALSE,0.999450285741587,0.462020070154845,0.135488088859171,"MEF2C"
"MA0501.1","MAF::NFE2",-0.0316044871151941,0.000238803511915076,"medulla_early","up","enhancer",FALSE,0.999450285741587,-0.82789645632328,0.147136755264912,"MAF"
"MA0504.1","NR2C2",0.0408451473542497,0.000238803511915076,"medulla_early","up","enhancer",FALSE,0.999450285741587,0.0494679283340194,0.9302329235975,"NR2C2"
"MA0506.1","NRF1",-0.0815784425670802,0.000238803511915076,"medulla_early","up","enhancer",FALSE,0.999450285741587,0.358516284174075,0.12706932132958,"NRF1"
"MA0513.1","SMAD2::SMAD3::SMAD4",0.0153853789310148,0.000238803511915076,"medulla_early","up","enhancer",FALSE,0.999450285741587,-0.168477519832847,0.552834077757077,"SMAD4"
"MA0517.1","STAT1::STAT2",0.0259419060551469,0.000238803511915076,"medulla_early","up","enhancer",FALSE,0.999450285741587,0.892153553169537,0.153114577868935,"STAT1"
"MA0523.1","TCF7L2",0.0724645088851332,0.000238803511915076,"medulla_early","up","enhancer",FALSE,0.999450285741587,0.41684490565464,0.143092339078767,"TCF7L2"
"MA0527.1","ZBTB33",-0.251040715789663,0.000238803511915076,"medulla_early","up","enhancer",FALSE,0.999450285741587,-0.0650986887417684,0.914667083595947,"ZBTB33"
"MA0076.2","ELK4",0.0337507899493925,0.000238803511915076,"medulla_early","up","enhancer",FALSE,0.999450285741587,-0.453543911657625,0.564367021810182,"ELK4"
"MA0050.2","IRF1",0.0311717358490853,0.000238803511915076,"medulla_early","up","enhancer",FALSE,0.999450285741587,1.42681426997678,0.0671876671908609,"IRF1"
"MA0137.3","STAT1",0.0604168542533801,0.000238803511915076,"medulla_early","up","enhancer",FALSE,0.999450285741587,0.892153553169537,0.153114577868935,"STAT1"
"MA0144.2","STAT3",0.010166317553133,0.000238803511915076,"medulla_early","up","enhancer",FALSE,0.999450285741587,0.708432150176781,0.0636959946514459,"STAT3"
"MA0140.2","GATA1::TAL1",-0.166302407117725,0.000238803511915076,"medulla_early","up","enhancer",FALSE,0.999450285741587,0.760909391800218,0.0716761923256732,"TAL1"
"MA0095.2","YY1",-0.223033786869724,0.000238803511915076,"medulla_early","up","enhancer",FALSE,0.999450285741587,-0.138238874902464,0.498476034308346,"YY1"
"MA0593.1","FOXP2",-0.0262713174090417,0.000238803511915076,"medulla_early","up","enhancer",FALSE,0.999450285741587,-0.483628998360313,0.623427755716405,"FOXP2"
"MA0599.1","KLF5",0.0437553080892954,0.000238803511915076,"medulla_early","up","enhancer",FALSE,0.999450285741587,0.97306412242482,0.310096301808503,"KLF5"
"MA0625.1","NFATC3",-0.142711798264162,0.000238803511915076,"medulla_early","up","enhancer",FALSE,0.999450285741587,-0.0155296820718904,0.956731123773962,"NFATC3"
"MA0628.1","POU6F1",-0.33811384575508,0.000238803511915076,"medulla_early","up","enhancer",FALSE,0.999450285741587,0.508698992617218,0.182444066184707,"POU6F1"
"MA0636.1","BHLHE41",-0.466085866363668,0.000238803511915076,"medulla_early","up","enhancer",FALSE,0.999450285741587,0.148710381196328,0.818255736703222,"BHLHE41"
"MA0637.1","CENPB",-0.141785576101025,0.000238803511915076,"medulla_early","up","enhancer",FALSE,0.999450285741587,0.489281537501189,0.154186298655422,"CENPB"
"MA0638.1","CREB3",0.205808269559849,0.000238803511915076,"medulla_early","up","enhancer",FALSE,0.999450285741587,0.253825614097928,0.418313584882421,"CREB3"
"MA0641.1","ELF4",0.0944637887386248,0.000238803511915076,"medulla_early","up","enhancer",FALSE,0.999450285741587,1.07465740278767,0.0637678535424862,"ELF4"
"MA0645.1","ETV6",0.0243937388474142,0.000238803511915076,"medulla_early","up","enhancer",FALSE,0.999450285741587,0.347371207909622,0.154786995395705,"ETV6"
"MA0475.2","FLI1",-0.0633739534308946,0.000238803511915076,"medulla_early","up","enhancer",FALSE,0.999450285741587,0.586153179940898,0.109298140664543,"FLI1"
"MA0042.2","FOXI1",-0.0543545728781849,0.000238803511915076,"medulla_early","up","enhancer",FALSE,0.999450285741587,-0.875336820839591,0.315134881631071,"FOXI1"
"MA0033.2","FOXL1",0.0425141175460189,0.000238803511915076,"medulla_early","up","enhancer",FALSE,0.999450285741587,0.0121985126618991,0.988527614317458,"FOXL1"
"MA0157.2","FOXO3",-0.185176640776812,0.000238803511915076,"medulla_early","up","enhancer",FALSE,0.999450285741587,0.453006442609666,0.283366619336918,"FOXO3"
"MA0649.1","HEY2",0.0597680600131163,0.000238803511915076,"medulla_early","up","enhancer",FALSE,0.999450285741587,-0.575724392510419,0.260000737419597,"HEY2"
"MA0131.2","HINFP",-0.0119750279228494,0.000238803511915076,"medulla_early","up","enhancer",FALSE,0.999450285741587,-0.0352036210137197,0.920374044665355,"HINFP"
"MA0046.2","HNF1A",0.0223016731987071,0.000238803511915076,"medulla_early","up","enhancer",FALSE,0.999450285741587,-3.4941919434228,0.0752441288689795,"HNF1A"
"MA0153.2","HNF1B",-0.235931948219815,0.000238803511915076,"medulla_early","up","enhancer",FALSE,0.999450285741587,-0.169388902221994,0.711653267999088,"HNF1B"
"MA0651.1","HOXC11",0.191125869684745,0.000238803511915076,"medulla_early","up","enhancer",FALSE,0.999450285741587,0.657732566855532,0.417818088388702,"HOXC11"
"MA0486.2","HSF1",-0.420725237850215,0.000238803511915076,"medulla_early","up","enhancer",FALSE,0.999450285741587,0.049475949593706,0.900123271083596,"HSF1"
"MA0652.1","IRF8",0.134388966009128,0.000238803511915076,"medulla_early","up","enhancer",FALSE,0.999450285741587,1.18274000047459,0.101574921715219,"IRF8"
"MA0655.1","JDP2",0.0634521113042608,0.000238803511915076,"medulla_early","up","enhancer",FALSE,0.999450285741587,1.06661891407839,0.0671876671908609,"JDP2"
"MA0657.1","KLF13",0.137081074985844,0.000238803511915076,"medulla_early","up","enhancer",FALSE,0.999450285741587,-0.00291473958090815,0.99516145579269,"KLF13"
"MA0658.1","LHX6",-0.309816248393878,0.000238803511915076,"medulla_early","up","enhancer",FALSE,0.999450285741587,0.610815883501578,0.153367181687364,"LHX6"
"MA0660.1","MEF2B",0.00176663081007344,0.000238803511915076,"medulla_early","up","enhancer",FALSE,0.999450285741587,-0.483300096440254,0.654141859809405,"MEF2B"
"MA0661.1","MEOX1",-0.358923429691301,0.000238803511915076,"medulla_early","up","enhancer",FALSE,0.999450285741587,0.641598996092283,0.729906665526044,"MEOX1"
"MA0663.1","MLX",-0.176723546445378,0.000238803511915076,"medulla_early","up","enhancer",FALSE,0.999450285741587,-0.045305214304185,0.886627030661515,"MLX"
"MA0664.1","MLXIPL",-0.0908760515009401,0.000238803511915076,"medulla_early","up","enhancer",FALSE,0.999450285741587,-3.29180772933465,0.0791697779134321,"MLXIPL"
"MA0665.1","MSC",-0.316151971529458,0.000238803511915076,"medulla_early","up","enhancer",FALSE,0.999450285741587,1.5770646914424,0.317074680424571,"MSC"
"MA0666.1","MSX1",0.155646302207819,0.000238803511915076,"medulla_early","up","enhancer",FALSE,0.999450285741587,0.366240599475117,0.533530991924705,"MSX1"
"MA0670.1","NFIA",0.106191539613584,0.000238803511915076,"medulla_early","up","enhancer",FALSE,0.999450285741587,-0.226528027272291,0.598257680800778,"NFIA"
"MA0685.1","SP4",-0.17781245742944,0.000238803511915076,"medulla_early","up","enhancer",FALSE,0.999450285741587,0.243124962478401,0.694410488279258,"SP4"
"MA0083.3","SRF",-0.479711602307064,0.000238803511915076,"medulla_early","up","enhancer",FALSE,0.999450285741587,0.571765007633593,0.0658507918159552,"SRF"
"MA0688.1","TBX2",-0.10291559725856,0.000238803511915076,"medulla_early","up","enhancer",FALSE,0.999450285741587,0.150023270292296,0.757548607212227,"TBX2"
"MA0690.1","TBX21",0.0590509052757202,0.000238803511915076,"medulla_early","up","enhancer",FALSE,0.999450285741587,1.12069650160351,0.415023539986082,"TBX21"
"MA0691.1","TFAP4",0.0126142912729366,0.000238803511915076,"medulla_early","up","enhancer",FALSE,0.999450285741587,-0.170761165905302,0.631474016558116,"TFAP4"
"MA0145.3","TFCP2",0.0860553110476898,0.000238803511915076,"medulla_early","up","enhancer",FALSE,0.999450285741587,-0.107443480670486,0.577992267057532,"TFCP2"
"MA0692.1","TFEB",-0.177424663232105,0.000238803511915076,"medulla_early","up","enhancer",FALSE,0.999450285741587,0.328272024454406,0.227690645055759,"TFEB"
"MA0694.1","ZBTB7B",0.150794796163859,0.000238803511915076,"medulla_early","up","enhancer",FALSE,0.999450285741587,-0.209024759708744,0.631708799839401,"ZBTB7B"
"MA0695.1","ZBTB7C",0.130973803162715,0.000238803511915076,"medulla_early","up","enhancer",FALSE,0.999450285741587,0.781723467545024,0.166255330391503,"ZBTB7C"
"MA0698.1","ZBTB18",-0.0640587993961867,0.000238803511915076,"medulla_early","up","enhancer",FALSE,0.999450285741587,-0.327694892959125,0.360088014072592,"ZBTB18"
"MA0716.1","PRRX1",-0.0319297857745946,0.000238803511915076,"medulla_early","up","enhancer",FALSE,0.999450285741587,-0.166015221967061,0.841536489450615,"PRRX1"
"MA0722.1","VAX1",-0.211279528162794,0.000238803511915076,"medulla_early","up","enhancer",FALSE,0.999450285741587,-3.438831185671,0.155425998835213,"VAX1"
"MA0112.3","ESR1",-0.179658926456653,0.000238803511915076,"medulla_early","up","enhancer",FALSE,0.999450285741587,-0.754140224542913,0.131717332990373,"ESR1"
"MA0141.3","ESRRB",0.0724139655806022,0.000238803511915076,"medulla_early","up","enhancer",FALSE,0.999450285741587,-0.0320077363265767,0.982244692972162,"ESRRB"
"MA0017.2","NR2F1",-0.0409512394386056,0.000238803511915076,"medulla_early","up","enhancer",FALSE,0.999450285741587,0.282382504432173,0.587548530176853,"NR2F1"
"MA0113.3","NR3C1",0.147343708135437,0.000238803511915076,"medulla_early","up","enhancer",FALSE,0.999450285741587,-0.499605012691847,0.122682160942737,"NR3C1"
"MA0727.1","NR3C2",-0.0031089203905843,0.000238803511915076,"medulla_early","up","enhancer",FALSE,0.999450285741587,0.198865770780005,0.747317567379592,"NR3C2"
"MA0729.1","RARA",-0.181919845048164,0.000238803511915076,"medulla_early","up","enhancer",FALSE,0.999450285741587,0.237473110317985,0.33777301629397,"RARA"
"MA0731.1","BCL6B",0.105599584675002,0.000238803511915076,"medulla_early","up","enhancer",FALSE,0.999450285741587,0.762210553381182,0.0726039000077938,"BCL6B"
"MA0472.2","EGR2",0.093240192066685,0.000238803511915076,"medulla_early","up","enhancer",FALSE,0.999450285741587,2.42834614690525,0.0736908808273432,"EGR2"
"MA0732.1","EGR3",0.144416472862545,0.000238803511915076,"medulla_early","up","enhancer",FALSE,0.999450285741587,0.905435287832733,0.51732000265961,"EGR3"
"MA0735.1","GLIS1",0.247935777238979,0.000238803511915076,"medulla_early","up","enhancer",FALSE,0.999450285741587,-1.30837385883829,0.187906004500892,"GLIS1"
"MA0736.1","GLIS2",-0.078197008139421,0.000238803511915076,"medulla_early","up","enhancer",FALSE,0.999450285741587,-0.65891659436957,0.0581788116396234,"GLIS2"
"MA0737.1","GLIS3",-0.0594979840392353,0.000238803511915076,"medulla_early","up","enhancer",FALSE,0.999450285741587,-0.196560407606767,0.736946059135664,"GLIS3"
"MA0741.1","KLF16",0.0730912532929953,0.000238803511915076,"medulla_early","up","enhancer",FALSE,0.999450285741587,0.269650237545363,0.461492183934434,"KLF16"
"MA0749.1","ZBED1",0.0399418692460238,0.000238803511915076,"medulla_early","up","enhancer",FALSE,0.999450285741587,0.401962085158185,0.103894485072747,"ZBED1"
"MA0088.2","ZNF143",-0.155017947626179,0.000238803511915076,"medulla_early","up","enhancer",FALSE,0.999450285741587,-0.0817517083150916,0.770338048345388,"ZNF143"
"MA0752.1","ZNF410",0.0303465094156006,0.000238803511915076,"medulla_early","up","enhancer",FALSE,0.999450285741587,-0.100949867114212,0.657355619379551,"ZNF410"
"MA0754.1","CUX1",0.0862429831546399,0.000238803511915076,"medulla_early","up","enhancer",FALSE,0.999450285741587,-0.679274169005233,0.124562579245047,"CUX1"
"MA0759.1","ELK3",-0.318604851024937,0.000238803511915076,"medulla_early","up","enhancer",FALSE,0.999450285741587,0.679141112159724,0.0516569808763003,"ELK3"
"MA0760.1","ERF",-0.0732938200235873,0.000238803511915076,"medulla_early","up","enhancer",FALSE,0.999450285741587,-0.369885960178769,0.322468223020106,"ERF"
"MA0474.2","ERG",-0.108543427419236,0.000238803511915076,"medulla_early","up","enhancer",FALSE,0.999450285741587,0.875601981859466,0.119647840228973,"ERG"
"MA0098.3","ETS1",-0.0409252761337093,0.000238803511915076,"medulla_early","up","enhancer",FALSE,0.999450285741587,0.122252321544641,0.865950184910343,"ETS1"
"MA0762.1","ETV2",0.0633183491637288,0.000238803511915076,"medulla_early","up","enhancer",FALSE,0.999450285741587,0.628729270749787,0.290106794199507,"ETV2"
"MA0763.1","ETV3",0.0013925679235296,0.000238803511915076,"medulla_early","up","enhancer",FALSE,0.999450285741587,0.228980334027496,0.509886030301196,"ETV3"
"MA0768.1","LEF1",0.251888223688134,0.000238803511915076,"medulla_early","up","enhancer",FALSE,0.999450285741587,0.653669264335977,0.178162077515761,"LEF1"
"MA0770.1","HSF2",-0.3935424366037,0.000238803511915076,"medulla_early","up","enhancer",FALSE,0.999450285741587,-0.0643696560585907,0.840506447147468,"HSF2"
"MA0771.1","HSF4",-0.180846758833718,0.000238803511915076,"medulla_early","up","enhancer",FALSE,0.999450285741587,0.815767005312291,0.124562579245047,"HSF4"
"MA0772.1","IRF7",0.0122507709670119,0.000238803511915076,"medulla_early","up","enhancer",FALSE,0.999450285741587,0.786539281622198,0.288943154598854,"IRF7"
"MA0773.1","MEF2D",-0.101281260391196,0.000238803511915076,"medulla_early","up","enhancer",FALSE,0.999450285741587,0.344697022750822,0.118744066150201,"MEF2D"
"MA0498.2","MEIS1",-0.484858594928153,0.000238803511915076,"medulla_early","up","enhancer",FALSE,0.999450285741587,0.661464631896895,0.162801721447683,"MEIS1"
"MA0774.1","MEIS2",-0.125631218815099,0.000238803511915076,"medulla_early","up","enhancer",FALSE,0.999450285741587,0.266724544650988,0.530290571809906,"MEIS2"
"MA0775.1","MEIS3",-0.192624352129283,0.000238803511915076,"medulla_early","up","enhancer",FALSE,0.999450285741587,0.986756991640251,0.06604313776341,"MEIS3"
"MA0776.1","MYBL1",-0.573953057043493,0.000238803511915076,"medulla_early","up","enhancer",FALSE,0.999450285741587,0.324079283176014,0.698270636999145,"MYBL1"
"MA0777.1","MYBL2",-0.639814567045383,0.000238803511915076,"medulla_early","up","enhancer",FALSE,0.999450285741587,0.324522708701639,0.702831246653549,"MYBL2"
"MA0105.4","NFKB1",0.294657921202785,0.000238803511915076,"medulla_early","up","enhancer",FALSE,0.999450285741587,0.358332487032487,0.227614527640085,"NFKB1"
"MA0778.1","NFKB2",0.030335346721591,0.000238803511915076,"medulla_early","up","enhancer",FALSE,0.999450285741587,0.504127215866936,0.109143448514621,"NFKB2"
"MA0783.1","PKNOX2",-0.571591125899982,0.000238803511915076,"medulla_early","up","enhancer",FALSE,0.999450285741587,-0.0510469240905236,0.938916864932661,"PKNOX2"
"MA0788.1","POU3F3",0.142817511024687,0.000238803511915076,"medulla_early","up","enhancer",FALSE,0.999450285741587,-0.303769583298376,0.459163556728696,"POU3F3"
"MA0793.1","POU6F2",0.122065807755597,0.000238803511915076,"medulla_early","up","enhancer",FALSE,0.999450285741587,1.25362859490879,0.254904639470336,"POU6F2"
"MA0600.2","RFX2",0.324754127647055,0.000238803511915076,"medulla_early","up","enhancer",FALSE,0.999450285741587,0.668664767268385,0.0863441887288586,"RFX2"
"MA0796.1","TGIF1",-0.210907819756293,0.000238803511915076,"medulla_early","up","enhancer",FALSE,0.999450285741587,0.750880565173492,0.116892441380672,"TGIF1"
"MA0797.1","TGIF2",-0.457972160557481,0.000238803511915076,"medulla_early","up","enhancer",FALSE,0.999450285741587,-0.124518765041029,0.726929376762138,"TGIF2"
"MA0511.2","RUNX2",-0.000679008978320184,0.000238803511915076,"medulla_early","up","enhancer",FALSE,0.999450285741587,0.755105408746354,0.28969735297338,"RUNX2"
"MA0800.1","EOMES",0.0818220318062748,0.000238803511915076,"medulla_early","up","enhancer",FALSE,0.999450285741587,1.17846458419444,0.430700787253069,"EOMES"
"MA0801.1","MGA",0.0237055504550163,0.000238803511915076,"medulla_early","up","enhancer",FALSE,0.999450285741587,0.115454508123493,0.773408677112713,"MGA"
"MA0804.1","TBX19",0.0181066580957996,0.000238803511915076,"medulla_early","up","enhancer",FALSE,0.999450285741587,0.0039616639510851,0.993385776435293,"TBX19"
"MA0805.1","TBX1",0.0314872597737175,0.000238803511915076,"medulla_early","up","enhancer",FALSE,0.999450285741587,1.07277825377375,0.229605965535677,"TBX1"
"MA0808.1","TEAD3",0.000175430785975372,0.000238803511915076,"medulla_early","up","enhancer",FALSE,0.999450285741587,0.429998560146028,0.0974468396039125,"TEAD3"
"MA0811.1","TFAP2B",-0.0425745025292734,0.000238803511915076,"medulla_early","up","enhancer",FALSE,0.999450285741587,-0.103844649133968,0.878993502968564,"TFAP2B"
"MA0464.2","BHLHE40",-0.249718224704952,0.000238803511915076,"medulla_early","up","enhancer",FALSE,0.999450285741587,0.674547485650892,0.174874517287919,"BHLHE40"
"MA0819.1","CLOCK",0.139188273274387,0.000238803511915076,"medulla_early","up","enhancer",FALSE,0.999450285741587,-0.253135594892285,0.717302137818283,"CLOCK"
"MA0823.1","HEY1",-0.106652833468873,0.000238803511915076,"medulla_early","up","enhancer",FALSE,0.999450285741587,-0.152082639015041,0.86780393831646,"HEY1"
"MA0058.3","MAX",-0.231314841695139,0.000238803511915076,"medulla_early","up","enhancer",FALSE,0.999450285741587,0.234064132878819,0.355100406815999,"MAX"
"MA0825.1","MNT",-0.239217462037659,0.000238803511915076,"medulla_early","up","enhancer",FALSE,0.999450285741587,0.304837644860451,0.222953636563293,"MNT"
"MA0839.1","CREB3L1",0.0723874343566377,0.000238803511915076,"medulla_early","up","enhancer",FALSE,0.999450285741587,1.22534668585265,0.103920804468515,"CREB3L1"
"MA0843.1","TEF",-0.391141763296927,0.000238803511915076,"medulla_early","up","enhancer",FALSE,0.999450285741587,-0.295841215052998,0.413931192517274,"TEF"
"MA0844.1","XBP1",-0.148631723683389,0.000238803511915076,"medulla_early","up","enhancer",FALSE,0.999450285741587,-0.037555362907062,0.935361721233266,"XBP1"
"MA0032.2","FOXC1",-0.0790063874300992,0.000238803511915076,"medulla_early","up","enhancer",FALSE,0.999450285741587,0.595496919873019,0.174142327086812,"FOXC1"
"MA0846.1","FOXC2",-0.0904155214697724,0.000238803511915076,"medulla_early","up","enhancer",FALSE,0.999450285741587,0.315696454017831,0.559713854565078,"FOXC2"
"MA0848.1","FOXO4",-0.0543545728781849,0.000238803511915076,"medulla_early","up","enhancer",FALSE,0.999450285741587,-0.386816279001445,0.142466418389761,"FOXO4"
"MA0850.1","FOXP3",-0.091582745023171,0.000238803511915076,"medulla_early","up","enhancer",FALSE,0.999450285741587,0.804584909325343,0.364936642049094,"FOXP3"
"MA0855.1","RXRB",0.348814233128004,0.000238803511915076,"medulla_early","up","enhancer",FALSE,0.999450285741587,0.00713770504806721,0.974690547789849,"RXRB"
"MA0856.1","RXRG",0.00534258791573761,0.000238803511915076,"medulla_early","up","enhancer",FALSE,0.999450285741587,-1.92633319462346,0.173777595901941,"RXRG"
"MA0106.3","TP53",0.161653835607258,0.000238803511915076,"medulla_early","up","enhancer",FALSE,0.999450285741587,0.277198543157821,0.291460571276196,"TP53"
"MA0861.1","TP73",0.28915513058013,0.000238803511915076,"medulla_early","up","enhancer",FALSE,0.999450285741587,-1.00156108890773,0.240158335275445,"TP73"
"MA0862.1","GMEB2",-0.0482081408051549,0.000238803511915076,"medulla_early","up","enhancer",FALSE,0.999450285741587,0.353788071852497,0.17282654658279,"GMEB2"
"MA0863.1","MTF1",0.0889313404891103,0.000238803511915076,"medulla_early","up","enhancer",FALSE,0.999450285741587,-0.147932626511653,0.73722886023314,"MTF1"
"MA0024.3","E2F1",-0.134783106027614,0.000238803511915076,"medulla_early","up","enhancer",FALSE,0.999450285741587,-1.55631415781051,0.155603468655091,"E2F1"
"MA0028.2","ELK1",-0.237178697105461,0.000238803511915076,"medulla_early","up","enhancer",FALSE,0.999450285741587,0.282648827199531,0.134091008128395,"ELK1"
"MA0886.1","EMX2",-0.377241603711617,0.000238803511915076,"medulla_early","up","enhancer",FALSE,0.999450285741587,0.272409323488209,0.367758222708498,"EMX2"
"MA0889.1","GBX1",0.0805972630107963,0.000238803511915076,"medulla_early","up","enhancer",FALSE,0.999450285741587,0.459518028931596,0.410557045323838,"GBX1"
"MA0891.1","GSC2",-0.585503231001023,0.000238803511915076,"medulla_early","up","enhancer",FALSE,0.999450285741587,-3.59482865046134,0.0672971010070892,"GSC2"
"MA0895.1","HMBOX1",-0.0901517881567031,0.000238803511915076,"medulla_early","up","enhancer",FALSE,0.999450285741587,-0.546922559482415,0.266980988822546,"HMBOX1"
"MA0899.1","HOXA10",-0.0254223040595605,0.000238803511915076,"medulla_early","up","enhancer",FALSE,0.999450285741587,-0.0631731913756974,0.831099791614122,"HOXA10"
"MA0903.1","HOXB3",-0.284844312206604,0.000238803511915076,"medulla_early","up","enhancer",FALSE,0.999450285741587,0.859617502903848,0.162190378311986,"HOXB3"
"MA0905.1","HOXC10",0.218216840284237,0.000238803511915076,"medulla_early","up","enhancer",FALSE,0.999450285741587,0.157539312293275,0.698852454553097,"HOXC10"
"MA0908.1","HOXD11",0.247211359251092,0.000238803511915076,"medulla_early","up","enhancer",FALSE,0.999450285741587,0.444615669876819,0.422787751028675,"HOXD11"
"MA0852.2","FOXK1",-0.0763937217179294,0.000238803511915076,"medulla_early","up","enhancer",FALSE,0.999450285741587,-0.18726845918241,0.484124180621158,"FOXK1"
"MA0036.3","GATA2",0.0474324217101332,0.000238803511915076,"medulla_early","up","enhancer",FALSE,0.999450285741587,1.06795824526672,0.121942278137661,"GATA2"
"MA1106.1","HIF1A",0.070141195671483,0.000238803511915076,"medulla_early","up","enhancer",FALSE,0.999450285741587,1.01651237888565,0.207865436005933,"HIF1A"
"MA0147.3","MYC",0.0398592848764441,0.000238803511915076,"medulla_early","up","enhancer",FALSE,0.999450285741587,0.840782416698474,0.234985963307979,"MYC"
"MA0104.4","MYCN",-0.0934518590304965,0.000238803511915076,"medulla_early","up","enhancer",FALSE,0.999450285741587,-0.944861256508446,0.0912934439993276,"MYCN"
"MA0161.2","NFIC",-0.114575784914028,0.000238803511915076,"medulla_early","up","enhancer",FALSE,0.999450285741587,0.110585462196594,0.718758563012995,"NFIC"
"MA1110.1","NR1H4",-0.190570676108488,0.000238803511915076,"medulla_early","up","enhancer",FALSE,0.999450285741587,-2.5467066004487,0.0702346883737401,"NR1H4"
"MA1111.1","NR2F2",-0.116301920318215,0.000238803511915076,"medulla_early","up","enhancer",FALSE,0.999450285741587,0.0773628921649152,0.792190519734132,"NR2F2"
"MA0014.3","PAX5",0.0320494153461821,0.000238803511915076,"medulla_early","up","enhancer",FALSE,0.999450285741587,2.02431599427039,0.0740140869339531,"PAX5"
"MA1114.1","PBX3",0.0526652321971843,0.000238803511915076,"medulla_early","up","enhancer",FALSE,0.999450285741587,-0.247335591487829,0.673412476956731,"PBX3"
"MA1116.1","RBPJ",0.0247837264602158,0.000238803511915076,"medulla_early","up","enhancer",FALSE,0.999450285741587,0.194894553057767,0.461769190321632,"RBPJ"
"MA1117.1","RELB",-0.210903969422914,0.000238803511915076,"medulla_early","up","enhancer",FALSE,0.999450285741587,1.06613486553326,0.0492181571789625,"RELB"
"MA1120.1","SOX13",0.160848609021707,0.000238803511915076,"medulla_early","up","enhancer",FALSE,0.999450285741587,0.268946800473709,0.447142889561676,"SOX13"
"MA1121.1","TEAD2",0.0121774429612342,0.000238803511915076,"medulla_early","up","enhancer",FALSE,0.999450285741587,0.88299283078771,0.0963691648030841,"TEAD2"
"MA1122.1","TFDP1",0.0917474962990488,0.000238803511915076,"medulla_early","up","enhancer",FALSE,0.999450285741587,0.0531149132118154,0.761992016311086,"TFDP1"
"MA0750.2","ZBTB7A",-0.0524455354543285,0.000238803511915076,"medulla_early","up","enhancer",FALSE,0.999450285741587,0.260842991996125,0.21998921030944,"ZBTB7A"
"MA0103.3","ZEB1",-0.0872713669681016,0.000238803511915076,"medulla_early","up","enhancer",FALSE,0.999450285741587,0.15228824620129,0.747667148499305,"ZEB1"
"MA1124.1","ZNF24",0.00664230926466036,0.000238803511915076,"medulla_early","up","enhancer",FALSE,0.999450285741587,-0.0945960387246441,0.74225122160849,"ZNF24"
"MA1125.1","ZNF384",0.12211662931978,0.000238803511915076,"medulla_early","up","enhancer",FALSE,0.999450285741587,-0.00246746851776258,0.991088652588159,"ZNF384"
"MA1154.1","ZNF282",-0.0807180345129703,0.000238803511915076,"medulla_early","up","enhancer",FALSE,0.999450285741587,-0.30172191549048,0.180813264625007,"ZNF282"
"MA0099.3","FOS::JUN",0.0397957579271484,0.000238803511915076,"medulla_early","up","enhancer",FALSE,0.999450285741587,0.790444411147782,0.495819179428345,"FOS"
"MA1126.1","FOS::JUN(var.2)",-0.179866575660975,0.000238803511915076,"medulla_early","up","enhancer",FALSE,0.999450285741587,0.790444411147782,0.495819179428345,"FOS"
"MA1127.1","FOSB::JUN",-0.174428807403889,0.000238803511915076,"medulla_early","up","enhancer",FALSE,0.999450285741587,0.942247474099412,0.43993982201804,"FOSB"
"MA1128.1","FOSL1::JUN",0.0507622688733482,0.000238803511915076,"medulla_early","up","enhancer",FALSE,0.999450285741587,1.99314244351486,0.0834337048981768,"FOSL1"
"MA1129.1","FOSL1::JUN(var.2)",-0.113140835564268,0.000238803511915076,"medulla_early","up","enhancer",FALSE,0.999450285741587,1.99314244351486,0.0834337048981768,"FOSL1"
"MA1130.1","FOSL2::JUN",0.071159625919111,0.000238803511915076,"medulla_early","up","enhancer",FALSE,0.999450285741587,1.08455929293645,0.0618584746703685,"FOSL2"
"MA1131.1","FOSL2::JUN(var.2)",-0.279297223342114,0.000238803511915076,"medulla_early","up","enhancer",FALSE,0.999450285741587,1.08455929293645,0.0618584746703685,"FOSL2"
"MA1132.1","JUN::JUNB",0.160478114481195,0.000238803511915076,"medulla_early","up","enhancer",FALSE,0.999450285741587,1.4087399624279,0.110679890761521,"JUNB"
"MA1133.1","JUN::JUNB(var.2)",-0.115086843510627,0.000238803511915076,"medulla_early","up","enhancer",FALSE,0.999450285741587,0.25851843413685,0.588249029107439,"JUN"
"MA1134.1","FOS::JUNB",0.120384705573873,0.000238803511915076,"medulla_early","up","enhancer",FALSE,0.999450285741587,1.4087399624279,0.110679890761521,"JUNB"
"MA1135.1","FOSB::JUNB",-0.0342722125439776,0.000238803511915076,"medulla_early","up","enhancer",FALSE,0.999450285741587,1.4087399624279,0.110679890761521,"JUNB"
"MA1136.1","FOSB::JUNB(var.2)",-0.0366781297396432,0.000238803511915076,"medulla_early","up","enhancer",FALSE,0.999450285741587,0.942247474099412,0.43993982201804,"FOSB"
"MA1137.1","FOSL1::JUNB",0.0692370648670675,0.000238803511915076,"medulla_early","up","enhancer",FALSE,0.999450285741587,1.99314244351486,0.0834337048981768,"FOSL1"
"MA1138.1","FOSL2::JUNB",-0.0656900875012001,0.000238803511915076,"medulla_early","up","enhancer",FALSE,0.999450285741587,1.08455929293645,0.0618584746703685,"FOSL2"
"MA1139.1","FOSL2::JUNB(var.2)",-0.0705781253463114,0.000238803511915076,"medulla_early","up","enhancer",FALSE,0.999450285741587,1.08455929293645,0.0618584746703685,"FOSL2"
"MA1141.1","FOS::JUND",0.124211597919299,0.000238803511915076,"medulla_early","up","enhancer",FALSE,0.999450285741587,0.790444411147782,0.495819179428345,"FOS"
"MA1142.1","FOSL1::JUND",0.0594614775793998,0.000238803511915076,"medulla_early","up","enhancer",FALSE,0.999450285741587,1.99314244351486,0.0834337048981768,"FOSL1"
"MA1144.1","FOSL2::JUND",0.0329612409067837,0.000238803511915076,"medulla_early","up","enhancer",FALSE,0.999450285741587,1.08455929293645,0.0618584746703685,"FOSL2"
"MA1145.1","FOSL2::JUND(var.2)",-0.157842312324013,0.000238803511915076,"medulla_early","up","enhancer",FALSE,0.999450285741587,1.08455929293645,0.0618584746703685,"FOSL2"
"MA1146.1","NR1H4::RXRA",-0.143672110552344,0.000238803511915076,"medulla_early","up","enhancer",FALSE,0.999450285741587,-2.5467066004487,0.0702346883737401,"NR1H4"
"MA1147.1","NR4A2::RXRA",-0.190081439337207,0.000238803511915076,"medulla_early","up","enhancer",FALSE,0.999450285741587,0.670144111666451,0.506393131551157,"NR4A2"
"MA1148.1","PPARA::RXRA",0.0786138339987259,0.000238803511915076,"medulla_early","up","enhancer",FALSE,0.999450285741587,-2.07757561779699,0.0553805652947001,"PPARA"
"MA1149.1","RARA::RXRG",0.0435774006564591,0.000238803511915076,"medulla_early","up","enhancer",FALSE,0.999450285741587,-1.92633319462346,0.173777595901941,"RXRG"
"MA1151.1","RORC",0.0733396394801478,0.000238803511915076,"medulla_early","up","enhancer",FALSE,0.999450285741587,-1.40286978275786,0.0553805652947001,"RORC"
"MA1152.1","SOX15",-0.176917614937941,0.000238803511915076,"medulla_early","up","enhancer",FALSE,0.999450285741587,0.861093848435316,0.287192601031246,"SOX15"
"MA0831.2","TFE3",-0.0721963696426524,0.000238803511915076,"medulla_early","up","enhancer",FALSE,0.999450285741587,0.141392460365029,0.507679145358249,"TFE3"
"MA0693.2","VDR",-0.00150992925165827,0.000238803511915076,"medulla_early","up","enhancer",FALSE,0.999450285741587,-1.09932889011824,0.372016550714213,"VDR"
"MA1418.1","IRF3",0.0355186871732096,0.000238803511915076,"medulla_early","up","enhancer",FALSE,0.999450285741587,0.307725893196871,0.370567254683869,"IRF3"
"MA1419.1","IRF4",0.326989767617266,0.000238803511915076,"medulla_early","up","enhancer",FALSE,0.999450285741587,-0.320259409710066,0.832412432586757,"IRF4"
"MA1420.1","IRF5",-0.109367899307747,0.000238803511915076,"medulla_early","up","enhancer",FALSE,0.999450285741587,0.993460734600478,0.14302514397524,"IRF5"
"MA1421.1","TCF7L1",0.193085317036295,0.000238803511915076,"medulla_early","up","enhancer",FALSE,0.999450285741587,0.296851189156293,0.367502890055435,"TCF7L1"
"MA1464.1","ARNT2",-0.150794932958549,0.000238803511915076,"medulla_early","up","enhancer",FALSE,0.999450285741587,0.178622021624861,0.717302137818283,"ARNT2"
"MA1466.1","ATF6",0.297441176165387,0.000238803511915076,"medulla_early","up","enhancer",FALSE,0.999450285741587,-0.181235727294784,0.550407262353558,"ATF6"
"MA1483.1","ELF2",0.0748936691265563,0.000238803511915076,"medulla_early","up","enhancer",FALSE,0.999450285741587,0.0976861943240204,0.761832987752703,"ELF2"
"MA1484.1","ETS2",-0.109491836375411,0.000238803511915076,"medulla_early","up","enhancer",FALSE,0.999450285741587,0.647618011384727,0.135488088859171,"ETS2"
"MA1489.1","FOXN3",0.298835691870779,0.000238803511915076,"medulla_early","up","enhancer",FALSE,0.999450285741587,0.157175228031443,0.684836214516321,"FOXN3"
"MA1493.1","HES6",-0.20398310548155,0.000238803511915076,"medulla_early","up","enhancer",FALSE,0.999450285741587,0.0799962447876665,0.845897533595474,"HES6"
"MA1495.1","HOXA1",-0.0348897852608889,0.000238803511915076,"medulla_early","up","enhancer",FALSE,0.999450285741587,0.241264764447689,0.669339778333461,"HOXA1"
"MA1496.1","HOXA4",-0.275765765305406,0.000238803511915076,"medulla_early","up","enhancer",FALSE,0.999450285741587,0.495769695027236,0.174640439731305,"HOXA4"
"MA1497.1","HOXA6",-0.20876866129873,0.000238803511915076,"medulla_early","up","enhancer",FALSE,0.999450285741587,0.210046161816803,0.780598254038136,"HOXA6"
"MA1498.1","HOXA7",-0.25988255923593,0.000238803511915076,"medulla_early","up","enhancer",FALSE,0.999450285741587,-0.272879592585723,0.410626761044215,"HOXA7"
"MA1499.1","HOXB4",-0.450034072680388,0.000238803511915076,"medulla_early","up","enhancer",FALSE,0.999450285741587,0.885981435652577,0.15111836167839,"HOXB4"
"MA1500.1","HOXB6",-0.210426795147545,0.000238803511915076,"medulla_early","up","enhancer",FALSE,0.999450285741587,0.880092305550794,0.149413767494403,"HOXB6"
"MA1501.1","HOXB7",-0.11434059125162,0.000238803511915076,"medulla_early","up","enhancer",FALSE,0.999450285741587,0.72394818325564,0.153093802667215,"HOXB7"
"MA1502.1","HOXB8",-0.190169184433592,0.000238803511915076,"medulla_early","up","enhancer",FALSE,0.999450285741587,1.39813153533931,0.0944278453286056,"HOXB8"
"MA1503.1","HOXB9",0.0139602802527232,0.000238803511915076,"medulla_early","up","enhancer",FALSE,0.999450285741587,1.62859042584854,0.0792795741625213,"HOXB9"
"MA1504.1","HOXC4",-0.393797118876346,0.000238803511915076,"medulla_early","up","enhancer",FALSE,0.999450285741587,0.267922838417387,0.410087705276773,"HOXC4"
"MA1505.1","HOXC8",-0.053046608606178,0.000238803511915076,"medulla_early","up","enhancer",FALSE,0.999450285741587,0.263965553315281,0.586663564365419,"HOXC8"
"MA1506.1","HOXD10",0.0268902934506858,0.000238803511915076,"medulla_early","up","enhancer",FALSE,0.999450285741587,0.190949582551638,0.669177750340737,"HOXD10"
"MA1507.1","HOXD4",-0.449204690607314,0.000238803511915076,"medulla_early","up","enhancer",FALSE,0.999450285741587,0.465674993383879,0.254912947680986,"HOXD4"
"MA1508.1","IKZF1",-0.004762493489471,0.000238803511915076,"medulla_early","up","enhancer",FALSE,0.999450285741587,0.898286957646403,0.337113639531263,"IKZF1"
"MA1509.1","IRF6",-0.151360689719565,0.000238803511915076,"medulla_early","up","enhancer",FALSE,0.999450285741587,-0.38661834193706,0.266869981848371,"IRF6"
"MA1512.1","KLF11",0.0554593225270814,0.000238803511915076,"medulla_early","up","enhancer",FALSE,0.999450285741587,0.476311520645546,0.424029813339626,"KLF11"
"MA1513.1","KLF15",0.0220545216518149,0.000238803511915076,"medulla_early","up","enhancer",FALSE,0.999450285741587,-1.49302727518045,0.117121896380175,"KLF15"
"MA1516.1","KLF3",-0.0195547344335694,0.000238803511915076,"medulla_early","up","enhancer",FALSE,0.999450285741587,0.185551529066375,0.67411254469576,"KLF3"
"MA1518.1","LHX1",0.289309734316955,0.000238803511915076,"medulla_early","up","enhancer",FALSE,0.999450285741587,0.799750366275341,0.347677684451864,"LHX1"
"MA1520.1","MAF",-0.0796243805352308,0.000238803511915076,"medulla_early","up","enhancer",FALSE,0.999450285741587,-0.82789645632328,0.147136755264912,"MAF"
"MA1522.1","MAZ",0.0612739545845695,0.000238803511915076,"medulla_early","up","enhancer",FALSE,0.999450285741587,-0.0958296142094124,0.747251262944041,"MAZ"
"MA1523.1","MSANTD3",0.135829191533648,0.000238803511915076,"medulla_early","up","enhancer",FALSE,0.999450285741587,0.203248238908115,0.663274411054455,"MSANTD3"
"MA1525.1","NFATC4",-0.165987277450533,0.000238803511915076,"medulla_early","up","enhancer",FALSE,0.999450285741587,0.629049823424627,0.184756985739429,"NFATC4"
"MA1531.1","NR1D1",-0.298139258312401,0.000238803511915076,"medulla_early","up","enhancer",FALSE,0.999450285741587,-0.513315568569279,0.302709916052239,"NR1D1"
"MA1532.1","NR1D2",0.0115044648387874,0.000238803511915076,"medulla_early","up","enhancer",FALSE,0.999450285741587,-0.363144641708264,0.491782414825179,"NR1D2"
"MA1534.1","NR1I3",0.0226744111758581,0.000238803511915076,"medulla_early","up","enhancer",FALSE,0.999450285741587,-4.90358972781777,0.0658946979272671,"NR1I3"
"MA1535.1","NR2C1",-0.0834277885308197,0.000238803511915076,"medulla_early","up","enhancer",FALSE,0.999450285741587,0.05367508237393,0.914520893121088,"NR2C1"
"MA1542.1","OSR1",-0.0560462418959862,0.000238803511915076,"medulla_early","up","enhancer",FALSE,0.999450285741587,-0.829966851323582,0.26249742760543,"OSR1"
"MA1544.1","OVOL1",-0.207553993175946,0.000238803511915076,"medulla_early","up","enhancer",FALSE,0.999450285741587,-0.0315645819091044,0.964549166639799,"OVOL1"
"MA1547.1","PITX2",-0.295209982494437,0.000238803511915076,"medulla_early","up","enhancer",FALSE,0.999450285741587,-2.10144736674768,0.0637678535424862,"PITX2"
"MA1548.1","PLAGL2",-0.0706958654578127,0.000238803511915076,"medulla_early","up","enhancer",FALSE,0.999450285741587,-0.0427429810348618,0.92453845969006,"PLAGL2"
"MA1550.1","PPARD",0.210384386466691,0.000238803511915076,"medulla_early","up","enhancer",FALSE,0.999450285741587,0.891892322611441,0.0492181571789625,"PPARD"
"MA1554.1","RFX7",0.0345861468332664,0.000238803511915076,"medulla_early","up","enhancer",FALSE,0.999450285741587,-0.271942060787191,0.764607945021969,"RFX7"
"MA1557.1","SMAD5",0.265397766869579,0.000238803511915076,"medulla_early","up","enhancer",FALSE,0.999450285741587,-0.154342043721525,0.779330352383936,"SMAD5"
"MA1558.1","SNAI1",-0.0404281947185083,0.000238803511915076,"medulla_early","up","enhancer",FALSE,0.999450285741587,0.81959282012999,0.15362511420621,"SNAI1"
"MA1561.1","SOX12",-0.0627964336998055,0.000238803511915076,"medulla_early","up","enhancer",FALSE,0.999450285741587,-0.0523250419755064,0.920374044665355,"SOX12"
"MA1566.1","TBX3",-0.0120161746531435,0.000238803511915076,"medulla_early","up","enhancer",FALSE,0.999450285741587,1.52368608824319,0.0832738379815991,"TBX3"
"MA1567.1","TBX6",0.00474187244331059,0.000238803511915076,"medulla_early","up","enhancer",FALSE,0.999450285741587,-0.135759766743078,0.850143589044472,"TBX6"
"MA1573.1","THAP11",-0.450320934137849,0.000238803511915076,"medulla_early","up","enhancer",FALSE,0.999450285741587,-0.0164096684038499,0.968977526882527,"THAP11"
"MA1578.1","VEZF1",0.0859172321036965,0.000238803511915076,"medulla_early","up","enhancer",FALSE,0.999450285741587,0.308827442903024,0.354499548765985,"VEZF1"
"MA1579.1","ZBTB26",0.0390544515097133,0.000238803511915076,"medulla_early","up","enhancer",FALSE,0.999450285741587,-0.0484390005078721,0.936082817778804,"ZBTB26"
"MA1581.1","ZBTB6",-0.0370780051552586,0.000238803511915076,"medulla_early","up","enhancer",FALSE,0.999450285741587,-0.361137112953845,0.625151330776602,"ZBTB6"
"MA1585.1","ZKSCAN1",-0.285479027446173,0.000238803511915076,"medulla_early","up","enhancer",FALSE,0.999450285741587,-0.268958325939968,0.310786095392853,"ZKSCAN1"
"MA1589.1","ZNF140",-0.652861553302088,0.000238803511915076,"medulla_early","up","enhancer",FALSE,0.999450285741587,0.00868613362562964,0.988542582908716,"ZNF140"
"MA1592.1","ZNF274",0.118783206255248,0.000238803511915076,"medulla_early","up","enhancer",FALSE,0.999450285741587,0.38620323622967,0.18285194566605,"ZNF274"
"MA1593.1","ZNF317",-0.0924084031938186,0.000238803511915076,"medulla_early","up","enhancer",FALSE,0.999450285741587,0.129523139860242,0.662654974022624,"ZNF317"
"MA1594.1","ZNF382",-0.422137122783192,0.000238803511915076,"medulla_early","up","enhancer",FALSE,0.999450285741587,-0.474527871278598,0.316727206573792,"ZNF382"
"MA1600.1","ZNF684",0.015440201351347,0.000238803511915076,"medulla_early","up","enhancer",FALSE,0.999450285741587,-0.168546705403499,0.725166131620865,"ZNF684"
"MA1601.1","ZNF75D",-0.044492601437951,0.000238803511915076,"medulla_early","up","enhancer",FALSE,0.999450285741587,-0.200601746456184,0.248460709907167,"ZNF75D"
"MA0605.2","ATF3",-0.0152179936705874,0.000238803511915076,"medulla_early","up","enhancer",FALSE,0.999450285741587,1.35785809494138,0.0916266417248995,"ATF3"
"MA0462.2","BATF::JUN",0.119725518868247,0.000238803511915076,"medulla_early","up","enhancer",FALSE,0.999450285741587,1.6596789750096,0.06604313776341,"BATF"
"MA0463.2","BCL6",-0.470115381776664,0.000238803511915076,"medulla_early","up","enhancer",FALSE,0.999450285741587,0.280517860039863,0.446505194271569,"BCL6"
"MA0864.2","E2F2",-0.217489716952883,0.000238803511915076,"medulla_early","up","enhancer",FALSE,0.999450285741587,-0.123860062846695,0.931181324066667,"E2F2"
"MA0470.2","E2F4",0.137932667304286,0.000238803511915076,"medulla_early","up","enhancer",FALSE,0.999450285741587,0.301248728903738,0.178893459927132,"E2F4"
"MA0612.2","EMX1",-0.214415647331804,0.000238803511915076,"medulla_early","up","enhancer",FALSE,0.999450285741587,-3.31946901938768,0.0712060277233364,"EMX1"
"MA0847.2","FOXD2",0.0303669349577618,0.000238803511915076,"medulla_early","up","enhancer",FALSE,0.999450285741587,-1.65752812201017,0.0842898766585046,"FOXD2"
"MA0038.2","GFI1",0.0407639892491432,0.000238803511915076,"medulla_early","up","enhancer",FALSE,0.999450285741587,1.38160825886547,0.29103299967878,"GFI1"
"MA0734.2","GLI2",0.142939561316797,0.000238803511915076,"medulla_early","up","enhancer",FALSE,0.999450285741587,0.759269677713782,0.171262734067996,"GLI2"
"MA1099.2","HES1",0.059522839478972,0.000238803511915076,"medulla_early","up","enhancer",FALSE,0.999450285741587,1.01074502004133,0.0609514084546705,"HES1"
"MA0158.2","HOXA5",-0.357364144331633,0.000238803511915076,"medulla_early","up","enhancer",FALSE,0.999450285741587,0.471503276270981,0.150095664944483,"HOXA5"
"MA0594.2","HOXA9",-0.119309023946522,0.000238803511915076,"medulla_early","up","enhancer",FALSE,0.999450285741587,-0.374756110264792,0.202624239501647,"HOXA9"
"MA0902.2","HOXB2",-0.152827270233901,0.000238803511915076,"medulla_early","up","enhancer",FALSE,0.999450285741587,1.18195155391374,0.107278423978181,"HOXB2"
"MA0904.2","HOXB5",-0.432744648758112,0.000238803511915076,"medulla_early","up","enhancer",FALSE,0.999450285741587,0.853553809598613,0.157124880881629,"HOXB5"
"MA0485.2","HOXC9",-0.0348601204563517,0.000238803511915076,"medulla_early","up","enhancer",FALSE,0.999450285741587,0.208948432848126,0.537744862576777,"HOXC9"
"MA0912.2","HOXD3",-0.498254110855205,0.000238803511915076,"medulla_early","up","enhancer",FALSE,0.999450285741587,0.194409940203093,0.623939254874101,"HOXD3"
"MA0910.2","HOXD8",-0.223909309563052,0.000238803511915076,"medulla_early","up","enhancer",FALSE,0.999450285741587,0.06076443969084,0.896442211160504,"HOXD8"
"MA0913.2","HOXD9",-0.16822649084084,0.000238803511915076,"medulla_early","up","enhancer",FALSE,0.999450285741587,0.344924367183701,0.399224265377298,"HOXD9"
"MA0703.2","LMX1B",-0.226900918452292,0.000238803511915076,"medulla_early","up","enhancer",FALSE,0.999450285741587,-3.77992993111808,0.0901544811220524,"LMX1B"
"MA0842.2","NRL",0.0668416194679731,0.000238803511915076,"medulla_early","up","enhancer",FALSE,0.999450285741587,-0.508515726317723,0.238721818287497,"NRL"
"MA0075.3","PRRX2",-0.136133211957354,0.000238803511915076,"medulla_early","up","enhancer",FALSE,0.999450285741587,1.3887251508707,0.128122391867741,"PRRX2"
"MA0867.2","SOX4",-0.0537374460821614,0.000238803511915076,"medulla_early","up","enhancer",FALSE,0.999450285741587,0.631680146267919,0.195720062516252,"SOX4"
"MA0079.4","SP1",0.0461801583179158,0.000238803511915076,"medulla_early","up","enhancer",FALSE,0.999450285741587,-0.137530648943236,0.821174739945068,"SP1"
"MA0746.2","SP3",0.105257001401515,0.000238803511915076,"medulla_early","up","enhancer",FALSE,0.999450285741587,0.0059421778446227,0.99073376411167,"SP3"
"MA0632.2","TCFL5",0.0545924132133262,0.000238803511915076,"medulla_early","up","enhancer",FALSE,0.999450285741587,-0.125984535075871,0.641277270968521,"TCFL5"
"MA0871.2","TFEC",-0.00967487887605589,0.000238803511915076,"medulla_early","up","enhancer",FALSE,0.999450285741587,-2.10892727520893,0.077937476246155,"TFEC"
"MA1632.1","ATF2",-0.0980457094573097,0.000238803511915076,"medulla_early","up","enhancer",FALSE,0.999450285741587,-0.218878644399152,0.560809061434973,"ATF2"
"MA1633.1","BACH1",0.0643103923695767,0.000238803511915076,"medulla_early","up","enhancer",FALSE,0.999450285741587,0.245167934407919,0.678642741180705,"BACH1"
"MA1634.1","BATF",0.0849244151994579,0.000238803511915076,"medulla_early","up","enhancer",FALSE,0.999450285741587,1.6596789750096,0.06604313776341,"BATF"
"MA1637.1","EBF3",0.0342614493400912,0.000238803511915076,"medulla_early","up","enhancer",FALSE,0.999450285741587,0.811550634572563,0.285610513960871,"EBF3"
"MA1643.1","NFIB",0.087471037537818,0.000238803511915076,"medulla_early","up","enhancer",FALSE,0.999450285741587,-0.443600970555623,0.236817474381606,"NFIB"
"MA1644.1","NFYC",0.145069175011539,0.000238803511915076,"medulla_early","up","enhancer",FALSE,0.999450285741587,-0.00262316901602411,0.99394663650825,"NFYC"
"MA1646.1","OSR2",0.040627516182842,0.000238803511915076,"medulla_early","up","enhancer",FALSE,0.999450285741587,1.06532246041255,0.178760150603818,"OSR2"
"MA1647.1","PRDM4",-0.0779978203532625,0.000238803511915076,"medulla_early","up","enhancer",FALSE,0.999450285741587,0.217812095886533,0.302222416185763,"PRDM4"
"MA1649.1","ZBTB12",-0.0568762782856869,0.000238803511915076,"medulla_early","up","enhancer",FALSE,0.999450285741587,0.0661264192595086,0.914745875678653,"ZBTB12"
"MA1651.1","ZFP42",0.0296025958201511,0.000238803511915076,"medulla_early","up","enhancer",FALSE,0.999450285741587,1.4049632968339,0.0908580901674158,"ZFP42"
"MA1652.1","ZKSCAN5",0.0186435824816051,0.000238803511915076,"medulla_early","up","enhancer",FALSE,0.999450285741587,0.172677139383119,0.537744862576777,"ZKSCAN5"
"MA1653.1","ZNF148",0.0520806935734424,0.000238803511915076,"medulla_early","up","enhancer",FALSE,0.999450285741587,-0.163540537254645,0.614516383449939,"ZNF148"
"MA1654.1","ZNF16",-0.0665188305668529,0.000238803511915076,"medulla_early","up","enhancer",FALSE,0.999450285741587,0.358892154672663,0.108598298396234,"ZNF16"
"MA1655.1","ZNF341",0.0721865694349644,0.000238803511915076,"medulla_early","up","enhancer",FALSE,0.999450285741587,-0.0842169612582779,0.812490975545782,"ZNF341"
"MA1656.1","ZNF449",0.0390257914007792,0.000238803511915076,"medulla_early","up","enhancer",FALSE,0.999450285741587,0.209226312368565,0.622294120606598,"ZNF449"
"MA1657.1","ZNF652",-0.0750193830240038,0.000238803511915076,"medulla_early","up","enhancer",FALSE,0.999450285741587,-0.459728421087832,0.344625947814912,"ZNF652"
"MA1683.1","FOXA3",-0.184893969767685,0.000238803511915076,"medulla_early","up","enhancer",FALSE,0.999450285741587,2.63328875361704,0.122337589758941,"FOXA3"
"MA0835.2","BATF3",0.123986410330307,0.000238803511915076,"medulla_early","up","enhancer",FALSE,0.999450285741587,1.04702307697538,0.259033656862174,"BATF3"
"MA0102.4","CEBPA",0.214860506756041,0.000238803511915076,"medulla_early","up","enhancer",FALSE,0.999450285741587,-0.750693487416026,0.213010947113534,"CEBPA"
"MA0836.2","CEBPD",0.197476606927182,0.000238803511915076,"medulla_early","up","enhancer",FALSE,0.999450285741587,1.454422789141,0.06604313776341,"CEBPD"
"MA0018.4","CREB1",0.0521989946600101,0.000238803511915076,"medulla_early","up","enhancer",FALSE,0.999450285741587,0.0489183839653187,0.89378345624792,"CREB1"
"MA0471.2","E2F6",0.0592933536837261,0.000238803511915076,"medulla_early","up","enhancer",FALSE,0.999450285741587,0.092236149129326,0.735101504111633,"E2F6"
"MA0162.4","EGR1",-0.0105439765272752,0.000238803511915076,"medulla_early","up","enhancer",FALSE,0.999450285741587,1.20612237390305,0.310124947087848,"EGR1"
"MA0598.3","EHF",0.0322267125662821,0.000238803511915076,"medulla_early","up","enhancer",FALSE,0.999450285741587,0.962007345090133,0.232418019910113,"EHF"
"MA0473.3","ELF1",0.0362638067520962,0.000238803511915076,"medulla_early","up","enhancer",FALSE,0.999450285741587,0.19418631381297,0.588249029107439,"ELF1"
"MA0592.3","ESRRA",-0.0687970095660786,0.000238803511915076,"medulla_early","up","enhancer",FALSE,0.999450285741587,-0.589542731640699,0.155741415377636,"ESRRA"
"MA0764.2","ETV4",0.0178729244041804,0.000238803511915076,"medulla_early","up","enhancer",FALSE,0.999450285741587,1.00169138540545,0.112500476841191,"ETV4"
"MA0765.2","ETV5",0.118620326545501,0.000238803511915076,"medulla_early","up","enhancer",FALSE,0.999450285741587,-1.46602920869963,0.0672971010070892,"ETV5"
"MA0477.2","FOSL1",0.0787219978571123,0.000238803511915076,"medulla_early","up","enhancer",FALSE,0.999450285741587,1.99314244351486,0.0834337048981768,"FOSL1"
"MA1103.2","FOXK2",-0.105235200996661,0.000238803511915076,"medulla_early","up","enhancer",FALSE,0.999450285741587,-0.447632773770378,0.0878476068286651,"FOXK2"
"MA0481.3","FOXP1",-0.200050405388911,0.000238803511915076,"medulla_early","up","enhancer",FALSE,0.999450285741587,0.212742459812227,0.446926516035402,"FOXP1"
"MA0062.3","GABPA",0.0638908695571931,0.000238803511915076,"medulla_early","up","enhancer",FALSE,0.999450285741587,-0.243705616428664,0.418675712352007,"GABPA"
"MA1104.2","GATA6",0.14835914962568,0.000238803511915076,"medulla_early","up","enhancer",FALSE,0.999450285741587,0.645828380756313,0.206754904684928,"GATA6"
"MA1105.2","GRHL2",0.00657753178552323,0.000238803511915076,"medulla_early","up","enhancer",FALSE,0.999450285741587,0.847022715254837,0.104252829176874,"GRHL2"
"MA0114.4","HNF4A",-0.118756472819836,0.000238803511915076,"medulla_early","up","enhancer",FALSE,0.999450285741587,-3.75826701797676,0.103850085880759,"HNF4A"
"MA0484.2","HNF4G",-0.207004584015194,0.000238803511915076,"medulla_early","up","enhancer",FALSE,0.999450285741587,-2.88270133087316,0.0660196082957075,"HNF4G"
"MA0490.2","JUNB",-0.0321420174281037,0.000238803511915076,"medulla_early","up","enhancer",FALSE,0.999450285741587,1.4087399624279,0.110679890761521,"JUNB"
"MA0491.2","JUND",0.00397399742651672,0.000238803511915076,"medulla_early","up","enhancer",FALSE,0.999450285741587,0.187699156397174,0.685974858607979,"JUND"
"MA0495.3","MAFF",-0.293690515453139,0.000238803511915076,"medulla_early","up","enhancer",FALSE,0.999450285741587,1.52535659330182,0.0668960896156621,"MAFF"
"MA0659.2","MAFG",-0.0498303306303614,0.000238803511915076,"medulla_early","up","enhancer",FALSE,0.999450285741587,-0.00138173488101945,0.996703543959395,"MAFG"
"MA0496.3","MAFK",0.0894679313785378,0.000238803511915076,"medulla_early","up","enhancer",FALSE,0.999450285741587,0.0931644558976767,0.812369843003484,"MAFK"
"MA0052.4","MEF2A",-0.0907376159865203,0.000238803511915076,"medulla_early","up","enhancer",FALSE,0.999450285741587,0.473138761157531,0.150095664944483,"MEF2A"
"MA0620.3","MITF",-0.268023717357999,0.000238803511915076,"medulla_early","up","enhancer",FALSE,0.999450285741587,-0.266035813894056,0.414822224854763,"MITF"
"MA1108.2","MXI1",-0.0658889801076166,0.000238803511915076,"medulla_early","up","enhancer",FALSE,0.999450285741587,-0.876309316145971,0.0770476661946693,"MXI1"
"MA0056.2","MZF1",-0.00830898995462359,0.000238803511915076,"medulla_early","up","enhancer",FALSE,0.999450285741587,0.234397851002226,0.289935430825961,"MZF1"
"MA0089.2","NFE2L1",-0.125057665445219,0.000238803511915076,"medulla_early","up","enhancer",FALSE,0.999450285741587,0.250576209871364,0.291460571276196,"NFE2L1"
"MA0025.2","NFIL3",0.20613134398047,0.000238803511915076,"medulla_early","up","enhancer",FALSE,0.999450285741587,0.745980541597738,0.122501804370263,"NFIL3"
"MA0502.2","NFYB",0.0347705386497221,0.000238803511915076,"medulla_early","up","enhancer",FALSE,0.999450285741587,0.224248324784698,0.332944855673808,"NFYB"
"MA1112.2","NR4A1",-0.062143869965289,0.000238803511915076,"medulla_early","up","enhancer",FALSE,0.999450285741587,0.584862578948409,0.66978651208401,"NR4A1"
"MA0679.2","ONECUT1",0.112901206118663,0.000238803511915076,"medulla_early","up","enhancer",FALSE,0.999450285741587,-3.39878981480351,0.117836266285429,"ONECUT1"
"MA1113.2","PBX2",-0.143326547040084,0.000238803511915076,"medulla_early","up","enhancer",FALSE,0.999450285741587,0.168210555534477,0.431059780126037,"PBX2"
"MA0782.2","PKNOX1",0.134755061785188,0.000238803511915076,"medulla_early","up","enhancer",FALSE,0.999450285741587,0.330737363291956,0.187097608107032,"PKNOX1"
"MA0508.3","PRDM1",0.0292156398631915,0.000238803511915076,"medulla_early","up","enhancer",FALSE,0.999450285741587,0.499682259790166,0.568062588577106,"PRDM1"
"MA0509.2","RFX1",0.117103243372947,0.000238803511915076,"medulla_early","up","enhancer",FALSE,0.999450285741587,0.181643986679529,0.551825447303425,"RFX1"
"MA0684.2","RUNX3",0.049184061040175,0.000238803511915076,"medulla_early","up","enhancer",FALSE,0.999450285741587,1.1763613565025,0.213894900158756,"RUNX3"
"MA0745.2","SNAI2",-0.0497423876895624,0.000238803511915076,"medulla_early","up","enhancer",FALSE,0.999450285741587,1.10385608658876,0.0503095719599114,"SNAI2"
"MA0522.3","TCF3",0.1085254492384,0.000238803511915076,"medulla_early","up","enhancer",FALSE,0.999450285741587,0.466528757923918,0.109143448514621,"TCF3"
"MA0830.2","TCF4",-0.0245027218399976,0.000238803511915076,"medulla_early","up","enhancer",FALSE,0.999450285741587,0.393146960839339,0.406470064965393,"TCF4"
"MA0769.2","TCF7",0.0969618410005459,0.000238803511915076,"medulla_early","up","enhancer",FALSE,0.999450285741587,0.546792028975311,0.314754359974694,"TCF7"
"MA0090.3","TEAD1",0.11416073435668,0.000238803511915076,"medulla_early","up","enhancer",FALSE,0.999450285741587,0.177381570686959,0.795003735824565,"TEAD1"
"MA0809.2","TEAD4",0.0923584325859901,0.000238803511915076,"medulla_early","up","enhancer",FALSE,0.999450285741587,0.756875322572355,0.071132448064588,"TEAD4"
"MA0003.4","TFAP2A",0.0320571720713989,0.000238803511915076,"medulla_early","up","enhancer",FALSE,0.999450285741587,1.12951183829806,0.140698726798868,"TFAP2A"
"MA0093.3","USF1",-0.317297586012117,0.000238803511915076,"medulla_early","up","enhancer",FALSE,0.999450285741587,0.607629080710937,0.169727927955546,"USF1"
"MA0526.3","USF2",-0.328312803670737,0.000238803511915076,"medulla_early","up","enhancer",FALSE,0.999450285741587,-0.0663723136822663,0.854801657673229,"USF2"
"MA0528.2","ZNF263",-0.0543027148437449,0.000238803511915076,"medulla_early","up","enhancer",FALSE,0.999450285741587,0.255528989001911,0.208757420908938,"ZNF263"
"MA0609.2","CREM",-0.268148998269078,0.000238803511915076,"medulla_early","up","enhancer",FALSE,0.999450285741587,0.785524708417041,0.107275306419822,"CREM"
"MA0900.2","HOXA2",-0.562237307660642,6.06006653848543e-05,"medulla_early","up","enhancer",FALSE,0.99986047154626,0.837613405220707,0.154134101045651,"HOXA2"
"MA0469.3","E2F3",-0.0854412595821343,0,"medulla_early","up","enhancer",FALSE,1,-1.16985375144796,0.164158832744677,"E2F3"
"MA0652.1","IRF8",0.960292498475748,1.53437603703477,"medulla_early","up","promoter",TRUE,0.0292162157506151,1.18274000047459,0.101574921715219,"IRF8"
"MA1418.1","IRF3",1.05399339483245,1.53437603703477,"medulla_early","up","promoter",TRUE,0.0292162157506151,0.307725893196871,0.370567254683869,"IRF3"
"MA0137.3","STAT1",0.897770775849044,1.32947250912954,"medulla_early","up","promoter",TRUE,0.0468303594084984,0.892153553169537,0.153114577868935,"STAT1"
"MA0517.1","STAT1::STAT2",0.777388916478704,0.91945958347184,"medulla_early","up","promoter",TRUE,0.120376140961918,0.892153553169537,0.153114577868935,"STAT1"
"MA0050.2","IRF1",0.617926484110668,0.127497316856589,"medulla_early","up","promoter",TRUE,0.745594478420024,1.42681426997678,0.0671876671908609,"IRF1"
"MA0768.1","LEF1",0.688333728772645,0.127497316856589,"medulla_early","up","promoter",TRUE,0.745594478420024,0.653669264335977,0.178162077515761,"LEF1"
"MA0788.1","POU3F3",0.734210336097105,0.127497316856589,"medulla_early","up","promoter",TRUE,0.745594478420024,-0.303769583298376,0.459163556728696,"POU3F3"
"MA1147.1","NR4A2::RXRA",0.578700804822806,0.127497316856589,"medulla_early","up","promoter",TRUE,0.745594478420024,0.670144111666451,0.506393131551157,"NR4A2"
"MA0075.3","PRRX2",0.693838539722022,0.127497316856589,"medulla_early","up","promoter",TRUE,0.745594478420024,1.3887251508707,0.128122391867741,"PRRX2"
"MA0653.1","IRF9",0.597462949453306,0.122184642360356,"medulla_early","up","promoter",TRUE,0.75477126485507,1.10057616102454,0.0538801276677179,"IRF9"
"MA0772.1","IRF7",0.669029383597685,0.122184642360356,"medulla_early","up","promoter",TRUE,0.75477126485507,0.786539281622198,0.288943154598854,"IRF7"
"MA1149.1","RARA::RXRG",0.403992581652314,0.122184642360356,"medulla_early","up","promoter",TRUE,0.75477126485507,-1.92633319462346,0.173777595901941,"RXRG"
"MA0597.1","THAP1",0.443288114813486,0.0544590006708151,"medulla_early","up","promoter",TRUE,0.882147076810354,-0.174647403581858,0.542521541921057,"THAP1"
"MA0628.1","POU6F1",0.640966520509117,0.0544590006708151,"medulla_early","up","promoter",TRUE,0.882147076810354,0.508698992617218,0.182444066184707,"POU6F1"
"MA0716.1","PRRX1",0.592947221293185,0.0544590006708151,"medulla_early","up","promoter",TRUE,0.882147076810354,-0.166015221967061,0.841536489450615,"PRRX1"
"MA0722.1","VAX1",0.591040792596967,0.0544590006708151,"medulla_early","up","promoter",TRUE,0.882147076810354,-3.438831185671,0.155425998835213,"VAX1"
"MA1106.1","HIF1A",0.388890124128865,0.0544590006708151,"medulla_early","up","promoter",TRUE,0.882147076810354,1.01651237888565,0.207865436005933,"HIF1A"
"MA1138.1","FOSL2::JUNB",0.539112916779277,0.0544590006708151,"medulla_early","up","promoter",TRUE,0.882147076810354,1.08455929293645,0.0618584746703685,"FOSL2"
"MA0693.2","VDR",0.450532587278086,0.0544590006708151,"medulla_early","up","promoter",TRUE,0.882147076810354,-1.09932889011824,0.372016550714213,"VDR"
"MA1504.1","HOXC4",0.580757627528097,0.0544590006708151,"medulla_early","up","promoter",TRUE,0.882147076810354,0.267922838417387,0.410087705276773,"HOXC4"
"MA0912.2","HOXD3",0.580270454123625,0.0544590006708151,"medulla_early","up","promoter",TRUE,0.882147076810354,0.194409940203093,0.623939254874101,"HOXD3"
"MA0632.2","TCFL5",0.224336167153175,0.0544590006708151,"medulla_early","up","promoter",TRUE,0.882147076810354,-0.125984535075871,0.641277270968521,"TCFL5"
"MA1654.1","ZNF16",0.605496986945809,0.0544590006708151,"medulla_early","up","promoter",TRUE,0.882147076810354,0.358892154672663,0.108598298396234,"ZNF16"
"MA0502.2","NFYB",0.502839086908489,0.0544590006708151,"medulla_early","up","promoter",TRUE,0.882147076810354,0.224248324784698,0.332944855673808,"NFYB"
"MA0042.2","FOXI1",0.470740929666589,0.0426356397495242,"medulla_early","up","promoter",TRUE,0.906492802663067,-0.875336820839591,0.315134881631071,"FOXI1"
"MA0785.1","POU2F1",0.525914438467313,0.0426356397495242,"medulla_early","up","promoter",TRUE,0.906492802663067,-0.0254606879461252,0.968977526882527,"POU2F1"
"MA0793.1","POU6F2",0.519436840699623,0.0426356397495242,"medulla_early","up","promoter",TRUE,0.906492802663067,1.25362859490879,0.254904639470336,"POU6F2"
"MA0848.1","FOXO4",0.470740929666589,0.0426356397495242,"medulla_early","up","promoter",TRUE,0.906492802663067,-0.386816279001445,0.142466418389761,"FOXO4"
"MA0104.4","MYCN",0.335447152805499,0.0426356397495242,"medulla_early","up","promoter",TRUE,0.906492802663067,-0.944861256508446,0.0912934439993276,"MYCN"
"MA1144.1","FOSL2::JUND",0.487361072242362,0.0426356397495242,"medulla_early","up","promoter",TRUE,0.906492802663067,1.08455929293645,0.0618584746703685,"FOSL2"
"MA1419.1","IRF4",0.419724117113045,0.0426356397495242,"medulla_early","up","promoter",TRUE,0.906492802663067,-0.320259409710066,0.832412432586757,"IRF4"
"MA1507.1","HOXD4",0.537427611610481,0.0426356397495242,"medulla_early","up","promoter",TRUE,0.906492802663067,0.465674993383879,0.254912947680986,"HOXD4"
"MA1531.1","NR1D1",0.51632670354346,0.0426356397495242,"medulla_early","up","promoter",TRUE,0.906492802663067,-0.513315568569279,0.302709916052239,"NR1D1"
"MA1532.1","NR1D2",0.456920152601428,0.0426356397495242,"medulla_early","up","promoter",TRUE,0.906492802663067,-0.363144641708264,0.491782414825179,"NR1D2"
"MA1495.1","HOXA1",0.473457139323579,0.0402018386956186,"medulla_early","up","promoter",TRUE,0.911587080093351,0.241264764447689,0.669339778333461,"HOXA1"
"MA0052.4","MEF2A",0.47694714438561,0.0197312019346829,"medulla_early","up","promoter",TRUE,0.955583842936674,0.473138761157531,0.150095664944483,"MEF2A"
"MA0900.2","HOXA2",0.479829293210078,0.0148996192138159,"medulla_early","up","promoter",TRUE,0.966274193258282,0.837613405220707,0.154134101045651,"HOXA2"
"MA0051.1","IRF2",0.371408539146937,0.0104752299180917,"medulla_early","up","promoter",TRUE,0.976168456826511,0.217173928590692,0.341640931174144,"IRF2"
"MA0059.1","MAX::MYC",0.327381838213645,0.0104752299180917,"medulla_early","up","promoter",TRUE,0.976168456826511,0.840782416698474,0.234985963307979,"MYC"
"MA0070.1","PBX1",0.422438500865073,0.0104752299180917,"medulla_early","up","promoter",TRUE,0.976168456826511,0.504126129843289,0.19190814414701,"PBX1"
"MA0138.2","REST",0.319105434569098,0.0104752299180917,"medulla_early","up","promoter",TRUE,0.976168456826511,-0.0415618307860806,0.945209506982702,"REST"
"MA0259.1","ARNT::HIF1A",0.17942486318776,0.0104752299180917,"medulla_early","up","promoter",TRUE,0.976168456826511,1.01651237888565,0.207865436005933,"HIF1A"
"MA0476.1","FOS",0.403592679951907,0.0104752299180917,"medulla_early","up","promoter",TRUE,0.976168456826511,0.790444411147782,0.495819179428345,"FOS"
"MA0478.1","FOSL2",0.385656724877981,0.0104752299180917,"medulla_early","up","promoter",TRUE,0.976168456826511,1.08455929293645,0.0618584746703685,"FOSL2"
"MA0497.1","MEF2C",0.420650103739241,0.0104752299180917,"medulla_early","up","promoter",TRUE,0.976168456826511,0.462020070154845,0.135488088859171,"MEF2C"
"MA0507.1","POU2F2",0.417741381607525,0.0104752299180917,"medulla_early","up","promoter",TRUE,0.976168456826511,1.55969797562014,0.0967970792705109,"POU2F2"
"MA0523.1","TCF7L2",0.365909417945734,0.0104752299180917,"medulla_early","up","promoter",TRUE,0.976168456826511,0.41684490565464,0.143092339078767,"TCF7L2"
"MA0144.2","STAT3",0.311477081568928,0.0104752299180917,"medulla_early","up","promoter",TRUE,0.976168456826511,0.708432150176781,0.0636959946514459,"STAT3"
"MA0658.1","LHX6",0.409531671047243,0.0104752299180917,"medulla_early","up","promoter",TRUE,0.976168456826511,0.610815883501578,0.153367181687364,"LHX6"
"MA0663.1","MLX",0.359044776017295,0.0104752299180917,"medulla_early","up","promoter",TRUE,0.976168456826511,-0.045305214304185,0.886627030661515,"MLX"
"MA0664.1","MLXIPL",0.370674831524064,0.0104752299180917,"medulla_early","up","promoter",TRUE,0.976168456826511,-3.29180772933465,0.0791697779134321,"MLXIPL"
"MA0692.1","TFEB",0.3541091560588,0.0104752299180917,"medulla_early","up","promoter",TRUE,0.976168456826511,0.328272024454406,0.227690645055759,"TFEB"
"MA0752.1","ZNF410",0.246451091046426,0.0104752299180917,"medulla_early","up","promoter",TRUE,0.976168456826511,-0.100949867114212,0.657355619379551,"ZNF410"
"MA0511.2","RUNX2",0.34013049732366,0.0104752299180917,"medulla_early","up","promoter",TRUE,0.976168456826511,0.755105408746354,0.28969735297338,"RUNX2"
"MA0058.3","MAX",0.333571969110189,0.0104752299180917,"medulla_early","up","promoter",TRUE,0.976168456826511,0.234064132878819,0.355100406815999,"MAX"
"MA0825.1","MNT",0.349946988466342,0.0104752299180917,"medulla_early","up","promoter",TRUE,0.976168456826511,0.304837644860451,0.222953636563293,"MNT"
"MA0889.1","GBX1",0.431276892888417,0.0104752299180917,"medulla_early","up","promoter",TRUE,0.976168456826511,0.459518028931596,0.410557045323838,"GBX1"
"MA0903.1","HOXB3",0.365968597563697,0.0104752299180917,"medulla_early","up","promoter",TRUE,0.976168456826511,0.859617502903848,0.162190378311986,"HOXB3"
"MA0060.3","NFYA",0.369219890820807,0.0104752299180917,"medulla_early","up","promoter",TRUE,0.976168456826511,0.117003503198894,0.779532084746545,"NFYA"
"MA0099.3","FOS::JUN",0.451298330535792,0.0104752299180917,"medulla_early","up","promoter",TRUE,0.976168456826511,0.790444411147782,0.495819179428345,"FOS"
"MA1134.1","FOS::JUNB",0.40851608933681,0.0104752299180917,"medulla_early","up","promoter",TRUE,0.976168456826511,1.4087399624279,0.110679890761521,"JUNB"
"MA1135.1","FOSB::JUNB",0.440541960003577,0.0104752299180917,"medulla_early","up","promoter",TRUE,0.976168456826511,1.4087399624279,0.110679890761521,"JUNB"
"MA1137.1","FOSL1::JUNB",0.338490572399126,0.0104752299180917,"medulla_early","up","promoter",TRUE,0.976168456826511,1.99314244351486,0.0834337048981768,"FOSL1"
"MA1146.1","NR1H4::RXRA",0.295991706402614,0.0104752299180917,"medulla_early","up","promoter",TRUE,0.976168456826511,-2.5467066004487,0.0702346883737401,"NR1H4"
"MA1464.1","ARNT2",0.293126259327021,0.0104752299180917,"medulla_early","up","promoter",TRUE,0.976168456826511,0.178622021624861,0.717302137818283,"ARNT2"
"MA1508.1","IKZF1",0.259409346442684,0.0104752299180917,"medulla_early","up","promoter",TRUE,0.976168456826511,0.898286957646403,0.337113639531263,"IKZF1"
"MA1542.1","OSR1",0.28843723328092,0.0104752299180917,"medulla_early","up","promoter",TRUE,0.976168456826511,-0.829966851323582,0.26249742760543,"OSR1"
"MA1557.1","SMAD5",0.415361483237392,0.0104752299180917,"medulla_early","up","promoter",TRUE,0.976168456826511,-0.154342043721525,0.779330352383936,"SMAD5"
"MA1578.1","VEZF1",0.116395729930233,0.0104752299180917,"medulla_early","up","promoter",TRUE,0.976168456826511,0.308827442903024,0.354499548765985,"VEZF1"
"MA1600.1","ZNF684",0.383882170336336,0.0104752299180917,"medulla_early","up","promoter",TRUE,0.976168456826511,-0.168546705403499,0.725166131620865,"ZNF684"
"MA0462.2","BATF::JUN",0.324252041119351,0.0104752299180917,"medulla_early","up","promoter",TRUE,0.976168456826511,1.6596789750096,0.06604313776341,"BATF"
"MA0612.2","EMX1",0.420122371251729,0.0104752299180917,"medulla_early","up","promoter",TRUE,0.976168456826511,-3.31946901938768,0.0712060277233364,"EMX1"
"MA0766.2","GATA5",0.316463136186589,0.0104752299180917,"medulla_early","up","promoter",TRUE,0.976168456826511,-0.785689225094325,0.212489424946824,"GATA5"
"MA0038.2","GFI1",0.365919481728759,0.0104752299180917,"medulla_early","up","promoter",TRUE,0.976168456826511,1.38160825886547,0.29103299967878,"GFI1"
"MA0703.2","LMX1B",0.421200296868587,0.0104752299180917,"medulla_early","up","promoter",TRUE,0.976168456826511,-3.77992993111808,0.0901544811220524,"LMX1B"
"MA1634.1","BATF",0.435202687260286,0.0104752299180917,"medulla_early","up","promoter",TRUE,0.976168456826511,1.6596789750096,0.06604313776341,"BATF"
"MA1643.1","NFIB",0.348768845774879,0.0104752299180917,"medulla_early","up","promoter",TRUE,0.976168456826511,-0.443600970555623,0.236817474381606,"NFIB"
"MA1646.1","OSR2",0.215765287807191,0.0104752299180917,"medulla_early","up","promoter",TRUE,0.976168456826511,1.06532246041255,0.178760150603818,"OSR2"
"MA1653.1","ZNF148",0.0481232986648195,0.0104752299180917,"medulla_early","up","promoter",TRUE,0.976168456826511,-0.163540537254645,0.614516383449939,"ZNF148"
"MA0835.2","BATF3",0.439354908699408,0.0104752299180917,"medulla_early","up","promoter",TRUE,0.976168456826511,1.04702307697538,0.259033656862174,"BATF3"
"MA0598.3","EHF",0.191859901334512,0.0104752299180917,"medulla_early","up","promoter",TRUE,0.976168456826511,0.962007345090133,0.232418019910113,"EHF"
"MA0761.2","ETV1",0.217997177560968,0.0104752299180917,"medulla_early","up","promoter",TRUE,0.976168456826511,-0.620578076459693,0.198011166160564,"ETV1"
"MA0477.2","FOSL1",0.31958853245256,0.0104752299180917,"medulla_early","up","promoter",TRUE,0.976168456826511,1.99314244351486,0.0834337048981768,"FOSL1"
"MA0062.3","GABPA",0.19696404240207,0.0104752299180917,"medulla_early","up","promoter",TRUE,0.976168456826511,-0.243705616428664,0.418675712352007,"GABPA"
"MA1104.2","GATA6",0.398068460691664,0.0104752299180917,"medulla_early","up","promoter",TRUE,0.976168456826511,0.645828380756313,0.206754904684928,"GATA6"
"MA0491.2","JUND",0.457711460429371,0.0104752299180917,"medulla_early","up","promoter",TRUE,0.976168456826511,0.187699156397174,0.685974858607979,"JUND"
"MA0782.2","PKNOX1",0.374613790152043,0.0104752299180917,"medulla_early","up","promoter",TRUE,0.976168456826511,0.330737363291956,0.187097608107032,"PKNOX1"
"MA0506.1","NRF1",0.0845222380201749,0.00863156342211594,"medulla_early","up","promoter",TRUE,0.980321294748492,0.358516284174075,0.12706932132958,"NRF1"
"MA0867.2","SOX4",0.209735113963757,0.00863156342211594,"medulla_early","up","promoter",TRUE,0.980321294748492,0.631680146267919,0.195720062516252,"SOX4"
"MA0031.1","FOXD1",0.203423562984476,0,"medulla_early","up","promoter",TRUE,1,0.63017856901305,0.121903352863792,"FOXD1"
"MA0066.1","PPARG",-0.617377459148234,0,"medulla_early","up","promoter",TRUE,1,1.37320301516143,0.0869135823172405,"PPARG"
"MA0071.1","RORA",-0.330939836721883,0,"medulla_early","up","promoter",TRUE,1,-0.560742748182804,0.335161734083373,"RORA"
"MA0073.1","RREB1",0.0724850538977835,0,"medulla_early","up","promoter",TRUE,1,-0.232197035188481,0.618080744818636,"RREB1"
"MA0074.1","RXRA::VDR",-0.102928636107475,0,"medulla_early","up","promoter",TRUE,1,-1.09932889011824,0.372016550714213,"VDR"
"MA0077.1","SOX9",-0.383683394883021,0,"medulla_early","up","promoter",TRUE,1,0.149611239615608,0.904147284538814,"SOX9"
"MA0091.1","TAL1::TCF3",0.119719456844508,0,"medulla_early","up","promoter",TRUE,1,0.760909391800218,0.0716761923256732,"TAL1"
"MA0101.1","REL",-0.0921726590572129,0,"medulla_early","up","promoter",TRUE,1,0.0800215676474639,0.968675604394128,"REL"
"MA0107.1","RELA",0.00277113304082821,0,"medulla_early","up","promoter",TRUE,1,0.558077788889914,0.0564862461561881,"RELA"
"MA0115.1","NR1H2::RXRA",-0.0978430643883081,0,"medulla_early","up","promoter",TRUE,1,0.285160089250391,0.249873545188576,"NR1H2"
"MA0119.1","NFIC::TLX1",0.292603508141823,0,"medulla_early","up","promoter",TRUE,1,0.110585462196594,0.718758563012995,"NFIC"
"MA0139.1","CTCF",-0.00435894154427707,0,"medulla_early","up","promoter",TRUE,1,-0.00889126866160517,0.974038165068298,"CTCF"
"MA0152.1","NFATC2",-0.355597908386284,0,"medulla_early","up","promoter",TRUE,1,0.590951661666812,0.346753245063191,"NFATC2"
"MA0159.1","RARA::RXRA",-0.194757907866301,0,"medulla_early","up","promoter",TRUE,1,0.237473110317985,0.33777301629397,"RARA"
"MA0160.1","NR4A2",-0.223074466837878,0,"medulla_early","up","promoter",TRUE,1,0.670144111666451,0.506393131551157,"NR4A2"
"MA0163.1","PLAG1",0.0550922568182335,0,"medulla_early","up","promoter",TRUE,1,0.482897442141747,0.518320027008768,"PLAG1"
"MA0488.1","JUN",0.107021883411071,0,"medulla_early","up","promoter",TRUE,1,0.25851843413685,0.588249029107439,"JUN"
"MA0501.1","MAF::NFE2",-0.0491374334342813,0,"medulla_early","up","promoter",TRUE,1,-0.82789645632328,0.147136755264912,"MAF"
"MA0504.1","NR2C2",-0.021211427730119,0,"medulla_early","up","promoter",TRUE,1,0.0494679283340194,0.9302329235975,"NR2C2"
"MA0513.1","SMAD2::SMAD3::SMAD4",0.0826644688572946,0,"medulla_early","up","promoter",TRUE,1,-0.168477519832847,0.552834077757077,"SMAD4"
"MA0527.1","ZBTB33",-0.0882346795444011,0,"medulla_early","up","promoter",TRUE,1,-0.0650986887417684,0.914667083595947,"ZBTB33"
"MA0076.2","ELK4",-0.130288838280928,0,"medulla_early","up","promoter",TRUE,1,-0.453543911657625,0.564367021810182,"ELK4"
"MA0140.2","GATA1::TAL1",0.0188163873719636,0,"medulla_early","up","promoter",TRUE,1,0.760909391800218,0.0716761923256732,"TAL1"
"MA0095.2","YY1",-0.821107387848787,0,"medulla_early","up","promoter",TRUE,1,-0.138238874902464,0.498476034308346,"YY1"
"MA0593.1","FOXP2",0.0654374285325483,0,"medulla_early","up","promoter",TRUE,1,-0.483628998360313,0.623427755716405,"FOXP2"
"MA0595.1","SREBF1",-0.0439040917995595,0,"medulla_early","up","promoter",TRUE,1,-0.394358063631408,0.478982400806204,"SREBF1"
"MA0596.1","SREBF2",0.0160510780655407,0,"medulla_early","up","promoter",TRUE,1,-0.285261787057085,0.621044028311948,"SREBF2"
"MA0599.1","KLF5",0.0204802527344476,0,"medulla_early","up","promoter",TRUE,1,0.97306412242482,0.310096301808503,"KLF5"
"MA0625.1","NFATC3",0.240038299760393,0,"medulla_early","up","promoter",TRUE,1,-0.0155296820718904,0.956731123773962,"NFATC3"
"MA0636.1","BHLHE41",0.185194821461989,0,"medulla_early","up","promoter",TRUE,1,0.148710381196328,0.818255736703222,"BHLHE41"
"MA0637.1","CENPB",-0.360698394594963,0,"medulla_early","up","promoter",TRUE,1,0.489281537501189,0.154186298655422,"CENPB"
"MA0638.1","CREB3",-0.533431903905714,0,"medulla_early","up","promoter",TRUE,1,0.253825614097928,0.418313584882421,"CREB3"
"MA0641.1","ELF4",-0.279437203276988,0,"medulla_early","up","promoter",TRUE,1,1.07465740278767,0.0637678535424862,"ELF4"
"MA0136.2","ELF5",-0.0469269006094466,0,"medulla_early","up","promoter",TRUE,1,1.11133724421382,0.338030751654114,"ELF5"
"MA0645.1","ETV6",-0.0908524542370897,0,"medulla_early","up","promoter",TRUE,1,0.347371207909622,0.154786995395705,"ETV6"
"MA0475.2","FLI1",0.130338191120502,0,"medulla_early","up","promoter",TRUE,1,0.586153179940898,0.109298140664543,"FLI1"
"MA0033.2","FOXL1",-0.118420602796844,0,"medulla_early","up","promoter",TRUE,1,0.0121985126618991,0.988527614317458,"FOXL1"
"MA0157.2","FOXO3",0.153223765678515,0,"medulla_early","up","promoter",TRUE,1,0.453006442609666,0.283366619336918,"FOXO3"
"MA0646.1","GCM1",0.150842975219153,0,"medulla_early","up","promoter",TRUE,1,-2.39087774170395,0.118640047017021,"GCM1"
"MA0647.1","GRHL1",-0.333873958190393,0,"medulla_early","up","promoter",TRUE,1,0.967802111767785,0.176191528060478,"GRHL1"
"MA0649.1","HEY2",-0.152668998031598,0,"medulla_early","up","promoter",TRUE,1,-0.575724392510419,0.260000737419597,"HEY2"
"MA0131.2","HINFP",-0.0120896391334187,0,"medulla_early","up","promoter",TRUE,1,-0.0352036210137197,0.920374044665355,"HINFP"
"MA0046.2","HNF1A",-0.147182137501729,0,"medulla_early","up","promoter",TRUE,1,-3.4941919434228,0.0752441288689795,"HNF1A"
"MA0153.2","HNF1B",-0.0700297004967614,0,"medulla_early","up","promoter",TRUE,1,-0.169388902221994,0.711653267999088,"HNF1B"
"MA0651.1","HOXC11",-0.205737462164857,0,"medulla_early","up","promoter",TRUE,1,0.657732566855532,0.417818088388702,"HOXC11"
"MA0486.2","HSF1",-0.24506807697166,0,"medulla_early","up","promoter",TRUE,1,0.049475949593706,0.900123271083596,"HSF1"
"MA0655.1","JDP2",-0.021052500944355,0,"medulla_early","up","promoter",TRUE,1,1.06661891407839,0.0671876671908609,"JDP2"
"MA0657.1","KLF13",-0.297904181651051,0,"medulla_early","up","promoter",TRUE,1,-0.00291473958090815,0.99516145579269,"KLF13"
"MA0660.1","MEF2B",0.107318730885347,0,"medulla_early","up","promoter",TRUE,1,-0.483300096440254,0.654141859809405,"MEF2B"
"MA0661.1","MEOX1",0.213382960385011,0,"medulla_early","up","promoter",TRUE,1,0.641598996092283,0.729906665526044,"MEOX1"
"MA0665.1","MSC",-0.265690494265531,0,"medulla_early","up","promoter",TRUE,1,1.5770646914424,0.317074680424571,"MSC"
"MA0666.1","MSX1",0.275280377950983,0,"medulla_early","up","promoter",TRUE,1,0.366240599475117,0.533530991924705,"MSX1"
"MA0670.1","NFIA",-0.229601349809911,0,"medulla_early","up","promoter",TRUE,1,-0.226528027272291,0.598257680800778,"NFIA"
"MA0671.1","NFIX",-0.336202142400686,0,"medulla_early","up","promoter",TRUE,1,0.564594198114021,0.0736908808273432,"NFIX"
"MA0685.1","SP4",0.180011305978935,0,"medulla_early","up","promoter",TRUE,1,0.243124962478401,0.694410488279258,"SP4"
"MA0083.3","SRF",-0.134518198999833,0,"medulla_early","up","promoter",TRUE,1,0.571765007633593,0.0658507918159552,"SRF"
"MA0688.1","TBX2",0.275997605333278,0,"medulla_early","up","promoter",TRUE,1,0.150023270292296,0.757548607212227,"TBX2"
"MA0690.1","TBX21",0.191106952474748,0,"medulla_early","up","promoter",TRUE,1,1.12069650160351,0.415023539986082,"TBX21"
"MA0691.1","TFAP4",0.258002487830689,0,"medulla_early","up","promoter",TRUE,1,-0.170761165905302,0.631474016558116,"TFAP4"
"MA0145.3","TFCP2",-0.784787418319417,0,"medulla_early","up","promoter",TRUE,1,-0.107443480670486,0.577992267057532,"TFCP2"
"MA0694.1","ZBTB7B",-0.124291561892967,0,"medulla_early","up","promoter",TRUE,1,-0.209024759708744,0.631708799839401,"ZBTB7B"
"MA0695.1","ZBTB7C",-0.0661980958554098,0,"medulla_early","up","promoter",TRUE,1,0.781723467545024,0.166255330391503,"ZBTB7C"
"MA0698.1","ZBTB18",0.120388096895503,0,"medulla_early","up","promoter",TRUE,1,-0.327694892959125,0.360088014072592,"ZBTB18"
"MA0112.3","ESR1",-0.0682000244626542,0,"medulla_early","up","promoter",TRUE,1,-0.754140224542913,0.131717332990373,"ESR1"
"MA0141.3","ESRRB",-0.376968208880684,0,"medulla_early","up","promoter",TRUE,1,-0.0320077363265767,0.982244692972162,"ESRRB"
"MA0017.2","NR2F1",0.0332729354193058,0,"medulla_early","up","promoter",TRUE,1,0.282382504432173,0.587548530176853,"NR2F1"
"MA0113.3","NR3C1",0.223792318454804,0,"medulla_early","up","promoter",TRUE,1,-0.499605012691847,0.122682160942737,"NR3C1"
"MA0727.1","NR3C2",0.188930454020349,0,"medulla_early","up","promoter",TRUE,1,0.198865770780005,0.747317567379592,"NR3C2"
"MA0472.2","EGR2",-0.2372050611332,0,"medulla_early","up","promoter",TRUE,1,2.42834614690525,0.0736908808273432,"EGR2"
"MA0732.1","EGR3",-0.110116234925475,0,"medulla_early","up","promoter",TRUE,1,0.905435287832733,0.51732000265961,"EGR3"
"MA0735.1","GLIS1",0.0313065363610621,0,"medulla_early","up","promoter",TRUE,1,-1.30837385883829,0.187906004500892,"GLIS1"
"MA0736.1","GLIS2",-0.218674589136697,0,"medulla_early","up","promoter",TRUE,1,-0.65891659436957,0.0581788116396234,"GLIS2"
"MA0737.1","GLIS3",0.0184302793563016,0,"medulla_early","up","promoter",TRUE,1,-0.196560407606767,0.736946059135664,"GLIS3"
"MA0738.1","HIC2",0.0323623937559923,0,"medulla_early","up","promoter",TRUE,1,0.155618142644939,0.767589809234284,"HIC2"
"MA0741.1","KLF16",0.0192117638473182,0,"medulla_early","up","promoter",TRUE,1,0.269650237545363,0.461492183934434,"KLF16"
"MA0749.1","ZBED1",-0.063217688558368,0,"medulla_early","up","promoter",TRUE,1,0.401962085158185,0.103894485072747,"ZBED1"
"MA0088.2","ZNF143",-0.152809826471162,0,"medulla_early","up","promoter",TRUE,1,-0.0817517083150916,0.770338048345388,"ZNF143"
"MA0754.1","CUX1",-0.0807557946784012,0,"medulla_early","up","promoter",TRUE,1,-0.679274169005233,0.124562579245047,"CUX1"
"MA0759.1","ELK3",-0.208857061711761,0,"medulla_early","up","promoter",TRUE,1,0.679141112159724,0.0516569808763003,"ELK3"
"MA0760.1","ERF",-0.223694022531729,0,"medulla_early","up","promoter",TRUE,1,-0.369885960178769,0.322468223020106,"ERF"
"MA0474.2","ERG",0.120909398132972,0,"medulla_early","up","promoter",TRUE,1,0.875601981859466,0.119647840228973,"ERG"
"MA0098.3","ETS1",-0.105615942168371,0,"medulla_early","up","promoter",TRUE,1,0.122252321544641,0.865950184910343,"ETS1"
"MA0762.1","ETV2",-0.0722435747140908,0,"medulla_early","up","promoter",TRUE,1,0.628729270749787,0.290106794199507,"ETV2"
"MA0763.1","ETV3",-0.323476965299297,0,"medulla_early","up","promoter",TRUE,1,0.228980334027496,0.509886030301196,"ETV3"
"MA0770.1","HSF2",-0.025139403368895,0,"medulla_early","up","promoter",TRUE,1,-0.0643696560585907,0.840506447147468,"HSF2"
"MA0771.1","HSF4",0.0159639900249431,0,"medulla_early","up","promoter",TRUE,1,0.815767005312291,0.124562579245047,"HSF4"
"MA0773.1","MEF2D",-0.0446843625597033,0,"medulla_early","up","promoter",TRUE,1,0.344697022750822,0.118744066150201,"MEF2D"
"MA0498.2","MEIS1",-0.44868210697096,0,"medulla_early","up","promoter",TRUE,1,0.661464631896895,0.162801721447683,"MEIS1"
"MA0774.1","MEIS2",-0.248222842772274,0,"medulla_early","up","promoter",TRUE,1,0.266724544650988,0.530290571809906,"MEIS2"
"MA0775.1","MEIS3",-0.350531963737623,0,"medulla_early","up","promoter",TRUE,1,0.986756991640251,0.06604313776341,"MEIS3"
"MA0776.1","MYBL1",0.00815493686027136,0,"medulla_early","up","promoter",TRUE,1,0.324079283176014,0.698270636999145,"MYBL1"
"MA0777.1","MYBL2",0.242348860803501,0,"medulla_early","up","promoter",TRUE,1,0.324522708701639,0.702831246653549,"MYBL2"
"MA0105.4","NFKB1",-0.401354229009206,0,"medulla_early","up","promoter",TRUE,1,0.358332487032487,0.227614527640085,"NFKB1"
"MA0778.1","NFKB2",0.0940665722144729,0,"medulla_early","up","promoter",TRUE,1,0.504127215866936,0.109143448514621,"NFKB2"
"MA0783.1","PKNOX2",-0.322358151617257,0,"medulla_early","up","promoter",TRUE,1,-0.0510469240905236,0.938916864932661,"PKNOX2"
"MA0794.1","PROX1",-0.19098796084928,0,"medulla_early","up","promoter",TRUE,1,0.759951447180321,0.425011842612935,"PROX1"
"MA0600.2","RFX2",-0.390995263397262,0,"medulla_early","up","promoter",TRUE,1,0.668664767268385,0.0863441887288586,"RFX2"
"MA0795.1","SMAD3",-0.0725399431461948,0,"medulla_early","up","promoter",TRUE,1,0.196828471997327,0.6161189028885,"SMAD3"
"MA0796.1","TGIF1",-0.148634625243441,0,"medulla_early","up","promoter",TRUE,1,0.750880565173492,0.116892441380672,"TGIF1"
"MA0797.1","TGIF2",-0.242520439640304,0,"medulla_early","up","promoter",TRUE,1,-0.124518765041029,0.726929376762138,"TGIF2"
"MA0510.2","RFX5",-0.252149634387077,0,"medulla_early","up","promoter",TRUE,1,0.484408369218253,0.0915827651074983,"RFX5"
"MA0800.1","EOMES",0.0276773736410458,0,"medulla_early","up","promoter",TRUE,1,1.17846458419444,0.430700787253069,"EOMES"
"MA0801.1","MGA",0.000551457806699851,0,"medulla_early","up","promoter",TRUE,1,0.115454508123493,0.773408677112713,"MGA"
"MA0804.1","TBX19",-0.0815452169559339,0,"medulla_early","up","promoter",TRUE,1,0.0039616639510851,0.993385776435293,"TBX19"
"MA0805.1","TBX1",0.17736048186985,0,"medulla_early","up","promoter",TRUE,1,1.07277825377375,0.229605965535677,"TBX1"
"MA0808.1","TEAD3",0.0913138373490803,0,"medulla_early","up","promoter",TRUE,1,0.429998560146028,0.0974468396039125,"TEAD3"
"MA0811.1","TFAP2B",-0.0277052729665153,0,"medulla_early","up","promoter",TRUE,1,-0.103844649133968,0.878993502968564,"TFAP2B"
"MA0464.2","BHLHE40",0.263455453639692,0,"medulla_early","up","promoter",TRUE,1,0.674547485650892,0.174874517287919,"BHLHE40"
"MA0819.1","CLOCK",0.186793526010591,0,"medulla_early","up","promoter",TRUE,1,-0.253135594892285,0.717302137818283,"CLOCK"
"MA0823.1","HEY1",0.00645044727411204,0,"medulla_early","up","promoter",TRUE,1,-0.152082639015041,0.86780393831646,"HEY1"
"MA0466.2","CEBPB",-0.206322490468783,0,"medulla_early","up","promoter",TRUE,1,1.46263432073617,0.0492181571789625,"CEBPB"
"MA0838.1","CEBPG",-0.183365849462821,0,"medulla_early","up","promoter",TRUE,1,-0.011597868271787,0.974038165068298,"CEBPG"
"MA0839.1","CREB3L1",-0.255944285985673,0,"medulla_early","up","promoter",TRUE,1,1.22534668585265,0.103920804468515,"CREB3L1"
"MA0843.1","TEF",-0.0104908693342671,0,"medulla_early","up","promoter",TRUE,1,-0.295841215052998,0.413931192517274,"TEF"
"MA0844.1","XBP1",-0.318805359413915,0,"medulla_early","up","promoter",TRUE,1,-0.037555362907062,0.935361721233266,"XBP1"
"MA0032.2","FOXC1",-0.238561797863276,0,"medulla_early","up","promoter",TRUE,1,0.595496919873019,0.174142327086812,"FOXC1"
"MA0846.1","FOXC2",-0.2046318526525,0,"medulla_early","up","promoter",TRUE,1,0.315696454017831,0.559713854565078,"FOXC2"
"MA0850.1","FOXP3",0.0228421372279781,0,"medulla_early","up","promoter",TRUE,1,0.804584909325343,0.364936642049094,"FOXP3"
"MA0855.1","RXRB",-0.458473683443123,0,"medulla_early","up","promoter",TRUE,1,0.00713770504806721,0.974690547789849,"RXRB"
"MA0856.1","RXRG",-0.4605477740533,0,"medulla_early","up","promoter",TRUE,1,-1.92633319462346,0.173777595901941,"RXRG"
"MA0106.3","TP53",0.254280998960748,0,"medulla_early","up","promoter",TRUE,1,0.277198543157821,0.291460571276196,"TP53"
"MA0861.1","TP73",-0.308492950776844,0,"medulla_early","up","promoter",TRUE,1,-1.00156108890773,0.240158335275445,"TP73"
"MA0862.1","GMEB2",-0.0988643588138496,0,"medulla_early","up","promoter",TRUE,1,0.353788071852497,0.17282654658279,"GMEB2"
"MA0863.1","MTF1",0.117192661041586,0,"medulla_early","up","promoter",TRUE,1,-0.147932626511653,0.73722886023314,"MTF1"
"MA0024.3","E2F1",-0.206657287193917,0,"medulla_early","up","promoter",TRUE,1,-1.55631415781051,0.155603468655091,"E2F1"
"MA0028.2","ELK1",-0.240268797594806,0,"medulla_early","up","promoter",TRUE,1,0.282648827199531,0.134091008128395,"ELK1"
"MA0886.1","EMX2",0.322596050396046,0,"medulla_early","up","promoter",TRUE,1,0.272409323488209,0.367758222708498,"EMX2"
"MA0891.1","GSC2",-0.656397933120397,0,"medulla_early","up","promoter",TRUE,1,-3.59482865046134,0.0672971010070892,"GSC2"
"MA0895.1","HMBOX1",0.089412251625002,0,"medulla_early","up","promoter",TRUE,1,-0.546922559482415,0.266980988822546,"HMBOX1"
"MA0899.1","HOXA10",-0.0240014012280865,0,"medulla_early","up","promoter",TRUE,1,-0.0631731913756974,0.831099791614122,"HOXA10"
"MA0905.1","HOXC10",-0.0888978704001859,0,"medulla_early","up","promoter",TRUE,1,0.157539312293275,0.698852454553097,"HOXC10"
"MA0908.1","HOXD11",-0.026086979747336,0,"medulla_early","up","promoter",TRUE,1,0.444615669876819,0.422787751028675,"HOXD11"
"MA0852.2","FOXK1",0.140437194090635,0,"medulla_early","up","promoter",TRUE,1,-0.18726845918241,0.484124180621158,"FOXK1"
"MA0036.3","GATA2",0.0804495434459085,0,"medulla_early","up","promoter",TRUE,1,1.06795824526672,0.121942278137661,"GATA2"
"MA0147.3","MYC",0.10277810062493,0,"medulla_early","up","promoter",TRUE,1,0.840782416698474,0.234985963307979,"MYC"
"MA0161.2","NFIC",-0.433537525068285,0,"medulla_early","up","promoter",TRUE,1,0.110585462196594,0.718758563012995,"NFIC"
"MA1110.1","NR1H4",0.0346873478009906,0,"medulla_early","up","promoter",TRUE,1,-2.5467066004487,0.0702346883737401,"NR1H4"
"MA1111.1","NR2F2",-0.399321468313146,0,"medulla_early","up","promoter",TRUE,1,0.0773628921649152,0.792190519734132,"NR2F2"
"MA0014.3","PAX5",0.000526644147924138,0,"medulla_early","up","promoter",TRUE,1,2.02431599427039,0.0740140869339531,"PAX5"
"MA1114.1","PBX3",0.0159576353011923,0,"medulla_early","up","promoter",TRUE,1,-0.247335591487829,0.673412476956731,"PBX3"
"MA1116.1","RBPJ",0.0675433005973458,0,"medulla_early","up","promoter",TRUE,1,0.194894553057767,0.461769190321632,"RBPJ"
"MA1117.1","RELB",-0.0703658974897587,0,"medulla_early","up","promoter",TRUE,1,1.06613486553326,0.0492181571789625,"RELB"
"MA1120.1","SOX13",-0.13100481549205,0,"medulla_early","up","promoter",TRUE,1,0.268946800473709,0.447142889561676,"SOX13"
"MA1121.1","TEAD2",-0.0122500324905888,0,"medulla_early","up","promoter",TRUE,1,0.88299283078771,0.0963691648030841,"TEAD2"
"MA1122.1","TFDP1",-0.0166629750363843,0,"medulla_early","up","promoter",TRUE,1,0.0531149132118154,0.761992016311086,"TFDP1"
"MA0750.2","ZBTB7A",0.047525725662914,0,"medulla_early","up","promoter",TRUE,1,0.260842991996125,0.21998921030944,"ZBTB7A"
"MA0103.3","ZEB1",-0.0792182720776156,0,"medulla_early","up","promoter",TRUE,1,0.15228824620129,0.747667148499305,"ZEB1"
"MA1124.1","ZNF24",-0.0697036823132517,0,"medulla_early","up","promoter",TRUE,1,-0.0945960387246441,0.74225122160849,"ZNF24"
"MA1125.1","ZNF384",0.180715077679063,0,"medulla_early","up","promoter",TRUE,1,-0.00246746851776258,0.991088652588159,"ZNF384"
"MA1154.1","ZNF282",0.192079113815964,0,"medulla_early","up","promoter",TRUE,1,-0.30172191549048,0.180813264625007,"ZNF282"
"MA0037.3","GATA3",0.254848724728231,0,"medulla_early","up","promoter",TRUE,1,1.24684229120587,0.153314943932154,"GATA3"
"MA1126.1","FOS::JUN(var.2)",-0.0591614981043467,0,"medulla_early","up","promoter",TRUE,1,0.790444411147782,0.495819179428345,"FOS"
"MA1127.1","FOSB::JUN",0.198034141759503,0,"medulla_early","up","promoter",TRUE,1,0.942247474099412,0.43993982201804,"FOSB"
"MA1128.1","FOSL1::JUN",0.194975283535352,0,"medulla_early","up","promoter",TRUE,1,1.99314244351486,0.0834337048981768,"FOSL1"
"MA1129.1","FOSL1::JUN(var.2)",-0.190810293202111,0,"medulla_early","up","promoter",TRUE,1,1.99314244351486,0.0834337048981768,"FOSL1"
"MA1130.1","FOSL2::JUN",0.206372100901389,0,"medulla_early","up","promoter",TRUE,1,1.08455929293645,0.0618584746703685,"FOSL2"
"MA1131.1","FOSL2::JUN(var.2)",0.0319303134279258,0,"medulla_early","up","promoter",TRUE,1,1.08455929293645,0.0618584746703685,"FOSL2"
"MA1132.1","JUN::JUNB",0.260514621571967,0,"medulla_early","up","promoter",TRUE,1,1.4087399624279,0.110679890761521,"JUNB"
"MA1133.1","JUN::JUNB(var.2)",-0.194423783306848,0,"medulla_early","up","promoter",TRUE,1,0.25851843413685,0.588249029107439,"JUN"
"MA1136.1","FOSB::JUNB(var.2)",-0.168084709148582,0,"medulla_early","up","promoter",TRUE,1,0.942247474099412,0.43993982201804,"FOSB"
"MA1139.1","FOSL2::JUNB(var.2)",0.14123155503007,0,"medulla_early","up","promoter",TRUE,1,1.08455929293645,0.0618584746703685,"FOSL2"
"MA1141.1","FOS::JUND",0.109805250381037,0,"medulla_early","up","promoter",TRUE,1,0.790444411147782,0.495819179428345,"FOS"
"MA1142.1","FOSL1::JUND",0.250519180469531,0,"medulla_early","up","promoter",TRUE,1,1.99314244351486,0.0834337048981768,"FOSL1"
"MA1143.1","FOSL1::JUND(var.2)",-0.191286652891257,0,"medulla_early","up","promoter",TRUE,1,1.99314244351486,0.0834337048981768,"FOSL1"
"MA1145.1","FOSL2::JUND(var.2)",-0.0180761922916064,0,"medulla_early","up","promoter",TRUE,1,1.08455929293645,0.0618584746703685,"FOSL2"
"MA1148.1","PPARA::RXRA",-0.175267792443073,0,"medulla_early","up","promoter",TRUE,1,-2.07757561779699,0.0553805652947001,"PPARA"
"MA1151.1","RORC",0.158162950420118,0,"medulla_early","up","promoter",TRUE,1,-1.40286978275786,0.0553805652947001,"RORC"
"MA1152.1","SOX15",-0.0519834492706153,0,"medulla_early","up","promoter",TRUE,1,0.861093848435316,0.287192601031246,"SOX15"
"MA0831.2","TFE3",0.177386351727105,0,"medulla_early","up","promoter",TRUE,1,0.141392460365029,0.507679145358249,"TFE3"
"MA1420.1","IRF5",0.279721511123184,0,"medulla_early","up","promoter",TRUE,1,0.993460734600478,0.14302514397524,"IRF5"
"MA1421.1","TCF7L1",0.0378866411415606,0,"medulla_early","up","promoter",TRUE,1,0.296851189156293,0.367502890055435,"TCF7L1"
"MA1466.1","ATF6",-0.2845784787957,0,"medulla_early","up","promoter",TRUE,1,-0.181235727294784,0.550407262353558,"ATF6"
"MA1101.2","BACH2",0.00891383526313749,0,"medulla_early","up","promoter",TRUE,1,0.530099820963314,0.390748865276916,"BACH2"
"MA1474.1","CREB3L4",-0.280335742461371,0,"medulla_early","up","promoter",TRUE,1,0.849065643780523,0.0745841630908663,"CREB3L4"
"MA1483.1","ELF2",-0.324465920723982,0,"medulla_early","up","promoter",TRUE,1,0.0976861943240204,0.761832987752703,"ELF2"
"MA1484.1","ETS2",0.129651413652002,0,"medulla_early","up","promoter",TRUE,1,0.647618011384727,0.135488088859171,"ETS2"
"MA1489.1","FOXN3",-0.173234590064845,0,"medulla_early","up","promoter",TRUE,1,0.157175228031443,0.684836214516321,"FOXN3"
"MA1491.1","GLI3",-0.228596584089155,0,"medulla_early","up","promoter",TRUE,1,0.420827102716735,0.408586637681698,"GLI3"
"MA1493.1","HES6",0.200783133340235,0,"medulla_early","up","promoter",TRUE,1,0.0799962447876665,0.845897533595474,"HES6"
"MA1496.1","HOXA4",0.157681298362162,0,"medulla_early","up","promoter",TRUE,1,0.495769695027236,0.174640439731305,"HOXA4"
"MA1497.1","HOXA6",-0.0580572811637365,0,"medulla_early","up","promoter",TRUE,1,0.210046161816803,0.780598254038136,"HOXA6"
"MA1498.1","HOXA7",-0.464460181061929,0,"medulla_early","up","promoter",TRUE,1,-0.272879592585723,0.410626761044215,"HOXA7"
"MA1499.1","HOXB4",0.253214303484223,0,"medulla_early","up","promoter",TRUE,1,0.885981435652577,0.15111836167839,"HOXB4"
"MA1500.1","HOXB6",-0.362520131324781,0,"medulla_early","up","promoter",TRUE,1,0.880092305550794,0.149413767494403,"HOXB6"
"MA1501.1","HOXB7",-0.226824383437032,0,"medulla_early","up","promoter",TRUE,1,0.72394818325564,0.153093802667215,"HOXB7"
"MA1502.1","HOXB8",-0.194490046745615,0,"medulla_early","up","promoter",TRUE,1,1.39813153533931,0.0944278453286056,"HOXB8"
"MA1503.1","HOXB9",-0.267462186433244,0,"medulla_early","up","promoter",TRUE,1,1.62859042584854,0.0792795741625213,"HOXB9"
"MA1505.1","HOXC8",0.0733554885688021,0,"medulla_early","up","promoter",TRUE,1,0.263965553315281,0.586663564365419,"HOXC8"
"MA1506.1","HOXD10",-0.0156956565342048,0,"medulla_early","up","promoter",TRUE,1,0.190949582551638,0.669177750340737,"HOXD10"
"MA1509.1","IRF6",0.1105690650071,0,"medulla_early","up","promoter",TRUE,1,-0.38661834193706,0.266869981848371,"IRF6"
"MA1511.1","KLF10",-0.0199981028702307,0,"medulla_early","up","promoter",TRUE,1,1.12854911939724,0.0850325727471949,"KLF10"
"MA1512.1","KLF11",-0.111859117250408,0,"medulla_early","up","promoter",TRUE,1,0.476311520645546,0.424029813339626,"KLF11"
"MA1513.1","KLF15",0.0253234291445121,0,"medulla_early","up","promoter",TRUE,1,-1.49302727518045,0.117121896380175,"KLF15"
"MA1515.1","KLF2",-0.0246139761136934,0,"medulla_early","up","promoter",TRUE,1,1.17072698489711,0.0492181571789625,"KLF2"
"MA1516.1","KLF3",-0.00211878456093295,0,"medulla_early","up","promoter",TRUE,1,0.185551529066375,0.67411254469576,"KLF3"
"MA1517.1","KLF6",-0.107517119170883,0,"medulla_early","up","promoter",TRUE,1,0.484351339991714,0.258737060423303,"KLF6"
"MA1520.1","MAF",-0.186050805208001,0,"medulla_early","up","promoter",TRUE,1,-0.82789645632328,0.147136755264912,"MAF"
"MA1522.1","MAZ",0.0239321857802306,0,"medulla_early","up","promoter",TRUE,1,-0.0958296142094124,0.747251262944041,"MAZ"
"MA1523.1","MSANTD3",0.0475097769976625,0,"medulla_early","up","promoter",TRUE,1,0.203248238908115,0.663274411054455,"MSANTD3"
"MA1525.1","NFATC4",0.0777536874597144,0,"medulla_early","up","promoter",TRUE,1,0.629049823424627,0.184756985739429,"NFATC4"
"MA1534.1","NR1I3",-0.0854101475470763,0,"medulla_early","up","promoter",TRUE,1,-4.90358972781777,0.0658946979272671,"NR1I3"
"MA1535.1","NR2C1",0.0168660788297537,0,"medulla_early","up","promoter",TRUE,1,0.05367508237393,0.914520893121088,"NR2C1"
"MA1541.1","NR6A1",-0.111213573012954,0,"medulla_early","up","promoter",TRUE,1,0.130870702750765,0.710272688724595,"NR6A1"
"MA1544.1","OVOL1",-0.230878647507108,0,"medulla_early","up","promoter",TRUE,1,-0.0315645819091044,0.964549166639799,"OVOL1"
"MA1545.1","OVOL2",-0.316999679170189,0,"medulla_early","up","promoter",TRUE,1,-1.48704614110616,0.0608548530223647,"OVOL2"
"MA1547.1","PITX2",-0.418150563809829,0,"medulla_early","up","promoter",TRUE,1,-2.10144736674768,0.0637678535424862,"PITX2"
"MA1548.1","PLAGL2",0.0328140676419517,0,"medulla_early","up","promoter",TRUE,1,-0.0427429810348618,0.92453845969006,"PLAGL2"
"MA1550.1","PPARD",-0.4490774589251,0,"medulla_early","up","promoter",TRUE,1,0.891892322611441,0.0492181571789625,"PPARD"
"MA1554.1","RFX7",-0.111114337377432,0,"medulla_early","up","promoter",TRUE,1,-0.271942060787191,0.764607945021969,"RFX7"
"MA1558.1","SNAI1",-0.0506529796079143,0,"medulla_early","up","promoter",TRUE,1,0.81959282012999,0.15362511420621,"SNAI1"
"MA1561.1","SOX12",0.00962226158223922,0,"medulla_early","up","promoter",TRUE,1,-0.0523250419755064,0.920374044665355,"SOX12"
"MA1563.1","SOX18",-0.466978830855234,0,"medulla_early","up","promoter",TRUE,1,0.490845659420011,0.296037875641508,"SOX18"
"MA1566.1","TBX3",0.121291810311337,0,"medulla_early","up","promoter",TRUE,1,1.52368608824319,0.0832738379815991,"TBX3"
"MA1567.1","TBX6",0.138175584027538,0,"medulla_early","up","promoter",TRUE,1,-0.135759766743078,0.850143589044472,"TBX6"
"MA1573.1","THAP11",0.077476084077587,0,"medulla_early","up","promoter",TRUE,1,-0.0164096684038499,0.968977526882527,"THAP11"
"MA1574.1","THRB",-0.0328034110035462,0,"medulla_early","up","promoter",TRUE,1,-0.839934183983885,0.0493089608207352,"THRB"
"MA1579.1","ZBTB26",-0.162431470256723,0,"medulla_early","up","promoter",TRUE,1,-0.0484390005078721,0.936082817778804,"ZBTB26"
"MA1581.1","ZBTB6",0.0475227734778843,0,"medulla_early","up","promoter",TRUE,1,-0.361137112953845,0.625151330776602,"ZBTB6"
"MA1583.1","ZFP57",-0.0822564499068887,0,"medulla_early","up","promoter",TRUE,1,0.139330944009233,0.562477562308107,"ZFP57"
"MA1585.1","ZKSCAN1",0.0726356018474412,0,"medulla_early","up","promoter",TRUE,1,-0.268958325939968,0.310786095392853,"ZKSCAN1"
"MA1589.1","ZNF140",0.160482359402371,0,"medulla_early","up","promoter",TRUE,1,0.00868613362562964,0.988542582908716,"ZNF140"
"MA1592.1","ZNF274",-0.0734426535831973,0,"medulla_early","up","promoter",TRUE,1,0.38620323622967,0.18285194566605,"ZNF274"
"MA1593.1","ZNF317",0.00576912148992825,0,"medulla_early","up","promoter",TRUE,1,0.129523139860242,0.662654974022624,"ZNF317"
"MA1594.1","ZNF382",0.0943333448550061,0,"medulla_early","up","promoter",TRUE,1,-0.474527871278598,0.316727206573792,"ZNF382"
"MA1601.1","ZNF75D",-0.0669633168575698,0,"medulla_early","up","promoter",TRUE,1,-0.200601746456184,0.248460709907167,"ZNF75D"
"MA1602.1","ZSCAN29",-0.352277254394832,0,"medulla_early","up","promoter",TRUE,1,-0.197171120935619,0.657269485058646,"ZSCAN29"
"MA0605.2","ATF3",-0.246452507577605,0,"medulla_early","up","promoter",TRUE,1,1.35785809494138,0.0916266417248995,"ATF3"
"MA0463.2","BCL6",-0.236687670392041,0,"medulla_early","up","promoter",TRUE,1,0.280517860039863,0.446505194271569,"BCL6"
"MA0864.2","E2F2",-0.135734657246837,0,"medulla_early","up","promoter",TRUE,1,-0.123860062846695,0.931181324066667,"E2F2"
"MA0469.3","E2F3",0.078926219413316,0,"medulla_early","up","promoter",TRUE,1,-1.16985375144796,0.164158832744677,"E2F3"
"MA0470.2","E2F4",-0.227301625459429,0,"medulla_early","up","promoter",TRUE,1,0.301248728903738,0.178893459927132,"E2F4"
"MA0847.2","FOXD2",-0.0120575158581855,0,"medulla_early","up","promoter",TRUE,1,-1.65752812201017,0.0842898766585046,"FOXD2"
"MA0734.2","GLI2",-0.189282360862557,0,"medulla_early","up","promoter",TRUE,1,0.759269677713782,0.171262734067996,"GLI2"
"MA1099.2","HES1",0.00908121597073297,0,"medulla_early","up","promoter",TRUE,1,1.01074502004133,0.0609514084546705,"HES1"
"MA0158.2","HOXA5",-0.0305185506239081,0,"medulla_early","up","promoter",TRUE,1,0.471503276270981,0.150095664944483,"HOXA5"
"MA0594.2","HOXA9",-0.124543665520902,0,"medulla_early","up","promoter",TRUE,1,-0.374756110264792,0.202624239501647,"HOXA9"
"MA0902.2","HOXB2",0.0861247538757342,0,"medulla_early","up","promoter",TRUE,1,1.18195155391374,0.107278423978181,"HOXB2"
"MA0904.2","HOXB5",0.127733732708753,0,"medulla_early","up","promoter",TRUE,1,0.853553809598613,0.157124880881629,"HOXB5"
"MA0485.2","HOXC9",-0.267462186433244,0,"medulla_early","up","promoter",TRUE,1,0.208948432848126,0.537744862576777,"HOXC9"
"MA0910.2","HOXD8",-0.0614669603619986,0,"medulla_early","up","promoter",TRUE,1,0.06076443969084,0.896442211160504,"HOXD8"
"MA0913.2","HOXD9",0.0709579425179463,0,"medulla_early","up","promoter",TRUE,1,0.344924367183701,0.399224265377298,"HOXD9"
"MA0842.2","NRL",-0.290047696332261,0,"medulla_early","up","promoter",TRUE,1,-0.508515726317723,0.238721818287497,"NRL"
"MA0079.4","SP1",-0.0382276106005719,0,"medulla_early","up","promoter",TRUE,1,-0.137530648943236,0.821174739945068,"SP1"
"MA0516.2","SP2",0.0047587767367121,0,"medulla_early","up","promoter",TRUE,1,0.342212266048479,0.112305557737171,"SP2"
"MA0746.2","SP3",-0.0384488538647805,0,"medulla_early","up","promoter",TRUE,1,0.0059421778446227,0.99073376411167,"SP3"
"MA0871.2","TFEC",0.194664016814998,0,"medulla_early","up","promoter",TRUE,1,-2.10892727520893,0.077937476246155,"TFEC"
"MA0753.2","ZNF740",0.0249192456478031,0,"medulla_early","up","promoter",TRUE,1,0.0711001810614098,0.677884009805371,"ZNF740"
"MA1632.1","ATF2",-0.267406561202535,0,"medulla_early","up","promoter",TRUE,1,-0.218878644399152,0.560809061434973,"ATF2"
"MA1633.1","BACH1",0.189882114898819,0,"medulla_early","up","promoter",TRUE,1,0.245167934407919,0.678642741180705,"BACH1"
"MA1637.1","EBF3",-0.242352409478563,0,"medulla_early","up","promoter",TRUE,1,0.811550634572563,0.285610513960871,"EBF3"
"MA1644.1","NFYC",0.294651453834994,0,"medulla_early","up","promoter",TRUE,1,-0.00262316901602411,0.99394663650825,"NFYC"
"MA1647.1","PRDM4",0.0663204241320186,0,"medulla_early","up","promoter",TRUE,1,0.217812095886533,0.302222416185763,"PRDM4"
"MA1649.1","ZBTB12",-0.0841046629109394,0,"medulla_early","up","promoter",TRUE,1,0.0661264192595086,0.914745875678653,"ZBTB12"
"MA1650.1","ZBTB14",-0.0149688098095417,0,"medulla_early","up","promoter",TRUE,1,-0.14797160568025,0.595789182966952,"ZBTB14"
"MA1651.1","ZFP42",-0.423302541390852,0,"medulla_early","up","promoter",TRUE,1,1.4049632968339,0.0908580901674158,"ZFP42"
"MA1652.1","ZKSCAN5",-0.231237704987536,0,"medulla_early","up","promoter",TRUE,1,0.172677139383119,0.537744862576777,"ZKSCAN5"
"MA1655.1","ZNF341",0.0497541529670498,0,"medulla_early","up","promoter",TRUE,1,-0.0842169612582779,0.812490975545782,"ZNF341"
"MA1656.1","ZNF449",0.0928844394302271,0,"medulla_early","up","promoter",TRUE,1,0.209226312368565,0.622294120606598,"ZNF449"
"MA1657.1","ZNF652",-0.106267763545272,0,"medulla_early","up","promoter",TRUE,1,-0.459728421087832,0.344625947814912,"ZNF652"
"MA1683.1","FOXA3",0.0602867482582861,0,"medulla_early","up","promoter",TRUE,1,2.63328875361704,0.122337589758941,"FOXA3"
"MA0833.2","ATF4",-0.158267965169805,0,"medulla_early","up","promoter",TRUE,1,0.47134174023383,0.153314943932154,"ATF4"
"MA0102.4","CEBPA",-0.04529640909954,0,"medulla_early","up","promoter",TRUE,1,-0.750693487416026,0.213010947113534,"CEBPA"
"MA0836.2","CEBPD",0.144674563516948,0,"medulla_early","up","promoter",TRUE,1,1.454422789141,0.06604313776341,"CEBPD"
"MA0018.4","CREB1",-0.0873886505904657,0,"medulla_early","up","promoter",TRUE,1,0.0489183839653187,0.89378345624792,"CREB1"
"MA0471.2","E2F6",-0.0189606344370183,0,"medulla_early","up","promoter",TRUE,1,0.092236149129326,0.735101504111633,"E2F6"
"MA0154.4","EBF1",-0.231028340350407,0,"medulla_early","up","promoter",TRUE,1,0.0221742268692431,0.950443332936093,"EBF1"
"MA0162.4","EGR1",0.0373797190660738,0,"medulla_early","up","promoter",TRUE,1,1.20612237390305,0.310124947087848,"EGR1"
"MA0473.3","ELF1",0.11061657371813,0,"medulla_early","up","promoter",TRUE,1,0.19418631381297,0.588249029107439,"ELF1"
"MA0640.2","ELF3",0.118626948469851,0,"medulla_early","up","promoter",TRUE,1,1.39397772651261,0.06604313776341,"ELF3"
"MA0592.3","ESRRA",-0.446476129451981,0,"medulla_early","up","promoter",TRUE,1,-0.589542731640699,0.155741415377636,"ESRRA"
"MA0764.2","ETV4",0.0888368242051909,0,"medulla_early","up","promoter",TRUE,1,1.00169138540545,0.112500476841191,"ETV4"
"MA0765.2","ETV5",0.00247418153461787,0,"medulla_early","up","promoter",TRUE,1,-1.46602920869963,0.0672971010070892,"ETV5"
"MA1103.2","FOXK2",-0.0553022172630859,0,"medulla_early","up","promoter",TRUE,1,-0.447632773770378,0.0878476068286651,"FOXK2"
"MA0481.3","FOXP1",0.116750320971382,0,"medulla_early","up","promoter",TRUE,1,0.212742459812227,0.446926516035402,"FOXP1"
"MA1105.2","GRHL2",-0.0771325075301874,0,"medulla_early","up","promoter",TRUE,1,0.847022715254837,0.104252829176874,"GRHL2"
"MA0043.3","HLF",-0.33365679364455,0,"medulla_early","up","promoter",TRUE,1,-0.604757118734295,0.163746211181165,"HLF"
"MA0114.4","HNF4A",-0.0638942573821097,0,"medulla_early","up","promoter",TRUE,1,-3.75826701797676,0.103850085880759,"HNF4A"
"MA0484.2","HNF4G",-0.128875084821256,0,"medulla_early","up","promoter",TRUE,1,-2.88270133087316,0.0660196082957075,"HNF4G"
"MA0490.2","JUNB",0.221189394040841,0,"medulla_early","up","promoter",TRUE,1,1.4087399624279,0.110679890761521,"JUNB"
"MA0039.4","KLF4",-0.053854185103777,0,"medulla_early","up","promoter",TRUE,1,0.969127362297055,0.0875480384843572,"KLF4"
"MA1107.2","KLF9",-0.162354694275898,0,"medulla_early","up","promoter",TRUE,1,-0.443019729948276,0.66978651208401,"KLF9"
"MA0495.3","MAFF",0.0101705956487335,0,"medulla_early","up","promoter",TRUE,1,1.52535659330182,0.0668960896156621,"MAFF"
"MA0659.2","MAFG",0.190858969587217,0,"medulla_early","up","promoter",TRUE,1,-0.00138173488101945,0.996703543959395,"MAFG"
"MA0496.3","MAFK",-0.256332390993767,0,"medulla_early","up","promoter",TRUE,1,0.0931644558976767,0.812369843003484,"MAFK"
"MA0620.3","MITF",-0.247341339800389,0,"medulla_early","up","promoter",TRUE,1,-0.266035813894056,0.414822224854763,"MITF"
"MA1108.2","MXI1",0.0844112508153811,0,"medulla_early","up","promoter",TRUE,1,-0.876309316145971,0.0770476661946693,"MXI1"
"MA0056.2","MZF1",0.0311461747151656,0,"medulla_early","up","promoter",TRUE,1,0.234397851002226,0.289935430825961,"MZF1"
"MA0089.2","NFE2L1",-0.0574667626662815,0,"medulla_early","up","promoter",TRUE,1,0.250576209871364,0.291460571276196,"NFE2L1"
"MA0025.2","NFIL3",-0.0407287803913512,0,"medulla_early","up","promoter",TRUE,1,0.745980541597738,0.122501804370263,"NFIL3"
"MA1112.2","NR4A1",-0.195446888340133,0,"medulla_early","up","promoter",TRUE,1,0.584862578948409,0.66978651208401,"NR4A1"
"MA0679.2","ONECUT1",-0.0509946824729153,0,"medulla_early","up","promoter",TRUE,1,-3.39878981480351,0.117836266285429,"ONECUT1"
"MA1113.2","PBX2",-0.0282991296192794,0,"medulla_early","up","promoter",TRUE,1,0.168210555534477,0.431059780126037,"PBX2"
"MA0508.3","PRDM1",-0.040576863419072,0,"medulla_early","up","promoter",TRUE,1,0.499682259790166,0.568062588577106,"PRDM1"
"MA0509.2","RFX1",-0.284429550710088,0,"medulla_early","up","promoter",TRUE,1,0.181643986679529,0.551825447303425,"RFX1"
"MA0798.2","RFX3",-0.319178549748088,0,"medulla_early","up","promoter",TRUE,1,-0.0695280347034934,0.905418228153621,"RFX3"
"MA0684.2","RUNX3",0.193758514418693,0,"medulla_early","up","promoter",TRUE,1,1.1763613565025,0.213894900158756,"RUNX3"
"MA0745.2","SNAI2",0.00771672967734816,0,"medulla_early","up","promoter",TRUE,1,1.10385608658876,0.0503095719599114,"SNAI2"
"MA0080.5","SPI1",0.127991009461256,0,"medulla_early","up","promoter",TRUE,1,1.56811813326846,0.13417380810982,"SPI1"
"MA0522.3","TCF3",0.012294927188548,0,"medulla_early","up","promoter",TRUE,1,0.466528757923918,0.109143448514621,"TCF3"
"MA0830.2","TCF4",-0.10523568442323,0,"medulla_early","up","promoter",TRUE,1,0.393146960839339,0.406470064965393,"TCF4"
"MA0769.2","TCF7",0.109446846954985,0,"medulla_early","up","promoter",TRUE,1,0.546792028975311,0.314754359974694,"TCF7"
"MA0090.3","TEAD1",0.161140237164622,0,"medulla_early","up","promoter",TRUE,1,0.177381570686959,0.795003735824565,"TEAD1"
"MA0809.2","TEAD4",-0.101293614197585,0,"medulla_early","up","promoter",TRUE,1,0.756875322572355,0.071132448064588,"TEAD4"
"MA0003.4","TFAP2A",-0.0658074409553153,0,"medulla_early","up","promoter",TRUE,1,1.12951183829806,0.140698726798868,"TFAP2A"
"MA1123.2","TWIST1",0.197734044010935,0,"medulla_early","up","promoter",TRUE,1,-1.55077067839058,0.0791786138811142,"TWIST1"
"MA0093.3","USF1",0.204670100575962,0,"medulla_early","up","promoter",TRUE,1,0.607629080710937,0.169727927955546,"USF1"
"MA0526.3","USF2",0.115006105069893,0,"medulla_early","up","promoter",TRUE,1,-0.0663723136822663,0.854801657673229,"USF2"
"MA0528.2","ZNF263",-0.0541333531624417,0,"medulla_early","up","promoter",TRUE,1,0.255528989001911,0.208757420908938,"ZNF263"
"MA0609.2","CREM",-0.210860911523062,0,"medulla_early","up","promoter",TRUE,1,0.785524708417041,0.107275306419822,"CREM"
"MA0729.1","RARA",NA,NA,"medulla_early","up","promoter",TRUE,NA,0.237473110317985,0.33777301629397,"RARA"
"MA0731.1","BCL6B",NA,NA,"medulla_early","up","promoter",TRUE,NA,0.762210553381182,0.0726039000077938,"BCL6B"
"MA1518.1","LHX1",NA,NA,"medulla_early","up","promoter",TRUE,NA,0.799750366275341,0.347677684451864,"LHX1"
"MA0595.1","SREBF1",0.306829672752988,0.0497109463703462,"medulla_early","up","enhancer",TRUE,0.891844325985264,-0.394358063631408,0.478982400806204,"SREBF1"
"MA0795.1","SMAD3",0.638994499674803,0.0497109463703462,"medulla_early","up","enhancer",TRUE,0.891844325985264,0.196828471997327,0.6161189028885,"SMAD3"
"MA0037.3","GATA3",0.33539449127244,0.0497109463703462,"medulla_early","up","enhancer",TRUE,0.891844325985264,1.24684229120587,0.153314943932154,"GATA3"
"MA1491.1","GLI3",0.32249318852822,0.0497109463703462,"medulla_early","up","enhancer",TRUE,0.891844325985264,0.420827102716735,0.408586637681698,"GLI3"
"MA1557.1","SMAD5",0.529762237245452,0.0497109463703462,"medulla_early","up","enhancer",TRUE,0.891844325985264,-0.154342043721525,0.779330352383936,"SMAD5"
"MA1107.2","KLF9",0.166686324018034,0.0497109463703462,"medulla_early","up","enhancer",TRUE,0.891844325985264,-0.443019729948276,0.66978651208401,"KLF9"
"MA0070.1","PBX1",0.362934277436965,0.0308761649628525,"medulla_early","up","enhancer",TRUE,0.931373410084583,0.504126129843289,0.19190814414701,"PBX1"
"MA0073.1","RREB1",0.155202220877599,0.0308761649628525,"medulla_early","up","enhancer",TRUE,0.931373410084583,-0.232197035188481,0.618080744818636,"RREB1"
"MA0074.1","RXRA::VDR",0.291709768117801,0.0308761649628525,"medulla_early","up","enhancer",TRUE,0.931373410084583,-1.09932889011824,0.372016550714213,"VDR"
"MA0077.1","SOX9",0.201004287543215,0.0308761649628525,"medulla_early","up","enhancer",TRUE,0.931373410084583,0.149611239615608,0.904147284538814,"SOX9"
"MA0139.1","CTCF",0.171612587856782,0.0308761649628525,"medulla_early","up","enhancer",TRUE,0.931373410084583,-0.00889126866160517,0.974038165068298,"CTCF"
"MA0163.1","PLAG1",0.18322073727897,0.0308761649628525,"medulla_early","up","enhancer",TRUE,0.931373410084583,0.482897442141747,0.518320027008768,"PLAG1"
"MA0478.1","FOSL2",0.163298255269632,0.0308761649628525,"medulla_early","up","enhancer",TRUE,0.931373410084583,1.08455929293645,0.0618584746703685,"FOSL2"
"MA0507.1","POU2F2",0.301265525656625,0.0308761649628525,"medulla_early","up","enhancer",TRUE,0.931373410084583,1.55969797562014,0.0967970792705109,"POU2F2"
"MA0596.1","SREBF2",0.183912359164042,0.0308761649628525,"medulla_early","up","enhancer",TRUE,0.931373410084583,-0.285261787057085,0.621044028311948,"SREBF2"
"MA0136.2","ELF5",0.152855057052562,0.0308761649628525,"medulla_early","up","enhancer",TRUE,0.931373410084583,1.11133724421382,0.338030751654114,"ELF5"
"MA0646.1","GCM1",0.244359220528943,0.0308761649628525,"medulla_early","up","enhancer",TRUE,0.931373410084583,-2.39087774170395,0.118640047017021,"GCM1"
"MA0647.1","GRHL1",0.331582063770209,0.0308761649628525,"medulla_early","up","enhancer",TRUE,0.931373410084583,0.967802111767785,0.176191528060478,"GRHL1"
"MA0653.1","IRF9",0.390310434165666,0.0308761649628525,"medulla_early","up","enhancer",TRUE,0.931373410084583,1.10057616102454,0.0538801276677179,"IRF9"
"MA0666.1","MSX1",0.19592270029547,0.0308761649628525,"medulla_early","up","enhancer",TRUE,0.931373410084583,0.366240599475117,0.533530991924705,"MSX1"
"MA0671.1","NFIX",0.142330419935565,0.0308761649628525,"medulla_early","up","enhancer",TRUE,0.931373410084583,0.564594198114021,0.0736908808273432,"NFIX"
"MA0738.1","HIC2",0.175080284390836,0.0308761649628525,"medulla_early","up","enhancer",TRUE,0.931373410084583,0.155618142644939,0.767589809234284,"HIC2"
"MA0768.1","LEF1",0.247430519882744,0.0308761649628525,"medulla_early","up","enhancer",TRUE,0.931373410084583,0.653669264335977,0.178162077515761,"LEF1"
"MA0785.1","POU2F1",0.277344838993208,0.0308761649628525,"medulla_early","up","enhancer",TRUE,0.931373410084583,-0.0254606879461252,0.968977526882527,"POU2F1"
"MA0788.1","POU3F3",0.270989414396195,0.0308761649628525,"medulla_early","up","enhancer",TRUE,0.931373410084583,-0.303769583298376,0.459163556728696,"POU3F3"
"MA0794.1","PROX1",0.338111247292426,0.0308761649628525,"medulla_early","up","enhancer",TRUE,0.931373410084583,0.759951447180321,0.425011842612935,"PROX1"
"MA0510.2","RFX5",0.510799682886097,0.0308761649628525,"medulla_early","up","enhancer",TRUE,0.931373410084583,0.484408369218253,0.0915827651074983,"RFX5"
"MA0466.2","CEBPB",0.475977750536409,0.0308761649628525,"medulla_early","up","enhancer",TRUE,0.931373410084583,1.46263432073617,0.0492181571789625,"CEBPB"
"MA0838.1","CEBPG",0.40889917915261,0.0308761649628525,"medulla_early","up","enhancer",TRUE,0.931373410084583,-0.011597868271787,0.974038165068298,"CEBPG"
"MA0861.1","TP73",0.346543056945441,0.0308761649628525,"medulla_early","up","enhancer",TRUE,0.931373410084583,-1.00156108890773,0.240158335275445,"TP73"
"MA1122.1","TFDP1",0.158093156336846,0.0308761649628525,"medulla_early","up","enhancer",TRUE,0.931373410084583,0.0531149132118154,0.761992016311086,"TFDP1"
"MA0099.3","FOS::JUN",0.223689599323383,0.0308761649628525,"medulla_early","up","enhancer",TRUE,0.931373410084583,0.790444411147782,0.495819179428345,"FOS"
"MA1128.1","FOSL1::JUN",0.208729056982402,0.0308761649628525,"medulla_early","up","enhancer",TRUE,0.931373410084583,1.99314244351486,0.0834337048981768,"FOSL1"
"MA1130.1","FOSL2::JUN",0.215203830306826,0.0308761649628525,"medulla_early","up","enhancer",TRUE,0.931373410084583,1.08455929293645,0.0618584746703685,"FOSL2"
"MA1132.1","JUN::JUNB",0.222505905470359,0.0308761649628525,"medulla_early","up","enhancer",TRUE,0.931373410084583,1.4087399624279,0.110679890761521,"JUNB"
"MA1134.1","FOS::JUNB",0.260619688506851,0.0308761649628525,"medulla_early","up","enhancer",TRUE,0.931373410084583,1.4087399624279,0.110679890761521,"JUNB"
"MA1137.1","FOSL1::JUNB",0.22151335329542,0.0308761649628525,"medulla_early","up","enhancer",TRUE,0.931373410084583,1.99314244351486,0.0834337048981768,"FOSL1"
"MA1141.1","FOS::JUND",0.199143763762381,0.0308761649628525,"medulla_early","up","enhancer",TRUE,0.931373410084583,0.790444411147782,0.495819179428345,"FOS"
"MA1474.1","CREB3L4",0.330813055183583,0.0308761649628525,"medulla_early","up","enhancer",TRUE,0.931373410084583,0.849065643780523,0.0745841630908663,"CREB3L4"
"MA1511.1","KLF10",0.114111098862084,0.0308761649628525,"medulla_early","up","enhancer",TRUE,0.931373410084583,1.12854911939724,0.0850325727471949,"KLF10"
"MA1517.1","KLF6",0.101253678226538,0.0308761649628525,"medulla_early","up","enhancer",TRUE,0.931373410084583,0.484351339991714,0.258737060423303,"KLF6"
"MA1522.1","MAZ",0.0960077234765944,0.0308761649628525,"medulla_early","up","enhancer",TRUE,0.931373410084583,-0.0958296142094124,0.747251262944041,"MAZ"
"MA1563.1","SOX18",0.283052703322295,0.0308761649628525,"medulla_early","up","enhancer",TRUE,0.931373410084583,0.490845659420011,0.296037875641508,"SOX18"
"MA1578.1","VEZF1",0.0969891678570125,0.0308761649628525,"medulla_early","up","enhancer",TRUE,0.931373410084583,0.308827442903024,0.354499548765985,"VEZF1"
"MA1602.1","ZSCAN29",0.447490170501639,0.0308761649628525,"medulla_early","up","enhancer",TRUE,0.931373410084583,-0.197171120935619,0.657269485058646,"ZSCAN29"
"MA0766.2","GATA5",0.317388045479911,0.0308761649628525,"medulla_early","up","enhancer",TRUE,0.931373410084583,-0.785689225094325,0.212489424946824,"GATA5"
"MA0734.2","GLI2",0.366493451808708,0.0308761649628525,"medulla_early","up","enhancer",TRUE,0.931373410084583,0.759269677713782,0.171262734067996,"GLI2"
"MA0516.2","SP2",0.133085520771757,0.0308761649628525,"medulla_early","up","enhancer",TRUE,0.931373410084583,0.342212266048479,0.112305557737171,"SP2"
"MA0753.2","ZNF740",0.115360912834316,0.0308761649628525,"medulla_early","up","enhancer",TRUE,0.931373410084583,0.0711001810614098,0.677884009805371,"ZNF740"
"MA1653.1","ZNF148",0.0716938128523861,0.0308761649628525,"medulla_early","up","enhancer",TRUE,0.931373410084583,-0.163540537254645,0.614516383449939,"ZNF148"
"MA0102.4","CEBPA",0.244764722646685,0.0308761649628525,"medulla_early","up","enhancer",TRUE,0.931373410084583,-0.750693487416026,0.213010947113534,"CEBPA"
"MA0836.2","CEBPD",0.212795925086009,0.0308761649628525,"medulla_early","up","enhancer",TRUE,0.931373410084583,1.454422789141,0.06604313776341,"CEBPD"
"MA0154.4","EBF1",0.16991938095416,0.0308761649628525,"medulla_early","up","enhancer",TRUE,0.931373410084583,0.0221742268692431,0.950443332936093,"EBF1"
"MA0640.2","ELF3",0.139426543875608,0.0308761649628525,"medulla_early","up","enhancer",TRUE,0.931373410084583,1.39397772651261,0.06604313776341,"ELF3"
"MA0477.2","FOSL1",0.243108473255746,0.0308761649628525,"medulla_early","up","enhancer",TRUE,0.931373410084583,1.99314244351486,0.0834337048981768,"FOSL1"
"MA0039.4","KLF4",0.072952525765027,0.0308761649628525,"medulla_early","up","enhancer",TRUE,0.931373410084583,0.969127362297055,0.0875480384843572,"KLF4"
"MA0659.2","MAFG",0.190349257920093,0.0308761649628525,"medulla_early","up","enhancer",TRUE,0.931373410084583,-0.00138173488101945,0.996703543959395,"MAFG"
"MA0798.2","RFX3",0.300818787079277,0.0308761649628525,"medulla_early","up","enhancer",TRUE,0.931373410084583,-0.0695280347034934,0.905418228153621,"RFX3"
"MA0080.5","SPI1",0.131592603923245,0.0308761649628525,"medulla_early","up","enhancer",TRUE,0.931373410084583,1.56811813326846,0.13417380810982,"SPI1"
"MA0522.3","TCF3",0.16945740225909,0.0308761649628525,"medulla_early","up","enhancer",TRUE,0.931373410084583,0.466528757923918,0.109143448514621,"TCF3"
"MA0090.3","TEAD1",0.154493762751692,0.0308761649628525,"medulla_early","up","enhancer",TRUE,0.931373410084583,0.177381570686959,0.795003735824565,"TEAD1"
"MA1123.2","TWIST1",0.191241074857971,0.0308761649628525,"medulla_early","up","enhancer",TRUE,0.931373410084583,-1.55077067839058,0.0791786138811142,"TWIST1"
"MA0641.1","ELF4",0.232685181962542,0.0291480703702468,"medulla_early","up","enhancer",TRUE,0.935086806969772,1.07465740278767,0.0637678535424862,"ELF4"
"MA1574.1","THRB",0.172875236316324,0.0291480703702468,"medulla_early","up","enhancer",TRUE,0.935086806969772,-0.839934183983885,0.0493089608207352,"THRB"
"MA1650.1","ZBTB14",0.118259711334516,0.0291480703702468,"medulla_early","up","enhancer",TRUE,0.935086806969772,-0.14797160568025,0.595789182966952,"ZBTB14"
"MA0684.2","RUNX3",0.14380644796678,0.0291480703702468,"medulla_early","up","enhancer",TRUE,0.935086806969772,1.1763613565025,0.213894900158756,"RUNX3"
"MA0501.1","MAF::NFE2",0.247796812318575,0.0288411974563246,"medulla_early","up","enhancer",TRUE,0.935747773732282,-0.82789645632328,0.147136755264912,"MAF"
"MA0905.1","HOXC10",0.20684441135228,0.0288411974563246,"medulla_early","up","enhancer",TRUE,0.935747773732282,0.157539312293275,0.698852454553097,"HOXC10"
"MA1125.1","ZNF384",0.121882160968661,0.0288411974563246,"medulla_early","up","enhancer",TRUE,0.935747773732282,-0.00246746851776258,0.991088652588159,"ZNF384"
"MA1143.1","FOSL1::JUND(var.2)",0.243406504534011,0.0288411974563246,"medulla_early","up","enhancer",TRUE,0.935747773732282,1.99314244351486,0.0834337048981768,"FOSL1"
"MA1558.1","SNAI1",0.0978245394787178,0.0288411974563246,"medulla_early","up","enhancer",TRUE,0.935747773732282,0.81959282012999,0.15362511420621,"SNAI1"
"MA1637.1","EBF3",0.0933941796565572,0.0288411974563246,"medulla_early","up","enhancer",TRUE,0.935747773732282,0.811550634572563,0.285610513960871,"EBF3"
"MA0491.2","JUND",0.189571424976116,0.0264654366565091,"medulla_early","up","enhancer",TRUE,0.940880707085228,0.187699156397174,0.685974858607979,"JUND"
"MA0496.3","MAFK",0.133123787399085,0.0264654366565091,"medulla_early","up","enhancer",TRUE,0.940880707085228,0.0931644558976767,0.812369843003484,"MAFK"
"MA0091.1","TAL1::TCF3",0.163427185164633,0.0247355361192651,"medulla_early","up","enhancer",TRUE,0.944635937787232,0.760909391800218,0.0716761923256732,"TAL1"
"MA0778.1","NFKB2",0.196828561976671,0.0247355361192651,"medulla_early","up","enhancer",TRUE,0.944635937787232,0.504127215866936,0.109143448514621,"NFKB2"
"MA1144.1","FOSL2::JUND",0.168920332459774,0.0247355361192651,"medulla_early","up","enhancer",TRUE,0.944635937787232,1.08455929293645,0.0618584746703685,"FOSL2"
"MA1523.1","MSANTD3",0.117959579153397,0.0247355361192651,"medulla_early","up","enhancer",TRUE,0.944635937787232,0.203248238908115,0.663274411054455,"MSANTD3"
"MA1104.2","GATA6",0.148695663070473,0.0247355361192651,"medulla_early","up","enhancer",TRUE,0.944635937787232,0.645828380756313,0.206754904684928,"GATA6"
"MA0772.1","IRF7",0.193884840343057,0.01099273900989,"medulla_early","up","enhancer",TRUE,0.975005938751806,0.786539281622198,0.288943154598854,"IRF7"
"MA1421.1","TCF7L1",0.161132393131661,0.01099273900989,"medulla_early","up","enhancer",TRUE,0.975005938751806,0.296851189156293,0.367502890055435,"TCF7L1"
"MA0761.2","ETV1",0.0705027945224135,0.01099273900989,"medulla_early","up","enhancer",TRUE,0.975005938751806,-0.620578076459693,0.198011166160564,"ETV1"
"MA0043.3","HLF",0.212902050825938,0.01099273900989,"medulla_early","up","enhancer",TRUE,0.975005938751806,-0.604757118734295,0.163746211181165,"HLF"
"MA0599.1","KLF5",0.0417930305044951,0.00943937498821107,"medulla_early","up","enhancer",TRUE,0.978499538158844,0.97306412242482,0.310096301808503,"KLF5"
"MA0089.2","NFE2L1",0.20756380079629,0.00943937498821107,"medulla_early","up","enhancer",TRUE,0.978499538158844,0.250576209871364,0.291460571276196,"NFE2L1"
"MA0101.1","REL",0.109145991267401,0.00472088887525954,"medulla_early","up","enhancer",TRUE,0.989188619304651,0.0800215676474639,0.968675604394128,"REL"
"MA0031.1","FOXD1",-0.29238581125913,0.00168353720917177,"medulla_early","up","enhancer",TRUE,0.996131016197669,0.63017856901305,0.121903352863792,"FOXD1"
"MA0051.1","IRF2",0.0496231649253156,0.00168353720917177,"medulla_early","up","enhancer",TRUE,0.996131016197669,0.217173928590692,0.341640931174144,"IRF2"
"MA0059.1","MAX::MYC",0.0169111910868072,0.00168353720917177,"medulla_early","up","enhancer",TRUE,0.996131016197669,0.840782416698474,0.234985963307979,"MYC"
"MA0066.1","PPARG",-0.191856935149295,0.00168353720917177,"medulla_early","up","enhancer",TRUE,0.996131016197669,1.37320301516143,0.0869135823172405,"PPARG"
"MA0071.1","RORA",-0.0537602578389569,0.00168353720917177,"medulla_early","up","enhancer",TRUE,0.996131016197669,-0.560742748182804,0.335161734083373,"RORA"
"MA0107.1","RELA",-0.0271046697916733,0.00168353720917177,"medulla_early","up","enhancer",TRUE,0.996131016197669,0.558077788889914,0.0564862461561881,"RELA"
"MA0115.1","NR1H2::RXRA",0.035764357543993,0.00168353720917177,"medulla_early","up","enhancer",TRUE,0.996131016197669,0.285160089250391,0.249873545188576,"NR1H2"
"MA0119.1","NFIC::TLX1",-0.189593455796397,0.00168353720917177,"medulla_early","up","enhancer",TRUE,0.996131016197669,0.110585462196594,0.718758563012995,"NFIC"
"MA0138.2","REST",-0.108366181734257,0.00168353720917177,"medulla_early","up","enhancer",TRUE,0.996131016197669,-0.0415618307860806,0.945209506982702,"REST"
"MA0152.1","NFATC2",0.046068366254941,0.00168353720917177,"medulla_early","up","enhancer",TRUE,0.996131016197669,0.590951661666812,0.346753245063191,"NFATC2"
"MA0159.1","RARA::RXRA",-0.0300933882205694,0.00168353720917177,"medulla_early","up","enhancer",TRUE,0.996131016197669,0.237473110317985,0.33777301629397,"RARA"
"MA0160.1","NR4A2",-0.0403603339178629,0.00168353720917177,"medulla_early","up","enhancer",TRUE,0.996131016197669,0.670144111666451,0.506393131551157,"NR4A2"
"MA0259.1","ARNT::HIF1A",-0.0352655076173205,0.00168353720917177,"medulla_early","up","enhancer",TRUE,0.996131016197669,1.01651237888565,0.207865436005933,"HIF1A"
"MA0476.1","FOS",0.0563441627871208,0.00168353720917177,"medulla_early","up","enhancer",TRUE,0.996131016197669,0.790444411147782,0.495819179428345,"FOS"
"MA0488.1","JUN",-0.205024876902203,0.00168353720917177,"medulla_early","up","enhancer",TRUE,0.996131016197669,0.25851843413685,0.588249029107439,"JUN"
"MA0497.1","MEF2C",0.0504028195237449,0.00168353720917177,"medulla_early","up","enhancer",TRUE,0.996131016197669,0.462020070154845,0.135488088859171,"MEF2C"
"MA0504.1","NR2C2",-0.0285690185712086,0.00168353720917177,"medulla_early","up","enhancer",TRUE,0.996131016197669,0.0494679283340194,0.9302329235975,"NR2C2"
"MA0506.1","NRF1",-0.0291906157879733,0.00168353720917177,"medulla_early","up","enhancer",TRUE,0.996131016197669,0.358516284174075,0.12706932132958,"NRF1"
"MA0513.1","SMAD2::SMAD3::SMAD4",-0.0181689553480702,0.00168353720917177,"medulla_early","up","enhancer",TRUE,0.996131016197669,-0.168477519832847,0.552834077757077,"SMAD4"
"MA0517.1","STAT1::STAT2",-0.0748028919875203,0.00168353720917177,"medulla_early","up","enhancer",TRUE,0.996131016197669,0.892153553169537,0.153114577868935,"STAT1"
"MA0523.1","TCF7L2",-0.0160146123657139,0.00168353720917177,"medulla_early","up","enhancer",TRUE,0.996131016197669,0.41684490565464,0.143092339078767,"TCF7L2"
"MA0527.1","ZBTB33",-0.050296944902759,0.00168353720917177,"medulla_early","up","enhancer",TRUE,0.996131016197669,-0.0650986887417684,0.914667083595947,"ZBTB33"
"MA0076.2","ELK4",-0.0531756870403877,0.00168353720917177,"medulla_early","up","enhancer",TRUE,0.996131016197669,-0.453543911657625,0.564367021810182,"ELK4"
"MA0050.2","IRF1",0.109805705034957,0.00168353720917177,"medulla_early","up","enhancer",TRUE,0.996131016197669,1.42681426997678,0.0671876671908609,"IRF1"
"MA0137.3","STAT1",-0.0115130415878939,0.00168353720917177,"medulla_early","up","enhancer",TRUE,0.996131016197669,0.892153553169537,0.153114577868935,"STAT1"
"MA0144.2","STAT3",-0.0607146917222421,0.00168353720917177,"medulla_early","up","enhancer",TRUE,0.996131016197669,0.708432150176781,0.0636959946514459,"STAT3"
"MA0140.2","GATA1::TAL1",-0.133327999976281,0.00168353720917177,"medulla_early","up","enhancer",TRUE,0.996131016197669,0.760909391800218,0.0716761923256732,"TAL1"
"MA0095.2","YY1",-0.221409951001998,0.00168353720917177,"medulla_early","up","enhancer",TRUE,0.996131016197669,-0.138238874902464,0.498476034308346,"YY1"
"MA0593.1","FOXP2",-0.0292300180944105,0.00168353720917177,"medulla_early","up","enhancer",TRUE,0.996131016197669,-0.483628998360313,0.623427755716405,"FOXP2"
"MA0597.1","THAP1",0.0318437386533414,0.00168353720917177,"medulla_early","up","enhancer",TRUE,0.996131016197669,-0.174647403581858,0.542521541921057,"THAP1"
"MA0625.1","NFATC3",-0.119802323521438,0.00168353720917177,"medulla_early","up","enhancer",TRUE,0.996131016197669,-0.0155296820718904,0.956731123773962,"NFATC3"
"MA0628.1","POU6F1",-0.322132139877543,0.00168353720917177,"medulla_early","up","enhancer",TRUE,0.996131016197669,0.508698992617218,0.182444066184707,"POU6F1"
"MA0636.1","BHLHE41",-0.574223925503778,0.00168353720917177,"medulla_early","up","enhancer",TRUE,0.996131016197669,0.148710381196328,0.818255736703222,"BHLHE41"
"MA0637.1","CENPB",-0.0173843717804258,0.00168353720917177,"medulla_early","up","enhancer",TRUE,0.996131016197669,0.489281537501189,0.154186298655422,"CENPB"
"MA0638.1","CREB3",0.204099329038608,0.00168353720917177,"medulla_early","up","enhancer",TRUE,0.996131016197669,0.253825614097928,0.418313584882421,"CREB3"
"MA0645.1","ETV6",-0.0661858060240998,0.00168353720917177,"medulla_early","up","enhancer",TRUE,0.996131016197669,0.347371207909622,0.154786995395705,"ETV6"
"MA0475.2","FLI1",-0.114372130505631,0.00168353720917177,"medulla_early","up","enhancer",TRUE,0.996131016197669,0.586153179940898,0.109298140664543,"FLI1"
"MA0042.2","FOXI1",-0.10117740412927,0.00168353720917177,"medulla_early","up","enhancer",TRUE,0.996131016197669,-0.875336820839591,0.315134881631071,"FOXI1"
"MA0033.2","FOXL1",-0.0497124743809678,0.00168353720917177,"medulla_early","up","enhancer",TRUE,0.996131016197669,0.0121985126618991,0.988527614317458,"FOXL1"
"MA0157.2","FOXO3",-0.286246551121796,0.00168353720917177,"medulla_early","up","enhancer",TRUE,0.996131016197669,0.453006442609666,0.283366619336918,"FOXO3"
"MA0649.1","HEY2",-0.0780437530693501,0.00168353720917177,"medulla_early","up","enhancer",TRUE,0.996131016197669,-0.575724392510419,0.260000737419597,"HEY2"
"MA0131.2","HINFP",0.0154466888632152,0.00168353720917177,"medulla_early","up","enhancer",TRUE,0.996131016197669,-0.0352036210137197,0.920374044665355,"HINFP"
"MA0046.2","HNF1A",-0.0400649098675281,0.00168353720917177,"medulla_early","up","enhancer",TRUE,0.996131016197669,-3.4941919434228,0.0752441288689795,"HNF1A"
"MA0153.2","HNF1B",-0.318352800908833,0.00168353720917177,"medulla_early","up","enhancer",TRUE,0.996131016197669,-0.169388902221994,0.711653267999088,"HNF1B"
"MA0651.1","HOXC11",-0.134394442045491,0.00168353720917177,"medulla_early","up","enhancer",TRUE,0.996131016197669,0.657732566855532,0.417818088388702,"HOXC11"
"MA0486.2","HSF1",-0.292677492912891,0.00168353720917177,"medulla_early","up","enhancer",TRUE,0.996131016197669,0.049475949593706,0.900123271083596,"HSF1"
"MA0652.1","IRF8",0.135557742242009,0.00168353720917177,"medulla_early","up","enhancer",TRUE,0.996131016197669,1.18274000047459,0.101574921715219,"IRF8"
"MA0655.1","JDP2",0.114736633639883,0.00168353720917177,"medulla_early","up","enhancer",TRUE,0.996131016197669,1.06661891407839,0.0671876671908609,"JDP2"
"MA0657.1","KLF13",-0.110952961417853,0.00168353720917177,"medulla_early","up","enhancer",TRUE,0.996131016197669,-0.00291473958090815,0.99516145579269,"KLF13"
"MA0658.1","LHX6",-0.276451491792823,0.00168353720917177,"medulla_early","up","enhancer",TRUE,0.996131016197669,0.610815883501578,0.153367181687364,"LHX6"
"MA0660.1","MEF2B",0.233016905415209,0.00168353720917177,"medulla_early","up","enhancer",TRUE,0.996131016197669,-0.483300096440254,0.654141859809405,"MEF2B"
"MA0661.1","MEOX1",-0.297229733978241,0.00168353720917177,"medulla_early","up","enhancer",TRUE,0.996131016197669,0.641598996092283,0.729906665526044,"MEOX1"
"MA0663.1","MLX",0.122165869210036,0.00168353720917177,"medulla_early","up","enhancer",TRUE,0.996131016197669,-0.045305214304185,0.886627030661515,"MLX"
"MA0664.1","MLXIPL",-0.116429221527406,0.00168353720917177,"medulla_early","up","enhancer",TRUE,0.996131016197669,-3.29180772933465,0.0791697779134321,"MLXIPL"
"MA0665.1","MSC",-0.314454054872518,0.00168353720917177,"medulla_early","up","enhancer",TRUE,0.996131016197669,1.5770646914424,0.317074680424571,"MSC"
"MA0670.1","NFIA",0.0629420058552919,0.00168353720917177,"medulla_early","up","enhancer",TRUE,0.996131016197669,-0.226528027272291,0.598257680800778,"NFIA"
"MA0685.1","SP4",-0.348061897197373,0.00168353720917177,"medulla_early","up","enhancer",TRUE,0.996131016197669,0.243124962478401,0.694410488279258,"SP4"
"MA0083.3","SRF",-0.372506104800566,0.00168353720917177,"medulla_early","up","enhancer",TRUE,0.996131016197669,0.571765007633593,0.0658507918159552,"SRF"
"MA0688.1","TBX2",-0.0466252959649713,0.00168353720917177,"medulla_early","up","enhancer",TRUE,0.996131016197669,0.150023270292296,0.757548607212227,"TBX2"
"MA0690.1","TBX21",0.0577182833085699,0.00168353720917177,"medulla_early","up","enhancer",TRUE,0.996131016197669,1.12069650160351,0.415023539986082,"TBX21"
"MA0691.1","TFAP4",0.116571592937,0.00168353720917177,"medulla_early","up","enhancer",TRUE,0.996131016197669,-0.170761165905302,0.631474016558116,"TFAP4"
"MA0145.3","TFCP2",-0.12263086235665,0.00168353720917177,"medulla_early","up","enhancer",TRUE,0.996131016197669,-0.107443480670486,0.577992267057532,"TFCP2"
"MA0692.1","TFEB",-0.0941223214738107,0.00168353720917177,"medulla_early","up","enhancer",TRUE,0.996131016197669,0.328272024454406,0.227690645055759,"TFEB"
"MA0694.1","ZBTB7B",0.0884354304173591,0.00168353720917177,"medulla_early","up","enhancer",TRUE,0.996131016197669,-0.209024759708744,0.631708799839401,"ZBTB7B"
"MA0695.1","ZBTB7C",0.0813329968753784,0.00168353720917177,"medulla_early","up","enhancer",TRUE,0.996131016197669,0.781723467545024,0.166255330391503,"ZBTB7C"
"MA0698.1","ZBTB18",0.00178121995953173,0.00168353720917177,"medulla_early","up","enhancer",TRUE,0.996131016197669,-0.327694892959125,0.360088014072592,"ZBTB18"
"MA0716.1","PRRX1",-0.0164700576003387,0.00168353720917177,"medulla_early","up","enhancer",TRUE,0.996131016197669,-0.166015221967061,0.841536489450615,"PRRX1"
"MA0722.1","VAX1",-0.191791170634252,0.00168353720917177,"medulla_early","up","enhancer",TRUE,0.996131016197669,-3.438831185671,0.155425998835213,"VAX1"
"MA0112.3","ESR1",-0.135185086501876,0.00168353720917177,"medulla_early","up","enhancer",TRUE,0.996131016197669,-0.754140224542913,0.131717332990373,"ESR1"
"MA0141.3","ESRRB",-0.0810600431096615,0.00168353720917177,"medulla_early","up","enhancer",TRUE,0.996131016197669,-0.0320077363265767,0.982244692972162,"ESRRB"
"MA0017.2","NR2F1",-0.213566827604953,0.00168353720917177,"medulla_early","up","enhancer",TRUE,0.996131016197669,0.282382504432173,0.587548530176853,"NR2F1"
"MA0113.3","NR3C1",-0.0623041721735875,0.00168353720917177,"medulla_early","up","enhancer",TRUE,0.996131016197669,-0.499605012691847,0.122682160942737,"NR3C1"
"MA0727.1","NR3C2",-0.149805135093188,0.00168353720917177,"medulla_early","up","enhancer",TRUE,0.996131016197669,0.198865770780005,0.747317567379592,"NR3C2"
"MA0729.1","RARA",0.0245792306905446,0.00168353720917177,"medulla_early","up","enhancer",TRUE,0.996131016197669,0.237473110317985,0.33777301629397,"RARA"
"MA0731.1","BCL6B",0.0427470715193334,0.00168353720917177,"medulla_early","up","enhancer",TRUE,0.996131016197669,0.762210553381182,0.0726039000077938,"BCL6B"
"MA0472.2","EGR2",-0.0313358275011089,0.00168353720917177,"medulla_early","up","enhancer",TRUE,0.996131016197669,2.42834614690525,0.0736908808273432,"EGR2"
"MA0732.1","EGR3",-0.0753536598087177,0.00168353720917177,"medulla_early","up","enhancer",TRUE,0.996131016197669,0.905435287832733,0.51732000265961,"EGR3"
"MA0735.1","GLIS1",0.161889083466842,0.00168353720917177,"medulla_early","up","enhancer",TRUE,0.996131016197669,-1.30837385883829,0.187906004500892,"GLIS1"
"MA0736.1","GLIS2",-0.0605574983707511,0.00168353720917177,"medulla_early","up","enhancer",TRUE,0.996131016197669,-0.65891659436957,0.0581788116396234,"GLIS2"
"MA0737.1","GLIS3",0.140271119836054,0.00168353720917177,"medulla_early","up","enhancer",TRUE,0.996131016197669,-0.196560407606767,0.736946059135664,"GLIS3"
"MA0741.1","KLF16",0.0302020866033814,0.00168353720917177,"medulla_early","up","enhancer",TRUE,0.996131016197669,0.269650237545363,0.461492183934434,"KLF16"
"MA0749.1","ZBED1",-0.114592308484347,0.00168353720917177,"medulla_early","up","enhancer",TRUE,0.996131016197669,0.401962085158185,0.103894485072747,"ZBED1"
"MA0088.2","ZNF143",-0.0321765575046911,0.00168353720917177,"medulla_early","up","enhancer",TRUE,0.996131016197669,-0.0817517083150916,0.770338048345388,"ZNF143"
"MA0752.1","ZNF410",-0.00238206570719068,0.00168353720917177,"medulla_early","up","enhancer",TRUE,0.996131016197669,-0.100949867114212,0.657355619379551,"ZNF410"
"MA0754.1","CUX1",0.100346944952422,0.00168353720917177,"medulla_early","up","enhancer",TRUE,0.996131016197669,-0.679274169005233,0.124562579245047,"CUX1"
"MA0759.1","ELK3",-0.32698352728785,0.00168353720917177,"medulla_early","up","enhancer",TRUE,0.996131016197669,0.679141112159724,0.0516569808763003,"ELK3"
"MA0760.1","ERF",-0.216036069700251,0.00168353720917177,"medulla_early","up","enhancer",TRUE,0.996131016197669,-0.369885960178769,0.322468223020106,"ERF"
"MA0474.2","ERG",-0.158497315943658,0.00168353720917177,"medulla_early","up","enhancer",TRUE,0.996131016197669,0.875601981859466,0.119647840228973,"ERG"
"MA0098.3","ETS1",-0.121758092653638,0.00168353720917177,"medulla_early","up","enhancer",TRUE,0.996131016197669,0.122252321544641,0.865950184910343,"ETS1"
"MA0762.1","ETV2",0.00638856390765241,0.00168353720917177,"medulla_early","up","enhancer",TRUE,0.996131016197669,0.628729270749787,0.290106794199507,"ETV2"
"MA0763.1","ETV3",-0.00265509427797905,0.00168353720917177,"medulla_early","up","enhancer",TRUE,0.996131016197669,0.228980334027496,0.509886030301196,"ETV3"
"MA0770.1","HSF2",-0.350665935189759,0.00168353720917177,"medulla_early","up","enhancer",TRUE,0.996131016197669,-0.0643696560585907,0.840506447147468,"HSF2"
"MA0771.1","HSF4",-0.240441426859243,0.00168353720917177,"medulla_early","up","enhancer",TRUE,0.996131016197669,0.815767005312291,0.124562579245047,"HSF4"
"MA0773.1","MEF2D",0.158445698869995,0.00168353720917177,"medulla_early","up","enhancer",TRUE,0.996131016197669,0.344697022750822,0.118744066150201,"MEF2D"
"MA0498.2","MEIS1",-0.427305812537431,0.00168353720917177,"medulla_early","up","enhancer",TRUE,0.996131016197669,0.661464631896895,0.162801721447683,"MEIS1"
"MA0774.1","MEIS2",-0.237375577673911,0.00168353720917177,"medulla_early","up","enhancer",TRUE,0.996131016197669,0.266724544650988,0.530290571809906,"MEIS2"
"MA0775.1","MEIS3",-0.170657038796381,0.00168353720917177,"medulla_early","up","enhancer",TRUE,0.996131016197669,0.986756991640251,0.06604313776341,"MEIS3"
"MA0776.1","MYBL1",-0.57486851871815,0.00168353720917177,"medulla_early","up","enhancer",TRUE,0.996131016197669,0.324079283176014,0.698270636999145,"MYBL1"
"MA0105.4","NFKB1",0.128051319573872,0.00168353720917177,"medulla_early","up","enhancer",TRUE,0.996131016197669,0.358332487032487,0.227614527640085,"NFKB1"
"MA0783.1","PKNOX2",-0.321585033334974,0.00168353720917177,"medulla_early","up","enhancer",TRUE,0.996131016197669,-0.0510469240905236,0.938916864932661,"PKNOX2"
"MA0793.1","POU6F2",0.102403787522104,0.00168353720917177,"medulla_early","up","enhancer",TRUE,0.996131016197669,1.25362859490879,0.254904639470336,"POU6F2"
"MA0600.2","RFX2",0.153161336761253,0.00168353720917177,"medulla_early","up","enhancer",TRUE,0.996131016197669,0.668664767268385,0.0863441887288586,"RFX2"
"MA0796.1","TGIF1",-0.157140805615519,0.00168353720917177,"medulla_early","up","enhancer",TRUE,0.996131016197669,0.750880565173492,0.116892441380672,"TGIF1"
"MA0797.1","TGIF2",-0.154875048537256,0.00168353720917177,"medulla_early","up","enhancer",TRUE,0.996131016197669,-0.124518765041029,0.726929376762138,"TGIF2"
"MA0511.2","RUNX2",0.00416988878888258,0.00168353720917177,"medulla_early","up","enhancer",TRUE,0.996131016197669,0.755105408746354,0.28969735297338,"RUNX2"
"MA0800.1","EOMES",0.0630715764889427,0.00168353720917177,"medulla_early","up","enhancer",TRUE,0.996131016197669,1.17846458419444,0.430700787253069,"EOMES"
"MA0801.1","MGA",0.0261542931947485,0.00168353720917177,"medulla_early","up","enhancer",TRUE,0.996131016197669,0.115454508123493,0.773408677112713,"MGA"
"MA0804.1","TBX19",-0.0415393453837476,0.00168353720917177,"medulla_early","up","enhancer",TRUE,0.996131016197669,0.0039616639510851,0.993385776435293,"TBX19"
"MA0805.1","TBX1",0.096786931586724,0.00168353720917177,"medulla_early","up","enhancer",TRUE,0.996131016197669,1.07277825377375,0.229605965535677,"TBX1"
"MA0808.1","TEAD3",0.0384535323293411,0.00168353720917177,"medulla_early","up","enhancer",TRUE,0.996131016197669,0.429998560146028,0.0974468396039125,"TEAD3"
"MA0811.1","TFAP2B",0.00402698900903431,0.00168353720917177,"medulla_early","up","enhancer",TRUE,0.996131016197669,-0.103844649133968,0.878993502968564,"TFAP2B"
"MA0464.2","BHLHE40",-0.374547518286104,0.00168353720917177,"medulla_early","up","enhancer",TRUE,0.996131016197669,0.674547485650892,0.174874517287919,"BHLHE40"
"MA0819.1","CLOCK",0.0868240502941005,0.00168353720917177,"medulla_early","up","enhancer",TRUE,0.996131016197669,-0.253135594892285,0.717302137818283,"CLOCK"
"MA0823.1","HEY1",-0.126879452323935,0.00168353720917177,"medulla_early","up","enhancer",TRUE,0.996131016197669,-0.152082639015041,0.86780393831646,"HEY1"
"MA0058.3","MAX",-0.301492074798155,0.00168353720917177,"medulla_early","up","enhancer",TRUE,0.996131016197669,0.234064132878819,0.355100406815999,"MAX"
"MA0825.1","MNT",-0.311155075620584,0.00168353720917177,"medulla_early","up","enhancer",TRUE,0.996131016197669,0.304837644860451,0.222953636563293,"MNT"
"MA0839.1","CREB3L1",0.178731267530581,0.00168353720917177,"medulla_early","up","enhancer",TRUE,0.996131016197669,1.22534668585265,0.103920804468515,"CREB3L1"
"MA0843.1","TEF",-0.690115038202431,0.00168353720917177,"medulla_early","up","enhancer",TRUE,0.996131016197669,-0.295841215052998,0.413931192517274,"TEF"
"MA0844.1","XBP1",0.0239968394036998,0.00168353720917177,"medulla_early","up","enhancer",TRUE,0.996131016197669,-0.037555362907062,0.935361721233266,"XBP1"
"MA0032.2","FOXC1",-0.24499123051187,0.00168353720917177,"medulla_early","up","enhancer",TRUE,0.996131016197669,0.595496919873019,0.174142327086812,"FOXC1"
"MA0846.1","FOXC2",-0.151787840320943,0.00168353720917177,"medulla_early","up","enhancer",TRUE,0.996131016197669,0.315696454017831,0.559713854565078,"FOXC2"
"MA0848.1","FOXO4",-0.10117740412927,0.00168353720917177,"medulla_early","up","enhancer",TRUE,0.996131016197669,-0.386816279001445,0.142466418389761,"FOXO4"
"MA0850.1","FOXP3",-0.229775877400886,0.00168353720917177,"medulla_early","up","enhancer",TRUE,0.996131016197669,0.804584909325343,0.364936642049094,"FOXP3"
"MA0855.1","RXRB",0.243127517952716,0.00168353720917177,"medulla_early","up","enhancer",TRUE,0.996131016197669,0.00713770504806721,0.974690547789849,"RXRB"
"MA0856.1","RXRG",0.00450350923312515,0.00168353720917177,"medulla_early","up","enhancer",TRUE,0.996131016197669,-1.92633319462346,0.173777595901941,"RXRG"
"MA0106.3","TP53",0.232767429229182,0.00168353720917177,"medulla_early","up","enhancer",TRUE,0.996131016197669,0.277198543157821,0.291460571276196,"TP53"
"MA0862.1","GMEB2",-0.0610103279868204,0.00168353720917177,"medulla_early","up","enhancer",TRUE,0.996131016197669,0.353788071852497,0.17282654658279,"GMEB2"
"MA0863.1","MTF1",0.00153681403878281,0.00168353720917177,"medulla_early","up","enhancer",TRUE,0.996131016197669,-0.147932626511653,0.73722886023314,"MTF1"
"MA0024.3","E2F1",-0.381324813269132,0.00168353720917177,"medulla_early","up","enhancer",TRUE,0.996131016197669,-1.55631415781051,0.155603468655091,"E2F1"
"MA0028.2","ELK1",-0.138308271586416,0.00168353720917177,"medulla_early","up","enhancer",TRUE,0.996131016197669,0.282648827199531,0.134091008128395,"ELK1"
"MA0886.1","EMX2",-0.329148492002227,0.00168353720917177,"medulla_early","up","enhancer",TRUE,0.996131016197669,0.272409323488209,0.367758222708498,"EMX2"
"MA0889.1","GBX1",0.0656256305637015,0.00168353720917177,"medulla_early","up","enhancer",TRUE,0.996131016197669,0.459518028931596,0.410557045323838,"GBX1"
"MA0891.1","GSC2",-0.363002847916319,0.00168353720917177,"medulla_early","up","enhancer",TRUE,0.996131016197669,-3.59482865046134,0.0672971010070892,"GSC2"
"MA0895.1","HMBOX1",-0.0639297191573238,0.00168353720917177,"medulla_early","up","enhancer",TRUE,0.996131016197669,-0.546922559482415,0.266980988822546,"HMBOX1"
"MA0899.1","HOXA10",0.071070860342398,0.00168353720917177,"medulla_early","up","enhancer",TRUE,0.996131016197669,-0.0631731913756974,0.831099791614122,"HOXA10"
"MA0903.1","HOXB3",-0.277612954559557,0.00168353720917177,"medulla_early","up","enhancer",TRUE,0.996131016197669,0.859617502903848,0.162190378311986,"HOXB3"
"MA0908.1","HOXD11",-0.0040841095826174,0.00168353720917177,"medulla_early","up","enhancer",TRUE,0.996131016197669,0.444615669876819,0.422787751028675,"HOXD11"
"MA0852.2","FOXK1",-0.196161601802766,0.00168353720917177,"medulla_early","up","enhancer",TRUE,0.996131016197669,-0.18726845918241,0.484124180621158,"FOXK1"
"MA0036.3","GATA2",0.0718766439577871,0.00168353720917177,"medulla_early","up","enhancer",TRUE,0.996131016197669,1.06795824526672,0.121942278137661,"GATA2"
"MA1106.1","HIF1A",0.0480473803629664,0.00168353720917177,"medulla_early","up","enhancer",TRUE,0.996131016197669,1.01651237888565,0.207865436005933,"HIF1A"
"MA0147.3","MYC",-0.109713620800185,0.00168353720917177,"medulla_early","up","enhancer",TRUE,0.996131016197669,0.840782416698474,0.234985963307979,"MYC"
"MA0104.4","MYCN",-0.0971441161432613,0.00168353720917177,"medulla_early","up","enhancer",TRUE,0.996131016197669,-0.944861256508446,0.0912934439993276,"MYCN"
"MA0161.2","NFIC",-0.187796271011332,0.00168353720917177,"medulla_early","up","enhancer",TRUE,0.996131016197669,0.110585462196594,0.718758563012995,"NFIC"
"MA0060.3","NFYA",0.152098080631933,0.00168353720917177,"medulla_early","up","enhancer",TRUE,0.996131016197669,0.117003503198894,0.779532084746545,"NFYA"
"MA1110.1","NR1H4",-0.237778710280794,0.00168353720917177,"medulla_early","up","enhancer",TRUE,0.996131016197669,-2.5467066004487,0.0702346883737401,"NR1H4"
"MA1111.1","NR2F2",-0.227761126463699,0.00168353720917177,"medulla_early","up","enhancer",TRUE,0.996131016197669,0.0773628921649152,0.792190519734132,"NR2F2"
"MA0014.3","PAX5",-0.00815115299949198,0.00168353720917177,"medulla_early","up","enhancer",TRUE,0.996131016197669,2.02431599427039,0.0740140869339531,"PAX5"
"MA1114.1","PBX3",0.0382319098076485,0.00168353720917177,"medulla_early","up","enhancer",TRUE,0.996131016197669,-0.247335591487829,0.673412476956731,"PBX3"
"MA1116.1","RBPJ",0.0439721775908115,0.00168353720917177,"medulla_early","up","enhancer",TRUE,0.996131016197669,0.194894553057767,0.461769190321632,"RBPJ"
"MA1117.1","RELB",-0.15703193109099,0.00168353720917177,"medulla_early","up","enhancer",TRUE,0.996131016197669,1.06613486553326,0.0492181571789625,"RELB"
"MA1120.1","SOX13",0.00645439489683231,0.00168353720917177,"medulla_early","up","enhancer",TRUE,0.996131016197669,0.268946800473709,0.447142889561676,"SOX13"
"MA1121.1","TEAD2",0.0473977827067227,0.00168353720917177,"medulla_early","up","enhancer",TRUE,0.996131016197669,0.88299283078771,0.0963691648030841,"TEAD2"
"MA0750.2","ZBTB7A",-0.113667295362585,0.00168353720917177,"medulla_early","up","enhancer",TRUE,0.996131016197669,0.260842991996125,0.21998921030944,"ZBTB7A"
"MA0103.3","ZEB1",-0.0136718733443271,0.00168353720917177,"medulla_early","up","enhancer",TRUE,0.996131016197669,0.15228824620129,0.747667148499305,"ZEB1"
"MA1124.1","ZNF24",-0.169548178440146,0.00168353720917177,"medulla_early","up","enhancer",TRUE,0.996131016197669,-0.0945960387246441,0.74225122160849,"ZNF24"
"MA1154.1","ZNF282",0.0693531543294936,0.00168353720917177,"medulla_early","up","enhancer",TRUE,0.996131016197669,-0.30172191549048,0.180813264625007,"ZNF282"
"MA1126.1","FOS::JUN(var.2)",-0.170530220491583,0.00168353720917177,"medulla_early","up","enhancer",TRUE,0.996131016197669,0.790444411147782,0.495819179428345,"FOS"
"MA1127.1","FOSB::JUN",-0.153295139596662,0.00168353720917177,"medulla_early","up","enhancer",TRUE,0.996131016197669,0.942247474099412,0.43993982201804,"FOSB"
"MA1129.1","FOSL1::JUN(var.2)",-0.00287006964450942,0.00168353720917177,"medulla_early","up","enhancer",TRUE,0.996131016197669,1.99314244351486,0.0834337048981768,"FOSL1"
"MA1131.1","FOSL2::JUN(var.2)",-0.237675517129869,0.00168353720917177,"medulla_early","up","enhancer",TRUE,0.996131016197669,1.08455929293645,0.0618584746703685,"FOSL2"
"MA1133.1","JUN::JUNB(var.2)",-0.161002829255102,0.00168353720917177,"medulla_early","up","enhancer",TRUE,0.996131016197669,0.25851843413685,0.588249029107439,"JUN"
"MA1135.1","FOSB::JUNB",0.137744244421983,0.00168353720917177,"medulla_early","up","enhancer",TRUE,0.996131016197669,1.4087399624279,0.110679890761521,"JUNB"
"MA1136.1","FOSB::JUNB(var.2)",0.016743018027995,0.00168353720917177,"medulla_early","up","enhancer",TRUE,0.996131016197669,0.942247474099412,0.43993982201804,"FOSB"
"MA1138.1","FOSL2::JUNB",0.134969670962816,0.00168353720917177,"medulla_early","up","enhancer",TRUE,0.996131016197669,1.08455929293645,0.0618584746703685,"FOSL2"
"MA1139.1","FOSL2::JUNB(var.2)",-0.143210903624835,0.00168353720917177,"medulla_early","up","enhancer",TRUE,0.996131016197669,1.08455929293645,0.0618584746703685,"FOSL2"
"MA1142.1","FOSL1::JUND",0.146199921593062,0.00168353720917177,"medulla_early","up","enhancer",TRUE,0.996131016197669,1.99314244351486,0.0834337048981768,"FOSL1"
"MA1145.1","FOSL2::JUND(var.2)",-0.0578755274214693,0.00168353720917177,"medulla_early","up","enhancer",TRUE,0.996131016197669,1.08455929293645,0.0618584746703685,"FOSL2"
"MA1146.1","NR1H4::RXRA",-0.233398716553864,0.00168353720917177,"medulla_early","up","enhancer",TRUE,0.996131016197669,-2.5467066004487,0.0702346883737401,"NR1H4"
"MA1147.1","NR4A2::RXRA",-0.318238155506259,0.00168353720917177,"medulla_early","up","enhancer",TRUE,0.996131016197669,0.670144111666451,0.506393131551157,"NR4A2"
"MA1148.1","PPARA::RXRA",0.0525001385292194,0.00168353720917177,"medulla_early","up","enhancer",TRUE,0.996131016197669,-2.07757561779699,0.0553805652947001,"PPARA"
"MA1149.1","RARA::RXRG",0.028976229829353,0.00168353720917177,"medulla_early","up","enhancer",TRUE,0.996131016197669,-1.92633319462346,0.173777595901941,"RXRG"
"MA1151.1","RORC",-0.0826509404967393,0.00168353720917177,"medulla_early","up","enhancer",TRUE,0.996131016197669,-1.40286978275786,0.0553805652947001,"RORC"
"MA1152.1","SOX15",-0.202652571803989,0.00168353720917177,"medulla_early","up","enhancer",TRUE,0.996131016197669,0.861093848435316,0.287192601031246,"SOX15"
"MA0831.2","TFE3",-0.018342299893888,0.00168353720917177,"medulla_early","up","enhancer",TRUE,0.996131016197669,0.141392460365029,0.507679145358249,"TFE3"
"MA0693.2","VDR",-0.140976925065586,0.00168353720917177,"medulla_early","up","enhancer",TRUE,0.996131016197669,-1.09932889011824,0.372016550714213,"VDR"
"MA1418.1","IRF3",0.180827017444952,0.00168353720917177,"medulla_early","up","enhancer",TRUE,0.996131016197669,0.307725893196871,0.370567254683869,"IRF3"
"MA1419.1","IRF4",0.162146588306421,0.00168353720917177,"medulla_early","up","enhancer",TRUE,0.996131016197669,-0.320259409710066,0.832412432586757,"IRF4"
"MA1420.1","IRF5",0.0511768295069048,0.00168353720917177,"medulla_early","up","enhancer",TRUE,0.996131016197669,0.993460734600478,0.14302514397524,"IRF5"
"MA1464.1","ARNT2",-0.276238193277508,0.00168353720917177,"medulla_early","up","enhancer",TRUE,0.996131016197669,0.178622021624861,0.717302137818283,"ARNT2"
"MA1466.1","ATF6",0.118335570677504,0.00168353720917177,"medulla_early","up","enhancer",TRUE,0.996131016197669,-0.181235727294784,0.550407262353558,"ATF6"
"MA1101.2","BACH2",0.177914210233368,0.00168353720917177,"medulla_early","up","enhancer",TRUE,0.996131016197669,0.530099820963314,0.390748865276916,"BACH2"
"MA1483.1","ELF2",0.136369500903341,0.00168353720917177,"medulla_early","up","enhancer",TRUE,0.996131016197669,0.0976861943240204,0.761832987752703,"ELF2"
"MA1484.1","ETS2",-0.101181814206176,0.00168353720917177,"medulla_early","up","enhancer",TRUE,0.996131016197669,0.647618011384727,0.135488088859171,"ETS2"
"MA1489.1","FOXN3",0.134780573594392,0.00168353720917177,"medulla_early","up","enhancer",TRUE,0.996131016197669,0.157175228031443,0.684836214516321,"FOXN3"
"MA1493.1","HES6",-0.128977223468294,0.00168353720917177,"medulla_early","up","enhancer",TRUE,0.996131016197669,0.0799962447876665,0.845897533595474,"HES6"
"MA1495.1","HOXA1",0.0263716817844797,0.00168353720917177,"medulla_early","up","enhancer",TRUE,0.996131016197669,0.241264764447689,0.669339778333461,"HOXA1"
"MA1496.1","HOXA4",-0.193574595149692,0.00168353720917177,"medulla_early","up","enhancer",TRUE,0.996131016197669,0.495769695027236,0.174640439731305,"HOXA4"
"MA1497.1","HOXA6",-0.149632863136535,0.00168353720917177,"medulla_early","up","enhancer",TRUE,0.996131016197669,0.210046161816803,0.780598254038136,"HOXA6"
"MA1498.1","HOXA7",-0.246797608604346,0.00168353720917177,"medulla_early","up","enhancer",TRUE,0.996131016197669,-0.272879592585723,0.410626761044215,"HOXA7"
"MA1499.1","HOXB4",-0.351080986460489,0.00168353720917177,"medulla_early","up","enhancer",TRUE,0.996131016197669,0.885981435652577,0.15111836167839,"HOXB4"
"MA1500.1","HOXB6",-0.195504344642029,0.00168353720917177,"medulla_early","up","enhancer",TRUE,0.996131016197669,0.880092305550794,0.149413767494403,"HOXB6"
"MA1501.1","HOXB7",-0.214467316545748,0.00168353720917177,"medulla_early","up","enhancer",TRUE,0.996131016197669,0.72394818325564,0.153093802667215,"HOXB7"
"MA1502.1","HOXB8",-0.19919233676719,0.00168353720917177,"medulla_early","up","enhancer",TRUE,0.996131016197669,1.39813153533931,0.0944278453286056,"HOXB8"
"MA1503.1","HOXB9",-0.191639709156913,0.00168353720917177,"medulla_early","up","enhancer",TRUE,0.996131016197669,1.62859042584854,0.0792795741625213,"HOXB9"
"MA1504.1","HOXC4",-0.311376924407413,0.00168353720917177,"medulla_early","up","enhancer",TRUE,0.996131016197669,0.267922838417387,0.410087705276773,"HOXC4"
"MA1505.1","HOXC8",-0.0628997394794748,0.00168353720917177,"medulla_early","up","enhancer",TRUE,0.996131016197669,0.263965553315281,0.586663564365419,"HOXC8"
"MA1506.1","HOXD10",0.0670950356347468,0.00168353720917177,"medulla_early","up","enhancer",TRUE,0.996131016197669,0.190949582551638,0.669177750340737,"HOXD10"
"MA1507.1","HOXD4",-0.370129120106868,0.00168353720917177,"medulla_early","up","enhancer",TRUE,0.996131016197669,0.465674993383879,0.254912947680986,"HOXD4"
"MA1508.1","IKZF1",0.0578904745868378,0.00168353720917177,"medulla_early","up","enhancer",TRUE,0.996131016197669,0.898286957646403,0.337113639531263,"IKZF1"
"MA1509.1","IRF6",0.219103065721701,0.00168353720917177,"medulla_early","up","enhancer",TRUE,0.996131016197669,-0.38661834193706,0.266869981848371,"IRF6"
"MA1512.1","KLF11",-0.0409949142628214,0.00168353720917177,"medulla_early","up","enhancer",TRUE,0.996131016197669,0.476311520645546,0.424029813339626,"KLF11"
"MA1513.1","KLF15",-0.0247826222489103,0.00168353720917177,"medulla_early","up","enhancer",TRUE,0.996131016197669,-1.49302727518045,0.117121896380175,"KLF15"
"MA1515.1","KLF2",0.0529766467170578,0.00168353720917177,"medulla_early","up","enhancer",TRUE,0.996131016197669,1.17072698489711,0.0492181571789625,"KLF2"
"MA1516.1","KLF3",-0.0289035582391106,0.00168353720917177,"medulla_early","up","enhancer",TRUE,0.996131016197669,0.185551529066375,0.67411254469576,"KLF3"
"MA1518.1","LHX1",0.118801280347271,0.00168353720917177,"medulla_early","up","enhancer",TRUE,0.996131016197669,0.799750366275341,0.347677684451864,"LHX1"
"MA1520.1","MAF",0.0842605066946849,0.00168353720917177,"medulla_early","up","enhancer",TRUE,0.996131016197669,-0.82789645632328,0.147136755264912,"MAF"
"MA1525.1","NFATC4",-0.21461650744991,0.00168353720917177,"medulla_early","up","enhancer",TRUE,0.996131016197669,0.629049823424627,0.184756985739429,"NFATC4"
"MA1531.1","NR1D1",-0.137231395984035,0.00168353720917177,"medulla_early","up","enhancer",TRUE,0.996131016197669,-0.513315568569279,0.302709916052239,"NR1D1"
"MA1532.1","NR1D2",0.0131336058336355,0.00168353720917177,"medulla_early","up","enhancer",TRUE,0.996131016197669,-0.363144641708264,0.491782414825179,"NR1D2"
"MA1534.1","NR1I3",-0.0145546816149285,0.00168353720917177,"medulla_early","up","enhancer",TRUE,0.996131016197669,-4.90358972781777,0.0658946979272671,"NR1I3"
"MA1535.1","NR2C1",-0.141748112500014,0.00168353720917177,"medulla_early","up","enhancer",TRUE,0.996131016197669,0.05367508237393,0.914520893121088,"NR2C1"
"MA1541.1","NR6A1",0.0737572624847083,0.00168353720917177,"medulla_early","up","enhancer",TRUE,0.996131016197669,0.130870702750765,0.710272688724595,"NR6A1"
"MA1542.1","OSR1",0.0500973983898332,0.00168353720917177,"medulla_early","up","enhancer",TRUE,0.996131016197669,-0.829966851323582,0.26249742760543,"OSR1"
"MA1544.1","OVOL1",-0.0526681032730565,0.00168353720917177,"medulla_early","up","enhancer",TRUE,0.996131016197669,-0.0315645819091044,0.964549166639799,"OVOL1"
"MA1545.1","OVOL2",0.18170139332822,0.00168353720917177,"medulla_early","up","enhancer",TRUE,0.996131016197669,-1.48704614110616,0.0608548530223647,"OVOL2"
"MA1547.1","PITX2",-0.070317995994067,0.00168353720917177,"medulla_early","up","enhancer",TRUE,0.996131016197669,-2.10144736674768,0.0637678535424862,"PITX2"
"MA1548.1","PLAGL2",-0.0858031376060282,0.00168353720917177,"medulla_early","up","enhancer",TRUE,0.996131016197669,-0.0427429810348618,0.92453845969006,"PLAGL2"
"MA1550.1","PPARD",0.13351167674541,0.00168353720917177,"medulla_early","up","enhancer",TRUE,0.996131016197669,0.891892322611441,0.0492181571789625,"PPARD"
"MA1554.1","RFX7",0.0255006910181343,0.00168353720917177,"medulla_early","up","enhancer",TRUE,0.996131016197669,-0.271942060787191,0.764607945021969,"RFX7"
"MA1561.1","SOX12",-0.0643389153945852,0.00168353720917177,"medulla_early","up","enhancer",TRUE,0.996131016197669,-0.0523250419755064,0.920374044665355,"SOX12"
"MA1566.1","TBX3",0.0241398058165672,0.00168353720917177,"medulla_early","up","enhancer",TRUE,0.996131016197669,1.52368608824319,0.0832738379815991,"TBX3"
"MA1567.1","TBX6",0.106701197160304,0.00168353720917177,"medulla_early","up","enhancer",TRUE,0.996131016197669,-0.135759766743078,0.850143589044472,"TBX6"
"MA1573.1","THAP11",-0.57684036365492,0.00168353720917177,"medulla_early","up","enhancer",TRUE,0.996131016197669,-0.0164096684038499,0.968977526882527,"THAP11"
"MA1579.1","ZBTB26",0.00146091454017139,0.00168353720917177,"medulla_early","up","enhancer",TRUE,0.996131016197669,-0.0484390005078721,0.936082817778804,"ZBTB26"
"MA1581.1","ZBTB6",-0.0841782956653141,0.00168353720917177,"medulla_early","up","enhancer",TRUE,0.996131016197669,-0.361137112953845,0.625151330776602,"ZBTB6"
"MA1583.1","ZFP57",0.110541463419484,0.00168353720917177,"medulla_early","up","enhancer",TRUE,0.996131016197669,0.139330944009233,0.562477562308107,"ZFP57"
"MA1585.1","ZKSCAN1",-0.220206327412269,0.00168353720917177,"medulla_early","up","enhancer",TRUE,0.996131016197669,-0.268958325939968,0.310786095392853,"ZKSCAN1"
"MA1589.1","ZNF140",-0.269351933175221,0.00168353720917177,"medulla_early","up","enhancer",TRUE,0.996131016197669,0.00868613362562964,0.988542582908716,"ZNF140"
"MA1592.1","ZNF274",0.0572990474260111,0.00168353720917177,"medulla_early","up","enhancer",TRUE,0.996131016197669,0.38620323622967,0.18285194566605,"ZNF274"
"MA1593.1","ZNF317",-0.0596011727989874,0.00168353720917177,"medulla_early","up","enhancer",TRUE,0.996131016197669,0.129523139860242,0.662654974022624,"ZNF317"
"MA1594.1","ZNF382",-0.390224042866261,0.00168353720917177,"medulla_early","up","enhancer",TRUE,0.996131016197669,-0.474527871278598,0.316727206573792,"ZNF382"
"MA1600.1","ZNF684",-0.0915158394795279,0.00168353720917177,"medulla_early","up","enhancer",TRUE,0.996131016197669,-0.168546705403499,0.725166131620865,"ZNF684"
"MA1601.1","ZNF75D",-0.049037887758022,0.00168353720917177,"medulla_early","up","enhancer",TRUE,0.996131016197669,-0.200601746456184,0.248460709907167,"ZNF75D"
"MA0605.2","ATF3",-0.163078974572014,0.00168353720917177,"medulla_early","up","enhancer",TRUE,0.996131016197669,1.35785809494138,0.0916266417248995,"ATF3"
"MA0462.2","BATF::JUN",0.10368171746698,0.00168353720917177,"medulla_early","up","enhancer",TRUE,0.996131016197669,1.6596789750096,0.06604313776341,"BATF"
"MA0463.2","BCL6",-0.366723924446269,0.00168353720917177,"medulla_early","up","enhancer",TRUE,0.996131016197669,0.280517860039863,0.446505194271569,"BCL6"
"MA0864.2","E2F2",-0.0344466525445322,0.00168353720917177,"medulla_early","up","enhancer",TRUE,0.996131016197669,-0.123860062846695,0.931181324066667,"E2F2"
"MA0470.2","E2F4",-0.0809424715345335,0.00168353720917177,"medulla_early","up","enhancer",TRUE,0.996131016197669,0.301248728903738,0.178893459927132,"E2F4"
"MA0612.2","EMX1",-0.200580457826538,0.00168353720917177,"medulla_early","up","enhancer",TRUE,0.996131016197669,-3.31946901938768,0.0712060277233364,"EMX1"
"MA0847.2","FOXD2",-0.148245021085347,0.00168353720917177,"medulla_early","up","enhancer",TRUE,0.996131016197669,-1.65752812201017,0.0842898766585046,"FOXD2"
"MA0038.2","GFI1",0.0458703944447505,0.00168353720917177,"medulla_early","up","enhancer",TRUE,0.996131016197669,1.38160825886547,0.29103299967878,"GFI1"
"MA1099.2","HES1",-0.0332317753132063,0.00168353720917177,"medulla_early","up","enhancer",TRUE,0.996131016197669,1.01074502004133,0.0609514084546705,"HES1"
"MA0158.2","HOXA5",-0.293337296644449,0.00168353720917177,"medulla_early","up","enhancer",TRUE,0.996131016197669,0.471503276270981,0.150095664944483,"HOXA5"
"MA0594.2","HOXA9",-0.13722736102837,0.00168353720917177,"medulla_early","up","enhancer",TRUE,0.996131016197669,-0.374756110264792,0.202624239501647,"HOXA9"
"MA0902.2","HOXB2",-0.121237122556556,0.00168353720917177,"medulla_early","up","enhancer",TRUE,0.996131016197669,1.18195155391374,0.107278423978181,"HOXB2"
"MA0904.2","HOXB5",-0.343145471905541,0.00168353720917177,"medulla_early","up","enhancer",TRUE,0.996131016197669,0.853553809598613,0.157124880881629,"HOXB5"
"MA0485.2","HOXC9",-0.24031716157328,0.00168353720917177,"medulla_early","up","enhancer",TRUE,0.996131016197669,0.208948432848126,0.537744862576777,"HOXC9"
"MA0912.2","HOXD3",-0.411511096126608,0.00168353720917177,"medulla_early","up","enhancer",TRUE,0.996131016197669,0.194409940203093,0.623939254874101,"HOXD3"
"MA0910.2","HOXD8",-0.196148976131304,0.00168353720917177,"medulla_early","up","enhancer",TRUE,0.996131016197669,0.06076443969084,0.896442211160504,"HOXD8"
"MA0913.2","HOXD9",-0.13130690301396,0.00168353720917177,"medulla_early","up","enhancer",TRUE,0.996131016197669,0.344924367183701,0.399224265377298,"HOXD9"
"MA0703.2","LMX1B",-0.219082268407918,0.00168353720917177,"medulla_early","up","enhancer",TRUE,0.996131016197669,-3.77992993111808,0.0901544811220524,"LMX1B"
"MA0842.2","NRL",0.145936929559027,0.00168353720917177,"medulla_early","up","enhancer",TRUE,0.996131016197669,-0.508515726317723,0.238721818287497,"NRL"
"MA0075.3","PRRX2",-0.145994204493427,0.00168353720917177,"medulla_early","up","enhancer",TRUE,0.996131016197669,1.3887251508707,0.128122391867741,"PRRX2"
"MA0867.2","SOX4",-0.113738999735927,0.00168353720917177,"medulla_early","up","enhancer",TRUE,0.996131016197669,0.631680146267919,0.195720062516252,"SOX4"
"MA0079.4","SP1",-0.0919733850963782,0.00168353720917177,"medulla_early","up","enhancer",TRUE,0.996131016197669,-0.137530648943236,0.821174739945068,"SP1"
"MA0746.2","SP3",-0.0230384670629826,0.00168353720917177,"medulla_early","up","enhancer",TRUE,0.996131016197669,0.0059421778446227,0.99073376411167,"SP3"
"MA0632.2","TCFL5",-0.0150515610144373,0.00168353720917177,"medulla_early","up","enhancer",TRUE,0.996131016197669,-0.125984535075871,0.641277270968521,"TCFL5"
"MA0871.2","TFEC",0.0705565768351022,0.00168353720917177,"medulla_early","up","enhancer",TRUE,0.996131016197669,-2.10892727520893,0.077937476246155,"TFEC"
"MA1632.1","ATF2",-0.126261705120326,0.00168353720917177,"medulla_early","up","enhancer",TRUE,0.996131016197669,-0.218878644399152,0.560809061434973,"ATF2"
"MA1633.1","BACH1",0.0995308296259729,0.00168353720917177,"medulla_early","up","enhancer",TRUE,0.996131016197669,0.245167934407919,0.678642741180705,"BACH1"
"MA1634.1","BATF",0.0576434485055071,0.00168353720917177,"medulla_early","up","enhancer",TRUE,0.996131016197669,1.6596789750096,0.06604313776341,"BATF"
"MA1643.1","NFIB",0.0428107184494397,0.00168353720917177,"medulla_early","up","enhancer",TRUE,0.996131016197669,-0.443600970555623,0.236817474381606,"NFIB"
"MA1644.1","NFYC",0.0330455856014744,0.00168353720917177,"medulla_early","up","enhancer",TRUE,0.996131016197669,-0.00262316901602411,0.99394663650825,"NFYC"
"MA1646.1","OSR2",0.041262085503055,0.00168353720917177,"medulla_early","up","enhancer",TRUE,0.996131016197669,1.06532246041255,0.178760150603818,"OSR2"
"MA1647.1","PRDM4",-0.0167688346720531,0.00168353720917177,"medulla_early","up","enhancer",TRUE,0.996131016197669,0.217812095886533,0.302222416185763,"PRDM4"
"MA1649.1","ZBTB12",0.00964381673474524,0.00168353720917177,"medulla_early","up","enhancer",TRUE,0.996131016197669,0.0661264192595086,0.914745875678653,"ZBTB12"
"MA1651.1","ZFP42",-0.0612102040893454,0.00168353720917177,"medulla_early","up","enhancer",TRUE,0.996131016197669,1.4049632968339,0.0908580901674158,"ZFP42"
"MA1652.1","ZKSCAN5",0.0380071405808717,0.00168353720917177,"medulla_early","up","enhancer",TRUE,0.996131016197669,0.172677139383119,0.537744862576777,"ZKSCAN5"
"MA1654.1","ZNF16",0.1989477526734,0.00168353720917177,"medulla_early","up","enhancer",TRUE,0.996131016197669,0.358892154672663,0.108598298396234,"ZNF16"
"MA1655.1","ZNF341",0.080079783463721,0.00168353720917177,"medulla_early","up","enhancer",TRUE,0.996131016197669,-0.0842169612582779,0.812490975545782,"ZNF341"
"MA1656.1","ZNF449",0.0275369649674868,0.00168353720917177,"medulla_early","up","enhancer",TRUE,0.996131016197669,0.209226312368565,0.622294120606598,"ZNF449"
"MA1657.1","ZNF652",-0.158251662790119,0.00168353720917177,"medulla_early","up","enhancer",TRUE,0.996131016197669,-0.459728421087832,0.344625947814912,"ZNF652"
"MA1683.1","FOXA3",-0.230395424593584,0.00168353720917177,"medulla_early","up","enhancer",TRUE,0.996131016197669,2.63328875361704,0.122337589758941,"FOXA3"
"MA0833.2","ATF4",0.122935234469852,0.00168353720917177,"medulla_early","up","enhancer",TRUE,0.996131016197669,0.47134174023383,0.153314943932154,"ATF4"
"MA0835.2","BATF3",0.0785273595980307,0.00168353720917177,"medulla_early","up","enhancer",TRUE,0.996131016197669,1.04702307697538,0.259033656862174,"BATF3"
"MA0018.4","CREB1",-0.016274747755884,0.00168353720917177,"medulla_early","up","enhancer",TRUE,0.996131016197669,0.0489183839653187,0.89378345624792,"CREB1"
"MA0471.2","E2F6",0.0152552897014271,0.00168353720917177,"medulla_early","up","enhancer",TRUE,0.996131016197669,0.092236149129326,0.735101504111633,"E2F6"
"MA0162.4","EGR1",-0.0543534789524358,0.00168353720917177,"medulla_early","up","enhancer",TRUE,0.996131016197669,1.20612237390305,0.310124947087848,"EGR1"
"MA0598.3","EHF",0.0639346789165023,0.00168353720917177,"medulla_early","up","enhancer",TRUE,0.996131016197669,0.962007345090133,0.232418019910113,"EHF"
"MA0473.3","ELF1",0.019041699595749,0.00168353720917177,"medulla_early","up","enhancer",TRUE,0.996131016197669,0.19418631381297,0.588249029107439,"ELF1"
"MA0592.3","ESRRA",-0.0820354740706106,0.00168353720917177,"medulla_early","up","enhancer",TRUE,0.996131016197669,-0.589542731640699,0.155741415377636,"ESRRA"
"MA0764.2","ETV4",0.00793546034334547,0.00168353720917177,"medulla_early","up","enhancer",TRUE,0.996131016197669,1.00169138540545,0.112500476841191,"ETV4"
"MA0765.2","ETV5",0.0820185701219822,0.00168353720917177,"medulla_early","up","enhancer",TRUE,0.996131016197669,-1.46602920869963,0.0672971010070892,"ETV5"
"MA1103.2","FOXK2",-0.178516573380778,0.00168353720917177,"medulla_early","up","enhancer",TRUE,0.996131016197669,-0.447632773770378,0.0878476068286651,"FOXK2"
"MA0481.3","FOXP1",-0.22708242681417,0.00168353720917177,"medulla_early","up","enhancer",TRUE,0.996131016197669,0.212742459812227,0.446926516035402,"FOXP1"
"MA0062.3","GABPA",0.0417483192116812,0.00168353720917177,"medulla_early","up","enhancer",TRUE,0.996131016197669,-0.243705616428664,0.418675712352007,"GABPA"
"MA1105.2","GRHL2",0.0595692224656705,0.00168353720917177,"medulla_early","up","enhancer",TRUE,0.996131016197669,0.847022715254837,0.104252829176874,"GRHL2"
"MA0114.4","HNF4A",-0.235377160374112,0.00168353720917177,"medulla_early","up","enhancer",TRUE,0.996131016197669,-3.75826701797676,0.103850085880759,"HNF4A"
"MA0484.2","HNF4G",-0.292115624104547,0.00168353720917177,"medulla_early","up","enhancer",TRUE,0.996131016197669,-2.88270133087316,0.0660196082957075,"HNF4G"
"MA0490.2","JUNB",0.101530509757671,0.00168353720917177,"medulla_early","up","enhancer",TRUE,0.996131016197669,1.4087399624279,0.110679890761521,"JUNB"
"MA0495.3","MAFF",-0.117188030899096,0.00168353720917177,"medulla_early","up","enhancer",TRUE,0.996131016197669,1.52535659330182,0.0668960896156621,"MAFF"
"MA0052.4","MEF2A",-0.1962459440948,0.00168353720917177,"medulla_early","up","enhancer",TRUE,0.996131016197669,0.473138761157531,0.150095664944483,"MEF2A"
"MA0620.3","MITF",0.00980299121108175,0.00168353720917177,"medulla_early","up","enhancer",TRUE,0.996131016197669,-0.266035813894056,0.414822224854763,"MITF"
"MA1108.2","MXI1",-0.025120170737206,0.00168353720917177,"medulla_early","up","enhancer",TRUE,0.996131016197669,-0.876309316145971,0.0770476661946693,"MXI1"
"MA0056.2","MZF1",-0.073013897600708,0.00168353720917177,"medulla_early","up","enhancer",TRUE,0.996131016197669,0.234397851002226,0.289935430825961,"MZF1"
"MA0025.2","NFIL3",0.175632001540116,0.00168353720917177,"medulla_early","up","enhancer",TRUE,0.996131016197669,0.745980541597738,0.122501804370263,"NFIL3"
"MA0502.2","NFYB",0.0556331403966546,0.00168353720917177,"medulla_early","up","enhancer",TRUE,0.996131016197669,0.224248324784698,0.332944855673808,"NFYB"
"MA1112.2","NR4A1",-0.0709139256655256,0.00168353720917177,"medulla_early","up","enhancer",TRUE,0.996131016197669,0.584862578948409,0.66978651208401,"NR4A1"
"MA0679.2","ONECUT1",0.0231994660611834,0.00168353720917177,"medulla_early","up","enhancer",TRUE,0.996131016197669,-3.39878981480351,0.117836266285429,"ONECUT1"
"MA1113.2","PBX2",-0.0635954779284686,0.00168353720917177,"medulla_early","up","enhancer",TRUE,0.996131016197669,0.168210555534477,0.431059780126037,"PBX2"
"MA0782.2","PKNOX1",0.059331580100193,0.00168353720917177,"medulla_early","up","enhancer",TRUE,0.996131016197669,0.330737363291956,0.187097608107032,"PKNOX1"
"MA0508.3","PRDM1",0.0228414753131982,0.00168353720917177,"medulla_early","up","enhancer",TRUE,0.996131016197669,0.499682259790166,0.568062588577106,"PRDM1"
"MA0509.2","RFX1",0.102703046800635,0.00168353720917177,"medulla_early","up","enhancer",TRUE,0.996131016197669,0.181643986679529,0.551825447303425,"RFX1"
"MA0745.2","SNAI2",0.0874097925835304,0.00168353720917177,"medulla_early","up","enhancer",TRUE,0.996131016197669,1.10385608658876,0.0503095719599114,"SNAI2"
"MA0830.2","TCF4",-0.0147355019286213,0.00168353720917177,"medulla_early","up","enhancer",TRUE,0.996131016197669,0.393146960839339,0.406470064965393,"TCF4"
"MA0769.2","TCF7",0.087674148665764,0.00168353720917177,"medulla_early","up","enhancer",TRUE,0.996131016197669,0.546792028975311,0.314754359974694,"TCF7"
"MA0809.2","TEAD4",0.0375729871313171,0.00168353720917177,"medulla_early","up","enhancer",TRUE,0.996131016197669,0.756875322572355,0.071132448064588,"TEAD4"
"MA0003.4","TFAP2A",-0.000153861197521366,0.00168353720917177,"medulla_early","up","enhancer",TRUE,0.996131016197669,1.12951183829806,0.140698726798868,"TFAP2A"
"MA0093.3","USF1",-0.179932031416564,0.00168353720917177,"medulla_early","up","enhancer",TRUE,0.996131016197669,0.607629080710937,0.169727927955546,"USF1"
"MA0526.3","USF2",-0.138530958787698,0.00168353720917177,"medulla_early","up","enhancer",TRUE,0.996131016197669,-0.0663723136822663,0.854801657673229,"USF2"
"MA0528.2","ZNF263",-0.0416110314619758,0.00168353720917177,"medulla_early","up","enhancer",TRUE,0.996131016197669,0.255528989001911,0.208757420908938,"ZNF263"
"MA0609.2","CREM",-0.26434195013374,0.00168353720917177,"medulla_early","up","enhancer",TRUE,0.996131016197669,0.785524708417041,0.107275306419822,"CREM"
"MA0777.1","MYBL2",-0.667664394113257,0.000747698140660186,"medulla_early","up","enhancer",TRUE,0.998279842576844,0.324522708701639,0.702831246653549,"MYBL2"
"MA0900.2","HOXA2",-0.508306722899477,0.000747698140660186,"medulla_early","up","enhancer",TRUE,0.998279842576844,0.837613405220707,0.154134101045651,"HOXA2"
"MA0469.3","E2F3",-0.393872846014706,0,"medulla_early","up","enhancer",TRUE,1,-1.16985375144796,0.164158832744677,"E2F3"
