"motif_id","motif_name","log2_enrichment","neg_log10_padj","set","direction","region_type","markers_excluded","padj","tf_log_fc","tf_fdr","tf_matched"
"MA1111.1","NR2F2",0.719040021332784,1.76086412182471,"cortex_late","down","promoter",FALSE,0.017343465397187,0.25083891617585,0.222832215271184,"NR2F2"
"MA1149.1","RARA::RXRG",0.440701447159568,1.62927631465602,"cortex_late","down","promoter",FALSE,0.0234813837060644,0.136091981256486,0.611362538640729,"RARA"
"MA0141.3","ESRRB",0.827614165362285,1.34408132832032,"cortex_late","down","promoter",FALSE,0.045281277580781,-1.28453064368206,0.0377797473826803,"ESRRB"
"MA0160.1","NR4A2",0.460561898576453,1.08289366012792,"cortex_late","down","promoter",FALSE,0.0826240235188966,-0.0847014456279496,0.883972872545245,"NR4A2"
"MA0771.1","HSF4",0.607719261468289,0.914385916114387,"cortex_late","down","promoter",FALSE,0.121790688017332,1.02207314332088,0.0470963824090366,"HSF4"
"MA0592.3","ESRRA",0.480768977175129,0.914385916114387,"cortex_late","down","promoter",FALSE,0.121790688017332,-0.608206137724949,0.0994022927880583,"ESRRA"
"MA0818.1","BHLHE22",0.859829795388519,0.865980600166057,"cortex_late","down","promoter",FALSE,0.136150549924299,2.62570340289903,0.0175362268964315,"BHLHE22"
"MA1151.1","RORC",0.54623938488157,0.407981588634159,"cortex_late","down","promoter",FALSE,0.390857465349583,-1.11452511687552,0.0489929491937334,"RORC"
"MA1535.1","NR2C1",0.231265135818711,0.407981588634159,"cortex_late","down","promoter",FALSE,0.390857465349583,0.0737951410149003,0.745970281869099,"NR2C1"
"MA1112.2","NR4A1",0.414400981896673,0.407981588634159,"cortex_late","down","promoter",FALSE,0.390857465349583,-0.886839565583435,0.304379979828154,"NR4A1"
"MA0017.2","NR2F1",0.309912351086434,0.369018815159531,"cortex_late","down","promoter",FALSE,0.427544363029629,0.69381230140943,0.231854717997705,"NR2F1"
"MA0486.2","HSF1",0.603012766726042,0.22814087182553,"cortex_late","down","promoter",FALSE,0.591369780820908,-0.0819535439365673,0.604841037714736,"HSF1"
"MA0071.1","RORA",0.402549760929623,0.213119091934269,"cortex_late","down","promoter",FALSE,0.612182496442435,-0.361064425540366,0.419005831013643,"RORA"
"MA1509.1","IRF6",0.433825491271663,0.163489048656953,"cortex_late","down","promoter",FALSE,0.686295184086643,-0.400123438782607,0.1786866707416,"IRF6"
"MA1574.1","THRB",0.317105571303171,0.163489048656953,"cortex_late","down","promoter",FALSE,0.686295184086643,-1.64088332630497,0.0117359827762105,"THRB"
"MA0154.4","EBF1",0.192324865710732,0.163489048656953,"cortex_late","down","promoter",FALSE,0.686295184086643,0.0705077451459912,0.869678746385901,"EBF1"
"MA0846.1","FOXC2",0.448162053447753,0.158491807010416,"cortex_late","down","promoter",FALSE,0.694237698423422,0.422980245283098,0.257109956244467,"FOXC2"
"MA0152.1","NFATC2",0.257551351574179,0.0960584158452164,"cortex_late","down","promoter",FALSE,0.801570238963889,0.429360097778478,0.301594692263252,"NFATC2"
"MA0770.1","HSF2",0.473962608017854,0.0960584158452164,"cortex_late","down","promoter",FALSE,0.801570238963889,0.0570072184504249,0.729396393191233,"HSF2"
"MA1110.1","NR1H4",0.402268410717345,0.0960584158452164,"cortex_late","down","promoter",FALSE,0.801570238963889,-1.46432152794742,0.0290160332017628,"NR1H4"
"MA1550.1","PPARD",0.465006942425163,0.0960584158452164,"cortex_late","down","promoter",FALSE,0.801570238963889,0.593602782098353,0.0556067092227686,"PPARD"
"MA0139.1","CTCF",0.168978273667649,0.0169774972237301,"cortex_late","down","promoter",FALSE,0.961662105188923,-0.183644533598926,0.176418526527996,"CTCF"
"MA0476.1","FOS",0.315994777627435,0.0169774972237301,"cortex_late","down","promoter",FALSE,0.961662105188923,0.0826020248799741,0.94439835226923,"FOS"
"MA0478.1","FOSL2",0.307343435924611,0.0169774972237301,"cortex_late","down","promoter",FALSE,0.961662105188923,1.02982069670662,0.00558578197927428,"FOSL2"
"MA0497.1","MEF2C",0.313167752614135,0.0169774972237301,"cortex_late","down","promoter",FALSE,0.961662105188923,0.319385298715242,0.442916752514626,"MEF2C"
"MA0501.1","MAF::NFE2",0.34423457179596,0.0169774972237301,"cortex_late","down","promoter",FALSE,0.961662105188923,-0.717073390939694,0.140313942794167,"MAF"
"MA0523.1","TCF7L2",0.307420175911307,0.0169774972237301,"cortex_late","down","promoter",FALSE,0.961662105188923,0.0108251517279818,0.952896055846399,"TCF7L2"
"MA0042.2","FOXI1",0.298675024910294,0.0169774972237301,"cortex_late","down","promoter",FALSE,0.961662105188923,-1.3503212932461,0.0110861569905551,"FOXI1"
"MA0131.2","HINFP",0.0939196804375086,0.0169774972237301,"cortex_late","down","promoter",FALSE,0.961662105188923,-0.0795704979626128,0.704311439553746,"HINFP"
"MA0666.1","MSX1",0.319547361930201,0.0169774972237301,"cortex_late","down","promoter",FALSE,0.961662105188923,0.0921852394115059,0.836693600199941,"MSX1"
"MA0112.3","ESR1",0.460004212387763,0.0169774972237301,"cortex_late","down","promoter",FALSE,0.961662105188923,-0.594796239557795,0.104998049439265,"ESR1"
"MA0741.1","KLF16",0.0584625976652795,0.0169774972237301,"cortex_late","down","promoter",FALSE,0.961662105188923,0.614789041339658,0.0460520770974238,"KLF16"
"MA0777.1","MYBL2",0.357480597181203,0.0169774972237301,"cortex_late","down","promoter",FALSE,0.961662105188923,2.55780018493884,0.0197929391485239,"MYBL2"
"MA0795.1","SMAD3",0.450137573240799,0.0169774972237301,"cortex_late","down","promoter",FALSE,0.961662105188923,0.125334627013129,0.578463148924369,"SMAD3"
"MA0804.1","TBX19",0.355377388872407,0.0169774972237301,"cortex_late","down","promoter",FALSE,0.961662105188923,-0.0915914008127774,0.802791973426763,"TBX19"
"MA0843.1","TEF",0.405945925804192,0.0169774972237301,"cortex_late","down","promoter",FALSE,0.961662105188923,-0.881861603659547,0.00698531122215053,"TEF"
"MA0848.1","FOXO4",0.298675024910294,0.0169774972237301,"cortex_late","down","promoter",FALSE,0.961662105188923,-0.528580748247043,0.00793978426049497,"FOXO4"
"MA0889.1","GBX1",0.311417559642969,0.0169774972237301,"cortex_late","down","promoter",FALSE,0.961662105188923,-0.0916107771471888,0.897775383748752,"GBX1"
"MA0036.3","GATA2",0.278086092826131,0.0169774972237301,"cortex_late","down","promoter",FALSE,0.961662105188923,-0.90892281750524,0.0275316731499419,"GATA2"
"MA0060.3","NFYA",0.280260382232762,0.0169774972237301,"cortex_late","down","promoter",FALSE,0.961662105188923,0.118343667952641,0.464941495194905,"NFYA"
"MA1114.1","PBX3",0.171626280718899,0.0169774972237301,"cortex_late","down","promoter",FALSE,0.961662105188923,0.372566142848154,0.323671514043324,"PBX3"
"MA0103.3","ZEB1",0.0850445805392326,0.0169774972237301,"cortex_late","down","promoter",FALSE,0.961662105188923,-0.221755541245513,0.454317257917418,"ZEB1"
"MA1141.1","FOS::JUND",0.304886037671623,0.0169774972237301,"cortex_late","down","promoter",FALSE,0.961662105188923,0.161363286064925,0.46617504459736,"JUND"
"MA1148.1","PPARA::RXRA",0.217803529536493,0.0169774972237301,"cortex_late","down","promoter",FALSE,0.961662105188923,-1.37811628703652,0.019803145149502,"PPARA"
"MA1474.1","CREB3L4",0.187756525032316,0.0169774972237301,"cortex_late","down","promoter",FALSE,0.961662105188923,0.741589929808271,0.0572582355845164,"CREB3L4"
"MA1487.1","FOXE1",0.388940597069075,0.0169774972237301,"cortex_late","down","promoter",FALSE,0.961662105188923,0.251220572646225,0.866414771816428,"FOXE1"
"MA1541.1","NR6A1",0.237290719885301,0.0169774972237301,"cortex_late","down","promoter",FALSE,0.961662105188923,-0.217266888365558,0.223693506960725,"NR6A1"
"MA1548.1","PLAGL2",0.0704650355501073,0.0169774972237301,"cortex_late","down","promoter",FALSE,0.961662105188923,0.00433253723925286,0.979261986561269,"PLAGL2"
"MA1557.1","SMAD5",0.387447206528184,0.0169774972237301,"cortex_late","down","promoter",FALSE,0.961662105188923,-0.150942801064471,0.510765020740912,"SMAD5"
"MA1581.1","ZBTB6",0.100725705359887,0.0169774972237301,"cortex_late","down","promoter",FALSE,0.961662105188923,-0.15999992993106,0.67155032778739,"ZBTB6"
"MA1592.1","ZNF274",0.277635537353178,0.0169774972237301,"cortex_late","down","promoter",FALSE,0.961662105188923,0.386631308249538,0.159072619765945,"ZNF274"
"MA0463.2","BCL6",0.37031217456004,0.0169774972237301,"cortex_late","down","promoter",FALSE,0.961662105188923,0.283343608553714,0.355195974619481,"BCL6"
"MA0847.2","FOXD2",0.378804883134127,0.0169774972237301,"cortex_late","down","promoter",FALSE,0.961662105188923,-0.651122989619007,0.186217312814842,"FOXD2"
"MA0038.2","GFI1",0.319024635722116,0.0169774972237301,"cortex_late","down","promoter",FALSE,0.961662105188923,2.37718264921134,0.0251792297685187,"GFI1"
"MA1099.2","HES1",0.0901734357788353,0.0169774972237301,"cortex_late","down","promoter",FALSE,0.961662105188923,0.330834904257453,0.233765201687004,"HES1"
"MA1643.1","NFIB",0.278497707012923,0.0169774972237301,"cortex_late","down","promoter",FALSE,0.961662105188923,-0.78864004297513,0.0352126130323532,"NFIB"
"MA0039.4","KLF4",0.0410260345177829,0.0169774972237301,"cortex_late","down","promoter",FALSE,0.961662105188923,1.15572960908638,0.00424104458279326,"KLF4"
"MA0052.4","MEF2A",0.408049117872966,0.0169774972237301,"cortex_late","down","promoter",FALSE,0.961662105188923,0.261467378772239,0.0935067954043533,"MEF2A"
"MA0056.2","MZF1",0.171630263411195,0.0169774972237301,"cortex_late","down","promoter",FALSE,0.961662105188923,0.22839474111009,0.272126907316133,"MZF1"
"MA0856.1","RXRG",0.335504807518499,0.0156257994570717,"cortex_late","down","promoter",FALSE,0.964659844146422,-0.336850998988665,0.703592536732438,"RXRG"
"MA1128.1","FOSL1::JUN",0.257570270042063,0.0156257994570717,"cortex_late","down","promoter",FALSE,0.964659844146422,2.1164680327118,0.0197929391485239,"FOSL1"
"MA0030.1","FOXF2",0.274026685991949,0.00368663533220498,"cortex_late","down","promoter",FALSE,0.991547136498023,1.98410999755597,0.0197489798867888,"FOXF2"
"MA0059.1","MAX::MYC",0.154057822438459,0.00368663533220498,"cortex_late","down","promoter",FALSE,0.991547136498023,1.59369877514418,0.00392039588194372,"MYC"
"MA0115.1","NR1H2::RXRA",0.334638689125564,0.00368663533220498,"cortex_late","down","promoter",FALSE,0.991547136498023,-0.356143623481072,0.0459711949172875,"RXRA"
"MA0138.2","REST",0.180136064923471,0.00368663533220498,"cortex_late","down","promoter",FALSE,0.991547136498023,0.0739363655191427,0.793257436266966,"REST"
"MA0159.1","RARA::RXRA",0.14949066877942,0.00368663533220498,"cortex_late","down","promoter",FALSE,0.991547136498023,-0.356143623481072,0.0459711949172875,"RXRA"
"MA0504.1","NR2C2",0.0787502448927109,0.00368663533220498,"cortex_late","down","promoter",FALSE,0.991547136498023,0.0321724794062197,0.868099987665514,"NR2C2"
"MA0593.1","FOXP2",0.172533598411505,0.00368663533220498,"cortex_late","down","promoter",FALSE,0.991547136498023,-0.0829980227729784,0.900464314857877,"FOXP2"
"MA0649.1","HEY2",0.0972722263297472,0.00368663533220498,"cortex_late","down","promoter",FALSE,0.991547136498023,-0.41384132428043,0.438115949231322,"HEY2"
"MA0660.1","MEF2B",0.291027830970042,0.00368663533220498,"cortex_late","down","promoter",FALSE,0.991547136498023,0.475476739336793,0.483055531105224,"MEF2B"
"MA0665.1","MSC",0.152247901657749,0.00368663533220498,"cortex_late","down","promoter",FALSE,0.991547136498023,2.83810899090295,0.0445100977765566,"MSC"
"MA0694.1","ZBTB7B",0.0902416003319626,0.00368663533220498,"cortex_late","down","promoter",FALSE,0.991547136498023,0.165373367359041,0.670951147825431,"ZBTB7B"
"MA0749.1","ZBED1",0.264480631594639,0.00368663533220498,"cortex_late","down","promoter",FALSE,0.991547136498023,0.450962914238764,0.0606547245414666,"ZBED1"
"MA0752.1","ZNF410",0.169925001442312,0.00368663533220498,"cortex_late","down","promoter",FALSE,0.991547136498023,-0.407232157302526,0.011846278560058,"ZNF410"
"MA0773.1","MEF2D",0.216570793897893,0.00368663533220498,"cortex_late","down","promoter",FALSE,0.991547136498023,0.26828937147201,0.134957820351708,"MEF2D"
"MA0794.1","PROX1",0.245569107347587,0.00368663533220498,"cortex_late","down","promoter",FALSE,0.991547136498023,-0.516221340251166,0.22966138638491,"PROX1"
"MA0811.1","TFAP2B",0.0480709166077276,0.00368663533220498,"cortex_late","down","promoter",FALSE,0.991547136498023,-0.237084005016227,0.551875099791801,"TFAP2B"
"MA0823.1","HEY1",0.123575861734178,0.00368663533220498,"cortex_late","down","promoter",FALSE,0.991547136498023,0.125806628875297,0.725730410472569,"HEY1"
"MA0855.1","RXRB",0.266578175458319,0.00368663533220498,"cortex_late","down","promoter",FALSE,0.991547136498023,-0.0208673833180706,0.886281683936467,"RXRB"
"MA0024.3","E2F1",0.161774729707516,0.00368663533220498,"cortex_late","down","promoter",FALSE,0.991547136498023,0.0336666330839055,0.932472173676642,"E2F1"
"MA0891.1","GSC2",0.232914764563654,0.00368663533220498,"cortex_late","down","promoter",FALSE,0.991547136498023,-1.25848589432203,0.0869476361504072,"GSC2"
"MA0895.1","HMBOX1",0.22604641740838,0.00368663533220498,"cortex_late","down","promoter",FALSE,0.991547136498023,-0.238052557641045,0.273346129517088,"HMBOX1"
"MA0852.2","FOXK1",0.167311035081703,0.00368663533220498,"cortex_late","down","promoter",FALSE,0.991547136498023,-0.134485470069213,0.393562785491807,"FOXK1"
"MA0147.3","MYC",0.0916692275910407,0.00368663533220498,"cortex_late","down","promoter",FALSE,0.991547136498023,1.59369877514418,0.00392039588194372,"MYC"
"MA1130.1","FOSL2::JUN",0.196951680888055,0.00368663533220498,"cortex_late","down","promoter",FALSE,0.991547136498023,1.02982069670662,0.00558578197927428,"FOSL2"
"MA1137.1","FOSL1::JUNB",0.252688049540131,0.00368663533220498,"cortex_late","down","promoter",FALSE,0.991547136498023,2.1164680327118,0.0197929391485239,"FOSL1"
"MA1145.1","FOSL2::JUND(var.2)",0.265418765211512,0.00368663533220498,"cortex_late","down","promoter",FALSE,0.991547136498023,1.02982069670662,0.00558578197927428,"FOSL2"
"MA0831.2","TFE3",0.15469687528458,0.00368663533220498,"cortex_late","down","promoter",FALSE,0.991547136498023,0.00229924612834509,0.987493810891898,"TFE3"
"MA1418.1","IRF3",0.250029234868768,0.00368663533220498,"cortex_late","down","promoter",FALSE,0.991547136498023,0.306682115366221,0.244257623646754,"IRF3"
"MA1489.1","FOXN3",0.248620989054047,0.00368663533220498,"cortex_late","down","promoter",FALSE,0.991547136498023,-0.021463822081496,0.934394450068386,"FOXN3"
"MA1493.1","HES6",0.150985597965201,0.00368663533220498,"cortex_late","down","promoter",FALSE,0.991547136498023,0.116164636784573,0.712028543813991,"HES6"
"MA1558.1","SNAI1",0.0829735573794821,0.00368663533220498,"cortex_late","down","promoter",FALSE,0.991547136498023,1.07137823300724,0.0162831409125398,"SNAI1"
"MA0477.2","FOSL1",0.207216073738087,0.00368663533220498,"cortex_late","down","promoter",FALSE,0.991547136498023,2.1164680327118,0.0197929391485239,"FOSL1"
"MA1103.2","FOXK2",0.251959564823026,0.00368663533220498,"cortex_late","down","promoter",FALSE,0.991547136498023,-0.357340901255414,0.0441143315290918,"FOXK2"
"MA1104.2","GATA6",0.19709847123129,0.00368663533220498,"cortex_late","down","promoter",FALSE,0.991547136498023,1.17421609565501,0.0480342580794902,"GATA6"
"MA0043.3","HLF",0.255963835808811,0.00368663533220498,"cortex_late","down","promoter",FALSE,0.991547136498023,-1.21690059508046,0.0315260783749708,"HLF"
"MA0490.2","JUNB",0.202749565131309,0.00368663533220498,"cortex_late","down","promoter",FALSE,0.991547136498023,0.97627375341033,0.0583353553944371,"JUNB"
"MA1107.2","KLF9",0.0506807537190834,0.00368663533220498,"cortex_late","down","promoter",FALSE,0.991547136498023,-0.127729319387472,0.82451556064693,"KLF9"
"MA0620.3","MITF",0.210918614462197,0.00368663533220498,"cortex_late","down","promoter",FALSE,0.991547136498023,-0.418019200584777,0.0936136381068117,"MITF"
"MA0089.2","NFE2L1",0.278251635360746,0.00368663533220498,"cortex_late","down","promoter",FALSE,0.991547136498023,0.399968441309023,0.0173989746690131,"NFE2L1"
"MA0684.2","RUNX3",0.148528679439186,0.00368663533220498,"cortex_late","down","promoter",FALSE,0.991547136498023,2.5761526862532,0.0252387266932937,"RUNX3"
"MA0830.2","TCF4",0.0453090022125267,0.00368663533220498,"cortex_late","down","promoter",FALSE,0.991547136498023,0.240803181063343,0.49776328391915,"TCF4"
"MA0769.2","TCF7",0.167142670089994,0.00368663533220498,"cortex_late","down","promoter",FALSE,0.991547136498023,0.635452089307523,0.428469998118595,"TCF7"
"MA1123.2","TWIST1",0.141034453906091,0.00368663533220498,"cortex_late","down","promoter",FALSE,0.991547136498023,-0.808801436352871,0.0643043973481276,"TWIST1"
"MA0031.1","FOXD1",0.0677268738256815,0,"cortex_late","down","promoter",FALSE,1,0.726255394271936,0.122268093286634,"FOXD1"
"MA0051.1","IRF2",0.0606701274446833,0,"cortex_late","down","promoter",FALSE,1,0.0769699881575958,0.530864052179819,"IRF2"
"MA0066.1","PPARG",-0.00211729484204071,0,"cortex_late","down","promoter",FALSE,1,-0.0225518749768592,0.960035379799859,"PPARG"
"MA0070.1","PBX1",0.20422017625659,0,"cortex_late","down","promoter",FALSE,1,0.044904694999107,0.873847514856928,"PBX1"
"MA0073.1","RREB1",0.0120968718489927,0,"cortex_late","down","promoter",FALSE,1,-0.249259241205931,0.381365986845828,"RREB1"
"MA0074.1","RXRA::VDR",0.0134977732704407,0,"cortex_late","down","promoter",FALSE,1,-0.356143623481072,0.0459711949172875,"RXRA"
"MA0077.1","SOX9",-0.564630823929903,0,"cortex_late","down","promoter",FALSE,1,2.6359721810194,0.0048133053088007,"SOX9"
"MA0091.1","TAL1::TCF3",0.143996483212334,0,"cortex_late","down","promoter",FALSE,1,0.532817375041109,0.168568045159763,"TCF3"
"MA0101.1","REL",0.0148874356502811,0,"cortex_late","down","promoter",FALSE,1,0.585671084063824,0.216511329152222,"REL"
"MA0107.1","RELA",-0.0437967977958964,0,"cortex_late","down","promoter",FALSE,1,0.468388098918431,0.0418983327896446,"RELA"
"MA0119.1","NFIC::TLX1",0.0788339247058492,0,"cortex_late","down","promoter",FALSE,1,0.0436273452510321,0.83858300186558,"NFIC"
"MA0163.1","PLAG1",-0.109042555506187,0,"cortex_late","down","promoter",FALSE,1,-0.654661986185757,0.0377532838072238,"PLAG1"
"MA0259.1","ARNT::HIF1A",-0.157679553827659,0,"cortex_late","down","promoter",FALSE,1,1.17233151724341,0.00295747396639751,"HIF1A"
"MA0488.1","JUN",-0.193870778687012,0,"cortex_late","down","promoter",FALSE,1,0.236695319839362,0.485227546006482,"JUN"
"MA0506.1","NRF1",-0.0343341824772292,0,"cortex_late","down","promoter",FALSE,1,0.149732550000495,0.457806901564603,"NRF1"
"MA0507.1","POU2F2",-0.0312647405459874,0,"cortex_late","down","promoter",FALSE,1,2.77086498509866,0.0353960228761903,"POU2F2"
"MA0513.1","SMAD2::SMAD3::SMAD4",-0.10957710041574,0,"cortex_late","down","promoter",FALSE,1,0.0977475311134839,0.455184595489929,"SMAD2"
"MA0517.1","STAT1::STAT2",0.0592768049813728,0,"cortex_late","down","promoter",FALSE,1,0.598592267430019,0.0910113247364219,"STAT1"
"MA0527.1","ZBTB33",0.038384101093885,0,"cortex_late","down","promoter",FALSE,1,0.148073753025283,0.570015727192949,"ZBTB33"
"MA0076.2","ELK4",-0.0468761837125982,0,"cortex_late","down","promoter",FALSE,1,0.145294651140012,0.559333932042359,"ELK4"
"MA0050.2","IRF1",-0.030271516371208,0,"cortex_late","down","promoter",FALSE,1,1.37450664870334,0.0370088681403073,"IRF1"
"MA0137.3","STAT1",-0.113108874234835,0,"cortex_late","down","promoter",FALSE,1,0.598592267430019,0.0910113247364219,"STAT1"
"MA0144.2","STAT3",-0.0090858327281671,0,"cortex_late","down","promoter",FALSE,1,1.00273246640633,0.00295747396639751,"STAT3"
"MA0140.2","GATA1::TAL1",-0.172852173232298,0,"cortex_late","down","promoter",FALSE,1,0.227539284176945,0.612665933526567,"TAL1"
"MA0095.2","YY1",-0.0627508911875179,0,"cortex_late","down","promoter",FALSE,1,-0.0389730044511181,0.759465476477272,"YY1"
"MA0595.1","SREBF1",-0.200277360301101,0,"cortex_late","down","promoter",FALSE,1,0.353557944511778,0.652599098818975,"SREBF1"
"MA0596.1","SREBF2",0.122880725910283,0,"cortex_late","down","promoter",FALSE,1,0.10911546278969,0.718462078218655,"SREBF2"
"MA0597.1","THAP1",-0.0635227312402327,0,"cortex_late","down","promoter",FALSE,1,-0.38562603217246,0.122935861541347,"THAP1"
"MA0599.1","KLF5",0.0113953111380791,0,"cortex_late","down","promoter",FALSE,1,0.709010793474663,0.0834348020920189,"KLF5"
"MA0610.1","DMRT3",0.062150256914479,0,"cortex_late","down","promoter",FALSE,1,-0.0125695762907758,0.993696658245056,"DMRT3"
"MA0625.1","NFATC3",0.0484687409912601,0,"cortex_late","down","promoter",FALSE,1,-0.012754814397729,0.938948105012166,"NFATC3"
"MA0628.1","POU6F1",-0.346204933684029,0,"cortex_late","down","promoter",FALSE,1,0.352992935457504,0.19047816655053,"POU6F1"
"MA0636.1","BHLHE41",-0.368607379552088,0,"cortex_late","down","promoter",FALSE,1,0.133273006495653,0.674656617449794,"BHLHE41"
"MA0637.1","CENPB",0.12118515713829,0,"cortex_late","down","promoter",FALSE,1,0.244494560013124,0.149536134045034,"CENPB"
"MA0638.1","CREB3",-0.261351960580019,0,"cortex_late","down","promoter",FALSE,1,-0.0361557275701507,0.837404161307432,"CREB3"
"MA0641.1","ELF4",-0.197842950333513,0,"cortex_late","down","promoter",FALSE,1,1.17577986055067,0.0642525218045304,"ELF4"
"MA0136.2","ELF5",-0.204942578835322,0,"cortex_late","down","promoter",FALSE,1,-1.73309933406235,0.0144800048063897,"ELF5"
"MA0645.1","ETV6",-0.228965865758282,0,"cortex_late","down","promoter",FALSE,1,0.034785968877614,0.792619376563549,"ETV6"
"MA0475.2","FLI1",-0.572843453599171,0,"cortex_late","down","promoter",FALSE,1,0.298236443093478,0.475038322911319,"FLI1"
"MA0033.2","FOXL1",0.0618979671828814,0,"cortex_late","down","promoter",FALSE,1,1.19368248768637,0.0335304840110292,"FOXL1"
"MA0157.2","FOXO3",0.175075829956774,0,"cortex_late","down","promoter",FALSE,1,0.383074859369871,0.0732025113237811,"FOXO3"
"MA0646.1","GCM1",0.0695472259476331,0,"cortex_late","down","promoter",FALSE,1,-1.58562808671666,0.0905505567721186,"GCM1"
"MA0046.2","HNF1A",0.155786717021996,0,"cortex_late","down","promoter",FALSE,1,-1.12890575134969,0.0417521766204149,"HNF1A"
"MA0153.2","HNF1B",0.0700266731617538,0,"cortex_late","down","promoter",FALSE,1,-0.300693670103914,0.22628344735265,"HNF1B"
"MA0651.1","HOXC11",-0.510477117825681,0,"cortex_late","down","promoter",FALSE,1,1.18287987898072,0.0867610517090843,"HOXC11"
"MA0652.1","IRF8",-0.0291390314832012,0,"cortex_late","down","promoter",FALSE,1,1.98982572735061,0.0318355265937455,"IRF8"
"MA0653.1","IRF9",-0.0751818798462485,0,"cortex_late","down","promoter",FALSE,1,1.00680066430244,0.0230294800587811,"IRF9"
"MA0655.1","JDP2",-0.0446332409493513,0,"cortex_late","down","promoter",FALSE,1,0.958148104186466,0.0281604421995401,"JDP2"
"MA0657.1","KLF13",0.160243775022556,0,"cortex_late","down","promoter",FALSE,1,0.374872227694996,0.156973312747279,"KLF13"
"MA0658.1","LHX6",-0.139497215928884,0,"cortex_late","down","promoter",FALSE,1,0.81819553473454,0.0732583453269849,"LHX6"
"MA0663.1","MLX",0.171937276055676,0,"cortex_late","down","promoter",FALSE,1,-0.227446554663818,0.117099486189445,"MLX"
"MA0664.1","MLXIPL",0.147534367273098,0,"cortex_late","down","promoter",FALSE,1,0.117551510151253,0.856432606821586,"MLXIPL"
"MA0670.1","NFIA",0.0405712200820805,0,"cortex_late","down","promoter",FALSE,1,-0.0398914376590245,0.854499794967671,"NFIA"
"MA0671.1","NFIX",0.0870899308539839,0,"cortex_late","down","promoter",FALSE,1,0.91418672983295,0.0453733651044089,"NFIX"
"MA0685.1","SP4",0.0554236399586898,0,"cortex_late","down","promoter",FALSE,1,0.00332818992910378,0.992051407147016,"SP4"
"MA0083.3","SRF",0.0550665443457001,0,"cortex_late","down","promoter",FALSE,1,0.380519184163411,0.0568978057538719,"SRF"
"MA0688.1","TBX2",0.0795592133071663,0,"cortex_late","down","promoter",FALSE,1,-0.109801198875916,0.631193871684476,"TBX2"
"MA0690.1","TBX21",0.015364063705162,0,"cortex_late","down","promoter",FALSE,1,1.5901515895646,0.10429582732512,"TBX21"
"MA0691.1","TFAP4",-0.0259845634514377,0,"cortex_late","down","promoter",FALSE,1,0.229948046601796,0.508225196847344,"TFAP4"
"MA0145.3","TFCP2",-0.365128087735365,0,"cortex_late","down","promoter",FALSE,1,-0.266692679387171,0.0243269210431907,"TFCP2"
"MA0692.1","TFEB",0.0485869988178917,0,"cortex_late","down","promoter",FALSE,1,0.552400990362843,0.0597696900809219,"TFEB"
"MA0695.1","ZBTB7C",0.0292819569392435,0,"cortex_late","down","promoter",FALSE,1,1.02238151801267,0.0852264536097198,"ZBTB7C"
"MA0698.1","ZBTB18",0.156208866834224,0,"cortex_late","down","promoter",FALSE,1,0.0380823135827346,0.839625595030169,"ZBTB18"
"MA0716.1","PRRX1",0.0438132645823064,0,"cortex_late","down","promoter",FALSE,1,0.886736416470465,0.0540634204856211,"PRRX1"
"MA0722.1","VAX1",-0.593421428552375,0,"cortex_late","down","promoter",FALSE,1,0.363943740941558,0.797343198474492,"VAX1"
"MA0113.3","NR3C1",-0.343160683267954,0,"cortex_late","down","promoter",FALSE,1,-0.483784123149037,0.0208891789272678,"NR3C1"
"MA0727.1","NR3C2",-0.245520218833192,0,"cortex_late","down","promoter",FALSE,1,-0.903054018037075,0.0144588921418935,"NR3C2"
"MA0731.1","BCL6B",-0.0554253146728194,0,"cortex_late","down","promoter",FALSE,1,-0.153584767393532,0.715590431726879,"BCL6B"
"MA0472.2","EGR2",-0.00781727475003713,0,"cortex_late","down","promoter",FALSE,1,2.95735801354798,0.00718652392371367,"EGR2"
"MA0732.1","EGR3",-0.0236235050134912,0,"cortex_late","down","promoter",FALSE,1,2.19171628325849,0.0195990315066758,"EGR3"
"MA0735.1","GLIS1",-0.220889268966064,0,"cortex_late","down","promoter",FALSE,1,-0.807695223737678,0.0715965761555925,"GLIS1"
"MA0736.1","GLIS2",-0.116883402698959,0,"cortex_late","down","promoter",FALSE,1,-0.470328235111768,0.0596788654152836,"GLIS2"
"MA0737.1","GLIS3",-0.465720346575148,0,"cortex_late","down","promoter",FALSE,1,0.259106835857718,0.355310672553884,"GLIS3"
"MA0738.1","HIC2",0.0307443162973833,0,"cortex_late","down","promoter",FALSE,1,0.192753386460157,0.320216921626423,"HIC2"
"MA0088.2","ZNF143",-0.121056629141762,0,"cortex_late","down","promoter",FALSE,1,0.107516509590034,0.438115949231322,"ZNF143"
"MA0754.1","CUX1",-0.0350345932586595,0,"cortex_late","down","promoter",FALSE,1,-0.641032450111093,0.0342591749941847,"CUX1"
"MA0759.1","ELK3",-0.250380642845074,0,"cortex_late","down","promoter",FALSE,1,0.327017028982867,0.256682012109033,"ELK3"
"MA0760.1","ERF",-0.452042092755557,0,"cortex_late","down","promoter",FALSE,1,-0.24005981400277,0.309753890229849,"ERF"
"MA0474.2","ERG",-0.427967649093193,0,"cortex_late","down","promoter",FALSE,1,-0.103774229931975,0.763029966547876,"ERG"
"MA0098.3","ETS1",-0.466948867987585,0,"cortex_late","down","promoter",FALSE,1,0.110528725330052,0.763121235421287,"ETS1"
"MA0762.1","ETV2",-0.47675380764406,0,"cortex_late","down","promoter",FALSE,1,0.52799188490058,0.377595807170613,"ETV2"
"MA0763.1","ETV3",-0.390971205331087,0,"cortex_late","down","promoter",FALSE,1,0.181491501579432,0.202923990342444,"ETV3"
"MA0768.1","LEF1",-0.0122584695098116,0,"cortex_late","down","promoter",FALSE,1,1.88826364930654,0.0221474447125904,"LEF1"
"MA0772.1","IRF7",-0.101693693092763,0,"cortex_late","down","promoter",FALSE,1,0.752973032019716,0.13441786267678,"IRF7"
"MA0498.2","MEIS1",-0.00927966360133325,0,"cortex_late","down","promoter",FALSE,1,0.654845987538121,0.174122993503971,"MEIS1"
"MA0774.1","MEIS2",-0.0542146044222713,0,"cortex_late","down","promoter",FALSE,1,-0.00737466780841167,0.987239952847187,"MEIS2"
"MA0775.1","MEIS3",0.00362199585845868,0,"cortex_late","down","promoter",FALSE,1,1.10896130509657,0.0669951221781059,"MEIS3"
"MA0776.1","MYBL1",-0.434406793369603,0,"cortex_late","down","promoter",FALSE,1,1.71564957761794,0.0116715334061847,"MYBL1"
"MA0105.4","NFKB1",-0.173897889159196,0,"cortex_late","down","promoter",FALSE,1,0.396848107867562,0.0976924350772323,"NFKB1"
"MA0778.1","NFKB2",0.00260168327103205,0,"cortex_late","down","promoter",FALSE,1,0.748268146273772,0.0912965793878542,"NFKB2"
"MA0783.1","PKNOX2",-0.48450690730151,0,"cortex_late","down","promoter",FALSE,1,0.392943460422712,0.398685676786679,"PKNOX2"
"MA0785.1","POU2F1",0.0520233838383115,0,"cortex_late","down","promoter",FALSE,1,0.232651432584781,0.408626010330785,"POU2F1"
"MA0788.1","POU3F3",-0.0781502884056744,0,"cortex_late","down","promoter",FALSE,1,0.0267319308019465,0.960186182081946,"POU3F3"
"MA0600.2","RFX2",-0.162432228355079,0,"cortex_late","down","promoter",FALSE,1,-0.0991956833708283,0.747779912996063,"RFX2"
"MA0796.1","TGIF1",-0.272659134210344,0,"cortex_late","down","promoter",FALSE,1,0.801855894422812,0.0267584233711836,"TGIF1"
"MA0797.1","TGIF2",-0.0877540770117191,0,"cortex_late","down","promoter",FALSE,1,-0.118971629179483,0.655699500756415,"TGIF2"
"MA0510.2","RFX5",-0.333175131619314,0,"cortex_late","down","promoter",FALSE,1,0.492055561028614,0.108562604559514,"RFX5"
"MA0511.2","RUNX2",-0.0758474688606521,0,"cortex_late","down","promoter",FALSE,1,2.04041216973746,0.0181605953794278,"RUNX2"
"MA0800.1","EOMES",-0.302497898179094,0,"cortex_late","down","promoter",FALSE,1,2.33632558941431,0.0497254831653571,"EOMES"
"MA0801.1","MGA",-0.230105611580857,0,"cortex_late","down","promoter",FALSE,1,-0.00380150397538337,0.983059367054861,"MGA"
"MA0805.1","TBX1",-0.151076347194804,0,"cortex_late","down","promoter",FALSE,1,2.1449261978677,0.0317196793213829,"TBX1"
"MA0808.1","TEAD3",-0.228951956640834,0,"cortex_late","down","promoter",FALSE,1,0.519955641633381,0.00793978426049497,"TEAD3"
"MA0464.2","BHLHE40",-0.112091886795137,0,"cortex_late","down","promoter",FALSE,1,0.329607409803677,0.317642356491303,"BHLHE40"
"MA0819.1","CLOCK",0.136267501614874,0,"cortex_late","down","promoter",FALSE,1,-0.317821511012725,0.277758135839614,"CLOCK"
"MA0058.3","MAX",0.0365131017560865,0,"cortex_late","down","promoter",FALSE,1,0.294662800734311,0.0799634345403793,"MAX"
"MA0825.1","MNT",0.049364278816082,0,"cortex_late","down","promoter",FALSE,1,0.302906271941735,0.167213638976676,"MNT"
"MA0466.2","CEBPB",-0.491279130310716,0,"cortex_late","down","promoter",FALSE,1,1.552748679055,0.0048133053088007,"CEBPB"
"MA0838.1","CEBPG",-0.358489722473152,0,"cortex_late","down","promoter",FALSE,1,0.305243126722244,0.059907451629457,"CEBPG"
"MA0839.1","CREB3L1",0.0661763911776445,0,"cortex_late","down","promoter",FALSE,1,2.42651411632473,0.00937142501801273,"CREB3L1"
"MA0844.1","XBP1",-0.0734678740558046,0,"cortex_late","down","promoter",FALSE,1,0.342114108747777,0.0829480281439217,"XBP1"
"MA0032.2","FOXC1",0.0596577358227828,0,"cortex_late","down","promoter",FALSE,1,-0.203254550879446,0.651274137422108,"FOXC1"
"MA0850.1","FOXP3",0.161447277163022,0,"cortex_late","down","promoter",FALSE,1,0.629960337507221,0.398098356481561,"FOXP3"
"MA0106.3","TP53",-0.612754406345497,0,"cortex_late","down","promoter",FALSE,1,0.611285532919856,0.0658521904163743,"TP53"
"MA0861.1","TP73",-0.26956034513822,0,"cortex_late","down","promoter",FALSE,1,0.179201540102994,0.766143713200244,"TP73"
"MA0862.1","GMEB2",0.0495104729303097,0,"cortex_late","down","promoter",FALSE,1,0.0625284080468242,0.678097042870395,"GMEB2"
"MA0863.1","MTF1",-0.008165284609154,0,"cortex_late","down","promoter",FALSE,1,-0.217529416862878,0.249649921118796,"MTF1"
"MA0028.2","ELK1",-0.427529926793519,0,"cortex_late","down","promoter",FALSE,1,0.24092635835186,0.173832506816299,"ELK1"
"MA0886.1","EMX2",-0.162373044135216,0,"cortex_late","down","promoter",FALSE,1,0.0038008380035679,0.991342081718615,"EMX2"
"MA0899.1","HOXA10",-0.243844672277769,0,"cortex_late","down","promoter",FALSE,1,-0.31035266242151,0.0504512039170657,"HOXA10"
"MA0903.1","HOXB3",0.0445342319398661,0,"cortex_late","down","promoter",FALSE,1,0.313284908412333,0.306710999720568,"HOXB3"
"MA0905.1","HOXC10",-0.344513847931667,0,"cortex_late","down","promoter",FALSE,1,0.0572927181076617,0.844097336474233,"HOXC10"
"MA0908.1","HOXD11",-0.502576418456596,0,"cortex_late","down","promoter",FALSE,1,0.506225972671253,0.302202683568591,"HOXD11"
"MA1106.1","HIF1A",-0.167638612193842,0,"cortex_late","down","promoter",FALSE,1,1.17233151724341,0.00295747396639751,"HIF1A"
"MA0104.4","MYCN",-0.103068141408935,0,"cortex_late","down","promoter",FALSE,1,-0.281144547923944,0.378093464677391,"MYCN"
"MA0161.2","NFIC",-0.139637895444367,0,"cortex_late","down","promoter",FALSE,1,0.0436273452510321,0.83858300186558,"NFIC"
"MA0014.3","PAX5",0.0288638885954446,0,"cortex_late","down","promoter",FALSE,1,2.99983591950139,0.0769262956889678,"PAX5"
"MA1116.1","RBPJ",-0.0691669022003829,0,"cortex_late","down","promoter",FALSE,1,0.354243261065127,0.0529157472414669,"RBPJ"
"MA1117.1","RELB",0.0570271628033368,0,"cortex_late","down","promoter",FALSE,1,1.01172221690503,0.0592750847266929,"RELB"
"MA1120.1","SOX13",-0.0931480508557847,0,"cortex_late","down","promoter",FALSE,1,-0.110795667784516,0.701125737099856,"SOX13"
"MA1121.1","TEAD2",-0.247826135648435,0,"cortex_late","down","promoter",FALSE,1,0.378590154167507,0.205640859642847,"TEAD2"
"MA1122.1","TFDP1",-0.0262577312818362,0,"cortex_late","down","promoter",FALSE,1,0.0398925830544039,0.762615861636997,"TFDP1"
"MA0750.2","ZBTB7A",-0.0175763652012844,0,"cortex_late","down","promoter",FALSE,1,0.241835027961858,0.0636969423654887,"ZBTB7A"
"MA1124.1","ZNF24",0.0340296978110706,0,"cortex_late","down","promoter",FALSE,1,-0.104250266953811,0.509591246816461,"ZNF24"
"MA1125.1","ZNF384",-0.325846481737104,0,"cortex_late","down","promoter",FALSE,1,-0.207547397485206,0.0857121114228499,"ZNF384"
"MA1154.1","ZNF282",-0.313583256010653,0,"cortex_late","down","promoter",FALSE,1,-0.081807644359813,0.620810139669069,"ZNF282"
"MA0037.3","GATA3",-0.118707988960659,0,"cortex_late","down","promoter",FALSE,1,-0.0158012693355865,0.960281563501289,"GATA3"
"MA0099.3","FOS::JUN",0.0496826825580712,0,"cortex_late","down","promoter",FALSE,1,0.236695319839362,0.485227546006482,"JUN"
"MA1126.1","FOS::JUN(var.2)",-0.0704956436871491,0,"cortex_late","down","promoter",FALSE,1,0.0826020248799741,0.94439835226923,"FOS"
"MA1127.1","FOSB::JUN",0.0699001894804754,0,"cortex_late","down","promoter",FALSE,1,0.236695319839362,0.485227546006482,"JUN"
"MA1129.1","FOSL1::JUN(var.2)",0.0930129021215933,0,"cortex_late","down","promoter",FALSE,1,2.1164680327118,0.0197929391485239,"FOSL1"
"MA1131.1","FOSL2::JUN(var.2)",0.0201172421345026,0,"cortex_late","down","promoter",FALSE,1,1.02982069670662,0.00558578197927428,"FOSL2"
"MA1132.1","JUN::JUNB",-0.347565866274961,0,"cortex_late","down","promoter",FALSE,1,0.97627375341033,0.0583353553944371,"JUNB"
"MA1133.1","JUN::JUNB(var.2)",0.109951897052197,0,"cortex_late","down","promoter",FALSE,1,0.236695319839362,0.485227546006482,"JUN"
"MA1134.1","FOS::JUNB",0.00924316519428725,0,"cortex_late","down","promoter",FALSE,1,0.97627375341033,0.0583353553944371,"JUNB"
"MA1135.1","FOSB::JUNB",0.06948605614435,0,"cortex_late","down","promoter",FALSE,1,0.97627375341033,0.0583353553944371,"JUNB"
"MA1136.1","FOSB::JUNB(var.2)",0.132791783686572,0,"cortex_late","down","promoter",FALSE,1,-0.161525958582189,0.898038142465522,"FOSB"
"MA1138.1","FOSL2::JUNB",0.0578342203144464,0,"cortex_late","down","promoter",FALSE,1,1.02982069670662,0.00558578197927428,"FOSL2"
"MA1139.1","FOSL2::JUNB(var.2)",0.141024543939213,0,"cortex_late","down","promoter",FALSE,1,1.02982069670662,0.00558578197927428,"FOSL2"
"MA1142.1","FOSL1::JUND",0.062558781280142,0,"cortex_late","down","promoter",FALSE,1,2.1164680327118,0.0197929391485239,"FOSL1"
"MA1143.1","FOSL1::JUND(var.2)",-0.0204534836358832,0,"cortex_late","down","promoter",FALSE,1,2.1164680327118,0.0197929391485239,"FOSL1"
"MA1144.1","FOSL2::JUND",-0.0549208832326906,0,"cortex_late","down","promoter",FALSE,1,1.02982069670662,0.00558578197927428,"FOSL2"
"MA1146.1","NR1H4::RXRA",0.106776804638232,0,"cortex_late","down","promoter",FALSE,1,-1.46432152794742,0.0290160332017628,"NR1H4"
"MA1147.1","NR4A2::RXRA",0.0578596574008738,0,"cortex_late","down","promoter",FALSE,1,-0.356143623481072,0.0459711949172875,"RXRA"
"MA0693.2","VDR",-0.291152446581626,0,"cortex_late","down","promoter",FALSE,1,0.33930558321493,0.454946258345994,"VDR"
"MA1419.1","IRF4",0.0441393481362509,0,"cortex_late","down","promoter",FALSE,1,2.16513839358483,0.0529157472414669,"IRF4"
"MA1420.1","IRF5",0.0176647651136612,0,"cortex_late","down","promoter",FALSE,1,1.54725426674744,0.0552467572711978,"IRF5"
"MA1421.1","TCF7L1",-0.0194661844430701,0,"cortex_late","down","promoter",FALSE,1,0.0138295962882022,0.967849830050751,"TCF7L1"
"MA1464.1","ARNT2",-0.0158097121808654,0,"cortex_late","down","promoter",FALSE,1,-0.22817613742687,0.482093876246079,"ARNT2"
"MA1466.1","ATF6",-0.334265287543436,0,"cortex_late","down","promoter",FALSE,1,0.0598177653047873,0.71805278556525,"ATF6"
"MA1101.2","BACH2",0.194720730949805,0,"cortex_late","down","promoter",FALSE,1,0.871316276844716,0.156855941522764,"BACH2"
"MA1471.1","BARX2",0.135160559002649,0,"cortex_late","down","promoter",FALSE,1,1.36449236868885,0.0767377576887523,"BARX2"
"MA1483.1","ELF2",-0.14110355784187,0,"cortex_late","down","promoter",FALSE,1,-0.0959251023429504,0.671150630721854,"ELF2"
"MA1484.1","ETS2",-0.424357426479581,0,"cortex_late","down","promoter",FALSE,1,0.245565019311631,0.380848480870962,"ETS2"
"MA1491.1","GLI3",0.0624635302783147,0,"cortex_late","down","promoter",FALSE,1,0.197493343304858,0.420432558765284,"GLI3"
"MA1496.1","HOXA4",-0.325806734188913,0,"cortex_late","down","promoter",FALSE,1,-0.335100494956715,0.0840260100357667,"HOXA4"
"MA1497.1","HOXA6",-0.548154733323269,0,"cortex_late","down","promoter",FALSE,1,0.0798267991047208,0.764859569840842,"HOXA6"
"MA1498.1","HOXA7",-0.335308421451193,0,"cortex_late","down","promoter",FALSE,1,-0.648215791064456,0.0233992953367174,"HOXA7"
"MA1499.1","HOXB4",-0.117799372677891,0,"cortex_late","down","promoter",FALSE,1,-0.221650499086614,0.434236069075196,"HOXB4"
"MA1500.1","HOXB6",-0.507738959586545,0,"cortex_late","down","promoter",FALSE,1,0.0961797422349768,0.792747952092405,"HOXB6"
"MA1501.1","HOXB7",-0.167439721406275,0,"cortex_late","down","promoter",FALSE,1,0.0354460013085491,0.923104840635492,"HOXB7"
"MA1502.1","HOXB8",-0.410705657551128,0,"cortex_late","down","promoter",FALSE,1,0.287641927932375,0.480252060759669,"HOXB8"
"MA1503.1","HOXB9",-0.395373937366128,0,"cortex_late","down","promoter",FALSE,1,0.136860467316353,0.80518557440877,"HOXB9"
"MA1504.1","HOXC4",-0.0723428890216873,0,"cortex_late","down","promoter",FALSE,1,0.119712141715202,0.711366561610109,"HOXC4"
"MA1505.1","HOXC8",-0.829182485698337,0,"cortex_late","down","promoter",FALSE,1,0.256911703798522,0.353533977233686,"HOXC8"
"MA1506.1","HOXD10",-0.273745107814231,0,"cortex_late","down","promoter",FALSE,1,0.222882286711195,0.540455536645619,"HOXD10"
"MA1507.1","HOXD4",0.0210986557212562,0,"cortex_late","down","promoter",FALSE,1,-0.266282647236639,0.255639507718774,"HOXD4"
"MA1508.1","IKZF1",-0.00913629199790833,0,"cortex_late","down","promoter",FALSE,1,2.22001107295305,0.0363179818447436,"IKZF1"
"MA1511.1","KLF10",-0.0253306392819095,0,"cortex_late","down","promoter",FALSE,1,1.16421515487143,0.00698531122215053,"KLF10"
"MA1512.1","KLF11",-0.0331294033378065,0,"cortex_late","down","promoter",FALSE,1,0.60779715049051,0.0865189883942141,"KLF11"
"MA1513.1","KLF15",-0.043435885085767,0,"cortex_late","down","promoter",FALSE,1,-1.2163342939382,0.0568963189960909,"KLF15"
"MA1515.1","KLF2",-0.059881207620311,0,"cortex_late","down","promoter",FALSE,1,1.07825231297991,0.0124480888089217,"KLF2"
"MA1516.1","KLF3",-0.113426145072275,0,"cortex_late","down","promoter",FALSE,1,0.272535579530264,0.121673824398283,"KLF3"
"MA1517.1","KLF6",-0.145550685903592,0,"cortex_late","down","promoter",FALSE,1,0.86771683566165,0.0223095177481056,"KLF6"
"MA1518.1","LHX1",-0.109993229801947,0,"cortex_late","down","promoter",FALSE,1,-1.23035935203172,0.0362673617296545,"LHX1"
"MA1520.1","MAF",0.089957805331295,0,"cortex_late","down","promoter",FALSE,1,-0.717073390939694,0.140313942794167,"MAF"
"MA1522.1","MAZ",-0.0786840779234446,0,"cortex_late","down","promoter",FALSE,1,0.0552141297775917,0.804694482654362,"MAZ"
"MA1523.1","MSANTD3",-0.163655938089576,0,"cortex_late","down","promoter",FALSE,1,-0.295304696191521,0.269507575088981,"MSANTD3"
"MA1525.1","NFATC4",-0.0143037347636241,0,"cortex_late","down","promoter",FALSE,1,0.977455149495591,0.0761228361587083,"NFATC4"
"MA1531.1","NR1D1",0.183169441135838,0,"cortex_late","down","promoter",FALSE,1,-0.945179172807376,0.0245984270450917,"NR1D1"
"MA1532.1","NR1D2",0.0815333685615425,0,"cortex_late","down","promoter",FALSE,1,-0.672368379452131,0.0272825130609225,"NR1D2"
"MA1533.1","NR1I2",-0.170574943034812,0,"cortex_late","down","promoter",FALSE,1,-1.24596288724903,0.161301204909157,"NR1I2"
"MA1534.1","NR1I3",0.0546284202999603,0,"cortex_late","down","promoter",FALSE,1,-2.72002979511977,0.0233570160399139,"NR1I3"
"MA1542.1","OSR1",0.101894013604715,0,"cortex_late","down","promoter",FALSE,1,-0.291012330687884,0.589932180713017,"OSR1"
"MA1544.1","OVOL1",0.0726185685134872,0,"cortex_late","down","promoter",FALSE,1,-0.472754789640812,0.342179623666503,"OVOL1"
"MA1545.1","OVOL2",0.0254126786051918,0,"cortex_late","down","promoter",FALSE,1,-0.907209065606548,0.175333408515008,"OVOL2"
"MA1547.1","PITX2",-0.133979083242966,0,"cortex_late","down","promoter",FALSE,1,-0.899741747024079,0.106824570811437,"PITX2"
"MA1554.1","RFX7",-0.0529488953670629,0,"cortex_late","down","promoter",FALSE,1,0.0246182733117943,0.920586308143966,"RFX7"
"MA1561.1","SOX12",-0.23162994257896,0,"cortex_late","down","promoter",FALSE,1,-0.388855539379585,0.1786866707416,"SOX12"
"MA1563.1","SOX18",-0.266868973134189,0,"cortex_late","down","promoter",FALSE,1,-0.0219361164698997,0.960098351888765,"SOX18"
"MA1566.1","TBX3",-0.281841092822003,0,"cortex_late","down","promoter",FALSE,1,0.096232494089957,0.759926920367544,"TBX3"
"MA1567.1","TBX6",-0.324404382631745,0,"cortex_late","down","promoter",FALSE,1,-0.544515299224096,0.277758135839614,"TBX6"
"MA1573.1","THAP11",-0.181977407588799,0,"cortex_late","down","promoter",FALSE,1,-0.132877282302207,0.459232745580027,"THAP11"
"MA1578.1","VEZF1",0.00228924084999171,0,"cortex_late","down","promoter",FALSE,1,0.132918528911464,0.407446032676259,"VEZF1"
"MA1579.1","ZBTB26",-0.00595329637989384,0,"cortex_late","down","promoter",FALSE,1,-0.340993936341768,0.217014701723913,"ZBTB26"
"MA1583.1","ZFP57",-0.0247110342601102,0,"cortex_late","down","promoter",FALSE,1,-0.102293792219129,0.484423324620714,"ZFP57"
"MA1585.1","ZKSCAN1",0.131594277807555,0,"cortex_late","down","promoter",FALSE,1,-0.169437757687677,0.421232671434503,"ZKSCAN1"
"MA1589.1","ZNF140",0.0792118968475171,0,"cortex_late","down","promoter",FALSE,1,0.393899644559988,0.161732179270547,"ZNF140"
"MA1593.1","ZNF317",0.00819043326760038,0,"cortex_late","down","promoter",FALSE,1,0.193400861198292,0.0929874116877458,"ZNF317"
"MA1594.1","ZNF382",-0.104358976443884,0,"cortex_late","down","promoter",FALSE,1,-0.0830214501206012,0.792374614051998,"ZNF382"
"MA1600.1","ZNF684",0.0540415425459431,0,"cortex_late","down","promoter",FALSE,1,0.253799891779798,0.352824517271512,"ZNF684"
"MA1601.1","ZNF75D",0.0383266743133239,0,"cortex_late","down","promoter",FALSE,1,-0.0362019657369963,0.808290956970266,"ZNF75D"
"MA1602.1","ZSCAN29",-0.0677768545806012,0,"cortex_late","down","promoter",FALSE,1,-0.16014756295271,0.37273470371067,"ZSCAN29"
"MA0605.2","ATF3",-0.0423368995538151,0,"cortex_late","down","promoter",FALSE,1,1.21875432597113,0.0351582015682901,"ATF3"
"MA0462.2","BATF::JUN",0.15182036717476,0,"cortex_late","down","promoter",FALSE,1,1.49634347459398,0.0532488931682245,"BATF"
"MA0864.2","E2F2",-0.156280710821447,0,"cortex_late","down","promoter",FALSE,1,2.16203592414378,0.0314102810843789,"E2F2"
"MA0469.3","E2F3",-0.153835507732566,0,"cortex_late","down","promoter",FALSE,1,0.094022181741158,0.778202464342113,"E2F3"
"MA0470.2","E2F4",0.0169831512802157,0,"cortex_late","down","promoter",FALSE,1,0.252386782389945,0.172293205725189,"E2F4"
"MA0612.2","EMX1",-0.231485466824235,0,"cortex_late","down","promoter",FALSE,1,-1.49309266393426,0.0183496692121575,"EMX1"
"MA0766.2","GATA5",-0.041001758636046,0,"cortex_late","down","promoter",FALSE,1,-0.878781227047609,0.0858825420852299,"GATA5"
"MA0734.2","GLI2",-0.099857583581616,0,"cortex_late","down","promoter",FALSE,1,1.51625844656021,0.0204105787660072,"GLI2"
"MA0900.2","HOXA2",-0.253561880219116,0,"cortex_late","down","promoter",FALSE,1,0.436270978219671,0.256682012109033,"HOXA2"
"MA0158.2","HOXA5",-0.242205313366711,0,"cortex_late","down","promoter",FALSE,1,0.0249634331545669,0.924492737629551,"HOXA5"
"MA0594.2","HOXA9",-0.75709319502745,0,"cortex_late","down","promoter",FALSE,1,-0.202229074377168,0.355081223474083,"HOXA9"
"MA0902.2","HOXB2",-0.144485490486602,0,"cortex_late","down","promoter",FALSE,1,0.163351086883023,0.6445039888255,"HOXB2"
"MA0904.2","HOXB5",-0.395775645189226,0,"cortex_late","down","promoter",FALSE,1,-0.0301866597437899,0.94624728521372,"HOXB5"
"MA0485.2","HOXC9",-0.248040854700907,0,"cortex_late","down","promoter",FALSE,1,-0.00667709431821262,0.982467088460032,"HOXC9"
"MA0912.2","HOXD3",-0.289629953715954,0,"cortex_late","down","promoter",FALSE,1,-0.169441925491237,0.532558320585433,"HOXD3"
"MA0910.2","HOXD8",-0.573142762148335,0,"cortex_late","down","promoter",FALSE,1,-0.224916284023403,0.476287889403581,"HOXD8"
"MA0913.2","HOXD9",-0.125620994928346,0,"cortex_late","down","promoter",FALSE,1,-0.230427773357123,0.408626010330785,"HOXD9"
"MA0703.2","LMX1B",-0.645852154621748,0,"cortex_late","down","promoter",FALSE,1,-1.84151344452386,0.02188947523314,"LMX1B"
"MA0842.2","NRL",0.10267551560318,0,"cortex_late","down","promoter",FALSE,1,-0.673884997599162,0.0390147111492045,"NRL"
"MA0075.3","PRRX2",-0.196039819373445,0,"cortex_late","down","promoter",FALSE,1,2.07856064404723,0.0214669467092927,"PRRX2"
"MA0867.2","SOX4",-0.400444121343273,0,"cortex_late","down","promoter",FALSE,1,0.304878863647484,0.549826892992682,"SOX4"
"MA0079.4","SP1",0.0338756529917035,0,"cortex_late","down","promoter",FALSE,1,-0.0412343232999097,0.833888977459003,"SP1"
"MA0516.2","SP2",-0.0565894751059988,0,"cortex_late","down","promoter",FALSE,1,0.0623367603781722,0.743913208959988,"SP2"
"MA0746.2","SP3",-0.0200701875620748,0,"cortex_late","down","promoter",FALSE,1,0.114216776442655,0.533190796325895,"SP3"
"MA0632.2","TCFL5",0.0472487533766213,0,"cortex_late","down","promoter",FALSE,1,-0.21501536313166,0.352195333636826,"TCFL5"
"MA0871.2","TFEC",0.144819823034546,0,"cortex_late","down","promoter",FALSE,1,-1.10606020771437,0.0808643859250289,"TFEC"
"MA0753.2","ZNF740",0.00775062508221502,0,"cortex_late","down","promoter",FALSE,1,0.139775883695298,0.394174632977324,"ZNF740"
"MA1632.1","ATF2",0.147772954447319,0,"cortex_late","down","promoter",FALSE,1,-0.201970260032635,0.197676896877495,"ATF2"
"MA1633.1","BACH1",-0.0417142687358503,0,"cortex_late","down","promoter",FALSE,1,0.236739835308955,0.330451818516026,"BACH1"
"MA1634.1","BATF",0.141850778752197,0,"cortex_late","down","promoter",FALSE,1,1.49634347459398,0.0532488931682245,"BATF"
"MA1644.1","NFYC",0.0909718899264309,0,"cortex_late","down","promoter",FALSE,1,-0.416390299476713,0.0290177312215247,"NFYC"
"MA1647.1","PRDM4",0.0584841882366458,0,"cortex_late","down","promoter",FALSE,1,0.049734502285621,0.795163439674236,"PRDM4"
"MA1649.1","ZBTB12",-0.0675333822726714,0,"cortex_late","down","promoter",FALSE,1,-0.165819949824174,0.65610607587717,"ZBTB12"
"MA1650.1","ZBTB14",-0.00744631113241212,0,"cortex_late","down","promoter",FALSE,1,-0.153229288156395,0.307659738514577,"ZBTB14"
"MA1651.1","ZFP42",-0.137328461190532,0,"cortex_late","down","promoter",FALSE,1,0.618914101403824,0.19302286285418,"ZFP42"
"MA1652.1","ZKSCAN5",0.0183985328905862,0,"cortex_late","down","promoter",FALSE,1,-0.0995247601219065,0.536894319684349,"ZKSCAN5"
"MA1653.1","ZNF148",-0.00142218096838143,0,"cortex_late","down","promoter",FALSE,1,-0.294257073010334,0.100108373515859,"ZNF148"
"MA1654.1","ZNF16",-0.493351379876144,0,"cortex_late","down","promoter",FALSE,1,0.0387634777102375,0.847609484520504,"ZNF16"
"MA1655.1","ZNF341",-0.200214963386633,0,"cortex_late","down","promoter",FALSE,1,-0.0610025176493343,0.788875146762828,"ZNF341"
"MA1656.1","ZNF449",0.037174109359821,0,"cortex_late","down","promoter",FALSE,1,0.285826144046208,0.428945172737478,"ZNF449"
"MA1657.1","ZNF652",-0.0738055365781713,0,"cortex_late","down","promoter",FALSE,1,-0.214769070918545,0.308541549322719,"ZNF652"
"MA0833.2","ATF4",0.0940279790746756,0,"cortex_late","down","promoter",FALSE,1,0.533464040223653,0.0446001367314445,"ATF4"
"MA0835.2","BATF3",0.063097222179584,0,"cortex_late","down","promoter",FALSE,1,0.832332179940709,0.273401447395069,"BATF3"
"MA0102.4","CEBPA",0.0617759695546072,0,"cortex_late","down","promoter",FALSE,1,-0.0733023587432227,0.861723948690874,"CEBPA"
"MA0836.2","CEBPD",0.00864985242166583,0,"cortex_late","down","promoter",FALSE,1,1.43950959869681,0.00818065370086555,"CEBPD"
"MA0018.4","CREB1",0.0483410138081339,0,"cortex_late","down","promoter",FALSE,1,0.000478529734493804,0.998525289873834,"CREB1"
"MA0471.2","E2F6",-0.0704672097219561,0,"cortex_late","down","promoter",FALSE,1,0.252686907750524,0.0670080767320751,"E2F6"
"MA0162.4","EGR1",0.00338573633010952,0,"cortex_late","down","promoter",FALSE,1,0.998863709365167,0.185626555180147,"EGR1"
"MA0598.3","EHF",-0.00785469710587705,0,"cortex_late","down","promoter",FALSE,1,1.7461012905278,0.0048133053088007,"EHF"
"MA0473.3","ELF1",-0.112826918143389,0,"cortex_late","down","promoter",FALSE,1,0.191685550840803,0.226312422972223,"ELF1"
"MA0640.2","ELF3",-0.0622684853821962,0,"cortex_late","down","promoter",FALSE,1,1.4025411904528,0.0105383275414171,"ELF3"
"MA0761.2","ETV1",-0.0880544347213226,0,"cortex_late","down","promoter",FALSE,1,0.24093031494394,0.410147067585754,"ETV1"
"MA0764.2","ETV4",0.0260918178876395,0,"cortex_late","down","promoter",FALSE,1,2.73843382035105,0.0048133053088007,"ETV4"
"MA0765.2","ETV5",-0.20378231051784,0,"cortex_late","down","promoter",FALSE,1,-0.606866492628611,0.282656919838024,"ETV5"
"MA0481.3","FOXP1",0.0927122900052417,0,"cortex_late","down","promoter",FALSE,1,0.0699817936924472,0.802846461320763,"FOXP1"
"MA0062.3","GABPA",-0.0661546293911961,0,"cortex_late","down","promoter",FALSE,1,-0.258468075575812,0.0755623456947452,"GABPA"
"MA0482.2","GATA4",0.125525084391344,0,"cortex_late","down","promoter",FALSE,1,-0.410750694985459,0.745577611553976,"GATA4"
"MA1105.2","GRHL2",-0.261272604801896,0,"cortex_late","down","promoter",FALSE,1,0.220827700424872,0.43048691597002,"GRHL2"
"MA0114.4","HNF4A",0.0349424471528978,0,"cortex_late","down","promoter",FALSE,1,-1.23007976463855,0.0977501598026493,"HNF4A"
"MA0484.2","HNF4G",0.0702033567911791,0,"cortex_late","down","promoter",FALSE,1,-1.63629288463108,0.0176087917676422,"HNF4G"
"MA0491.2","JUND",0.0593502854371417,0,"cortex_late","down","promoter",FALSE,1,0.161363286064925,0.46617504459736,"JUND"
"MA0495.3","MAFF",-0.0959679579674892,0,"cortex_late","down","promoter",FALSE,1,1.17456174518357,0.0298075747008926,"MAFF"
"MA0659.2","MAFG",0.0521745942982665,0,"cortex_late","down","promoter",FALSE,1,0.113821361373602,0.531898520522452,"MAFG"
"MA0496.3","MAFK",-0.189354284689768,0,"cortex_late","down","promoter",FALSE,1,-0.0601619570222027,0.821042255672422,"MAFK"
"MA1108.2","MXI1",-0.224835966446562,0,"cortex_late","down","promoter",FALSE,1,-0.832187315762122,0.0377797473826803,"MXI1"
"MA0025.2","NFIL3",-0.345011245019422,0,"cortex_late","down","promoter",FALSE,1,0.191079949928064,0.449058808909072,"NFIL3"
"MA0502.2","NFYB",-0.119255367512715,0,"cortex_late","down","promoter",FALSE,1,0.0575060224229982,0.7741744295073,"NFYB"
"MA0679.2","ONECUT1",-0.114280830465546,0,"cortex_late","down","promoter",FALSE,1,-0.285540496962716,0.813978789470793,"ONECUT1"
"MA1113.2","PBX2",0.0191875879598777,0,"cortex_late","down","promoter",FALSE,1,-0.0770804941182313,0.551381882205006,"PBX2"
"MA0782.2","PKNOX1",0.000853291502783016,0,"cortex_late","down","promoter",FALSE,1,0.0369953847640083,0.837905544200498,"PKNOX1"
"MA0508.3","PRDM1",-0.0739590297581882,0,"cortex_late","down","promoter",FALSE,1,0.851179183317446,0.11255443089842,"PRDM1"
"MA0509.2","RFX1",-0.16125658798434,0,"cortex_late","down","promoter",FALSE,1,-0.108047642823462,0.674492106932214,"RFX1"
"MA0798.2","RFX3",-0.0343042139427343,0,"cortex_late","down","promoter",FALSE,1,-0.356691603199618,0.0899010567698811,"RFX3"
"MA0745.2","SNAI2",0.0266627968417259,0,"cortex_late","down","promoter",FALSE,1,0.645325597931945,0.101858976062425,"SNAI2"
"MA0080.5","SPI1",-0.164068286478636,0,"cortex_late","down","promoter",FALSE,1,2.05561331810846,0.0321178422322815,"SPI1"
"MA0081.2","SPIB",-0.140758275021208,0,"cortex_late","down","promoter",FALSE,1,4.04204885146729,0.0173837458248364,"SPIB"
"MA0522.3","TCF3",-0.0442136060965499,0,"cortex_late","down","promoter",FALSE,1,0.532817375041109,0.168568045159763,"TCF3"
"MA0090.3","TEAD1",-0.14347703177673,0,"cortex_late","down","promoter",FALSE,1,0.0381833387699846,0.926750044230752,"TEAD1"
"MA0809.2","TEAD4",-0.162466470946572,0,"cortex_late","down","promoter",FALSE,1,0.944874047266597,0.0141629003102845,"TEAD4"
"MA0003.4","TFAP2A",0.0176976678372043,0,"cortex_late","down","promoter",FALSE,1,0.161479603809617,0.564933534231485,"TFAP2A"
"MA0093.3","USF1",-0.069187783935674,0,"cortex_late","down","promoter",FALSE,1,0.182666565516,0.470472376397656,"USF1"
"MA0526.3","USF2",-0.0598843823403108,0,"cortex_late","down","promoter",FALSE,1,-0.274483328298539,0.0545038892916571,"USF2"
"MA0528.2","ZNF263",-0.0514979584896764,0,"cortex_late","down","promoter",FALSE,1,0.2937852410379,0.16199347824644,"ZNF263"
"MA0609.2","CREM",0.11942648091896,0,"cortex_late","down","promoter",FALSE,1,0.65318684211956,0.0228793258643145,"CREM"
"MA0729.1","RARA",NA,NA,"cortex_late","down","promoter",FALSE,NA,0.136091981256486,0.611362538640729,"RARA"
"MA1148.1","PPARA::RXRA",0.333467980403548,0.177703729131227,"cortex_late","down","enhancer",FALSE,0.664196023029705,-1.37811628703652,0.019803145149502,"PPARA"
"MA0114.4","HNF4A",0.313530900454158,0.177703729131227,"cortex_late","down","enhancer",FALSE,0.664196023029705,-1.23007976463855,0.0977501598026493,"HNF4A"
"MA0484.2","HNF4G",0.322883411252091,0.177703729131227,"cortex_late","down","enhancer",FALSE,0.664196023029705,-1.63629288463108,0.0176087917676422,"HNF4G"
"MA0861.1","TP73",0.642414766941609,0.132144127044233,"cortex_late","down","enhancer",FALSE,0.737659386331254,0.179201540102994,0.766143713200244,"TP73"
"MA0491.2","JUND",0.398678132231903,0.132144127044233,"cortex_late","down","enhancer",FALSE,0.737659386331254,0.161363286064925,0.46617504459736,"JUND"
"MA0074.1","RXRA::VDR",0.3812871608283,0.121697667645179,"cortex_late","down","enhancer",FALSE,0.75561806508779,-0.356143623481072,0.0459711949172875,"RXRA"
"MA0101.1","REL",0.186151735993749,0.121697667645179,"cortex_late","down","enhancer",FALSE,0.75561806508779,0.585671084063824,0.216511329152222,"REL"
"MA0259.1","ARNT::HIF1A",0.272004437929803,0.121697667645179,"cortex_late","down","enhancer",FALSE,0.75561806508779,1.17233151724341,0.00295747396639751,"HIF1A"
"MA0476.1","FOS",0.279499943506446,0.121697667645179,"cortex_late","down","enhancer",FALSE,0.75561806508779,0.0826020248799741,0.94439835226923,"FOS"
"MA0478.1","FOSL2",0.244647641526147,0.121697667645179,"cortex_late","down","enhancer",FALSE,0.75561806508779,1.02982069670662,0.00558578197927428,"FOSL2"
"MA0507.1","POU2F2",0.276733550816407,0.121697667645179,"cortex_late","down","enhancer",FALSE,0.75561806508779,2.77086498509866,0.0353960228761903,"POU2F2"
"MA0636.1","BHLHE41",0.400708849851418,0.121697667645179,"cortex_late","down","enhancer",FALSE,0.75561806508779,0.133273006495653,0.674656617449794,"BHLHE41"
"MA0664.1","MLXIPL",0.424324570870082,0.121697667645179,"cortex_late","down","enhancer",FALSE,0.75561806508779,0.117551510151253,0.856432606821586,"MLXIPL"
"MA0498.2","MEIS1",0.193291670311277,0.121697667645179,"cortex_late","down","enhancer",FALSE,0.75561806508779,0.654845987538121,0.174122993503971,"MEIS1"
"MA0777.1","MYBL2",0.420270868024239,0.121697667645179,"cortex_late","down","enhancer",FALSE,0.75561806508779,2.55780018493884,0.0197929391485239,"MYBL2"
"MA0783.1","PKNOX2",0.480410428505726,0.121697667645179,"cortex_late","down","enhancer",FALSE,0.75561806508779,0.392943460422712,0.398685676786679,"PKNOX2"
"MA0785.1","POU2F1",0.197113218939031,0.121697667645179,"cortex_late","down","enhancer",FALSE,0.75561806508779,0.232651432584781,0.408626010330785,"POU2F1"
"MA0804.1","TBX19",0.547129388660577,0.121697667645179,"cortex_late","down","enhancer",FALSE,0.75561806508779,-0.0915914008127774,0.802791973426763,"TBX19"
"MA0464.2","BHLHE40",0.388285402027329,0.121697667645179,"cortex_late","down","enhancer",FALSE,0.75561806508779,0.329607409803677,0.317642356491303,"BHLHE40"
"MA0823.1","HEY1",0.268796471360917,0.121697667645179,"cortex_late","down","enhancer",FALSE,0.75561806508779,0.125806628875297,0.725730410472569,"HEY1"
"MA0825.1","MNT",0.234443369028652,0.121697667645179,"cortex_late","down","enhancer",FALSE,0.75561806508779,0.302906271941735,0.167213638976676,"MNT"
"MA1111.1","NR2F2",0.152594788793895,0.121697667645179,"cortex_late","down","enhancer",FALSE,0.75561806508779,0.25083891617585,0.222832215271184,"NR2F2"
"MA1116.1","RBPJ",0.147157931243633,0.121697667645179,"cortex_late","down","enhancer",FALSE,0.75561806508779,0.354243261065127,0.0529157472414669,"RBPJ"
"MA0103.3","ZEB1",0.16101145392593,0.121697667645179,"cortex_late","down","enhancer",FALSE,0.75561806508779,-0.221755541245513,0.454317257917418,"ZEB1"
"MA1124.1","ZNF24",0.279257100320915,0.121697667645179,"cortex_late","down","enhancer",FALSE,0.75561806508779,-0.104250266953811,0.509591246816461,"ZNF24"
"MA0099.3","FOS::JUN",0.228838978109995,0.121697667645179,"cortex_late","down","enhancer",FALSE,0.75561806508779,0.236695319839362,0.485227546006482,"JUN"
"MA1128.1","FOSL1::JUN",0.222835668991122,0.121697667645179,"cortex_late","down","enhancer",FALSE,0.75561806508779,2.1164680327118,0.0197929391485239,"FOSL1"
"MA1141.1","FOS::JUND",0.290157718238493,0.121697667645179,"cortex_late","down","enhancer",FALSE,0.75561806508779,0.161363286064925,0.46617504459736,"JUND"
"MA1142.1","FOSL1::JUND",0.217344748372206,0.121697667645179,"cortex_late","down","enhancer",FALSE,0.75561806508779,2.1164680327118,0.0197929391485239,"FOSL1"
"MA1464.1","ARNT2",0.249774644518842,0.121697667645179,"cortex_late","down","enhancer",FALSE,0.75561806508779,-0.22817613742687,0.482093876246079,"ARNT2"
"MA1506.1","HOXD10",0.316114792625869,0.121697667645179,"cortex_late","down","enhancer",FALSE,0.75561806508779,0.222882286711195,0.540455536645619,"HOXD10"
"MA1558.1","SNAI1",0.197064576130646,0.121697667645179,"cortex_late","down","enhancer",FALSE,0.75561806508779,1.07137823300724,0.0162831409125398,"SNAI1"
"MA1563.1","SOX18",0.33263179332783,0.121697667645179,"cortex_late","down","enhancer",FALSE,0.75561806508779,-0.0219361164698997,0.960098351888765,"SOX18"
"MA0462.2","BATF::JUN",0.190052179462738,0.121697667645179,"cortex_late","down","enhancer",FALSE,0.75561806508779,1.49634347459398,0.0532488931682245,"BATF"
"MA0864.2","E2F2",0.374843289167551,0.121697667645179,"cortex_late","down","enhancer",FALSE,0.75561806508779,2.16203592414378,0.0314102810843789,"E2F2"
"MA1099.2","HES1",0.232002526335958,0.121697667645179,"cortex_late","down","enhancer",FALSE,0.75561806508779,0.330834904257453,0.233765201687004,"HES1"
"MA1651.1","ZFP42",0.334529666225292,0.121697667645179,"cortex_late","down","enhancer",FALSE,0.75561806508779,0.618914101403824,0.19302286285418,"ZFP42"
"MA0835.2","BATF3",0.203664159211122,0.121697667645179,"cortex_late","down","enhancer",FALSE,0.75561806508779,0.832332179940709,0.273401447395069,"BATF3"
"MA0592.3","ESRRA",0.215545020978436,0.121697667645179,"cortex_late","down","enhancer",FALSE,0.75561806508779,-0.608206137724949,0.0994022927880583,"ESRRA"
"MA0477.2","FOSL1",0.302021362749826,0.121697667645179,"cortex_late","down","enhancer",FALSE,0.75561806508779,2.1164680327118,0.0197929391485239,"FOSL1"
"MA0490.2","JUNB",0.376058055084769,0.121697667645179,"cortex_late","down","enhancer",FALSE,0.75561806508779,0.97627375341033,0.0583353553944371,"JUNB"
"MA0620.3","MITF",0.277468183750047,0.121697667645179,"cortex_late","down","enhancer",FALSE,0.75561806508779,-0.418019200584777,0.0936136381068117,"MITF"
"MA0502.2","NFYB",0.187436199265763,0.121697667645179,"cortex_late","down","enhancer",FALSE,0.75561806508779,0.0575060224229982,0.7741744295073,"NFYB"
"MA1112.2","NR4A1",0.198450536615847,0.121697667645179,"cortex_late","down","enhancer",FALSE,0.75561806508779,-0.886839565583435,0.304379979828154,"NR4A1"
"MA0745.2","SNAI2",0.192227378043867,0.121697667645179,"cortex_late","down","enhancer",FALSE,0.75561806508779,0.645325597931945,0.101858976062425,"SNAI2"
"MA0080.5","SPI1",0.103552732942761,0.121697667645179,"cortex_late","down","enhancer",FALSE,0.75561806508779,2.05561331810846,0.0321178422322815,"SPI1"
"MA0830.2","TCF4",0.164958958735607,0.121697667645179,"cortex_late","down","enhancer",FALSE,0.75561806508779,0.240803181063343,0.49776328391915,"TCF4"
"MA0091.1","TAL1::TCF3",0.187363614202158,0.110225212013811,"cortex_late","down","enhancer",FALSE,0.775844682650749,0.532817375041109,0.168568045159763,"TCF3"
"MA0655.1","JDP2",0.282855067866738,0.110225212013811,"cortex_late","down","enhancer",FALSE,0.775844682650749,0.958148104186466,0.0281604421995401,"JDP2"
"MA0141.3","ESRRB",0.226832482504855,0.110225212013811,"cortex_late","down","enhancer",FALSE,0.775844682650749,-1.28453064368206,0.0377797473826803,"ESRRB"
"MA0788.1","POU3F3",0.160647683136506,0.110225212013811,"cortex_late","down","enhancer",FALSE,0.775844682650749,0.0267319308019465,0.960186182081946,"POU3F3"
"MA1120.1","SOX13",0.140120459550495,0.110225212013811,"cortex_late","down","enhancer",FALSE,0.775844682650749,-0.110795667784516,0.701125737099856,"SOX13"
"MA1122.1","TFDP1",0.16803308623532,0.110225212013811,"cortex_late","down","enhancer",FALSE,0.775844682650749,0.0398925830544039,0.762615861636997,"TFDP1"
"MA1130.1","FOSL2::JUN",0.18758283040701,0.110225212013811,"cortex_late","down","enhancer",FALSE,0.775844682650749,1.02982069670662,0.00558578197927428,"FOSL2"
"MA1135.1","FOSB::JUNB",0.192621923009778,0.110225212013811,"cortex_late","down","enhancer",FALSE,0.775844682650749,0.97627375341033,0.0583353553944371,"JUNB"
"MA1137.1","FOSL1::JUNB",0.198448735746468,0.110225212013811,"cortex_late","down","enhancer",FALSE,0.775844682650749,2.1164680327118,0.0197929391485239,"FOSL1"
"MA1138.1","FOSL2::JUNB",0.185455849804439,0.110225212013811,"cortex_late","down","enhancer",FALSE,0.775844682650749,1.02982069670662,0.00558578197927428,"FOSL2"
"MA1493.1","HES6",0.239807880449544,0.110225212013811,"cortex_late","down","enhancer",FALSE,0.775844682650749,0.116164636784573,0.712028543813991,"HES6"
"MA1566.1","TBX3",0.171171032252207,0.110225212013811,"cortex_late","down","enhancer",FALSE,0.775844682650749,0.096232494089957,0.759926920367544,"TBX3"
"MA0470.2","E2F4",0.371588221280971,0.110225212013811,"cortex_late","down","enhancer",FALSE,0.775844682650749,0.252386782389945,0.172293205725189,"E2F4"
"MA1589.1","ZNF140",0.352365056450712,0.107302168443596,"cortex_late","down","enhancer",FALSE,0.781084161687871,0.393899644559988,0.161732179270547,"ZNF140"
"MA0066.1","PPARG",0.262238356315508,0.105926722970054,"cortex_late","down","enhancer",FALSE,0.783561839335903,-0.0225518749768592,0.960035379799859,"PPARG"
"MA0115.1","NR1H2::RXRA",0.317119867311341,0.105926722970054,"cortex_late","down","enhancer",FALSE,0.783561839335903,-0.356143623481072,0.0459711949172875,"RXRA"
"MA0113.3","NR3C1",0.334359592237058,0.105926722970054,"cortex_late","down","enhancer",FALSE,0.783561839335903,-0.483784123149037,0.0208891789272678,"NR3C1"
"MA0819.1","CLOCK",0.200897480832178,0.105926722970054,"cortex_late","down","enhancer",FALSE,0.783561839335903,-0.317821511012725,0.277758135839614,"CLOCK"
"MA0855.1","RXRB",0.340122598946583,0.105926722970054,"cortex_late","down","enhancer",FALSE,0.783561839335903,-0.0208673833180706,0.886281683936467,"RXRB"
"MA1134.1","FOS::JUNB",0.178163260304582,0.105926722970054,"cortex_late","down","enhancer",FALSE,0.783561839335903,0.97627375341033,0.0583353553944371,"JUNB"
"MA1144.1","FOSL2::JUND",0.167561907692751,0.105926722970054,"cortex_late","down","enhancer",FALSE,0.783561839335903,1.02982069670662,0.00558578197927428,"FOSL2"
"MA1483.1","ELF2",0.21775700550219,0.105926722970054,"cortex_late","down","enhancer",FALSE,0.783561839335903,-0.0959251023429504,0.671150630721854,"ELF2"
"MA1520.1","MAF",0.207072785661147,0.105926722970054,"cortex_late","down","enhancer",FALSE,0.783561839335903,-0.717073390939694,0.140313942794167,"MAF"
"MA0632.2","TCFL5",0.187263336041317,0.105926722970054,"cortex_late","down","enhancer",FALSE,0.783561839335903,-0.21501536313166,0.352195333636826,"TCFL5"
"MA1652.1","ZKSCAN5",0.088668317201849,0.105926722970054,"cortex_late","down","enhancer",FALSE,0.783561839335903,-0.0995247601219065,0.536894319684349,"ZKSCAN5"
"MA1508.1","IKZF1",0.0758805638845939,0.102798731568701,"cortex_late","down","enhancer",FALSE,0.789225789855484,2.22001107295305,0.0363179818447436,"IKZF1"
"MA0752.1","ZNF410",0.266277814188598,0.101040048538539,"cortex_late","down","enhancer",FALSE,0.792428253206739,-0.407232157302526,0.011846278560058,"ZNF410"
"MA1421.1","TCF7L1",0.163125506640831,0.0957431660261304,"cortex_late","down","enhancer",FALSE,0.802152301642162,0.0138295962882022,0.967849830050751,"TCF7L1"
"MA0773.1","MEF2D",0.246681198002693,0.0833673260798232,"cortex_late","down","enhancer",FALSE,0.825339582427406,0.26828937147201,0.134957820351708,"MEF2D"
"MA1132.1","JUN::JUNB",0.149277325927143,0.0833673260798232,"cortex_late","down","enhancer",FALSE,0.825339582427406,0.97627375341033,0.0583353553944371,"JUNB"
"MA1600.1","ZNF684",0.216215655668284,0.0833673260798232,"cortex_late","down","enhancer",FALSE,0.825339582427406,0.253799891779798,0.352824517271512,"ZNF684"
"MA0522.3","TCF3",0.112160908096215,0.0833673260798232,"cortex_late","down","enhancer",FALSE,0.825339582427406,0.532817375041109,0.168568045159763,"TCF3"
"MA1114.1","PBX3",0.114769758082939,0.0804067194471339,"cortex_late","down","enhancer",FALSE,0.830985183860099,0.372566142848154,0.323671514043324,"PBX3"
"MA1634.1","BATF",0.136735582856611,0.0804067194471339,"cortex_late","down","enhancer",FALSE,0.830985183860099,1.49634347459398,0.0532488931682245,"BATF"
"MA0797.1","TGIF2",0.217836509216276,0.0765549405828522,"cortex_late","down","enhancer",FALSE,0.838388011329782,-0.118971629179483,0.655699500756415,"TGIF2"
"MA0083.3","SRF",0.281592242717881,0.0710949793270182,"cortex_late","down","enhancer",FALSE,0.84899478128578,0.380519184163411,0.0568978057538719,"SRF"
"MA0463.2","BCL6",0.160198350175331,0.0614432894227206,"cortex_late","down","enhancer",FALSE,0.868073923791926,0.283343608553714,0.355195974619481,"BCL6"
"MA1113.2","PBX2",0.10923462741268,0.0609278039861662,"cortex_late","down","enhancer",FALSE,0.86910489507293,-0.0770804941182313,0.551381882205006,"PBX2"
"MA0014.3","PAX5",0.136804333503137,0.0596149892762212,"cortex_late","down","enhancer",FALSE,0.871736058911081,2.99983591950139,0.0769262956889678,"PAX5"
"MA1633.1","BACH1",0.118540823087406,0.0567795464386569,"cortex_late","down","enhancer",FALSE,0.877446111243145,0.236739835308955,0.330451818516026,"BACH1"
"MA0727.1","NR3C2",0.264309637423651,0.0539945583673228,"cortex_late","down","enhancer",FALSE,0.883090965322098,-0.903054018037075,0.0144588921418935,"NR3C2"
"MA0136.2","ELF5",0.0758012926396434,0.0526606974560595,"cortex_late","down","enhancer",FALSE,0.885807396942801,-1.73309933406235,0.0144800048063897,"ELF5"
"MA0077.1","SOX9",0.115310994340288,0.0504121580832507,"cortex_late","down","enhancer",FALSE,0.890405516323471,2.6359721810194,0.0048133053088007,"SOX9"
"MA0862.1","GMEB2",0.218408345185829,0.0504121580832507,"cortex_late","down","enhancer",FALSE,0.890405516323471,0.0625284080468242,0.678097042870395,"GMEB2"
"MA0842.2","NRL",0.153552663367498,0.0504121580832507,"cortex_late","down","enhancer",FALSE,0.890405516323471,-0.673884997599162,0.0390147111492045,"NRL"
"MA0102.4","CEBPA",0.129164286419797,0.0504121580832507,"cortex_late","down","enhancer",FALSE,0.890405516323471,-0.0733023587432227,0.861723948690874,"CEBPA"
"MA0769.2","TCF7",0.0856990056078155,0.0504121580832507,"cortex_late","down","enhancer",FALSE,0.890405516323471,0.635452089307523,0.428469998118595,"TCF7"
"MA0105.4","NFKB1",0.246053888370487,0.0447828633670163,"cortex_late","down","enhancer",FALSE,0.902022013857374,0.396848107867562,0.0976924350772323,"NFKB1"
"MA0833.2","ATF4",0.158482877803523,0.0442732821847238,"cortex_late","down","enhancer",FALSE,0.903081026202809,0.533464040223653,0.0446001367314445,"ATF4"
"MA0058.3","MAX",0.112156116078364,0.0296941757326676,"cortex_late","down","enhancer",FALSE,0.933911717227141,0.294662800734311,0.0799634345403793,"MAX"
"MA0095.2","YY1",0.0943416678912419,0.021124483631649,"cortex_late","down","enhancer",FALSE,0.952523099237429,-0.0389730044511181,0.759465476477272,"YY1"
"MA0046.2","HNF1A",0.128369813366883,0.021124483631649,"cortex_late","down","enhancer",FALSE,0.952523099237429,-1.12890575134969,0.0417521766204149,"HNF1A"
"MA0665.1","MSC",0.0976648246740135,0.021124483631649,"cortex_late","down","enhancer",FALSE,0.952523099237429,2.83810899090295,0.0445100977765566,"MSC"
"MA0112.3","ESR1",0.216534443407333,0.021124483631649,"cortex_late","down","enhancer",FALSE,0.952523099237429,-0.594796239557795,0.104998049439265,"ESR1"
"MA0796.1","TGIF1",0.210158634208429,0.021124483631649,"cortex_late","down","enhancer",FALSE,0.952523099237429,0.801855894422812,0.0267584233711836,"TGIF1"
"MA0032.2","FOXC1",0.0620874691994073,0.021124483631649,"cortex_late","down","enhancer",FALSE,0.952523099237429,-0.203254550879446,0.651274137422108,"FOXC1"
"MA0497.1","MEF2C",0.0658047385791916,0.0191516044505425,"cortex_late","down","enhancer",FALSE,0.956859990246784,0.319385298715242,0.442916752514626,"MEF2C"
"MA0081.2","SPIB",0.0506693757334791,0.0131596006470996,"cortex_late","down","enhancer",FALSE,0.970153376113409,4.04204885146729,0.0173837458248364,"SPIB"
"MA0031.1","FOXD1",0.0932328631586925,0.0095518444552007,"cortex_late","down","enhancer",FALSE,0.978246168435539,0.726255394271936,0.122268093286634,"FOXD1"
"MA0641.1","ELF4",0.102900745731684,0.0095518444552007,"cortex_late","down","enhancer",FALSE,0.978246168435539,1.17577986055067,0.0642525218045304,"ELF4"
"MA0846.1","FOXC2",0.0472134554106063,0.0095518444552007,"cortex_late","down","enhancer",FALSE,0.978246168435539,0.422980245283098,0.257109956244467,"FOXC2"
"MA0863.1","MTF1",0.160329185392532,0.0095518444552007,"cortex_late","down","enhancer",FALSE,0.978246168435539,-0.217529416862878,0.249649921118796,"MTF1"
"MA1650.1","ZBTB14",0.08504720633126,0.0095518444552007,"cortex_late","down","enhancer",FALSE,0.978246168435539,-0.153229288156395,0.307659738514577,"ZBTB14"
"MA0056.2","MZF1",0.0657918102682986,0.0095518444552007,"cortex_late","down","enhancer",FALSE,0.978246168435539,0.22839474111009,0.272126907316133,"MZF1"
"MA0509.2","RFX1",0.0897518293547446,0.0095518444552007,"cortex_late","down","enhancer",FALSE,0.978246168435539,-0.108047642823462,0.674492106932214,"RFX1"
"MA0486.2","HSF1",0.0990020398868205,0.0080499869183579,"cortex_late","down","enhancer",FALSE,0.981634951185619,-0.0819535439365673,0.604841037714736,"HSF1"
"MA0778.1","NFKB2",0.106205051159653,0.0080499869183579,"cortex_late","down","enhancer",FALSE,0.981634951185619,0.748268146273772,0.0912965793878542,"NFKB2"
"MA0818.1","BHLHE22",0.114307143458925,0.0080499869183579,"cortex_late","down","enhancer",FALSE,0.981634951185619,2.62570340289903,0.0175362268964315,"BHLHE22"
"MA0024.3","E2F1",0.129373702620669,0.0080499869183579,"cortex_late","down","enhancer",FALSE,0.981634951185619,0.0336666330839055,0.932472173676642,"E2F1"
"MA0867.2","SOX4",0.0350861953100772,0.0080499869183579,"cortex_late","down","enhancer",FALSE,0.981634951185619,0.304878863647484,0.549826892992682,"SOX4"
"MA0782.2","PKNOX1",0.0621706175812475,0.0080499869183579,"cortex_late","down","enhancer",FALSE,0.981634951185619,0.0369953847640083,0.837905544200498,"PKNOX1"
"MA0154.4","EBF1",0.0422676280427785,0.00644967260269448,"cortex_late","down","enhancer",FALSE,0.985258811048735,0.0705077451459912,0.869678746385901,"EBF1"
"MA0637.1","CENPB",0.105674449489397,0.00558874933984389,"cortex_late","down","enhancer",FALSE,0.987213875107234,0.244494560013124,0.149536134045034,"CENPB"
"MA0663.1","MLX",0.0971776634324373,0.00558874933984389,"cortex_late","down","enhancer",FALSE,0.987213875107234,-0.227446554663818,0.117099486189445,"MLX"
"MA0472.2","EGR2",0.0968844262408437,0.00558874933984389,"cortex_late","down","enhancer",FALSE,0.987213875107234,2.95735801354798,0.00718652392371367,"EGR2"
"MA0771.1","HSF4",0.053711240433933,0.00558874933984389,"cortex_late","down","enhancer",FALSE,0.987213875107234,1.02207314332088,0.0470963824090366,"HSF4"
"MA0794.1","PROX1",0.136691113957255,0.00558874933984389,"cortex_late","down","enhancer",FALSE,0.987213875107234,-0.516221340251166,0.22966138638491,"PROX1"
"MA1583.1","ZFP57",0.0961797027574161,0.00558874933984389,"cortex_late","down","enhancer",FALSE,0.987213875107234,-0.102293792219129,0.484423324620714,"ZFP57"
"MA0038.2","GFI1",0.0784617491126571,0.00558874933984389,"cortex_late","down","enhancer",FALSE,0.987213875107234,2.37718264921134,0.0251792297685187,"GFI1"
"MA1657.1","ZNF652",0.0511338178911931,0.00558874933984389,"cortex_late","down","enhancer",FALSE,0.987213875107234,-0.214769070918545,0.308541549322719,"ZNF652"
"MA0659.2","MAFG",0.0524412307172284,0.00558874933984389,"cortex_late","down","enhancer",FALSE,0.987213875107234,0.113821361373602,0.531898520522452,"MAFG"
"MA0052.4","MEF2A",0.0389820170029775,0.00558874933984389,"cortex_late","down","enhancer",FALSE,0.987213875107234,0.261467378772239,0.0935067954043533,"MEF2A"
"MA0692.1","TFEB",0.0556041466078243,0.00552363180549817,"cortex_late","down","enhancer",FALSE,0.987361907734258,0.552400990362843,0.0597696900809219,"TFEB"
"MA1592.1","ZNF274",0.0733621425060491,0.00552363180549817,"cortex_late","down","enhancer",FALSE,0.987361907734258,0.386631308249538,0.159072619765945,"ZNF274"
"MA1647.1","PRDM4",0.0341229510075785,0.00552363180549817,"cortex_late","down","enhancer",FALSE,0.987361907734258,0.049734502285621,0.795163439674236,"PRDM4"
"MA0160.1","NR4A2",0.0262734553985622,0.00408430084409711,"cortex_late","down","enhancer",FALSE,0.990639633301172,-0.0847014456279496,0.883972872545245,"NR4A2"
"MA0649.1","HEY2",0.0570182984071126,0.00408430084409711,"cortex_late","down","enhancer",FALSE,0.990639633301172,-0.41384132428043,0.438115949231322,"HEY2"
"MA0088.2","ZNF143",0.122668340048335,0.00408430084409711,"cortex_late","down","enhancer",FALSE,0.990639633301172,0.107516509590034,0.438115949231322,"ZNF143"
"MA0147.3","MYC",0.0447235588598023,0.00408430084409711,"cortex_late","down","enhancer",FALSE,0.990639633301172,1.59369877514418,0.00392039588194372,"MYC"
"MA1525.1","NFATC4",0.0305524782962614,0.00408430084409711,"cortex_late","down","enhancer",FALSE,0.990639633301172,0.977455149495591,0.0761228361587083,"NFATC4"
"MA1534.1","NR1I3",0.0373424612737479,0.00408430084409711,"cortex_late","down","enhancer",FALSE,0.990639633301172,-2.72002979511977,0.0233570160399139,"NR1I3"
"MA0025.2","NFIL3",0.048066416462242,0.00408430084409711,"cortex_late","down","enhancer",FALSE,0.990639633301172,0.191079949928064,0.449058808909072,"NFIL3"
"MA0093.3","USF1",0.0457443465181333,0.00408430084409711,"cortex_late","down","enhancer",FALSE,0.990639633301172,0.182666565516,0.470472376397656,"USF1"
"MA0691.1","TFAP4",0.0443844644931026,0.00337134092473931,"cortex_late","down","enhancer",FALSE,0.992267253355549,0.229948046601796,0.508225196847344,"TFAP4"
"MA0775.1","MEIS3",0.0315124687388231,0.00337134092473931,"cortex_late","down","enhancer",FALSE,0.992267253355549,1.10896130509657,0.0669951221781059,"MEIS3"
"MA0089.2","NFE2L1",0.0588924433398619,0.00337134092473931,"cortex_late","down","enhancer",FALSE,0.992267253355549,0.399968441309023,0.0173989746690131,"NFE2L1"
"MA0030.1","FOXF2",-0.115447028771949,0,"cortex_late","down","enhancer",FALSE,1,1.98410999755597,0.0197489798867888,"FOXF2"
"MA0051.1","IRF2",-0.191159629715868,0,"cortex_late","down","enhancer",FALSE,1,0.0769699881575958,0.530864052179819,"IRF2"
"MA0059.1","MAX::MYC",-0.0724703498656929,0,"cortex_late","down","enhancer",FALSE,1,1.59369877514418,0.00392039588194372,"MYC"
"MA0070.1","PBX1",-0.577642463891432,0,"cortex_late","down","enhancer",FALSE,1,0.044904694999107,0.873847514856928,"PBX1"
"MA0071.1","RORA",-0.0148907635822928,0,"cortex_late","down","enhancer",FALSE,1,-0.361064425540366,0.419005831013643,"RORA"
"MA0073.1","RREB1",-0.0597275393268335,0,"cortex_late","down","enhancer",FALSE,1,-0.249259241205931,0.381365986845828,"RREB1"
"MA0107.1","RELA",-0.0158598845230031,0,"cortex_late","down","enhancer",FALSE,1,0.468388098918431,0.0418983327896446,"RELA"
"MA0119.1","NFIC::TLX1",0.00783275703874242,0,"cortex_late","down","enhancer",FALSE,1,0.0436273452510321,0.83858300186558,"NFIC"
"MA0139.1","CTCF",-0.0550387718386185,0,"cortex_late","down","enhancer",FALSE,1,-0.183644533598926,0.176418526527996,"CTCF"
"MA0138.2","REST",-0.275321890304757,0,"cortex_late","down","enhancer",FALSE,1,0.0739363655191427,0.793257436266966,"REST"
"MA0152.1","NFATC2",-0.102235588155573,0,"cortex_late","down","enhancer",FALSE,1,0.429360097778478,0.301594692263252,"NFATC2"
"MA0159.1","RARA::RXRA",0.0180013240608785,0,"cortex_late","down","enhancer",FALSE,1,-0.356143623481072,0.0459711949172875,"RXRA"
"MA0163.1","PLAG1",-0.0450999770709055,0,"cortex_late","down","enhancer",FALSE,1,-0.654661986185757,0.0377532838072238,"PLAG1"
"MA0488.1","JUN",-0.360810390138698,0,"cortex_late","down","enhancer",FALSE,1,0.236695319839362,0.485227546006482,"JUN"
"MA0501.1","MAF::NFE2",0.0433207592476998,0,"cortex_late","down","enhancer",FALSE,1,-0.717073390939694,0.140313942794167,"MAF"
"MA0504.1","NR2C2",-0.157063757213007,0,"cortex_late","down","enhancer",FALSE,1,0.0321724794062197,0.868099987665514,"NR2C2"
"MA0506.1","NRF1",-0.0292981040424545,0,"cortex_late","down","enhancer",FALSE,1,0.149732550000495,0.457806901564603,"NRF1"
"MA0513.1","SMAD2::SMAD3::SMAD4",-0.0300850296997366,0,"cortex_late","down","enhancer",FALSE,1,0.0977475311134839,0.455184595489929,"SMAD2"
"MA0517.1","STAT1::STAT2",-0.227612680165496,0,"cortex_late","down","enhancer",FALSE,1,0.598592267430019,0.0910113247364219,"STAT1"
"MA0523.1","TCF7L2",-0.135688980614841,0,"cortex_late","down","enhancer",FALSE,1,0.0108251517279818,0.952896055846399,"TCF7L2"
"MA0527.1","ZBTB33",-0.123762653447144,0,"cortex_late","down","enhancer",FALSE,1,0.148073753025283,0.570015727192949,"ZBTB33"
"MA0076.2","ELK4",-0.0315726719739597,0,"cortex_late","down","enhancer",FALSE,1,0.145294651140012,0.559333932042359,"ELK4"
"MA0050.2","IRF1",-0.0567562117082065,0,"cortex_late","down","enhancer",FALSE,1,1.37450664870334,0.0370088681403073,"IRF1"
"MA0137.3","STAT1",-0.15404796343848,0,"cortex_late","down","enhancer",FALSE,1,0.598592267430019,0.0910113247364219,"STAT1"
"MA0144.2","STAT3",-0.0733455119095714,0,"cortex_late","down","enhancer",FALSE,1,1.00273246640633,0.00295747396639751,"STAT3"
"MA0140.2","GATA1::TAL1",0.0328968770940881,0,"cortex_late","down","enhancer",FALSE,1,0.227539284176945,0.612665933526567,"TAL1"
"MA0593.1","FOXP2",0.00678073751145192,0,"cortex_late","down","enhancer",FALSE,1,-0.0829980227729784,0.900464314857877,"FOXP2"
"MA0595.1","SREBF1",0.0105662349701792,0,"cortex_late","down","enhancer",FALSE,1,0.353557944511778,0.652599098818975,"SREBF1"
"MA0596.1","SREBF2",-0.00902467581492061,0,"cortex_late","down","enhancer",FALSE,1,0.10911546278969,0.718462078218655,"SREBF2"
"MA0597.1","THAP1",-0.167369088849587,0,"cortex_late","down","enhancer",FALSE,1,-0.38562603217246,0.122935861541347,"THAP1"
"MA0599.1","KLF5",-0.0633660686743642,0,"cortex_late","down","enhancer",FALSE,1,0.709010793474663,0.0834348020920189,"KLF5"
"MA0610.1","DMRT3",-0.0856661731709725,0,"cortex_late","down","enhancer",FALSE,1,-0.0125695762907758,0.993696658245056,"DMRT3"
"MA0625.1","NFATC3",-0.0764341193395826,0,"cortex_late","down","enhancer",FALSE,1,-0.012754814397729,0.938948105012166,"NFATC3"
"MA0628.1","POU6F1",-0.372316255997061,0,"cortex_late","down","enhancer",FALSE,1,0.352992935457504,0.19047816655053,"POU6F1"
"MA0638.1","CREB3",-0.435286160535685,0,"cortex_late","down","enhancer",FALSE,1,-0.0361557275701507,0.837404161307432,"CREB3"
"MA0645.1","ETV6",-0.226758080416558,0,"cortex_late","down","enhancer",FALSE,1,0.034785968877614,0.792619376563549,"ETV6"
"MA0475.2","FLI1",-0.116635324033811,0,"cortex_late","down","enhancer",FALSE,1,0.298236443093478,0.475038322911319,"FLI1"
"MA0042.2","FOXI1",-0.0535912647761609,0,"cortex_late","down","enhancer",FALSE,1,-1.3503212932461,0.0110861569905551,"FOXI1"
"MA0033.2","FOXL1",-0.0453661140640342,0,"cortex_late","down","enhancer",FALSE,1,1.19368248768637,0.0335304840110292,"FOXL1"
"MA0157.2","FOXO3",0.00753406472130713,0,"cortex_late","down","enhancer",FALSE,1,0.383074859369871,0.0732025113237811,"FOXO3"
"MA0646.1","GCM1",-0.0922952093621134,0,"cortex_late","down","enhancer",FALSE,1,-1.58562808671666,0.0905505567721186,"GCM1"
"MA0131.2","HINFP",0.0392237507034086,0,"cortex_late","down","enhancer",FALSE,1,-0.0795704979626128,0.704311439553746,"HINFP"
"MA0153.2","HNF1B",-0.27479107283914,0,"cortex_late","down","enhancer",FALSE,1,-0.300693670103914,0.22628344735265,"HNF1B"
"MA0651.1","HOXC11",-0.0347459587852033,0,"cortex_late","down","enhancer",FALSE,1,1.18287987898072,0.0867610517090843,"HOXC11"
"MA0652.1","IRF8",-0.39150118640492,0,"cortex_late","down","enhancer",FALSE,1,1.98982572735061,0.0318355265937455,"IRF8"
"MA0653.1","IRF9",-0.141941376181143,0,"cortex_late","down","enhancer",FALSE,1,1.00680066430244,0.0230294800587811,"IRF9"
"MA0657.1","KLF13",-0.5494264369222,0,"cortex_late","down","enhancer",FALSE,1,0.374872227694996,0.156973312747279,"KLF13"
"MA0658.1","LHX6",-0.354293852696362,0,"cortex_late","down","enhancer",FALSE,1,0.81819553473454,0.0732583453269849,"LHX6"
"MA0660.1","MEF2B",-0.0514984652737791,0,"cortex_late","down","enhancer",FALSE,1,0.475476739336793,0.483055531105224,"MEF2B"
"MA0666.1","MSX1",-0.161626057568776,0,"cortex_late","down","enhancer",FALSE,1,0.0921852394115059,0.836693600199941,"MSX1"
"MA0670.1","NFIA",0.00111680494716637,0,"cortex_late","down","enhancer",FALSE,1,-0.0398914376590245,0.854499794967671,"NFIA"
"MA0671.1","NFIX",-0.0404167784532996,0,"cortex_late","down","enhancer",FALSE,1,0.91418672983295,0.0453733651044089,"NFIX"
"MA0685.1","SP4",-0.086350969101578,0,"cortex_late","down","enhancer",FALSE,1,0.00332818992910378,0.992051407147016,"SP4"
"MA0688.1","TBX2",-0.104452433673725,0,"cortex_late","down","enhancer",FALSE,1,-0.109801198875916,0.631193871684476,"TBX2"
"MA0690.1","TBX21",-0.0712520505869056,0,"cortex_late","down","enhancer",FALSE,1,1.5901515895646,0.10429582732512,"TBX21"
"MA0145.3","TFCP2",-0.103589627434104,0,"cortex_late","down","enhancer",FALSE,1,-0.266692679387171,0.0243269210431907,"TFCP2"
"MA0694.1","ZBTB7B",-0.10970215909157,0,"cortex_late","down","enhancer",FALSE,1,0.165373367359041,0.670951147825431,"ZBTB7B"
"MA0695.1","ZBTB7C",-0.116137893242856,0,"cortex_late","down","enhancer",FALSE,1,1.02238151801267,0.0852264536097198,"ZBTB7C"
"MA0698.1","ZBTB18",-0.242644730990718,0,"cortex_late","down","enhancer",FALSE,1,0.0380823135827346,0.839625595030169,"ZBTB18"
"MA0716.1","PRRX1",-0.281756531413071,0,"cortex_late","down","enhancer",FALSE,1,0.886736416470465,0.0540634204856211,"PRRX1"
"MA0722.1","VAX1",-0.456055701466764,0,"cortex_late","down","enhancer",FALSE,1,0.363943740941558,0.797343198474492,"VAX1"
"MA0017.2","NR2F1",-0.118172968871629,0,"cortex_late","down","enhancer",FALSE,1,0.69381230140943,0.231854717997705,"NR2F1"
"MA0729.1","RARA",-0.471924370533253,0,"cortex_late","down","enhancer",FALSE,1,0.136091981256486,0.611362538640729,"RARA"
"MA0731.1","BCL6B",0.0593279768323436,0,"cortex_late","down","enhancer",FALSE,1,-0.153584767393532,0.715590431726879,"BCL6B"
"MA0732.1","EGR3",-0.0288520216847683,0,"cortex_late","down","enhancer",FALSE,1,2.19171628325849,0.0195990315066758,"EGR3"
"MA0735.1","GLIS1",-0.0383901227288064,0,"cortex_late","down","enhancer",FALSE,1,-0.807695223737678,0.0715965761555925,"GLIS1"
"MA0736.1","GLIS2",0.0221029959705454,0,"cortex_late","down","enhancer",FALSE,1,-0.470328235111768,0.0596788654152836,"GLIS2"
"MA0737.1","GLIS3",0.0748435378416508,0,"cortex_late","down","enhancer",FALSE,1,0.259106835857718,0.355310672553884,"GLIS3"
"MA0738.1","HIC2",-0.15575570684364,0,"cortex_late","down","enhancer",FALSE,1,0.192753386460157,0.320216921626423,"HIC2"
"MA0741.1","KLF16",-0.228206075668947,0,"cortex_late","down","enhancer",FALSE,1,0.614789041339658,0.0460520770974238,"KLF16"
"MA0749.1","ZBED1",-0.00333939471498734,0,"cortex_late","down","enhancer",FALSE,1,0.450962914238764,0.0606547245414666,"ZBED1"
"MA0754.1","CUX1",-0.318559445737504,0,"cortex_late","down","enhancer",FALSE,1,-0.641032450111093,0.0342591749941847,"CUX1"
"MA0759.1","ELK3",-0.202180014549868,0,"cortex_late","down","enhancer",FALSE,1,0.327017028982867,0.256682012109033,"ELK3"
"MA0760.1","ERF",-0.203498687891505,0,"cortex_late","down","enhancer",FALSE,1,-0.24005981400277,0.309753890229849,"ERF"
"MA0474.2","ERG",-0.0981179250230841,0,"cortex_late","down","enhancer",FALSE,1,-0.103774229931975,0.763029966547876,"ERG"
"MA0098.3","ETS1",-0.173623477761013,0,"cortex_late","down","enhancer",FALSE,1,0.110528725330052,0.763121235421287,"ETS1"
"MA0762.1","ETV2",-0.0012636857684365,0,"cortex_late","down","enhancer",FALSE,1,0.52799188490058,0.377595807170613,"ETV2"
"MA0763.1","ETV3",-0.282537603192872,0,"cortex_late","down","enhancer",FALSE,1,0.181491501579432,0.202923990342444,"ETV3"
"MA0768.1","LEF1",-0.0676452201811486,0,"cortex_late","down","enhancer",FALSE,1,1.88826364930654,0.0221474447125904,"LEF1"
"MA0770.1","HSF2",-0.0113903447902466,0,"cortex_late","down","enhancer",FALSE,1,0.0570072184504249,0.729396393191233,"HSF2"
"MA0772.1","IRF7",-0.234957517058431,0,"cortex_late","down","enhancer",FALSE,1,0.752973032019716,0.13441786267678,"IRF7"
"MA0774.1","MEIS2",-0.00332499062249614,0,"cortex_late","down","enhancer",FALSE,1,-0.00737466780841167,0.987239952847187,"MEIS2"
"MA0776.1","MYBL1",-0.142810870334053,0,"cortex_late","down","enhancer",FALSE,1,1.71564957761794,0.0116715334061847,"MYBL1"
"MA0600.2","RFX2",-0.289516386397928,0,"cortex_late","down","enhancer",FALSE,1,-0.0991956833708283,0.747779912996063,"RFX2"
"MA0795.1","SMAD3",0.0596023247915385,0,"cortex_late","down","enhancer",FALSE,1,0.125334627013129,0.578463148924369,"SMAD3"
"MA0510.2","RFX5",-0.611614748357806,0,"cortex_late","down","enhancer",FALSE,1,0.492055561028614,0.108562604559514,"RFX5"
"MA0511.2","RUNX2",-0.0589337391797455,0,"cortex_late","down","enhancer",FALSE,1,2.04041216973746,0.0181605953794278,"RUNX2"
"MA0800.1","EOMES",-0.148787052635369,0,"cortex_late","down","enhancer",FALSE,1,2.33632558941431,0.0497254831653571,"EOMES"
"MA0801.1","MGA",-0.0175823442625012,0,"cortex_late","down","enhancer",FALSE,1,-0.00380150397538337,0.983059367054861,"MGA"
"MA0805.1","TBX1",-0.0410363178704758,0,"cortex_late","down","enhancer",FALSE,1,2.1449261978677,0.0317196793213829,"TBX1"
"MA0808.1","TEAD3",-0.105733251266593,0,"cortex_late","down","enhancer",FALSE,1,0.519955641633381,0.00793978426049497,"TEAD3"
"MA0811.1","TFAP2B",-0.0252457369179382,0,"cortex_late","down","enhancer",FALSE,1,-0.237084005016227,0.551875099791801,"TFAP2B"
"MA0466.2","CEBPB",-0.405436591379431,0,"cortex_late","down","enhancer",FALSE,1,1.552748679055,0.0048133053088007,"CEBPB"
"MA0838.1","CEBPG",-0.485183686126396,0,"cortex_late","down","enhancer",FALSE,1,0.305243126722244,0.059907451629457,"CEBPG"
"MA0839.1","CREB3L1",-0.0567717551139761,0,"cortex_late","down","enhancer",FALSE,1,2.42651411632473,0.00937142501801273,"CREB3L1"
"MA0843.1","TEF",0.040643728471391,0,"cortex_late","down","enhancer",FALSE,1,-0.881861603659547,0.00698531122215053,"TEF"
"MA0844.1","XBP1",-0.153503003405598,0,"cortex_late","down","enhancer",FALSE,1,0.342114108747777,0.0829480281439217,"XBP1"
"MA0848.1","FOXO4",-0.0535912647761609,0,"cortex_late","down","enhancer",FALSE,1,-0.528580748247043,0.00793978426049497,"FOXO4"
"MA0850.1","FOXP3",-0.0707675903299245,0,"cortex_late","down","enhancer",FALSE,1,0.629960337507221,0.398098356481561,"FOXP3"
"MA0856.1","RXRG",0.106964310442908,0,"cortex_late","down","enhancer",FALSE,1,-0.336850998988665,0.703592536732438,"RXRG"
"MA0106.3","TP53",0.0604106379515148,0,"cortex_late","down","enhancer",FALSE,1,0.611285532919856,0.0658521904163743,"TP53"
"MA0028.2","ELK1",-0.129782974563523,0,"cortex_late","down","enhancer",FALSE,1,0.24092635835186,0.173832506816299,"ELK1"
"MA0886.1","EMX2",-0.324163638881319,0,"cortex_late","down","enhancer",FALSE,1,0.0038008380035679,0.991342081718615,"EMX2"
"MA0889.1","GBX1",-0.219040035347747,0,"cortex_late","down","enhancer",FALSE,1,-0.0916107771471888,0.897775383748752,"GBX1"
"MA0891.1","GSC2",-0.251787341125958,0,"cortex_late","down","enhancer",FALSE,1,-1.25848589432203,0.0869476361504072,"GSC2"
"MA0895.1","HMBOX1",-0.0618101949087349,0,"cortex_late","down","enhancer",FALSE,1,-0.238052557641045,0.273346129517088,"HMBOX1"
"MA0899.1","HOXA10",-0.0638409199761636,0,"cortex_late","down","enhancer",FALSE,1,-0.31035266242151,0.0504512039170657,"HOXA10"
"MA0903.1","HOXB3",-0.252403654628347,0,"cortex_late","down","enhancer",FALSE,1,0.313284908412333,0.306710999720568,"HOXB3"
"MA0905.1","HOXC10",-0.129406915465307,0,"cortex_late","down","enhancer",FALSE,1,0.0572927181076617,0.844097336474233,"HOXC10"
"MA0908.1","HOXD11",-0.0924907783207249,0,"cortex_late","down","enhancer",FALSE,1,0.506225972671253,0.302202683568591,"HOXD11"
"MA0852.2","FOXK1",0.00583895490415376,0,"cortex_late","down","enhancer",FALSE,1,-0.134485470069213,0.393562785491807,"FOXK1"
"MA0036.3","GATA2",-0.267659330908673,0,"cortex_late","down","enhancer",FALSE,1,-0.90892281750524,0.0275316731499419,"GATA2"
"MA1106.1","HIF1A",0.0187432958586227,0,"cortex_late","down","enhancer",FALSE,1,1.17233151724341,0.00295747396639751,"HIF1A"
"MA0104.4","MYCN",0.01920753947436,0,"cortex_late","down","enhancer",FALSE,1,-0.281144547923944,0.378093464677391,"MYCN"
"MA0161.2","NFIC",-0.0445721574913014,0,"cortex_late","down","enhancer",FALSE,1,0.0436273452510321,0.83858300186558,"NFIC"
"MA0060.3","NFYA",-0.0104204679998636,0,"cortex_late","down","enhancer",FALSE,1,0.118343667952641,0.464941495194905,"NFYA"
"MA1110.1","NR1H4",-0.156753679836799,0,"cortex_late","down","enhancer",FALSE,1,-1.46432152794742,0.0290160332017628,"NR1H4"
"MA1117.1","RELB",-0.0201455473126604,0,"cortex_late","down","enhancer",FALSE,1,1.01172221690503,0.0592750847266929,"RELB"
"MA1121.1","TEAD2",-0.0396290384125457,0,"cortex_late","down","enhancer",FALSE,1,0.378590154167507,0.205640859642847,"TEAD2"
"MA0750.2","ZBTB7A",-0.139299838278369,0,"cortex_late","down","enhancer",FALSE,1,0.241835027961858,0.0636969423654887,"ZBTB7A"
"MA1125.1","ZNF384",-0.0380645879327668,0,"cortex_late","down","enhancer",FALSE,1,-0.207547397485206,0.0857121114228499,"ZNF384"
"MA1154.1","ZNF282",-0.216779647754179,0,"cortex_late","down","enhancer",FALSE,1,-0.081807644359813,0.620810139669069,"ZNF282"
"MA0037.3","GATA3",-0.0750265941644113,0,"cortex_late","down","enhancer",FALSE,1,-0.0158012693355865,0.960281563501289,"GATA3"
"MA1126.1","FOS::JUN(var.2)",-0.19836896416511,0,"cortex_late","down","enhancer",FALSE,1,0.0826020248799741,0.94439835226923,"FOS"
"MA1127.1","FOSB::JUN",-0.0676869753169438,0,"cortex_late","down","enhancer",FALSE,1,0.236695319839362,0.485227546006482,"JUN"
"MA1129.1","FOSL1::JUN(var.2)",-0.133482267843072,0,"cortex_late","down","enhancer",FALSE,1,2.1164680327118,0.0197929391485239,"FOSL1"
"MA1131.1","FOSL2::JUN(var.2)",-0.225984310284614,0,"cortex_late","down","enhancer",FALSE,1,1.02982069670662,0.00558578197927428,"FOSL2"
"MA1133.1","JUN::JUNB(var.2)",-0.308926938450282,0,"cortex_late","down","enhancer",FALSE,1,0.236695319839362,0.485227546006482,"JUN"
"MA1136.1","FOSB::JUNB(var.2)",-0.247378803905677,0,"cortex_late","down","enhancer",FALSE,1,-0.161525958582189,0.898038142465522,"FOSB"
"MA1139.1","FOSL2::JUNB(var.2)",-0.332265208809061,0,"cortex_late","down","enhancer",FALSE,1,1.02982069670662,0.00558578197927428,"FOSL2"
"MA1143.1","FOSL1::JUND(var.2)",-0.384272324469135,0,"cortex_late","down","enhancer",FALSE,1,2.1164680327118,0.0197929391485239,"FOSL1"
"MA1145.1","FOSL2::JUND(var.2)",-0.202729115214406,0,"cortex_late","down","enhancer",FALSE,1,1.02982069670662,0.00558578197927428,"FOSL2"
"MA1146.1","NR1H4::RXRA",-0.110829411422323,0,"cortex_late","down","enhancer",FALSE,1,-1.46432152794742,0.0290160332017628,"NR1H4"
"MA1147.1","NR4A2::RXRA",-0.197794533576757,0,"cortex_late","down","enhancer",FALSE,1,-0.356143623481072,0.0459711949172875,"RXRA"
"MA1149.1","RARA::RXRG",-0.0254408063850207,0,"cortex_late","down","enhancer",FALSE,1,0.136091981256486,0.611362538640729,"RARA"
"MA1151.1","RORC",-0.0900136810336383,0,"cortex_late","down","enhancer",FALSE,1,-1.11452511687552,0.0489929491937334,"RORC"
"MA0831.2","TFE3",-0.0420050249465156,0,"cortex_late","down","enhancer",FALSE,1,0.00229924612834509,0.987493810891898,"TFE3"
"MA0693.2","VDR",-0.125659320428336,0,"cortex_late","down","enhancer",FALSE,1,0.33930558321493,0.454946258345994,"VDR"
"MA1418.1","IRF3",-0.00792614417904769,0,"cortex_late","down","enhancer",FALSE,1,0.306682115366221,0.244257623646754,"IRF3"
"MA1419.1","IRF4",-0.378703983278056,0,"cortex_late","down","enhancer",FALSE,1,2.16513839358483,0.0529157472414669,"IRF4"
"MA1420.1","IRF5",-0.371563150836098,0,"cortex_late","down","enhancer",FALSE,1,1.54725426674744,0.0552467572711978,"IRF5"
"MA1466.1","ATF6",-0.504184264050474,0,"cortex_late","down","enhancer",FALSE,1,0.0598177653047873,0.71805278556525,"ATF6"
"MA1101.2","BACH2",-0.111513342148335,0,"cortex_late","down","enhancer",FALSE,1,0.871316276844716,0.156855941522764,"BACH2"
"MA1471.1","BARX2",-0.166472066224425,0,"cortex_late","down","enhancer",FALSE,1,1.36449236868885,0.0767377576887523,"BARX2"
"MA1474.1","CREB3L4",-0.0504371017155858,0,"cortex_late","down","enhancer",FALSE,1,0.741589929808271,0.0572582355845164,"CREB3L4"
"MA1484.1","ETS2",-0.100443103277088,0,"cortex_late","down","enhancer",FALSE,1,0.245565019311631,0.380848480870962,"ETS2"
"MA1487.1","FOXE1",-0.181421615165797,0,"cortex_late","down","enhancer",FALSE,1,0.251220572646225,0.866414771816428,"FOXE1"
"MA1489.1","FOXN3",-0.176218133463175,0,"cortex_late","down","enhancer",FALSE,1,-0.021463822081496,0.934394450068386,"FOXN3"
"MA1491.1","GLI3",-0.134377242835703,0,"cortex_late","down","enhancer",FALSE,1,0.197493343304858,0.420432558765284,"GLI3"
"MA1496.1","HOXA4",-0.261383750024486,0,"cortex_late","down","enhancer",FALSE,1,-0.335100494956715,0.0840260100357667,"HOXA4"
"MA1497.1","HOXA6",-0.282155100769531,0,"cortex_late","down","enhancer",FALSE,1,0.0798267991047208,0.764859569840842,"HOXA6"
"MA1498.1","HOXA7",-0.141805451065598,0,"cortex_late","down","enhancer",FALSE,1,-0.648215791064456,0.0233992953367174,"HOXA7"
"MA1499.1","HOXB4",-0.232509912990697,0,"cortex_late","down","enhancer",FALSE,1,-0.221650499086614,0.434236069075196,"HOXB4"
"MA1500.1","HOXB6",-0.223871893850863,0,"cortex_late","down","enhancer",FALSE,1,0.0961797422349768,0.792747952092405,"HOXB6"
"MA1501.1","HOXB7",-0.213108114228445,0,"cortex_late","down","enhancer",FALSE,1,0.0354460013085491,0.923104840635492,"HOXB7"
"MA1502.1","HOXB8",-0.261885890047592,0,"cortex_late","down","enhancer",FALSE,1,0.287641927932375,0.480252060759669,"HOXB8"
"MA1503.1","HOXB9",-0.154919038948134,0,"cortex_late","down","enhancer",FALSE,1,0.136860467316353,0.80518557440877,"HOXB9"
"MA1504.1","HOXC4",-0.22581280809231,0,"cortex_late","down","enhancer",FALSE,1,0.119712141715202,0.711366561610109,"HOXC4"
"MA1505.1","HOXC8",-0.570653660680281,0,"cortex_late","down","enhancer",FALSE,1,0.256911703798522,0.353533977233686,"HOXC8"
"MA1507.1","HOXD4",-0.262270975514311,0,"cortex_late","down","enhancer",FALSE,1,-0.266282647236639,0.255639507718774,"HOXD4"
"MA1509.1","IRF6",-0.617420768675256,0,"cortex_late","down","enhancer",FALSE,1,-0.400123438782607,0.1786866707416,"IRF6"
"MA1511.1","KLF10",-0.253445866170988,0,"cortex_late","down","enhancer",FALSE,1,1.16421515487143,0.00698531122215053,"KLF10"
"MA1512.1","KLF11",-0.189091351139351,0,"cortex_late","down","enhancer",FALSE,1,0.60779715049051,0.0865189883942141,"KLF11"
"MA1513.1","KLF15",-0.173121894121412,0,"cortex_late","down","enhancer",FALSE,1,-1.2163342939382,0.0568963189960909,"KLF15"
"MA1515.1","KLF2",-0.220758365060995,0,"cortex_late","down","enhancer",FALSE,1,1.07825231297991,0.0124480888089217,"KLF2"
"MA1516.1","KLF3",-0.112701354099124,0,"cortex_late","down","enhancer",FALSE,1,0.272535579530264,0.121673824398283,"KLF3"
"MA1517.1","KLF6",-0.174222284569705,0,"cortex_late","down","enhancer",FALSE,1,0.86771683566165,0.0223095177481056,"KLF6"
"MA1518.1","LHX1",-0.403339433424504,0,"cortex_late","down","enhancer",FALSE,1,-1.23035935203172,0.0362673617296545,"LHX1"
"MA1522.1","MAZ",-0.0212209905426572,0,"cortex_late","down","enhancer",FALSE,1,0.0552141297775917,0.804694482654362,"MAZ"
"MA1523.1","MSANTD3",-0.0556829313937195,0,"cortex_late","down","enhancer",FALSE,1,-0.295304696191521,0.269507575088981,"MSANTD3"
"MA1531.1","NR1D1",-0.0691570155927419,0,"cortex_late","down","enhancer",FALSE,1,-0.945179172807376,0.0245984270450917,"NR1D1"
"MA1532.1","NR1D2",-0.0789928645654143,0,"cortex_late","down","enhancer",FALSE,1,-0.672368379452131,0.0272825130609225,"NR1D2"
"MA1533.1","NR1I2",0.0275998788105118,0,"cortex_late","down","enhancer",FALSE,1,-1.24596288724903,0.161301204909157,"NR1I2"
"MA1535.1","NR2C1",-0.00292954094433284,0,"cortex_late","down","enhancer",FALSE,1,0.0737951410149003,0.745970281869099,"NR2C1"
"MA1541.1","NR6A1",-0.128483922063444,0,"cortex_late","down","enhancer",FALSE,1,-0.217266888365558,0.223693506960725,"NR6A1"
"MA1542.1","OSR1",-0.308628265240084,0,"cortex_late","down","enhancer",FALSE,1,-0.291012330687884,0.589932180713017,"OSR1"
"MA1544.1","OVOL1",-0.046367878447743,0,"cortex_late","down","enhancer",FALSE,1,-0.472754789640812,0.342179623666503,"OVOL1"
"MA1545.1","OVOL2",-0.101145504803208,0,"cortex_late","down","enhancer",FALSE,1,-0.907209065606548,0.175333408515008,"OVOL2"
"MA1547.1","PITX2",-0.0395787247588197,0,"cortex_late","down","enhancer",FALSE,1,-0.899741747024079,0.106824570811437,"PITX2"
"MA1548.1","PLAGL2",-0.0943588506146815,0,"cortex_late","down","enhancer",FALSE,1,0.00433253723925286,0.979261986561269,"PLAGL2"
"MA1550.1","PPARD",-0.108138188851568,0,"cortex_late","down","enhancer",FALSE,1,0.593602782098353,0.0556067092227686,"PPARD"
"MA1554.1","RFX7",-0.238525486128438,0,"cortex_late","down","enhancer",FALSE,1,0.0246182733117943,0.920586308143966,"RFX7"
"MA1557.1","SMAD5",0.00499289425869343,0,"cortex_late","down","enhancer",FALSE,1,-0.150942801064471,0.510765020740912,"SMAD5"
"MA1561.1","SOX12",-0.200659346823744,0,"cortex_late","down","enhancer",FALSE,1,-0.388855539379585,0.1786866707416,"SOX12"
"MA1567.1","TBX6",0.0280808465212665,0,"cortex_late","down","enhancer",FALSE,1,-0.544515299224096,0.277758135839614,"TBX6"
"MA1573.1","THAP11",-0.657555777811,0,"cortex_late","down","enhancer",FALSE,1,-0.132877282302207,0.459232745580027,"THAP11"
"MA1574.1","THRB",0.00116339581601643,0,"cortex_late","down","enhancer",FALSE,1,-1.64088332630497,0.0117359827762105,"THRB"
"MA1578.1","VEZF1",-0.214662179038136,0,"cortex_late","down","enhancer",FALSE,1,0.132918528911464,0.407446032676259,"VEZF1"
"MA1579.1","ZBTB26",-0.0182996285503165,0,"cortex_late","down","enhancer",FALSE,1,-0.340993936341768,0.217014701723913,"ZBTB26"
"MA1581.1","ZBTB6",-0.070802537494445,0,"cortex_late","down","enhancer",FALSE,1,-0.15999992993106,0.67155032778739,"ZBTB6"
"MA1585.1","ZKSCAN1",-0.0359285239489964,0,"cortex_late","down","enhancer",FALSE,1,-0.169437757687677,0.421232671434503,"ZKSCAN1"
"MA1593.1","ZNF317",-0.145766943517848,0,"cortex_late","down","enhancer",FALSE,1,0.193400861198292,0.0929874116877458,"ZNF317"
"MA1594.1","ZNF382",-0.232893741779995,0,"cortex_late","down","enhancer",FALSE,1,-0.0830214501206012,0.792374614051998,"ZNF382"
"MA1601.1","ZNF75D",-0.164831214536791,0,"cortex_late","down","enhancer",FALSE,1,-0.0362019657369963,0.808290956970266,"ZNF75D"
"MA1602.1","ZSCAN29",-0.101885292359412,0,"cortex_late","down","enhancer",FALSE,1,-0.16014756295271,0.37273470371067,"ZSCAN29"
"MA0605.2","ATF3",-0.138838310677671,0,"cortex_late","down","enhancer",FALSE,1,1.21875432597113,0.0351582015682901,"ATF3"
"MA0469.3","E2F3",-0.170008790878892,0,"cortex_late","down","enhancer",FALSE,1,0.094022181741158,0.778202464342113,"E2F3"
"MA0612.2","EMX1",-0.329311515774558,0,"cortex_late","down","enhancer",FALSE,1,-1.49309266393426,0.0183496692121575,"EMX1"
"MA0847.2","FOXD2",-0.0135286247764252,0,"cortex_late","down","enhancer",FALSE,1,-0.651122989619007,0.186217312814842,"FOXD2"
"MA0766.2","GATA5",-0.0572370730333214,0,"cortex_late","down","enhancer",FALSE,1,-0.878781227047609,0.0858825420852299,"GATA5"
"MA0734.2","GLI2",0.0401414092340708,0,"cortex_late","down","enhancer",FALSE,1,1.51625844656021,0.0204105787660072,"GLI2"
"MA0900.2","HOXA2",-0.166712146493339,0,"cortex_late","down","enhancer",FALSE,1,0.436270978219671,0.256682012109033,"HOXA2"
"MA0158.2","HOXA5",-0.160759596406422,0,"cortex_late","down","enhancer",FALSE,1,0.0249634331545669,0.924492737629551,"HOXA5"
"MA0594.2","HOXA9",-0.146341124383577,0,"cortex_late","down","enhancer",FALSE,1,-0.202229074377168,0.355081223474083,"HOXA9"
"MA0902.2","HOXB2",-0.192555628627231,0,"cortex_late","down","enhancer",FALSE,1,0.163351086883023,0.6445039888255,"HOXB2"
"MA0904.2","HOXB5",-0.0175024439196827,0,"cortex_late","down","enhancer",FALSE,1,-0.0301866597437899,0.94624728521372,"HOXB5"
"MA0485.2","HOXC9",-0.141872942094131,0,"cortex_late","down","enhancer",FALSE,1,-0.00667709431821262,0.982467088460032,"HOXC9"
"MA0912.2","HOXD3",-0.244026114347212,0,"cortex_late","down","enhancer",FALSE,1,-0.169441925491237,0.532558320585433,"HOXD3"
"MA0910.2","HOXD8",-0.195670512893307,0,"cortex_late","down","enhancer",FALSE,1,-0.224916284023403,0.476287889403581,"HOXD8"
"MA0913.2","HOXD9",-0.0734727356023406,0,"cortex_late","down","enhancer",FALSE,1,-0.230427773357123,0.408626010330785,"HOXD9"
"MA0703.2","LMX1B",-0.457904965747303,0,"cortex_late","down","enhancer",FALSE,1,-1.84151344452386,0.02188947523314,"LMX1B"
"MA0075.3","PRRX2",-0.300394916659471,0,"cortex_late","down","enhancer",FALSE,1,2.07856064404723,0.0214669467092927,"PRRX2"
"MA0079.4","SP1",-0.0350980671684615,0,"cortex_late","down","enhancer",FALSE,1,-0.0412343232999097,0.833888977459003,"SP1"
"MA0516.2","SP2",-0.178703888590253,0,"cortex_late","down","enhancer",FALSE,1,0.0623367603781722,0.743913208959988,"SP2"
"MA0746.2","SP3",-0.139245373887565,0,"cortex_late","down","enhancer",FALSE,1,0.114216776442655,0.533190796325895,"SP3"
"MA0871.2","TFEC",-0.0792998202003066,0,"cortex_late","down","enhancer",FALSE,1,-1.10606020771437,0.0808643859250289,"TFEC"
"MA0753.2","ZNF740",-0.163052992285915,0,"cortex_late","down","enhancer",FALSE,1,0.139775883695298,0.394174632977324,"ZNF740"
"MA1632.1","ATF2",-0.327528177441857,0,"cortex_late","down","enhancer",FALSE,1,-0.201970260032635,0.197676896877495,"ATF2"
"MA1643.1","NFIB",-0.191110333961712,0,"cortex_late","down","enhancer",FALSE,1,-0.78864004297513,0.0352126130323532,"NFIB"
"MA1644.1","NFYC",-0.0936171058129265,0,"cortex_late","down","enhancer",FALSE,1,-0.416390299476713,0.0290177312215247,"NFYC"
"MA1649.1","ZBTB12",-0.197393961138511,0,"cortex_late","down","enhancer",FALSE,1,-0.165819949824174,0.65610607587717,"ZBTB12"
"MA1653.1","ZNF148",-0.0810865467458282,0,"cortex_late","down","enhancer",FALSE,1,-0.294257073010334,0.100108373515859,"ZNF148"
"MA1654.1","ZNF16",-0.0912242932202778,0,"cortex_late","down","enhancer",FALSE,1,0.0387634777102375,0.847609484520504,"ZNF16"
"MA1655.1","ZNF341",-0.101268008672919,0,"cortex_late","down","enhancer",FALSE,1,-0.0610025176493343,0.788875146762828,"ZNF341"
"MA1656.1","ZNF449",-0.0648604051733059,0,"cortex_late","down","enhancer",FALSE,1,0.285826144046208,0.428945172737478,"ZNF449"
"MA0836.2","CEBPD",-0.0683232983997257,0,"cortex_late","down","enhancer",FALSE,1,1.43950959869681,0.00818065370086555,"CEBPD"
"MA0018.4","CREB1",-0.197467834511284,0,"cortex_late","down","enhancer",FALSE,1,0.000478529734493804,0.998525289873834,"CREB1"
"MA0471.2","E2F6",0.0153796411412124,0,"cortex_late","down","enhancer",FALSE,1,0.252686907750524,0.0670080767320751,"E2F6"
"MA0162.4","EGR1",-0.126459351254753,0,"cortex_late","down","enhancer",FALSE,1,0.998863709365167,0.185626555180147,"EGR1"
"MA0598.3","EHF",0.00861314303889671,0,"cortex_late","down","enhancer",FALSE,1,1.7461012905278,0.0048133053088007,"EHF"
"MA0473.3","ELF1",-0.0884717582487031,0,"cortex_late","down","enhancer",FALSE,1,0.191685550840803,0.226312422972223,"ELF1"
"MA0640.2","ELF3",-0.0301326984737802,0,"cortex_late","down","enhancer",FALSE,1,1.4025411904528,0.0105383275414171,"ELF3"
"MA0761.2","ETV1",-0.0548751316919134,0,"cortex_late","down","enhancer",FALSE,1,0.24093031494394,0.410147067585754,"ETV1"
"MA0764.2","ETV4",-0.0202525597290233,0,"cortex_late","down","enhancer",FALSE,1,2.73843382035105,0.0048133053088007,"ETV4"
"MA0765.2","ETV5",-0.19826925374295,0,"cortex_late","down","enhancer",FALSE,1,-0.606866492628611,0.282656919838024,"ETV5"
"MA1103.2","FOXK2",-0.0847449720525697,0,"cortex_late","down","enhancer",FALSE,1,-0.357340901255414,0.0441143315290918,"FOXK2"
"MA0481.3","FOXP1",-0.110068358907839,0,"cortex_late","down","enhancer",FALSE,1,0.0699817936924472,0.802846461320763,"FOXP1"
"MA0062.3","GABPA",-0.0959782690657569,0,"cortex_late","down","enhancer",FALSE,1,-0.258468075575812,0.0755623456947452,"GABPA"
"MA0482.2","GATA4",-0.116277989941925,0,"cortex_late","down","enhancer",FALSE,1,-0.410750694985459,0.745577611553976,"GATA4"
"MA1104.2","GATA6",-0.29862703431357,0,"cortex_late","down","enhancer",FALSE,1,1.17421609565501,0.0480342580794902,"GATA6"
"MA1105.2","GRHL2",-0.0952315485383499,0,"cortex_late","down","enhancer",FALSE,1,0.220827700424872,0.43048691597002,"GRHL2"
"MA0043.3","HLF",-0.14082358369803,0,"cortex_late","down","enhancer",FALSE,1,-1.21690059508046,0.0315260783749708,"HLF"
"MA0039.4","KLF4",-0.094921939894018,0,"cortex_late","down","enhancer",FALSE,1,1.15572960908638,0.00424104458279326,"KLF4"
"MA1107.2","KLF9",-0.224081544970428,0,"cortex_late","down","enhancer",FALSE,1,-0.127729319387472,0.82451556064693,"KLF9"
"MA0495.3","MAFF",0.012809976178275,0,"cortex_late","down","enhancer",FALSE,1,1.17456174518357,0.0298075747008926,"MAFF"
"MA0496.3","MAFK",0.00211507898139374,0,"cortex_late","down","enhancer",FALSE,1,-0.0601619570222027,0.821042255672422,"MAFK"
"MA1108.2","MXI1",-0.153023832048887,0,"cortex_late","down","enhancer",FALSE,1,-0.832187315762122,0.0377797473826803,"MXI1"
"MA0679.2","ONECUT1",-0.286385759243855,0,"cortex_late","down","enhancer",FALSE,1,-0.285540496962716,0.813978789470793,"ONECUT1"
"MA0508.3","PRDM1",-0.0658981719767784,0,"cortex_late","down","enhancer",FALSE,1,0.851179183317446,0.11255443089842,"PRDM1"
"MA0798.2","RFX3",0.0326250752921524,0,"cortex_late","down","enhancer",FALSE,1,-0.356691603199618,0.0899010567698811,"RFX3"
"MA0684.2","RUNX3",0.0119429806962934,0,"cortex_late","down","enhancer",FALSE,1,2.5761526862532,0.0252387266932937,"RUNX3"
"MA0090.3","TEAD1",-0.0619493309970025,0,"cortex_late","down","enhancer",FALSE,1,0.0381833387699846,0.926750044230752,"TEAD1"
"MA0809.2","TEAD4",-0.0919807154092824,0,"cortex_late","down","enhancer",FALSE,1,0.944874047266597,0.0141629003102845,"TEAD4"
"MA0003.4","TFAP2A",-0.0922411324925996,0,"cortex_late","down","enhancer",FALSE,1,0.161479603809617,0.564933534231485,"TFAP2A"
"MA1123.2","TWIST1",-0.0750974106418489,0,"cortex_late","down","enhancer",FALSE,1,-0.808801436352871,0.0643043973481276,"TWIST1"
"MA0526.3","USF2",-0.0406137234701296,0,"cortex_late","down","enhancer",FALSE,1,-0.274483328298539,0.0545038892916571,"USF2"
"MA0528.2","ZNF263",0.00454642071236222,0,"cortex_late","down","enhancer",FALSE,1,0.2937852410379,0.16199347824644,"ZNF263"
"MA0609.2","CREM",0.028224688270102,0,"cortex_late","down","enhancer",FALSE,1,0.65318684211956,0.0228793258643145,"CREM"
"MA0517.1","STAT1::STAT2",0.510492900795323,0.325269452970902,"cortex_late","up","promoter",FALSE,0.472857788803713,0.598592267430019,0.0910113247364219,"STAT1"
"MA0050.2","IRF1",0.548018538559085,0.325269452970902,"cortex_late","up","promoter",FALSE,0.472857788803713,1.37450664870334,0.0370088681403073,"IRF1"
"MA0147.3","MYC",0.358137586519249,0.325269452970902,"cortex_late","up","promoter",FALSE,0.472857788803713,1.59369877514418,0.00392039588194372,"MYC"
"MA1110.1","NR1H4",0.628759248522269,0.325269452970902,"cortex_late","up","promoter",FALSE,0.472857788803713,-1.46432152794742,0.0290160332017628,"NR1H4"
"MA0476.1","FOS",0.591079865981831,0.271347641042972,"cortex_late","up","promoter",FALSE,0.535367938322879,0.0826020248799741,0.94439835226923,"FOS"
"MA0660.1","MEF2B",0.671601964231656,0.271347641042972,"cortex_late","up","promoter",FALSE,0.535367938322879,0.475476739336793,0.483055531105224,"MEF2B"
"MA0773.1","MEF2D",0.740027074649684,0.271347641042972,"cortex_late","up","promoter",FALSE,0.535367938322879,0.26828937147201,0.134957820351708,"MEF2D"
"MA0895.1","HMBOX1",0.696048738886001,0.271347641042972,"cortex_late","up","promoter",FALSE,0.535367938322879,-0.238052557641045,0.273346129517088,"HMBOX1"
"MA0104.4","MYCN",0.332030853223648,0.271347641042972,"cortex_late","up","promoter",FALSE,0.535367938322879,-0.281144547923944,0.378093464677391,"MYCN"
"MA1135.1","FOSB::JUNB",0.61016304527999,0.271347641042972,"cortex_late","up","promoter",FALSE,0.535367938322879,0.97627375341033,0.0583353553944371,"JUNB"
"MA1138.1","FOSL2::JUNB",0.586213977181878,0.271347641042972,"cortex_late","up","promoter",FALSE,0.535367938322879,1.02982069670662,0.00558578197927428,"FOSL2"
"MA1418.1","IRF3",0.721677087645325,0.271347641042972,"cortex_late","up","promoter",FALSE,0.535367938322879,0.306682115366221,0.244257623646754,"IRF3"
"MA0761.2","ETV1",0.266481615969636,0.271347641042972,"cortex_late","up","promoter",FALSE,0.535367938322879,0.24093031494394,0.410147067585754,"ETV1"
"MA1106.1","HIF1A",0.309706470032554,0.267173873907236,"cortex_late","up","promoter",FALSE,0.540537870165494,1.17233151724341,0.00295747396639751,"HIF1A"
"MA0771.1","HSF4",0.458000375679807,0.254444916318765,"cortex_late","up","promoter",FALSE,0.556615227997632,1.02207314332088,0.0470963824090366,"HSF4"
"MA0825.1","MNT",0.364613345208432,0.254444916318765,"cortex_late","up","promoter",FALSE,0.556615227997632,0.302906271941735,0.167213638976676,"MNT"
"MA0137.3","STAT1",0.405255880332583,0.218579248246075,"cortex_late","up","promoter",FALSE,0.604534028430796,0.598592267430019,0.0910113247364219,"STAT1"
"MA0637.1","CENPB",0.3868891962134,0.218579248246075,"cortex_late","up","promoter",FALSE,0.604534028430796,0.244494560013124,0.149536134045034,"CENPB"
"MA1508.1","IKZF1",0.240708167154152,0.218579248246075,"cortex_late","up","promoter",FALSE,0.604534028430796,2.22001107295305,0.0363179818447436,"IKZF1"
"MA0764.2","ETV4",0.147190460140715,0.218579248246075,"cortex_late","up","promoter",FALSE,0.604534028430796,2.73843382035105,0.0048133053088007,"ETV4"
"MA0051.1","IRF2",0.450415720635423,0.214627797486354,"cortex_late","up","promoter",FALSE,0.610059511318899,0.0769699881575958,0.530864052179819,"IRF2"
"MA0059.1","MAX::MYC",0.343308341699475,0.214627797486354,"cortex_late","up","promoter",FALSE,0.610059511318899,1.59369877514418,0.00392039588194372,"MYC"
"MA0595.1","SREBF1",0.297985498787741,0.214627797486354,"cortex_late","up","promoter",FALSE,0.610059511318899,0.353557944511778,0.652599098818975,"SREBF1"
"MA0099.3","FOS::JUN",0.455374658234673,0.214627797486354,"cortex_late","up","promoter",FALSE,0.610059511318899,0.236695319839362,0.485227546006482,"JUN"
"MA1139.1","FOSL2::JUNB(var.2)",0.550336944405657,0.214627797486354,"cortex_late","up","promoter",FALSE,0.610059511318899,1.02982069670662,0.00558578197927428,"FOSL2"
"MA1144.1","FOSL2::JUND",0.454192487049016,0.214627797486354,"cortex_late","up","promoter",FALSE,0.610059511318899,1.02982069670662,0.00558578197927428,"FOSL2"
"MA1146.1","NR1H4::RXRA",0.370610798800524,0.214627797486354,"cortex_late","up","promoter",FALSE,0.610059511318899,-1.46432152794742,0.0290160332017628,"NR1H4"
"MA1534.1","NR1I3",0.396559938540308,0.214367252857807,"cortex_late","up","promoter",FALSE,0.610425611795376,-2.72002979511977,0.0233570160399139,"NR1I3"
"MA0652.1","IRF8",0.556786566642505,0.167862445310102,"cortex_late","up","promoter",FALSE,0.67941879179201,1.98982572735061,0.0318355265937455,"IRF8"
"MA0058.3","MAX",0.306954249261632,0.167862445310102,"cortex_late","up","promoter",FALSE,0.67941879179201,0.294662800734311,0.0799634345403793,"MAX"
"MA0732.1","EGR3",0.188960923771933,0.158464028116445,"cortex_late","up","promoter",FALSE,0.694282105554994,2.19171628325849,0.0195990315066758,"EGR3"
"MA0823.1","HEY1",0.249245359238989,0.144932228849545,"cortex_late","up","promoter",FALSE,0.716255172281836,0.125806628875297,0.725730410472569,"HEY1"
"MA0477.2","FOSL1",0.445550407249522,0.142300373590834,"cortex_late","up","promoter",FALSE,0.720608907903577,2.1164680327118,0.0197929391485239,"FOSL1"
"MA0655.1","JDP2",0.516466389921714,0.135868199295333,"cortex_late","up","promoter",FALSE,0.73136100495466,0.958148104186466,0.0281604421995401,"JDP2"
"MA1464.1","ARNT2",0.317700592775752,0.135868199295333,"cortex_late","up","promoter",FALSE,0.73136100495466,-0.22817613742687,0.482093876246079,"ARNT2"
"MA1522.1","MAZ",0.0768423544458461,0.135868199295333,"cortex_late","up","promoter",FALSE,0.73136100495466,0.0552141297775917,0.804694482654362,"MAZ"
"MA1134.1","FOS::JUNB",0.418666842541501,0.13564310878814,"cortex_late","up","promoter",FALSE,0.73174016033162,0.97627375341033,0.0583353553944371,"JUNB"
"MA1420.1","IRF5",0.373240585588803,0.125535210381284,"cortex_late","up","promoter",FALSE,0.748970633330649,1.54725426674744,0.0552467572711978,"IRF5"
"MA0018.4","CREB1",0.383029615024999,0.125535210381284,"cortex_late","up","promoter",FALSE,0.748970633330649,0.000478529734493804,0.998525289873834,"CREB1"
"MA0464.2","BHLHE40",0.346409692778178,0.121984627178127,"cortex_late","up","promoter",FALSE,0.755118956312109,0.329607409803677,0.317642356491303,"BHLHE40"
"MA0490.2","JUNB",0.431541097092638,0.121984627178127,"cortex_late","up","promoter",FALSE,0.755118956312109,0.97627375341033,0.0583353553944371,"JUNB"
"MA0070.1","PBX1",0.411084387763853,0.108230730708679,"cortex_late","up","promoter",FALSE,0.779415914687333,0.044904694999107,0.873847514856928,"PBX1"
"MA0513.1","SMAD2::SMAD3::SMAD4",0.163454257525031,0.108230730708679,"cortex_late","up","promoter",FALSE,0.779415914687333,0.0977475311134839,0.455184595489929,"SMAD2"
"MA0144.2","STAT3",0.198907043987961,0.108230730708679,"cortex_late","up","promoter",FALSE,0.779415914687333,1.00273246640633,0.00295747396639751,"STAT3"
"MA0596.1","SREBF2",0.229186873510502,0.108230730708679,"cortex_late","up","promoter",FALSE,0.779415914687333,0.10911546278969,0.718462078218655,"SREBF2"
"MA0653.1","IRF9",0.453154616819242,0.108230730708679,"cortex_late","up","promoter",FALSE,0.779415914687333,1.00680066430244,0.0230294800587811,"IRF9"
"MA0666.1","MSX1",0.409847558368582,0.108230730708679,"cortex_late","up","promoter",FALSE,0.779415914687333,0.0921852394115059,0.836693600199941,"MSX1"
"MA0737.1","GLIS3",0.337598574411087,0.108230730708679,"cortex_late","up","promoter",FALSE,0.779415914687333,0.259106835857718,0.355310672553884,"GLIS3"
"MA0738.1","HIC2",0.141434744863607,0.108230730708679,"cortex_late","up","promoter",FALSE,0.779415914687333,0.192753386460157,0.320216921626423,"HIC2"
"MA0741.1","KLF16",0.056341851665584,0.108230730708679,"cortex_late","up","promoter",FALSE,0.779415914687333,0.614789041339658,0.0460520770974238,"KLF16"
"MA0772.1","IRF7",0.351736554272952,0.108230730708679,"cortex_late","up","promoter",FALSE,0.779415914687333,0.752973032019716,0.13441786267678,"IRF7"
"MA0777.1","MYBL2",0.411506362053646,0.108230730708679,"cortex_late","up","promoter",FALSE,0.779415914687333,2.55780018493884,0.0197929391485239,"MYBL2"
"MA0889.1","GBX1",0.358467952468278,0.108230730708679,"cortex_late","up","promoter",FALSE,0.779415914687333,-0.0916107771471888,0.897775383748752,"GBX1"
"MA0750.2","ZBTB7A",0.0941785711536021,0.108230730708679,"cortex_late","up","promoter",FALSE,0.779415914687333,0.241835027961858,0.0636969423654887,"ZBTB7A"
"MA1124.1","ZNF24",0.371454797040088,0.108230730708679,"cortex_late","up","promoter",FALSE,0.779415914687333,-0.104250266953811,0.509591246816461,"ZNF24"
"MA1127.1","FOSB::JUN",0.371373571445972,0.108230730708679,"cortex_late","up","promoter",FALSE,0.779415914687333,0.236695319839362,0.485227546006482,"JUN"
"MA1128.1","FOSL1::JUN",0.31328452594949,0.108230730708679,"cortex_late","up","promoter",FALSE,0.779415914687333,2.1164680327118,0.0197929391485239,"FOSL1"
"MA1131.1","FOSL2::JUN(var.2)",0.377816546513163,0.108230730708679,"cortex_late","up","promoter",FALSE,0.779415914687333,1.02982069670662,0.00558578197927428,"FOSL2"
"MA1137.1","FOSL1::JUNB",0.356648134848148,0.108230730708679,"cortex_late","up","promoter",FALSE,0.779415914687333,2.1164680327118,0.0197929391485239,"FOSL1"
"MA1145.1","FOSL2::JUND(var.2)",0.378724338308353,0.108230730708679,"cortex_late","up","promoter",FALSE,0.779415914687333,1.02982069670662,0.00558578197927428,"FOSL2"
"MA1147.1","NR4A2::RXRA",0.272982549905261,0.108230730708679,"cortex_late","up","promoter",FALSE,0.779415914687333,-0.356143623481072,0.0459711949172875,"RXRA"
"MA0831.2","TFE3",0.212121835293515,0.108230730708679,"cortex_late","up","promoter",FALSE,0.779415914687333,0.00229924612834509,0.987493810891898,"TFE3"
"MA1419.1","IRF4",0.454339892443832,0.108230730708679,"cortex_late","up","promoter",FALSE,0.779415914687333,2.16513839358483,0.0529157472414669,"IRF4"
"MA1487.1","FOXE1",0.402238902124823,0.108230730708679,"cortex_late","up","promoter",FALSE,0.779415914687333,0.251220572646225,0.866414771816428,"FOXE1"
"MA1532.1","NR1D2",0.227200684706567,0.108230730708679,"cortex_late","up","promoter",FALSE,0.779415914687333,-0.672368379452131,0.0272825130609225,"NR1D2"
"MA0612.2","EMX1",0.360020285201028,0.108230730708679,"cortex_late","up","promoter",FALSE,0.779415914687333,-1.49309266393426,0.0183496692121575,"EMX1"
"MA1653.1","ZNF148",0.0399615079851792,0.108230730708679,"cortex_late","up","promoter",FALSE,0.779415914687333,-0.294257073010334,0.100108373515859,"ZNF148"
"MA0598.3","EHF",0.172430598301593,0.108230730708679,"cortex_late","up","promoter",FALSE,0.779415914687333,1.7461012905278,0.0048133053088007,"EHF"
"MA0640.2","ELF3",0.121401793450776,0.108230730708679,"cortex_late","up","promoter",FALSE,0.779415914687333,1.4025411904528,0.0105383275414171,"ELF3"
"MA0062.3","GABPA",0.168181833675781,0.108230730708679,"cortex_late","up","promoter",FALSE,0.779415914687333,-0.258468075575812,0.0755623456947452,"GABPA"
"MA0491.2","JUND",0.330604310787471,0.108230730708679,"cortex_late","up","promoter",FALSE,0.779415914687333,0.161363286064925,0.46617504459736,"JUND"
"MA0039.4","KLF4",0.0422321865402875,0.108230730708679,"cortex_late","up","promoter",FALSE,0.779415914687333,1.15572960908638,0.00424104458279326,"KLF4"
"MA0080.5","SPI1",0.195988276303749,0.108230730708679,"cortex_late","up","promoter",FALSE,0.779415914687333,2.05561331810846,0.0321178422322815,"SPI1"
"MA1123.2","TWIST1",0.256785906571992,0.108230730708679,"cortex_late","up","promoter",FALSE,0.779415914687333,-0.808801436352871,0.0643043973481276,"TWIST1"
"MA0071.1","RORA",0.247134629542924,0.106273917746416,"cortex_late","up","promoter",FALSE,0.78293567466223,-0.361064425540366,0.419005831013643,"RORA"
"MA0835.2","BATF3",0.310857644385672,0.100171300319509,"cortex_late","up","promoter",FALSE,0.794014986790972,0.832332179940709,0.273401447395069,"BATF3"
"MA0463.2","BCL6",0.31454989567533,0.0988936299949908,"cortex_late","up","promoter",FALSE,0.796354374414974,0.283343608553714,0.355195974619481,"BCL6"
"MA0259.1","ARNT::HIF1A",0.122124896418275,0.0980240252892368,"cortex_late","up","promoter",FALSE,0.797950543205185,1.17233151724341,0.00295747396639751,"HIF1A"
"MA0684.2","RUNX3",0.215717309330069,0.0980240252892368,"cortex_late","up","promoter",FALSE,0.797950543205185,2.5761526862532,0.0252387266932937,"RUNX3"
"MA0139.1","CTCF",0.140940891442003,0.0977592051320842,"cortex_late","up","promoter",FALSE,0.798437258640308,-0.183644533598926,0.176418526527996,"CTCF"
"MA0651.1","HOXC11",0.353882643679647,0.0977592051320842,"cortex_late","up","promoter",FALSE,0.798437258640308,1.18287987898072,0.0867610517090843,"HOXC11"
"MA0663.1","MLX",0.306849445569895,0.0977592051320842,"cortex_late","up","promoter",FALSE,0.798437258640308,-0.227446554663818,0.117099486189445,"MLX"
"MA0819.1","CLOCK",0.279088247194828,0.0977592051320842,"cortex_late","up","promoter",FALSE,0.798437258640308,-0.317821511012725,0.277758135839614,"CLOCK"
"MA1151.1","RORC",0.288658398630561,0.0977592051320842,"cortex_late","up","promoter",FALSE,0.798437258640308,-1.11452511687552,0.0489929491937334,"RORC"
"MA1493.1","HES6",0.246130253242677,0.0977592051320842,"cortex_late","up","promoter",FALSE,0.798437258640308,0.116164636784573,0.712028543813991,"HES6"
"MA1531.1","NR1D1",0.294026673318194,0.0977592051320842,"cortex_late","up","promoter",FALSE,0.798437258640308,-0.945179172807376,0.0245984270450917,"NR1D1"
"MA1600.1","ZNF684",0.292029062728258,0.0977592051320842,"cortex_late","up","promoter",FALSE,0.798437258640308,0.253799891779798,0.352824517271512,"ZNF684"
"MA0632.2","TCFL5",0.080532213234191,0.0977592051320842,"cortex_late","up","promoter",FALSE,0.798437258640308,-0.21501536313166,0.352195333636826,"TCFL5"
"MA1647.1","PRDM4",0.204710846506175,0.0977592051320842,"cortex_late","up","promoter",FALSE,0.798437258640308,0.049734502285621,0.795163439674236,"PRDM4"
"MA0154.4","EBF1",0.108957084131609,0.0977592051320842,"cortex_late","up","promoter",FALSE,0.798437258640308,0.0705077451459912,0.869678746385901,"EBF1"
"MA0052.4","MEF2A",0.296438916476567,0.0977592051320842,"cortex_late","up","promoter",FALSE,0.798437258640308,0.261467378772239,0.0935067954043533,"MEF2A"
"MA0081.2","SPIB",0.140397101836195,0.0977592051320842,"cortex_late","up","promoter",FALSE,0.798437258640308,4.04204885146729,0.0173837458248364,"SPIB"
"MA0664.1","MLXIPL",0.260254142447648,0.0907606265697292,"cortex_late","up","promoter",FALSE,0.811408164704515,0.117551510151253,0.856432606821586,"MLXIPL"
"MA1634.1","BATF",0.27676918663075,0.0907606265697292,"cortex_late","up","promoter",FALSE,0.811408164704515,1.49634347459398,0.0532488931682245,"BATF"
"MA0473.3","ELF1",0.115287418737231,0.0907606265697292,"cortex_late","up","promoter",FALSE,0.811408164704515,0.191685550840803,0.226312422972223,"ELF1"
"MA0649.1","HEY2",0.140894835873151,0.0853913647249892,"cortex_late","up","promoter",FALSE,0.821502019264792,-0.41384132428043,0.438115949231322,"HEY2"
"MA0788.1","POU3F3",0.317889945058828,0.0853913647249892,"cortex_late","up","promoter",FALSE,0.821502019264792,0.0267319308019465,0.960186182081946,"POU3F3"
"MA1130.1","FOSL2::JUN",0.241326273177211,0.0853913647249892,"cortex_late","up","promoter",FALSE,0.821502019264792,1.02982069670662,0.00558578197927428,"FOSL2"
"MA1133.1","JUN::JUNB(var.2)",0.268839764870211,0.0853913647249892,"cortex_late","up","promoter",FALSE,0.821502019264792,0.236695319839362,0.485227546006482,"JUN"
"MA0693.2","VDR",0.195985721004743,0.0853913647249892,"cortex_late","up","promoter",FALSE,0.821502019264792,0.33930558321493,0.454946258345994,"VDR"
"MA1523.1","MSANTD3",0.105652628599651,0.0853913647249892,"cortex_late","up","promoter",FALSE,0.821502019264792,-0.295304696191521,0.269507575088981,"MSANTD3"
"MA1573.1","THAP11",0.286099823944561,0.0853913647249892,"cortex_late","up","promoter",FALSE,0.821502019264792,-0.132877282302207,0.459232745580027,"THAP11"
"MA0605.2","ATF3",0.336847324454255,0.0853913647249892,"cortex_late","up","promoter",FALSE,0.821502019264792,1.21875432597113,0.0351582015682901,"ATF3"
"MA1650.1","ZBTB14",0.0425956622809256,0.0853913647249892,"cortex_late","up","promoter",FALSE,0.821502019264792,-0.153229288156395,0.307659738514577,"ZBTB14"
"MA0609.2","CREM",0.266123086526003,0.0853913647249892,"cortex_late","up","promoter",FALSE,0.821502019264792,0.65318684211956,0.0228793258643145,"CREM"
"MA1652.1","ZKSCAN5",0.0787641441536593,0.0807383435581009,"cortex_late","up","promoter",FALSE,0.830350891812538,-0.0995247601219065,0.536894319684349,"ZKSCAN5"
"MA1129.1","FOSL1::JUN(var.2)",0.286011291327547,0.0801410476988411,"cortex_late","up","promoter",FALSE,0.831493679444023,2.1164680327118,0.0197929391485239,"FOSL1"
"MA0838.1","CEBPG",0.311564524554905,0.0739418353176921,"cortex_late","up","promoter",FALSE,0.843447712418827,0.305243126722244,0.059907451629457,"CEBPG"
"MA1503.1","HOXB9",0.301203052510826,0.0739418353176921,"cortex_late","up","promoter",FALSE,0.843447712418827,0.136860467316353,0.80518557440877,"HOXB9"
"MA0904.2","HOXB5",0.296108881209527,0.0718321676564375,"cortex_late","up","promoter",FALSE,0.847554886965759,-0.0301866597437899,0.94624728521372,"HOXB5"
"MA0782.2","PKNOX1",0.173409419123867,0.0702716133868982,"cortex_late","up","promoter",FALSE,0.850605891886134,0.0369953847640083,0.837905544200498,"PKNOX1"
"MA0152.1","NFATC2",0.144442402882884,0.063995698225943,"cortex_late","up","promoter",FALSE,0.862987095785122,0.429360097778478,0.301594692263252,"NFATC2"
"MA0886.1","EMX2",0.280206853155833,0.063995698225943,"cortex_late","up","promoter",FALSE,0.862987095785122,0.0038008380035679,0.991342081718615,"EMX2"
"MA0038.2","GFI1",0.257609464504717,0.0635553744795165,"cortex_late","up","promoter",FALSE,0.863862507347223,2.37718264921134,0.0251792297685187,"GFI1"
"MA1142.1","FOSL1::JUND",0.23288318457764,0.0560372427005576,"cortex_late","up","promoter",FALSE,0.87894713993778,2.1164680327118,0.0197929391485239,"FOSL1"
"MA1511.1","KLF10",0.0522004585679845,0.0560372427005576,"cortex_late","up","promoter",FALSE,0.87894713993778,1.16421515487143,0.00698531122215053,"KLF10"
"MA0462.2","BATF::JUN",0.229530573545082,0.0560372427005576,"cortex_late","up","promoter",FALSE,0.87894713993778,1.49634347459398,0.0532488931682245,"BATF"
"MA0497.1","MEF2C",0.23396418415243,0.0552132651119892,"cortex_late","up","promoter",FALSE,0.880616330418824,0.319385298715242,0.442916752514626,"MEF2C"
"MA0692.1","TFEB",0.175885150157553,0.0552132651119892,"cortex_late","up","promoter",FALSE,0.880616330418824,0.552400990362843,0.0597696900809219,"TFEB"
"MA0695.1","ZBTB7C",0.0626174224865146,0.0544681680801253,"cortex_late","up","promoter",FALSE,0.882128455993583,1.02238151801267,0.0852264536097198,"ZBTB7C"
"MA1592.1","ZNF274",0.231381194129173,0.0477955814880935,"cortex_late","up","promoter",FALSE,0.895786304902405,0.386631308249538,0.159072619765945,"ZNF274"
"MA1108.2","MXI1",0.137762884751936,0.0471437815840093,"cortex_late","up","promoter",FALSE,0.897131732526015,-0.832187315762122,0.0377797473826803,"MXI1"
"MA1101.2","BACH2",0.248175714795449,0.0469265756138032,"cortex_late","up","promoter",FALSE,0.897580531931442,0.871316276844716,0.156855941522764,"BACH2"
"MA0030.1","FOXF2",0.215417959660199,0.0466300398110325,"cortex_late","up","promoter",FALSE,0.898193608228457,1.98410999755597,0.0197489798867888,"FOXF2"
"MA0523.1","TCF7L2",0.175239601236634,0.0466300398110325,"cortex_late","up","promoter",FALSE,0.898193608228457,0.0108251517279818,0.952896055846399,"TCF7L2"
"MA1136.1","FOSB::JUNB(var.2)",0.226618494618996,0.0466300398110325,"cortex_late","up","promoter",FALSE,0.898193608228457,-0.161525958582189,0.898038142465522,"FOSB"
"MA1516.1","KLF3",0.0538599790085303,0.0466300398110325,"cortex_late","up","promoter",FALSE,0.898193608228457,0.272535579530264,0.121673824398283,"KLF3"
"MA1542.1","OSR1",0.141226650190849,0.0466300398110325,"cortex_late","up","promoter",FALSE,0.898193608228457,-0.291012330687884,0.589932180713017,"OSR1"
"MA1557.1","SMAD5",0.223059003245431,0.0466300398110325,"cortex_late","up","promoter",FALSE,0.898193608228457,-0.150942801064471,0.510765020740912,"SMAD5"
"MA1593.1","ZNF317",0.145918958115858,0.0466300398110325,"cortex_late","up","promoter",FALSE,0.898193608228457,0.193400861198292,0.0929874116877458,"ZNF317"
"MA1099.2","HES1",0.056073539925281,0.0466300398110325,"cortex_late","up","promoter",FALSE,0.898193608228457,0.330834904257453,0.233765201687004,"HES1"
"MA0043.3","HLF",0.25880967552175,0.0466300398110325,"cortex_late","up","promoter",FALSE,0.898193608228457,-1.21690059508046,0.0315260783749708,"HLF"
"MA0478.1","FOSL2",0.188680487020633,0.0444074756958525,"cortex_late","up","promoter",FALSE,0.902802024516817,1.02982069670662,0.00558578197927428,"FOSL2"
"MA0808.1","TEAD3",0.143296686950256,0.0433175246051254,"cortex_late","up","promoter",FALSE,0.905070636975779,0.519955641633381,0.00793978426049497,"TEAD3"
"MA0698.1","ZBTB18",0.168626952188546,0.0416316877628415,"cortex_late","up","promoter",FALSE,0.908590752332555,0.0380823135827346,0.839625595030169,"ZBTB18"
"MA0729.1","RARA",0.169925001442312,0.0415801320368267,"cortex_late","up","promoter",FALSE,0.908698618857119,0.136091981256486,0.611362538640729,"RARA"
"MA0731.1","BCL6B",0.169925001442312,0.0415801320368267,"cortex_late","up","promoter",FALSE,0.908698618857119,-0.153584767393532,0.715590431726879,"BCL6B"
"MA0766.2","GATA5",0.178195509359794,0.0415801320368267,"cortex_late","up","promoter",FALSE,0.908698618857119,-0.878781227047609,0.0858825420852299,"GATA5"
"MA1656.1","ZNF449",0.0699252988598547,0.0415801320368267,"cortex_late","up","promoter",FALSE,0.908698618857119,0.285826144046208,0.428945172737478,"ZNF449"
"MA0527.1","ZBTB33",0.0796307514465049,0.0388980970549189,"cortex_late","up","promoter",FALSE,0.914327754351821,0.148073753025283,0.570015727192949,"ZBTB33"
"MA0685.1","SP4",0.112426905638092,0.0388980970549189,"cortex_late","up","promoter",FALSE,0.914327754351821,0.00332818992910378,0.992051407147016,"SP4"
"MA0036.3","GATA2",0.189493341093798,0.0388980970549189,"cortex_late","up","promoter",FALSE,0.914327754351821,-0.90892281750524,0.0275316731499419,"GATA2"
"MA1632.1","ATF2",0.198869085002131,0.0388980970549189,"cortex_late","up","promoter",FALSE,0.914327754351821,-0.201970260032635,0.197676896877495,"ATF2"
"MA0506.1","NRF1",0.0337267691801948,0.0331880492004916,"cortex_late","up","promoter",FALSE,0.926428593600139,0.149732550000495,0.457806901564603,"NRF1"
"MA0694.1","ZBTB7B",0.0583215930199721,0.0331880492004916,"cortex_late","up","promoter",FALSE,0.926428593600139,0.165373367359041,0.670951147825431,"ZBTB7B"
"MA0716.1","PRRX1",0.178399156169775,0.0331880492004916,"cortex_late","up","promoter",FALSE,0.926428593600139,0.886736416470465,0.0540634204856211,"PRRX1"
"MA0899.1","HOXA10",0.185879289785259,0.0331880492004916,"cortex_late","up","promoter",FALSE,0.926428593600139,-0.31035266242151,0.0504512039170657,"HOXA10"
"MA1533.1","NR1I2",0.0993075880043595,0.0331880492004916,"cortex_late","up","promoter",FALSE,0.926428593600139,-1.24596288724903,0.161301204909157,"NR1I2"
"MA1579.1","ZBTB26",0.0835127840075289,0.0331880492004916,"cortex_late","up","promoter",FALSE,0.926428593600139,-0.340993936341768,0.217014701723913,"ZBTB26"
"MA0902.2","HOXB2",0.177914562346179,0.0331880492004916,"cortex_late","up","promoter",FALSE,0.926428593600139,0.163351086883023,0.6445039888255,"HOXB2"
"MA1644.1","NFYC",0.153376963105591,0.0331880492004916,"cortex_late","up","promoter",FALSE,0.926428593600139,-0.416390299476713,0.0290177312215247,"NFYC"
"MA1507.1","HOXD4",0.161182792810028,0.0329895956444612,"cortex_late","up","promoter",FALSE,0.926852027627661,-0.266282647236639,0.255639507718774,"HOXD4"
"MA0485.2","HOXC9",0.200917524873041,0.0329895956444612,"cortex_late","up","promoter",FALSE,0.926852027627661,-0.00667709431821262,0.982467088460032,"HOXC9"
"MA1561.1","SOX12",0.163772669672181,0.0320551658353336,"cortex_late","up","promoter",FALSE,0.928848393219845,-0.388855539379585,0.1786866707416,"SOX12"
"MA0031.1","FOXD1",0.179477411083319,0.0236594030790935,"cortex_late","up","promoter",FALSE,0.946979542139256,0.726255394271936,0.122268093286634,"FOXD1"
"MA0785.1","POU2F1",0.167153489388592,0.0168009512568967,"cortex_late","up","promoter",FALSE,0.962053111950921,0.232651432584781,0.408626010330785,"POU2F1"
"MA0818.1","BHLHE22",0.216248347059677,0.0168009512568967,"cortex_late","up","promoter",FALSE,0.962053111950921,2.62570340289903,0.0175362268964315,"BHLHE22"
"MA0466.2","CEBPB",0.176831105644334,0.0168009512568967,"cortex_late","up","promoter",FALSE,0.962053111950921,1.552748679055,0.0048133053088007,"CEBPB"
"MA1471.1","BARX2",0.176345881345363,0.0168009512568967,"cortex_late","up","promoter",FALSE,0.962053111950921,1.36449236868885,0.0767377576887523,"BARX2"
"MA1547.1","PITX2",0.124125253398457,0.0168009512568967,"cortex_late","up","promoter",FALSE,0.962053111950921,-0.899741747024079,0.106824570811437,"PITX2"
"MA0912.2","HOXD3",0.176209853329476,0.0168009512568967,"cortex_late","up","promoter",FALSE,0.962053111950921,-0.169441925491237,0.532558320585433,"HOXD3"
"MA1649.1","ZBTB12",0.0949082598247495,0.0168009512568967,"cortex_late","up","promoter",FALSE,0.962053111950921,-0.165819949824174,0.65610607587717,"ZBTB12"
"MA0658.1","LHX6",0.16776214744693,0.0117715295430098,"cortex_late","up","promoter",FALSE,0.973259094133407,0.81819553473454,0.0732583453269849,"LHX6"
"MA0811.1","TFAP2B",0.0272661181912852,0.0117715295430098,"cortex_late","up","promoter",FALSE,0.973259094133407,-0.237084005016227,0.551875099791801,"TFAP2B"
"MA1141.1","FOS::JUND",0.130932936323318,0.0117715295430098,"cortex_late","up","promoter",FALSE,0.973259094133407,0.161363286064925,0.46617504459736,"JUND"
"MA1525.1","NFATC4",0.084995520814493,0.0117715295430098,"cortex_late","up","promoter",FALSE,0.973259094133407,0.977455149495591,0.0761228361587083,"NFATC4"
"MA0482.2","GATA4",0.117823888678264,0.00812425175345495,"cortex_late","up","promoter",FALSE,0.981467104878342,-0.410750694985459,0.745577611553976,"GATA4"
"MA0101.1","REL",0.0528081815931429,0.00630262219055147,"cortex_late","up","promoter",FALSE,0.985592472311769,0.585671084063824,0.216511329152222,"REL"
"MA0599.1","KLF5",0.0135921922929061,0.00630262219055147,"cortex_late","up","promoter",FALSE,0.985592472311769,0.709010793474663,0.0834348020920189,"KLF5"
"MA0628.1","POU6F1",0.169213109623877,0.00630262219055147,"cortex_late","up","promoter",FALSE,0.985592472311769,0.352992935457504,0.19047816655053,"POU6F1"
"MA0131.2","HINFP",0.0314468053716617,0.00630262219055147,"cortex_late","up","promoter",FALSE,0.985592472311769,-0.0795704979626128,0.704311439553746,"HINFP"
"MA0736.1","GLIS2",0.0468793449401259,0.00630262219055147,"cortex_late","up","promoter",FALSE,0.985592472311769,-0.470328235111768,0.0596788654152836,"GLIS2"
"MA1121.1","TEAD2",0.0801180624512492,0.00630262219055147,"cortex_late","up","promoter",FALSE,0.985592472311769,0.378590154167507,0.205640859642847,"TEAD2"
"MA0037.3","GATA3",0.10373141688525,0.00630262219055147,"cortex_late","up","promoter",FALSE,0.985592472311769,-0.0158012693355865,0.960281563501289,"GATA3"
"MA1501.1","HOXB7",0.124134448343932,0.00630262219055147,"cortex_late","up","promoter",FALSE,0.985592472311769,0.0354460013085491,0.923104840635492,"HOXB7"
"MA1578.1","VEZF1",0.022992239898203,0.00630262219055147,"cortex_late","up","promoter",FALSE,0.985592472311769,0.132918528911464,0.407446032676259,"VEZF1"
"MA0913.2","HOXD9",0.123847374413368,0.00630262219055147,"cortex_late","up","promoter",FALSE,0.985592472311769,-0.230427773357123,0.408626010330785,"HOXD9"
"MA0867.2","SOX4",0.057012189562613,0.00630262219055147,"cortex_late","up","promoter",FALSE,0.985592472311769,0.304878863647484,0.549826892992682,"SOX4"
"MA0871.2","TFEC",0.0987036265058103,0.00630262219055147,"cortex_late","up","promoter",FALSE,0.985592472311769,-1.10606020771437,0.0808643859250289,"TFEC"
"MA1104.2","GATA6",0.125899688932162,0.00630262219055147,"cortex_late","up","promoter",FALSE,0.985592472311769,1.17421609565501,0.0480342580794902,"GATA6"
"MA0735.1","GLIS1",0.129018178295691,0.00521282845464374,"cortex_late","up","promoter",FALSE,0.988068767333644,-0.807695223737678,0.0715965761555925,"GLIS1"
"MA0905.1","HOXC10",0.1400704989649,0.00521282845464374,"cortex_late","up","promoter",FALSE,0.988068767333644,0.0572927181076617,0.844097336474233,"HOXC10"
"MA0469.3","E2F3",0.129746739172443,0.00521282845464374,"cortex_late","up","promoter",FALSE,0.988068767333644,0.094022181741158,0.778202464342113,"E2F3"
"MA0066.1","PPARG",-0.20584679141455,0,"cortex_late","up","promoter",FALSE,1,-0.0225518749768592,0.960035379799859,"PPARG"
"MA0073.1","RREB1",0.0234109463443968,0,"cortex_late","up","promoter",FALSE,1,-0.249259241205931,0.381365986845828,"RREB1"
"MA0074.1","RXRA::VDR",-0.00563727272473624,0,"cortex_late","up","promoter",FALSE,1,-0.356143623481072,0.0459711949172875,"RXRA"
"MA0077.1","SOX9",0.0236717602226069,0,"cortex_late","up","promoter",FALSE,1,2.6359721810194,0.0048133053088007,"SOX9"
"MA0091.1","TAL1::TCF3",0.0437798103572611,0,"cortex_late","up","promoter",FALSE,1,0.532817375041109,0.168568045159763,"TCF3"
"MA0107.1","RELA",-0.137490700013868,0,"cortex_late","up","promoter",FALSE,1,0.468388098918431,0.0418983327896446,"RELA"
"MA0115.1","NR1H2::RXRA",-0.270247560470886,0,"cortex_late","up","promoter",FALSE,1,-0.356143623481072,0.0459711949172875,"RXRA"
"MA0119.1","NFIC::TLX1",0.0321816455900459,0,"cortex_late","up","promoter",FALSE,1,0.0436273452510321,0.83858300186558,"NFIC"
"MA0138.2","REST",0.0442722235467219,0,"cortex_late","up","promoter",FALSE,1,0.0739363655191427,0.793257436266966,"REST"
"MA0159.1","RARA::RXRA",0.00646224809717744,0,"cortex_late","up","promoter",FALSE,1,-0.356143623481072,0.0459711949172875,"RXRA"
"MA0160.1","NR4A2",-0.0959663626707146,0,"cortex_late","up","promoter",FALSE,1,-0.0847014456279496,0.883972872545245,"NR4A2"
"MA0163.1","PLAG1",-0.00792285019197791,0,"cortex_late","up","promoter",FALSE,1,-0.654661986185757,0.0377532838072238,"PLAG1"
"MA0488.1","JUN",0.112468003659705,0,"cortex_late","up","promoter",FALSE,1,0.236695319839362,0.485227546006482,"JUN"
"MA0501.1","MAF::NFE2",-0.562103489088691,0,"cortex_late","up","promoter",FALSE,1,-0.717073390939694,0.140313942794167,"MAF"
"MA0504.1","NR2C2",-0.0221828536231445,0,"cortex_late","up","promoter",FALSE,1,0.0321724794062197,0.868099987665514,"NR2C2"
"MA0507.1","POU2F2",0.0749279225377499,0,"cortex_late","up","promoter",FALSE,1,2.77086498509866,0.0353960228761903,"POU2F2"
"MA0076.2","ELK4",0.00714792874551051,0,"cortex_late","up","promoter",FALSE,1,0.145294651140012,0.559333932042359,"ELK4"
"MA0140.2","GATA1::TAL1",-0.466520036802613,0,"cortex_late","up","promoter",FALSE,1,0.227539284176945,0.612665933526567,"TAL1"
"MA0095.2","YY1",-0.331381948785316,0,"cortex_late","up","promoter",FALSE,1,-0.0389730044511181,0.759465476477272,"YY1"
"MA0593.1","FOXP2",0.0491131697862306,0,"cortex_late","up","promoter",FALSE,1,-0.0829980227729784,0.900464314857877,"FOXP2"
"MA0597.1","THAP1",-0.124665506456479,0,"cortex_late","up","promoter",FALSE,1,-0.38562603217246,0.122935861541347,"THAP1"
"MA0610.1","DMRT3",-0.256398899345674,0,"cortex_late","up","promoter",FALSE,1,-0.0125695762907758,0.993696658245056,"DMRT3"
"MA0625.1","NFATC3",-0.125761909666161,0,"cortex_late","up","promoter",FALSE,1,-0.012754814397729,0.938948105012166,"NFATC3"
"MA0636.1","BHLHE41",0.065737598005251,0,"cortex_late","up","promoter",FALSE,1,0.133273006495653,0.674656617449794,"BHLHE41"
"MA0638.1","CREB3",-0.492700078398647,0,"cortex_late","up","promoter",FALSE,1,-0.0361557275701507,0.837404161307432,"CREB3"
"MA0641.1","ELF4",-0.345972419789877,0,"cortex_late","up","promoter",FALSE,1,1.17577986055067,0.0642525218045304,"ELF4"
"MA0136.2","ELF5",0.0304540610351109,0,"cortex_late","up","promoter",FALSE,1,-1.73309933406235,0.0144800048063897,"ELF5"
"MA0645.1","ETV6",-0.0476017051112532,0,"cortex_late","up","promoter",FALSE,1,0.034785968877614,0.792619376563549,"ETV6"
"MA0475.2","FLI1",-0.318730670075089,0,"cortex_late","up","promoter",FALSE,1,0.298236443093478,0.475038322911319,"FLI1"
"MA0042.2","FOXI1",-0.113262521589596,0,"cortex_late","up","promoter",FALSE,1,-1.3503212932461,0.0110861569905551,"FOXI1"
"MA0033.2","FOXL1",-0.197960822617901,0,"cortex_late","up","promoter",FALSE,1,1.19368248768637,0.0335304840110292,"FOXL1"
"MA0157.2","FOXO3",0.072017695069345,0,"cortex_late","up","promoter",FALSE,1,0.383074859369871,0.0732025113237811,"FOXO3"
"MA0646.1","GCM1",0.0384508826370364,0,"cortex_late","up","promoter",FALSE,1,-1.58562808671666,0.0905505567721186,"GCM1"
"MA0046.2","HNF1A",-0.0642517678685812,0,"cortex_late","up","promoter",FALSE,1,-1.12890575134969,0.0417521766204149,"HNF1A"
"MA0153.2","HNF1B",0.0735647426300226,0,"cortex_late","up","promoter",FALSE,1,-0.300693670103914,0.22628344735265,"HNF1B"
"MA0486.2","HSF1",-0.309082510636836,0,"cortex_late","up","promoter",FALSE,1,-0.0819535439365673,0.604841037714736,"HSF1"
"MA0657.1","KLF13",-0.470135964491625,0,"cortex_late","up","promoter",FALSE,1,0.374872227694996,0.156973312747279,"KLF13"
"MA0665.1","MSC",-0.0850321656675401,0,"cortex_late","up","promoter",FALSE,1,2.83810899090295,0.0445100977765566,"MSC"
"MA0670.1","NFIA",-0.0990645981979927,0,"cortex_late","up","promoter",FALSE,1,-0.0398914376590245,0.854499794967671,"NFIA"
"MA0671.1","NFIX",-0.458984548417859,0,"cortex_late","up","promoter",FALSE,1,0.91418672983295,0.0453733651044089,"NFIX"
"MA0083.3","SRF",-0.191994274723171,0,"cortex_late","up","promoter",FALSE,1,0.380519184163411,0.0568978057538719,"SRF"
"MA0688.1","TBX2",-0.0724038321656897,0,"cortex_late","up","promoter",FALSE,1,-0.109801198875916,0.631193871684476,"TBX2"
"MA0690.1","TBX21",-0.456550925052309,0,"cortex_late","up","promoter",FALSE,1,1.5901515895646,0.10429582732512,"TBX21"
"MA0691.1","TFAP4",-0.225626116537838,0,"cortex_late","up","promoter",FALSE,1,0.229948046601796,0.508225196847344,"TFAP4"
"MA0145.3","TFCP2",-0.479148788222184,0,"cortex_late","up","promoter",FALSE,1,-0.266692679387171,0.0243269210431907,"TFCP2"
"MA0722.1","VAX1",-0.414496178220955,0,"cortex_late","up","promoter",FALSE,1,0.363943740941558,0.797343198474492,"VAX1"
"MA0112.3","ESR1",0.0298683731905207,0,"cortex_late","up","promoter",FALSE,1,-0.594796239557795,0.104998049439265,"ESR1"
"MA0141.3","ESRRB",0.0243691891538695,0,"cortex_late","up","promoter",FALSE,1,-1.28453064368206,0.0377797473826803,"ESRRB"
"MA0017.2","NR2F1",-0.108993920589953,0,"cortex_late","up","promoter",FALSE,1,0.69381230140943,0.231854717997705,"NR2F1"
"MA0113.3","NR3C1",-0.091865543635016,0,"cortex_late","up","promoter",FALSE,1,-0.483784123149037,0.0208891789272678,"NR3C1"
"MA0727.1","NR3C2",0.0688394997547079,0,"cortex_late","up","promoter",FALSE,1,-0.903054018037075,0.0144588921418935,"NR3C2"
"MA0472.2","EGR2",-0.0241507268311807,0,"cortex_late","up","promoter",FALSE,1,2.95735801354798,0.00718652392371367,"EGR2"
"MA0749.1","ZBED1",-0.331469918058512,0,"cortex_late","up","promoter",FALSE,1,0.450962914238764,0.0606547245414666,"ZBED1"
"MA0088.2","ZNF143",-0.242125659823324,0,"cortex_late","up","promoter",FALSE,1,0.107516509590034,0.438115949231322,"ZNF143"
"MA0752.1","ZNF410",-0.126845260149604,0,"cortex_late","up","promoter",FALSE,1,-0.407232157302526,0.011846278560058,"ZNF410"
"MA0754.1","CUX1",-0.198092052619158,0,"cortex_late","up","promoter",FALSE,1,-0.641032450111093,0.0342591749941847,"CUX1"
"MA0759.1","ELK3",-0.19709545130396,0,"cortex_late","up","promoter",FALSE,1,0.327017028982867,0.256682012109033,"ELK3"
"MA0760.1","ERF",-0.0339818174556772,0,"cortex_late","up","promoter",FALSE,1,-0.24005981400277,0.309753890229849,"ERF"
"MA0474.2","ERG",-0.213128913460344,0,"cortex_late","up","promoter",FALSE,1,-0.103774229931975,0.763029966547876,"ERG"
"MA0098.3","ETS1",-0.282652197437401,0,"cortex_late","up","promoter",FALSE,1,0.110528725330052,0.763121235421287,"ETS1"
"MA0762.1","ETV2",-0.147930593843536,0,"cortex_late","up","promoter",FALSE,1,0.52799188490058,0.377595807170613,"ETV2"
"MA0763.1","ETV3",-0.406203295034,0,"cortex_late","up","promoter",FALSE,1,0.181491501579432,0.202923990342444,"ETV3"
"MA0768.1","LEF1",-0.366547970409956,0,"cortex_late","up","promoter",FALSE,1,1.88826364930654,0.0221474447125904,"LEF1"
"MA0770.1","HSF2",0.0194798132000917,0,"cortex_late","up","promoter",FALSE,1,0.0570072184504249,0.729396393191233,"HSF2"
"MA0498.2","MEIS1",0.0245886960162167,0,"cortex_late","up","promoter",FALSE,1,0.654845987538121,0.174122993503971,"MEIS1"
"MA0774.1","MEIS2",-0.341030944545533,0,"cortex_late","up","promoter",FALSE,1,-0.00737466780841167,0.987239952847187,"MEIS2"
"MA0775.1","MEIS3",-0.224838779074221,0,"cortex_late","up","promoter",FALSE,1,1.10896130509657,0.0669951221781059,"MEIS3"
"MA0776.1","MYBL1",0.0575222469942087,0,"cortex_late","up","promoter",FALSE,1,1.71564957761794,0.0116715334061847,"MYBL1"
"MA0105.4","NFKB1",-0.219819201783352,0,"cortex_late","up","promoter",FALSE,1,0.396848107867562,0.0976924350772323,"NFKB1"
"MA0778.1","NFKB2",0.000125399427655992,0,"cortex_late","up","promoter",FALSE,1,0.748268146273772,0.0912965793878542,"NFKB2"
"MA0783.1","PKNOX2",-0.425255028996022,0,"cortex_late","up","promoter",FALSE,1,0.392943460422712,0.398685676786679,"PKNOX2"
"MA0794.1","PROX1",-0.283171371528105,0,"cortex_late","up","promoter",FALSE,1,-0.516221340251166,0.22966138638491,"PROX1"
"MA0600.2","RFX2",-0.261332695660085,0,"cortex_late","up","promoter",FALSE,1,-0.0991956833708283,0.747779912996063,"RFX2"
"MA0795.1","SMAD3",0.121173815615299,0,"cortex_late","up","promoter",FALSE,1,0.125334627013129,0.578463148924369,"SMAD3"
"MA0796.1","TGIF1",-0.512239853020499,0,"cortex_late","up","promoter",FALSE,1,0.801855894422812,0.0267584233711836,"TGIF1"
"MA0797.1","TGIF2",-0.421201424773447,0,"cortex_late","up","promoter",FALSE,1,-0.118971629179483,0.655699500756415,"TGIF2"
"MA0510.2","RFX5",-0.341599695418738,0,"cortex_late","up","promoter",FALSE,1,0.492055561028614,0.108562604559514,"RFX5"
"MA0511.2","RUNX2",-0.116021249127365,0,"cortex_late","up","promoter",FALSE,1,2.04041216973746,0.0181605953794278,"RUNX2"
"MA0800.1","EOMES",-0.427241699212837,0,"cortex_late","up","promoter",FALSE,1,2.33632558941431,0.0497254831653571,"EOMES"
"MA0801.1","MGA",-0.308149422517527,0,"cortex_late","up","promoter",FALSE,1,-0.00380150397538337,0.983059367054861,"MGA"
"MA0804.1","TBX19",0.0431689535782964,0,"cortex_late","up","promoter",FALSE,1,-0.0915914008127774,0.802791973426763,"TBX19"
"MA0805.1","TBX1",-0.368064939253649,0,"cortex_late","up","promoter",FALSE,1,2.1449261978677,0.0317196793213829,"TBX1"
"MA0839.1","CREB3L1",-0.385557093708304,0,"cortex_late","up","promoter",FALSE,1,2.42651411632473,0.00937142501801273,"CREB3L1"
"MA0843.1","TEF",-0.0829293050197712,0,"cortex_late","up","promoter",FALSE,1,-0.881861603659547,0.00698531122215053,"TEF"
"MA0844.1","XBP1",-0.197233865223284,0,"cortex_late","up","promoter",FALSE,1,0.342114108747777,0.0829480281439217,"XBP1"
"MA0032.2","FOXC1",-0.0712043383903609,0,"cortex_late","up","promoter",FALSE,1,-0.203254550879446,0.651274137422108,"FOXC1"
"MA0846.1","FOXC2",-0.0328137865399292,0,"cortex_late","up","promoter",FALSE,1,0.422980245283098,0.257109956244467,"FOXC2"
"MA0848.1","FOXO4",-0.113262521589596,0,"cortex_late","up","promoter",FALSE,1,-0.528580748247043,0.00793978426049497,"FOXO4"
"MA0850.1","FOXP3",-0.0301044318887351,0,"cortex_late","up","promoter",FALSE,1,0.629960337507221,0.398098356481561,"FOXP3"
"MA0855.1","RXRB",-1.04931831399964,0,"cortex_late","up","promoter",FALSE,1,-0.0208673833180706,0.886281683936467,"RXRB"
"MA0856.1","RXRG",-0.79372066316824,0,"cortex_late","up","promoter",FALSE,1,-0.336850998988665,0.703592536732438,"RXRG"
"MA0106.3","TP53",0.126308067156029,0,"cortex_late","up","promoter",FALSE,1,0.611285532919856,0.0658521904163743,"TP53"
"MA0861.1","TP73",-0.275936799351851,0,"cortex_late","up","promoter",FALSE,1,0.179201540102994,0.766143713200244,"TP73"
"MA0862.1","GMEB2",0.0682701006251731,0,"cortex_late","up","promoter",FALSE,1,0.0625284080468242,0.678097042870395,"GMEB2"
"MA0863.1","MTF1",0.0845798815471959,0,"cortex_late","up","promoter",FALSE,1,-0.217529416862878,0.249649921118796,"MTF1"
"MA0024.3","E2F1",-0.30996840548754,0,"cortex_late","up","promoter",FALSE,1,0.0336666330839055,0.932472173676642,"E2F1"
"MA0028.2","ELK1",-0.424684782794884,0,"cortex_late","up","promoter",FALSE,1,0.24092635835186,0.173832506816299,"ELK1"
"MA0891.1","GSC2",-0.0583169138837674,0,"cortex_late","up","promoter",FALSE,1,-1.25848589432203,0.0869476361504072,"GSC2"
"MA0903.1","HOXB3",0.0699718178091091,0,"cortex_late","up","promoter",FALSE,1,0.313284908412333,0.306710999720568,"HOXB3"
"MA0908.1","HOXD11",0.100369392007186,0,"cortex_late","up","promoter",FALSE,1,0.506225972671253,0.302202683568591,"HOXD11"
"MA0852.2","FOXK1",-0.0455635240509755,0,"cortex_late","up","promoter",FALSE,1,-0.134485470069213,0.393562785491807,"FOXK1"
"MA0161.2","NFIC",-0.449600131772159,0,"cortex_late","up","promoter",FALSE,1,0.0436273452510321,0.83858300186558,"NFIC"
"MA0060.3","NFYA",0.0761474371307855,0,"cortex_late","up","promoter",FALSE,1,0.118343667952641,0.464941495194905,"NFYA"
"MA1111.1","NR2F2",-0.0472793046130349,0,"cortex_late","up","promoter",FALSE,1,0.25083891617585,0.222832215271184,"NR2F2"
"MA0014.3","PAX5",-0.0273506429142447,0,"cortex_late","up","promoter",FALSE,1,2.99983591950139,0.0769262956889678,"PAX5"
"MA1114.1","PBX3",0.0447683973490252,0,"cortex_late","up","promoter",FALSE,1,0.372566142848154,0.323671514043324,"PBX3"
"MA1116.1","RBPJ",-0.19962946309324,0,"cortex_late","up","promoter",FALSE,1,0.354243261065127,0.0529157472414669,"RBPJ"
"MA1117.1","RELB",0.0418313623290585,0,"cortex_late","up","promoter",FALSE,1,1.01172221690503,0.0592750847266929,"RELB"
"MA1120.1","SOX13",-0.165493157341751,0,"cortex_late","up","promoter",FALSE,1,-0.110795667784516,0.701125737099856,"SOX13"
"MA1122.1","TFDP1",-0.0394976577754598,0,"cortex_late","up","promoter",FALSE,1,0.0398925830544039,0.762615861636997,"TFDP1"
"MA0103.3","ZEB1",-0.0862818351317642,0,"cortex_late","up","promoter",FALSE,1,-0.221755541245513,0.454317257917418,"ZEB1"
"MA1125.1","ZNF384",0.0252708118336979,0,"cortex_late","up","promoter",FALSE,1,-0.207547397485206,0.0857121114228499,"ZNF384"
"MA1154.1","ZNF282",-0.280898045059046,0,"cortex_late","up","promoter",FALSE,1,-0.081807644359813,0.620810139669069,"ZNF282"
"MA1126.1","FOS::JUN(var.2)",-0.0496199220906224,0,"cortex_late","up","promoter",FALSE,1,0.0826020248799741,0.94439835226923,"FOS"
"MA1132.1","JUN::JUNB",0.0542903420856771,0,"cortex_late","up","promoter",FALSE,1,0.97627375341033,0.0583353553944371,"JUNB"
"MA1143.1","FOSL1::JUND(var.2)",-0.223214764850342,0,"cortex_late","up","promoter",FALSE,1,2.1164680327118,0.0197929391485239,"FOSL1"
"MA1148.1","PPARA::RXRA",-0.0380740783681244,0,"cortex_late","up","promoter",FALSE,1,-1.37811628703652,0.019803145149502,"PPARA"
"MA1149.1","RARA::RXRG",-0.0795243171692857,0,"cortex_late","up","promoter",FALSE,1,0.136091981256486,0.611362538640729,"RARA"
"MA1421.1","TCF7L1",-0.474357470221605,0,"cortex_late","up","promoter",FALSE,1,0.0138295962882022,0.967849830050751,"TCF7L1"
"MA1466.1","ATF6",-0.378026903438185,0,"cortex_late","up","promoter",FALSE,1,0.0598177653047873,0.71805278556525,"ATF6"
"MA1474.1","CREB3L4",-0.00858790769328088,0,"cortex_late","up","promoter",FALSE,1,0.741589929808271,0.0572582355845164,"CREB3L4"
"MA1483.1","ELF2",-0.117707400435449,0,"cortex_late","up","promoter",FALSE,1,-0.0959251023429504,0.671150630721854,"ELF2"
"MA1484.1","ETS2",-0.199415227021521,0,"cortex_late","up","promoter",FALSE,1,0.245565019311631,0.380848480870962,"ETS2"
"MA1489.1","FOXN3",0.0948577894877185,0,"cortex_late","up","promoter",FALSE,1,-0.021463822081496,0.934394450068386,"FOXN3"
"MA1491.1","GLI3",-0.100847452031619,0,"cortex_late","up","promoter",FALSE,1,0.197493343304858,0.420432558765284,"GLI3"
"MA1496.1","HOXA4",-0.301858366890286,0,"cortex_late","up","promoter",FALSE,1,-0.335100494956715,0.0840260100357667,"HOXA4"
"MA1497.1","HOXA6",-0.149447065742813,0,"cortex_late","up","promoter",FALSE,1,0.0798267991047208,0.764859569840842,"HOXA6"
"MA1498.1","HOXA7",0.028290881321829,0,"cortex_late","up","promoter",FALSE,1,-0.648215791064456,0.0233992953367174,"HOXA7"
"MA1499.1","HOXB4",-0.172790984533985,0,"cortex_late","up","promoter",FALSE,1,-0.221650499086614,0.434236069075196,"HOXB4"
"MA1500.1","HOXB6",-0.22929680034472,0,"cortex_late","up","promoter",FALSE,1,0.0961797422349768,0.792747952092405,"HOXB6"
"MA1502.1","HOXB8",-0.212139149678561,0,"cortex_late","up","promoter",FALSE,1,0.287641927932375,0.480252060759669,"HOXB8"
"MA1504.1","HOXC4",-0.019155649801724,0,"cortex_late","up","promoter",FALSE,1,0.119712141715202,0.711366561610109,"HOXC4"
"MA1505.1","HOXC8",-0.244603517582624,0,"cortex_late","up","promoter",FALSE,1,0.256911703798522,0.353533977233686,"HOXC8"
"MA1506.1","HOXD10",0.11441475550343,0,"cortex_late","up","promoter",FALSE,1,0.222882286711195,0.540455536645619,"HOXD10"
"MA1509.1","IRF6",-0.076942007850108,0,"cortex_late","up","promoter",FALSE,1,-0.400123438782607,0.1786866707416,"IRF6"
"MA1512.1","KLF11",0.00298570586418379,0,"cortex_late","up","promoter",FALSE,1,0.60779715049051,0.0865189883942141,"KLF11"
"MA1513.1","KLF15",-0.0233751628854808,0,"cortex_late","up","promoter",FALSE,1,-1.2163342939382,0.0568963189960909,"KLF15"
"MA1515.1","KLF2",-0.0108841482215833,0,"cortex_late","up","promoter",FALSE,1,1.07825231297991,0.0124480888089217,"KLF2"
"MA1517.1","KLF6",-0.0883578181254574,0,"cortex_late","up","promoter",FALSE,1,0.86771683566165,0.0223095177481056,"KLF6"
"MA1518.1","LHX1",-0.13820168095032,0,"cortex_late","up","promoter",FALSE,1,-1.23035935203172,0.0362673617296545,"LHX1"
"MA1520.1","MAF",-0.541321132243371,0,"cortex_late","up","promoter",FALSE,1,-0.717073390939694,0.140313942794167,"MAF"
"MA1535.1","NR2C1",-0.133070430155215,0,"cortex_late","up","promoter",FALSE,1,0.0737951410149003,0.745970281869099,"NR2C1"
"MA1541.1","NR6A1",-0.157866090900241,0,"cortex_late","up","promoter",FALSE,1,-0.217266888365558,0.223693506960725,"NR6A1"
"MA1544.1","OVOL1",0.0833541733966214,0,"cortex_late","up","promoter",FALSE,1,-0.472754789640812,0.342179623666503,"OVOL1"
"MA1545.1","OVOL2",-0.0734704877673096,0,"cortex_late","up","promoter",FALSE,1,-0.907209065606548,0.175333408515008,"OVOL2"
"MA1548.1","PLAGL2",0.0181846490474644,0,"cortex_late","up","promoter",FALSE,1,0.00433253723925286,0.979261986561269,"PLAGL2"
"MA1550.1","PPARD",-0.580838502810754,0,"cortex_late","up","promoter",FALSE,1,0.593602782098353,0.0556067092227686,"PPARD"
"MA1554.1","RFX7",0.0249241768642845,0,"cortex_late","up","promoter",FALSE,1,0.0246182733117943,0.920586308143966,"RFX7"
"MA1558.1","SNAI1",-0.0694263376352637,0,"cortex_late","up","promoter",FALSE,1,1.07137823300724,0.0162831409125398,"SNAI1"
"MA1563.1","SOX18",-0.40789210250232,0,"cortex_late","up","promoter",FALSE,1,-0.0219361164698997,0.960098351888765,"SOX18"
"MA1566.1","TBX3",-0.18279883544516,0,"cortex_late","up","promoter",FALSE,1,0.096232494089957,0.759926920367544,"TBX3"
"MA1567.1","TBX6",-0.243263693196666,0,"cortex_late","up","promoter",FALSE,1,-0.544515299224096,0.277758135839614,"TBX6"
"MA1574.1","THRB",-0.105708671617049,0,"cortex_late","up","promoter",FALSE,1,-1.64088332630497,0.0117359827762105,"THRB"
"MA1581.1","ZBTB6",-0.0507414624083742,0,"cortex_late","up","promoter",FALSE,1,-0.15999992993106,0.67155032778739,"ZBTB6"
"MA1583.1","ZFP57",-0.120930741819929,0,"cortex_late","up","promoter",FALSE,1,-0.102293792219129,0.484423324620714,"ZFP57"
"MA1585.1","ZKSCAN1",-0.326155598358441,0,"cortex_late","up","promoter",FALSE,1,-0.169437757687677,0.421232671434503,"ZKSCAN1"
"MA1589.1","ZNF140",-0.169974427221501,0,"cortex_late","up","promoter",FALSE,1,0.393899644559988,0.161732179270547,"ZNF140"
"MA1594.1","ZNF382",-0.292539936619606,0,"cortex_late","up","promoter",FALSE,1,-0.0830214501206012,0.792374614051998,"ZNF382"
"MA1601.1","ZNF75D",-0.183188484421105,0,"cortex_late","up","promoter",FALSE,1,-0.0362019657369963,0.808290956970266,"ZNF75D"
"MA1602.1","ZSCAN29",-0.255217818930518,0,"cortex_late","up","promoter",FALSE,1,-0.16014756295271,0.37273470371067,"ZSCAN29"
"MA0864.2","E2F2",-0.15469623930329,0,"cortex_late","up","promoter",FALSE,1,2.16203592414378,0.0314102810843789,"E2F2"
"MA0470.2","E2F4",0.00461741523098613,0,"cortex_late","up","promoter",FALSE,1,0.252386782389945,0.172293205725189,"E2F4"
"MA0847.2","FOXD2",0.0205647900613082,0,"cortex_late","up","promoter",FALSE,1,-0.651122989619007,0.186217312814842,"FOXD2"
"MA0734.2","GLI2",-0.158031454989867,0,"cortex_late","up","promoter",FALSE,1,1.51625844656021,0.0204105787660072,"GLI2"
"MA0900.2","HOXA2",-0.0231373409094209,0,"cortex_late","up","promoter",FALSE,1,0.436270978219671,0.256682012109033,"HOXA2"
"MA0158.2","HOXA5",0.0420688476847682,0,"cortex_late","up","promoter",FALSE,1,0.0249634331545669,0.924492737629551,"HOXA5"
"MA0594.2","HOXA9",0.0552217230884837,0,"cortex_late","up","promoter",FALSE,1,-0.202229074377168,0.355081223474083,"HOXA9"
"MA0910.2","HOXD8",-0.392434519004198,0,"cortex_late","up","promoter",FALSE,1,-0.224916284023403,0.476287889403581,"HOXD8"
"MA0703.2","LMX1B",-0.409501432104516,0,"cortex_late","up","promoter",FALSE,1,-1.84151344452386,0.02188947523314,"LMX1B"
"MA0842.2","NRL",-0.328736536343917,0,"cortex_late","up","promoter",FALSE,1,-0.673884997599162,0.0390147111492045,"NRL"
"MA0075.3","PRRX2",-0.000615923783657379,0,"cortex_late","up","promoter",FALSE,1,2.07856064404723,0.0214669467092927,"PRRX2"
"MA0079.4","SP1",-0.00524692749617461,0,"cortex_late","up","promoter",FALSE,1,-0.0412343232999097,0.833888977459003,"SP1"
"MA0516.2","SP2",-0.0299220824911135,0,"cortex_late","up","promoter",FALSE,1,0.0623367603781722,0.743913208959988,"SP2"
"MA0746.2","SP3",-0.048423426866707,0,"cortex_late","up","promoter",FALSE,1,0.114216776442655,0.533190796325895,"SP3"
"MA0753.2","ZNF740",-0.00456883418033094,0,"cortex_late","up","promoter",FALSE,1,0.139775883695298,0.394174632977324,"ZNF740"
"MA1633.1","BACH1",0.00916810969237769,0,"cortex_late","up","promoter",FALSE,1,0.236739835308955,0.330451818516026,"BACH1"
"MA1643.1","NFIB",0.0274990307001906,0,"cortex_late","up","promoter",FALSE,1,-0.78864004297513,0.0352126130323532,"NFIB"
"MA1651.1","ZFP42",-0.197840032329156,0,"cortex_late","up","promoter",FALSE,1,0.618914101403824,0.19302286285418,"ZFP42"
"MA1654.1","ZNF16",0.100066132326883,0,"cortex_late","up","promoter",FALSE,1,0.0387634777102375,0.847609484520504,"ZNF16"
"MA1655.1","ZNF341",-0.0120304964018381,0,"cortex_late","up","promoter",FALSE,1,-0.0610025176493343,0.788875146762828,"ZNF341"
"MA1657.1","ZNF652",0.0356789550494829,0,"cortex_late","up","promoter",FALSE,1,-0.214769070918545,0.308541549322719,"ZNF652"
"MA0833.2","ATF4",0.0172723336933052,0,"cortex_late","up","promoter",FALSE,1,0.533464040223653,0.0446001367314445,"ATF4"
"MA0102.4","CEBPA",-0.0766234664030874,0,"cortex_late","up","promoter",FALSE,1,-0.0733023587432227,0.861723948690874,"CEBPA"
"MA0836.2","CEBPD",-0.179308264529678,0,"cortex_late","up","promoter",FALSE,1,1.43950959869681,0.00818065370086555,"CEBPD"
"MA0471.2","E2F6",-0.0628764039706748,0,"cortex_late","up","promoter",FALSE,1,0.252686907750524,0.0670080767320751,"E2F6"
"MA0162.4","EGR1",0.00631053476364585,0,"cortex_late","up","promoter",FALSE,1,0.998863709365167,0.185626555180147,"EGR1"
"MA0592.3","ESRRA",-0.0321037740092391,0,"cortex_late","up","promoter",FALSE,1,-0.608206137724949,0.0994022927880583,"ESRRA"
"MA0765.2","ETV5",-0.0970279201855968,0,"cortex_late","up","promoter",FALSE,1,-0.606866492628611,0.282656919838024,"ETV5"
"MA1103.2","FOXK2",0.0216113024221594,0,"cortex_late","up","promoter",FALSE,1,-0.357340901255414,0.0441143315290918,"FOXK2"
"MA0481.3","FOXP1",0.0629144319415955,0,"cortex_late","up","promoter",FALSE,1,0.0699817936924472,0.802846461320763,"FOXP1"
"MA1105.2","GRHL2",-0.142162928002659,0,"cortex_late","up","promoter",FALSE,1,0.220827700424872,0.43048691597002,"GRHL2"
"MA0114.4","HNF4A",0.0225113531799481,0,"cortex_late","up","promoter",FALSE,1,-1.23007976463855,0.0977501598026493,"HNF4A"
"MA0484.2","HNF4G",0.00796066300819565,0,"cortex_late","up","promoter",FALSE,1,-1.63629288463108,0.0176087917676422,"HNF4G"
"MA1107.2","KLF9",-0.0833614281712176,0,"cortex_late","up","promoter",FALSE,1,-0.127729319387472,0.82451556064693,"KLF9"
"MA0495.3","MAFF",-0.1986658025584,0,"cortex_late","up","promoter",FALSE,1,1.17456174518357,0.0298075747008926,"MAFF"
"MA0659.2","MAFG",-0.310207530823797,0,"cortex_late","up","promoter",FALSE,1,0.113821361373602,0.531898520522452,"MAFG"
"MA0496.3","MAFK",-0.223596989644453,0,"cortex_late","up","promoter",FALSE,1,-0.0601619570222027,0.821042255672422,"MAFK"
"MA0620.3","MITF",-0.150766957746466,0,"cortex_late","up","promoter",FALSE,1,-0.418019200584777,0.0936136381068117,"MITF"
"MA0056.2","MZF1",0.0249370513942804,0,"cortex_late","up","promoter",FALSE,1,0.22839474111009,0.272126907316133,"MZF1"
"MA0089.2","NFE2L1",-0.831990185738343,0,"cortex_late","up","promoter",FALSE,1,0.399968441309023,0.0173989746690131,"NFE2L1"
"MA0025.2","NFIL3",-0.106799554917462,0,"cortex_late","up","promoter",FALSE,1,0.191079949928064,0.449058808909072,"NFIL3"
"MA0502.2","NFYB",-0.202260688556653,0,"cortex_late","up","promoter",FALSE,1,0.0575060224229982,0.7741744295073,"NFYB"
"MA1112.2","NR4A1",-0.317647504361108,0,"cortex_late","up","promoter",FALSE,1,-0.886839565583435,0.304379979828154,"NR4A1"
"MA0679.2","ONECUT1",0.0368315663529666,0,"cortex_late","up","promoter",FALSE,1,-0.285540496962716,0.813978789470793,"ONECUT1"
"MA1113.2","PBX2",-0.168867600773289,0,"cortex_late","up","promoter",FALSE,1,-0.0770804941182313,0.551381882205006,"PBX2"
"MA0508.3","PRDM1",-0.100297633814405,0,"cortex_late","up","promoter",FALSE,1,0.851179183317446,0.11255443089842,"PRDM1"
"MA0509.2","RFX1",-0.283991279532655,0,"cortex_late","up","promoter",FALSE,1,-0.108047642823462,0.674492106932214,"RFX1"
"MA0798.2","RFX3",-0.203463344716393,0,"cortex_late","up","promoter",FALSE,1,-0.356691603199618,0.0899010567698811,"RFX3"
"MA0745.2","SNAI2",-0.188948987123148,0,"cortex_late","up","promoter",FALSE,1,0.645325597931945,0.101858976062425,"SNAI2"
"MA0522.3","TCF3",-0.00522259903553213,0,"cortex_late","up","promoter",FALSE,1,0.532817375041109,0.168568045159763,"TCF3"
"MA0830.2","TCF4",-0.0863770907949295,0,"cortex_late","up","promoter",FALSE,1,0.240803181063343,0.49776328391915,"TCF4"
"MA0769.2","TCF7",0.0506300837352391,0,"cortex_late","up","promoter",FALSE,1,0.635452089307523,0.428469998118595,"TCF7"
"MA0090.3","TEAD1",-0.129509315445299,0,"cortex_late","up","promoter",FALSE,1,0.0381833387699846,0.926750044230752,"TEAD1"
"MA0809.2","TEAD4",-0.14375122976363,0,"cortex_late","up","promoter",FALSE,1,0.944874047266597,0.0141629003102845,"TEAD4"
"MA0003.4","TFAP2A",-0.0729186129150659,0,"cortex_late","up","promoter",FALSE,1,0.161479603809617,0.564933534231485,"TFAP2A"
"MA0093.3","USF1",0.0664684504458224,0,"cortex_late","up","promoter",FALSE,1,0.182666565516,0.470472376397656,"USF1"
"MA0526.3","USF2",0.008974269720599,0,"cortex_late","up","promoter",FALSE,1,-0.274483328298539,0.0545038892916571,"USF2"
"MA0528.2","ZNF263",-0.0356104215181503,0,"cortex_late","up","promoter",FALSE,1,0.2937852410379,0.16199347824644,"ZNF263"
"MA1541.1","NR6A1",0.505856550249918,0.626808002299492,"cortex_late","up","enhancer",FALSE,0.236152201017008,-0.217266888365558,0.223693506960725,"NR6A1"
"MA0163.1","PLAG1",0.26400608008514,0.36141297017453,"cortex_late","up","enhancer",FALSE,0.435097942728899,-0.654661986185757,0.0377532838072238,"PLAG1"
"MA0595.1","SREBF1",0.284709790166002,0.22622751854143,"cortex_late","up","enhancer",FALSE,0.593980901900796,0.353557944511778,0.652599098818975,"SREBF1"
"MA0042.2","FOXI1",0.232015978532708,0.22622751854143,"cortex_late","up","enhancer",FALSE,0.593980901900796,-1.3503212932461,0.0110861569905551,"FOXI1"
"MA0695.1","ZBTB7C",0.276279460495489,0.22622751854143,"cortex_late","up","enhancer",FALSE,0.593980901900796,1.02238151801267,0.0852264536097198,"ZBTB7C"
"MA0722.1","VAX1",0.456853725363858,0.22622751854143,"cortex_late","up","enhancer",FALSE,0.593980901900796,0.363943740941558,0.797343198474492,"VAX1"
"MA0141.3","ESRRB",0.429825578215285,0.22622751854143,"cortex_late","up","enhancer",FALSE,0.593980901900796,-1.28453064368206,0.0377797473826803,"ESRRB"
"MA0783.1","PKNOX2",0.687517178866486,0.22622751854143,"cortex_late","up","enhancer",FALSE,0.593980901900796,0.392943460422712,0.398685676786679,"PKNOX2"
"MA0794.1","PROX1",0.629532230776442,0.22622751854143,"cortex_late","up","enhancer",FALSE,0.593980901900796,-0.516221340251166,0.22966138638491,"PROX1"
"MA0796.1","TGIF1",0.717848688450585,0.22622751854143,"cortex_late","up","enhancer",FALSE,0.593980901900796,0.801855894422812,0.0267584233711836,"TGIF1"
"MA0848.1","FOXO4",0.232015978532708,0.22622751854143,"cortex_late","up","enhancer",FALSE,0.593980901900796,-0.528580748247043,0.00793978426049497,"FOXO4"
"MA1114.1","PBX3",0.267423562045867,0.22622751854143,"cortex_late","up","enhancer",FALSE,0.593980901900796,0.372566142848154,0.323671514043324,"PBX3"
"MA0099.3","FOS::JUN",0.339119337312256,0.22622751854143,"cortex_late","up","enhancer",FALSE,0.593980901900796,0.236695319839362,0.485227546006482,"JUN"
"MA1130.1","FOSL2::JUN",0.375056138603414,0.22622751854143,"cortex_late","up","enhancer",FALSE,0.593980901900796,1.02982069670662,0.00558578197927428,"FOSL2"
"MA1141.1","FOS::JUND",0.415364711188381,0.22622751854143,"cortex_late","up","enhancer",FALSE,0.593980901900796,0.161363286064925,0.46617504459736,"JUND"
"MA1147.1","NR4A2::RXRA",0.43984931544832,0.22622751854143,"cortex_late","up","enhancer",FALSE,0.593980901900796,-0.356143623481072,0.0459711949172875,"RXRA"
"MA0592.3","ESRRA",0.242105257087685,0.22622751854143,"cortex_late","up","enhancer",FALSE,0.593980901900796,-0.608206137724949,0.0994022927880583,"ESRRA"
"MA0025.2","NFIL3",0.43094981138903,0.22622751854143,"cortex_late","up","enhancer",FALSE,0.593980901900796,0.191079949928064,0.449058808909072,"NFIL3"
"MA0477.2","FOSL1",0.356040158511703,0.223494009331161,"cortex_late","up","enhancer",FALSE,0.597731289752048,2.1164680327118,0.0197929391485239,"FOSL1"
"MA0628.1","POU6F1",0.435874823335035,0.181037943359423,"cortex_late","up","enhancer",FALSE,0.659116307177897,0.352992935457504,0.19047816655053,"POU6F1"
"MA0638.1","CREB3",0.478964662135478,0.181037943359423,"cortex_late","up","enhancer",FALSE,0.659116307177897,-0.0361557275701507,0.837404161307432,"CREB3"
"MA1128.1","FOSL1::JUN",0.309884581364751,0.181037943359423,"cortex_late","up","enhancer",FALSE,0.659116307177897,2.1164680327118,0.0197929391485239,"FOSL1"
"MA1134.1","FOS::JUNB",0.339464037374863,0.181037943359423,"cortex_late","up","enhancer",FALSE,0.659116307177897,0.97627375341033,0.0583353553944371,"JUNB"
"MA1144.1","FOSL2::JUND",0.325595344902951,0.181037943359423,"cortex_late","up","enhancer",FALSE,0.659116307177897,1.02982069670662,0.00558578197927428,"FOSL2"
"MA1534.1","NR1I3",0.282956536984382,0.181037943359423,"cortex_late","up","enhancer",FALSE,0.659116307177897,-2.72002979511977,0.0233570160399139,"NR1I3"
"MA0782.2","PKNOX1",0.263910848989168,0.181037943359423,"cortex_late","up","enhancer",FALSE,0.659116307177897,0.0369953847640083,0.837905544200498,"PKNOX1"
"MA1142.1","FOSL1::JUND",0.325678292733357,0.134459054887807,"cortex_late","up","enhancer",FALSE,0.733737887675694,2.1164680327118,0.0197929391485239,"FOSL1"
"MA0476.1","FOS",0.301052700840366,0.121602896703666,"cortex_late","up","enhancer",FALSE,0.755782972661743,0.0826020248799741,0.94439835226923,"FOS"
"MA0088.2","ZNF143",0.53493000466973,0.121602896703666,"cortex_late","up","enhancer",FALSE,0.755782972661743,0.107516509590034,0.438115949231322,"ZNF143"
"MA0844.1","XBP1",0.457893127243857,0.121602896703666,"cortex_late","up","enhancer",FALSE,0.755782972661743,0.342114108747777,0.0829480281439217,"XBP1"
"MA1138.1","FOSL2::JUNB",0.30120707419041,0.121602896703666,"cortex_late","up","enhancer",FALSE,0.755782972661743,1.02982069670662,0.00558578197927428,"FOSL2"
"MA0030.1","FOXF2",0.264120723772413,0.115555330413582,"cortex_late","up","enhancer",FALSE,0.766380894728542,1.98410999755597,0.0197489798867888,"FOXF2"
"MA0694.1","ZBTB7B",0.234264280261488,0.115555330413582,"cortex_late","up","enhancer",FALSE,0.766380894728542,0.165373367359041,0.670951147825431,"ZBTB7B"
"MA0804.1","TBX19",0.490320502931196,0.115555330413582,"cortex_late","up","enhancer",FALSE,0.766380894728542,-0.0915914008127774,0.802791973426763,"TBX19"
"MA0863.1","MTF1",0.440801354370755,0.115555330413582,"cortex_late","up","enhancer",FALSE,0.766380894728542,-0.217529416862878,0.249649921118796,"MTF1"
"MA0905.1","HOXC10",0.308543313341057,0.115555330413582,"cortex_late","up","enhancer",FALSE,0.766380894728542,0.0572927181076617,0.844097336474233,"HOXC10"
"MA1106.1","HIF1A",0.2493671084441,0.115555330413582,"cortex_late","up","enhancer",FALSE,0.766380894728542,1.17233151724341,0.00295747396639751,"HIF1A"
"MA0014.3","PAX5",0.259385497722866,0.115555330413582,"cortex_late","up","enhancer",FALSE,0.766380894728542,2.99983591950139,0.0769262956889678,"PAX5"
"MA1132.1","JUN::JUNB",0.271379912133177,0.115555330413582,"cortex_late","up","enhancer",FALSE,0.766380894728542,0.97627375341033,0.0583353553944371,"JUNB"
"MA0462.2","BATF::JUN",0.24611363883607,0.115555330413582,"cortex_late","up","enhancer",FALSE,0.766380894728542,1.49634347459398,0.0532488931682245,"BATF"
"MA0734.2","GLI2",0.332238118212392,0.115555330413582,"cortex_late","up","enhancer",FALSE,0.766380894728542,1.51625844656021,0.0204105787660072,"GLI2"
"MA0836.2","CEBPD",0.274777951956304,0.115555330413582,"cortex_late","up","enhancer",FALSE,0.766380894728542,1.43950959869681,0.00818065370086555,"CEBPD"
"MA0490.2","JUNB",0.274215378106719,0.115555330413582,"cortex_late","up","enhancer",FALSE,0.766380894728542,0.97627375341033,0.0583353553944371,"JUNB"
"MA0491.2","JUND",0.29096104702887,0.115555330413582,"cortex_late","up","enhancer",FALSE,0.766380894728542,0.161363286064925,0.46617504459736,"JUND"
"MA0157.2","FOXO3",0.267876350288553,0.101932317423013,"cortex_late","up","enhancer",FALSE,0.790801860828219,0.383074859369871,0.0732025113237811,"FOXO3"
"MA0808.1","TEAD3",0.18515219879397,0.101932317423013,"cortex_late","up","enhancer",FALSE,0.790801860828219,0.519955641633381,0.00793978426049497,"TEAD3"
"MA1135.1","FOSB::JUNB",0.247942149204778,0.101932317423013,"cortex_late","up","enhancer",FALSE,0.790801860828219,0.97627375341033,0.0583353553944371,"JUNB"
"MA1466.1","ATF6",0.477421634374975,0.101932317423013,"cortex_late","up","enhancer",FALSE,0.790801860828219,0.0598177653047873,0.71805278556525,"ATF6"
"MA0516.2","SP2",0.169033403285186,0.101932317423013,"cortex_late","up","enhancer",FALSE,0.790801860828219,0.0623367603781722,0.743913208959988,"SP2"
"MA1651.1","ZFP42",0.264168494578273,0.101932317423013,"cortex_late","up","enhancer",FALSE,0.790801860828219,0.618914101403824,0.19302286285418,"ZFP42"
"MA0703.2","LMX1B",0.326059945770841,0.101576336633145,"cortex_late","up","enhancer",FALSE,0.791450327912022,-1.84151344452386,0.02188947523314,"LMX1B"
"MA0091.1","TAL1::TCF3",0.222634613792357,0.096360595858512,"cortex_late","up","enhancer",FALSE,0.80101270423144,0.532817375041109,0.168568045159763,"TCF3"
"MA0850.1","FOXP3",0.198789394832456,0.096360595858512,"cortex_late","up","enhancer",FALSE,0.80101270423144,0.629960337507221,0.398098356481561,"FOXP3"
"MA1634.1","BATF",0.226022383094305,0.096360595858512,"cortex_late","up","enhancer",FALSE,0.80101270423144,1.49634347459398,0.0532488931682245,"BATF"
"MA0482.2","GATA4",0.201932622571934,0.096360595858512,"cortex_late","up","enhancer",FALSE,0.80101270423144,-0.410750694985459,0.745577611553976,"GATA4"
"MA0517.1","STAT1::STAT2",0.173648382553178,0.0907231094814308,"cortex_late","up","enhancer",FALSE,0.811478262271809,0.598592267430019,0.0910113247364219,"STAT1"
"MA0652.1","IRF8",0.367169468433169,0.0907231094814308,"cortex_late","up","enhancer",FALSE,0.811478262271809,1.98982572735061,0.0318355265937455,"IRF8"
"MA0658.1","LHX6",0.285511930443495,0.0907231094814308,"cortex_late","up","enhancer",FALSE,0.811478262271809,0.81819553473454,0.0732583453269849,"LHX6"
"MA0691.1","TFAP4",0.193151071661236,0.0907231094814308,"cortex_late","up","enhancer",FALSE,0.811478262271809,0.229948046601796,0.508225196847344,"TFAP4"
"MA0818.1","BHLHE22",0.328835207239708,0.0907231094814308,"cortex_late","up","enhancer",FALSE,0.811478262271809,2.62570340289903,0.0175362268964315,"BHLHE22"
"MA0466.2","CEBPB",0.348756589673662,0.0907231094814308,"cortex_late","up","enhancer",FALSE,0.811478262271809,1.552748679055,0.0048133053088007,"CEBPB"
"MA0886.1","EMX2",0.239292739329788,0.0907231094814308,"cortex_late","up","enhancer",FALSE,0.811478262271809,0.0038008380035679,0.991342081718615,"EMX2"
"MA1474.1","CREB3L4",0.219524831553879,0.0907231094814308,"cortex_late","up","enhancer",FALSE,0.811478262271809,0.741589929808271,0.0572582355845164,"CREB3L4"
"MA1506.1","HOXD10",0.324474783936187,0.0907231094814308,"cortex_late","up","enhancer",FALSE,0.811478262271809,0.222882286711195,0.540455536645619,"HOXD10"
"MA1554.1","RFX7",0.227887480560614,0.0907231094814308,"cortex_late","up","enhancer",FALSE,0.811478262271809,0.0246182733117943,0.920586308143966,"RFX7"
"MA0612.2","EMX1",0.252068030728227,0.0907231094814308,"cortex_late","up","enhancer",FALSE,0.811478262271809,-1.49309266393426,0.0183496692121575,"EMX1"
"MA0766.2","GATA5",0.21501005267143,0.0907231094814308,"cortex_late","up","enhancer",FALSE,0.811478262271809,-0.878781227047609,0.0858825420852299,"GATA5"
"MA0594.2","HOXA9",0.395755818334368,0.0907231094814308,"cortex_late","up","enhancer",FALSE,0.811478262271809,-0.202229074377168,0.355081223474083,"HOXA9"
"MA0075.3","PRRX2",0.236941298747152,0.0907231094814308,"cortex_late","up","enhancer",FALSE,0.811478262271809,2.07856064404723,0.0214669467092927,"PRRX2"
"MA0102.4","CEBPA",0.239699194167613,0.0907231094814308,"cortex_late","up","enhancer",FALSE,0.811478262271809,-0.0733023587432227,0.861723948690874,"CEBPA"
"MA1103.2","FOXK2",0.166268714485585,0.0907231094814308,"cortex_late","up","enhancer",FALSE,0.811478262271809,-0.357340901255414,0.0441143315290918,"FOXK2"
"MA0043.3","HLF",0.288097199196153,0.0907231094814308,"cortex_late","up","enhancer",FALSE,0.811478262271809,-1.21690059508046,0.0315260783749708,"HLF"
"MA0089.2","NFE2L1",0.305056822023462,0.0907231094814308,"cortex_late","up","enhancer",FALSE,0.811478262271809,0.399968441309023,0.0173989746690131,"NFE2L1"
"MA0080.5","SPI1",0.101330943016981,0.0907231094814308,"cortex_late","up","enhancer",FALSE,0.811478262271809,2.05561331810846,0.0321178422322815,"SPI1"
"MA1533.1","NR1I2",0.215108603650273,0.0710143352915374,"cortex_late","up","enhancer",FALSE,0.849152445555677,-1.24596288724903,0.161301204909157,"NR1I2"
"MA0596.1","SREBF2",0.156307341555743,0.0702211768541623,"cortex_late","up","enhancer",FALSE,0.850704682234555,0.10911546278969,0.718462078218655,"SREBF2"
"MA0090.3","TEAD1",0.145280236012343,0.0702211768541623,"cortex_late","up","enhancer",FALSE,0.850704682234555,0.0381833387699846,0.926750044230752,"TEAD1"
"MA0795.1","SMAD3",0.324820599353424,0.0642587667369887,"cortex_late","up","enhancer",FALSE,0.862464510316121,0.125334627013129,0.578463148924369,"SMAD3"
"MA0823.1","HEY1",0.185130244052305,0.0592190519286654,"cortex_late","up","enhancer",FALSE,0.872531165134001,0.125806628875297,0.725730410472569,"HEY1"
"MA0032.2","FOXC1",0.135211966067074,0.0592190519286654,"cortex_late","up","enhancer",FALSE,0.872531165134001,-0.203254550879446,0.651274137422108,"FOXC1"
"MA1503.1","HOXB9",0.263603552999274,0.0592190519286654,"cortex_late","up","enhancer",FALSE,0.872531165134001,0.136860467316353,0.80518557440877,"HOXB9"
"MA1535.1","NR2C1",0.0859006960738782,0.0592190519286654,"cortex_late","up","enhancer",FALSE,0.872531165134001,0.0737951410149003,0.745970281869099,"NR2C1"
"MA1563.1","SOX18",0.242262863085139,0.0592190519286654,"cortex_late","up","enhancer",FALSE,0.872531165134001,-0.0219361164698997,0.960098351888765,"SOX18"
"MA0119.1","NFIC::TLX1",0.199247909432609,0.0423694757219842,"cortex_late","up","enhancer",FALSE,0.907048530942458,0.0436273452510321,0.83858300186558,"NFIC"
"MA0037.3","GATA3",0.15567240639072,0.0423694757219842,"cortex_late","up","enhancer",FALSE,0.907048530942458,-0.0158012693355865,0.960281563501289,"GATA3"
"MA0031.1","FOXD1",0.204538214885194,0.0357921811355588,"cortex_late","up","enhancer",FALSE,0.920890131252281,0.726255394271936,0.122268093286634,"FOXD1"
"MA0651.1","HOXC11",0.248605023177457,0.0357921811355588,"cortex_late","up","enhancer",FALSE,0.920890131252281,1.18287987898072,0.0867610517090843,"HOXC11"
"MA0772.1","IRF7",0.224540299285331,0.0357921811355588,"cortex_late","up","enhancer",FALSE,0.920890131252281,0.752973032019716,0.13441786267678,"IRF7"
"MA0059.1","MAX::MYC",0.178249802969797,0.0349794839265562,"cortex_late","up","enhancer",FALSE,0.922615010462912,1.59369877514418,0.00392039588194372,"MYC"
"MA0889.1","GBX1",0.184433841539732,0.0349794839265562,"cortex_late","up","enhancer",FALSE,0.922615010462912,-0.0916107771471888,0.897775383748752,"GBX1"
"MA0101.1","REL",0.114998662825836,0.0331119295692775,"cortex_late","up","enhancer",FALSE,0.926590984756893,0.585671084063824,0.216511329152222,"REL"
"MA0501.1","MAF::NFE2",0.223366232695066,0.0331119295692775,"cortex_late","up","enhancer",FALSE,0.926590984756893,-0.717073390939694,0.140313942794167,"MAF"
"MA0513.1","SMAD2::SMAD3::SMAD4",0.0935988080828389,0.0331119295692775,"cortex_late","up","enhancer",FALSE,0.926590984756893,0.0977475311134839,0.455184595489929,"SMAD2"
"MA0095.2","YY1",0.144163378849869,0.0331119295692775,"cortex_late","up","enhancer",FALSE,0.926590984756893,-0.0389730044511181,0.759465476477272,"YY1"
"MA0593.1","FOXP2",0.113181068861886,0.0331119295692775,"cortex_late","up","enhancer",FALSE,0.926590984756893,-0.0829980227729784,0.900464314857877,"FOXP2"
"MA0716.1","PRRX1",0.151900479713327,0.0331119295692775,"cortex_late","up","enhancer",FALSE,0.926590984756893,0.886736416470465,0.0540634204856211,"PRRX1"
"MA0754.1","CUX1",0.2493879469997,0.0331119295692775,"cortex_late","up","enhancer",FALSE,0.926590984756893,-0.641032450111093,0.0342591749941847,"CUX1"
"MA0825.1","MNT",0.154421821398988,0.0331119295692775,"cortex_late","up","enhancer",FALSE,0.926590984756893,0.302906271941735,0.167213638976676,"MNT"
"MA1137.1","FOSL1::JUNB",0.166411505659243,0.0331119295692775,"cortex_late","up","enhancer",FALSE,0.926590984756893,2.1164680327118,0.0197929391485239,"FOSL1"
"MA1517.1","KLF6",0.0753702361013779,0.0331119295692775,"cortex_late","up","enhancer",FALSE,0.926590984756893,0.86771683566165,0.0223095177481056,"KLF6"
"MA1557.1","SMAD5",0.255486161669234,0.0331119295692775,"cortex_late","up","enhancer",FALSE,0.926590984756893,-0.150942801064471,0.510765020740912,"SMAD5"
"MA1589.1","ZNF140",0.303481428264053,0.0331119295692775,"cortex_late","up","enhancer",FALSE,0.926590984756893,0.393899644559988,0.161732179270547,"ZNF140"
"MA0788.1","POU3F3",0.161627917978792,0.0313311824800794,"cortex_late","up","enhancer",FALSE,0.930398105757003,0.0267319308019465,0.960186182081946,"POU3F3"
"MA0051.1","IRF2",0.183699799895019,0.0292225476337445,"cortex_late","up","enhancer",FALSE,0.934926462461064,0.0769699881575958,0.530864052179819,"IRF2"
"MA0081.2","SPIB",0.0773997445202639,0.0292225476337445,"cortex_late","up","enhancer",FALSE,0.934926462461064,4.04204885146729,0.0173837458248364,"SPIB"
"MA0481.3","FOXP1",0.116828188049295,0.0267375150935459,"cortex_late","up","enhancer",FALSE,0.940291445209265,0.0699817936924472,0.802846461320763,"FOXP1"
"MA0835.2","BATF3",0.136094993461921,0.0174541224447071,"cortex_late","up","enhancer",FALSE,0.960607288675191,0.832332179940709,0.273401447395069,"BATF3"
"MA0160.1","NR4A2",0.0815233063957841,0.0156632862796775,"cortex_late","up","enhancer",FALSE,0.964576581583087,-0.0847014456279496,0.883972872545245,"NR4A2"
"MA0050.2","IRF1",0.0972174767103633,0.0156632862796775,"cortex_late","up","enhancer",FALSE,0.964576581583087,1.37450664870334,0.0370088681403073,"IRF1"
"MA0655.1","JDP2",0.209544271999095,0.0156632862796775,"cortex_late","up","enhancer",FALSE,0.964576581583087,0.958148104186466,0.0281604421995401,"JDP2"
"MA0838.1","CEBPG",0.264418356359988,0.0156632862796775,"cortex_late","up","enhancer",FALSE,0.964576581583087,0.305243126722244,0.059907451629457,"CEBPG"
"MA1146.1","NR1H4::RXRA",0.150474329121608,0.0156632862796775,"cortex_late","up","enhancer",FALSE,0.964576581583087,-1.46432152794742,0.0290160332017628,"NR1H4"
"MA0463.2","BCL6",0.168982409439228,0.0156632862796775,"cortex_late","up","enhancer",FALSE,0.964576581583087,0.283343608553714,0.355195974619481,"BCL6"
"MA1633.1","BACH1",0.117024695490541,0.0156632862796775,"cortex_late","up","enhancer",FALSE,0.964576581583087,0.236739835308955,0.330451818516026,"BACH1"
"MA0073.1","RREB1",0.0644063011040794,0.0142249817657519,"cortex_late","up","enhancer",FALSE,0.967776379833345,-0.249259241205931,0.381365986845828,"RREB1"
"MA0504.1","NR2C2",0.0675077247019074,0.0142249817657519,"cortex_late","up","enhancer",FALSE,0.967776379833345,0.0321724794062197,0.868099987665514,"NR2C2"
"MA0527.1","ZBTB33",0.161778094815332,0.0142249817657519,"cortex_late","up","enhancer",FALSE,0.967776379833345,0.148073753025283,0.570015727192949,"ZBTB33"
"MA0076.2","ELK4",0.0696897818299034,0.0142249817657519,"cortex_late","up","enhancer",FALSE,0.967776379833345,0.145294651140012,0.559333932042359,"ELK4"
"MA0144.2","STAT3",0.0682036199995446,0.0142249817657519,"cortex_late","up","enhancer",FALSE,0.967776379833345,1.00273246640633,0.00295747396639751,"STAT3"
"MA0475.2","FLI1",0.112548699687474,0.0142249817657519,"cortex_late","up","enhancer",FALSE,0.967776379833345,0.298236443093478,0.475038322911319,"FLI1"
"MA0646.1","GCM1",0.107474731722299,0.0142249817657519,"cortex_late","up","enhancer",FALSE,0.967776379833345,-1.58562808671666,0.0905505567721186,"GCM1"
"MA0663.1","MLX",0.166767828911508,0.0142249817657519,"cortex_late","up","enhancer",FALSE,0.967776379833345,-0.227446554663818,0.117099486189445,"MLX"
"MA0665.1","MSC",0.106126092398156,0.0142249817657519,"cortex_late","up","enhancer",FALSE,0.967776379833345,2.83810899090295,0.0445100977765566,"MSC"
"MA0732.1","EGR3",0.130384688969664,0.0142249817657519,"cortex_late","up","enhancer",FALSE,0.967776379833345,2.19171628325849,0.0195990315066758,"EGR3"
"MA0510.2","RFX5",0.215105102261888,0.0142249817657519,"cortex_late","up","enhancer",FALSE,0.967776379833345,0.492055561028614,0.108562604559514,"RFX5"
"MA0819.1","CLOCK",0.14683111941754,0.0142249817657519,"cortex_late","up","enhancer",FALSE,0.967776379833345,-0.317821511012725,0.277758135839614,"CLOCK"
"MA0058.3","MAX",0.113009015593248,0.0142249817657519,"cortex_late","up","enhancer",FALSE,0.967776379833345,0.294662800734311,0.0799634345403793,"MAX"
"MA0036.3","GATA2",0.0968381064696269,0.0142249817657519,"cortex_late","up","enhancer",FALSE,0.967776379833345,-0.90892281750524,0.0275316731499419,"GATA2"
"MA0147.3","MYC",0.0894326111380108,0.0142249817657519,"cortex_late","up","enhancer",FALSE,0.967776379833345,1.59369877514418,0.00392039588194372,"MYC"
"MA1420.1","IRF5",0.163080863147689,0.0142249817657519,"cortex_late","up","enhancer",FALSE,0.967776379833345,1.54725426674744,0.0552467572711978,"IRF5"
"MA1508.1","IKZF1",0.0561626757962692,0.0142249817657519,"cortex_late","up","enhancer",FALSE,0.967776379833345,2.22001107295305,0.0363179818447436,"IKZF1"
"MA1525.1","NFATC4",0.0707697396447138,0.0142249817657519,"cortex_late","up","enhancer",FALSE,0.967776379833345,0.977455149495591,0.0761228361587083,"NFATC4"
"MA1574.1","THRB",0.109933500356184,0.0142249817657519,"cortex_late","up","enhancer",FALSE,0.967776379833345,-1.64088332630497,0.0117359827762105,"THRB"
"MA0485.2","HOXC9",0.184144775372451,0.0142249817657519,"cortex_late","up","enhancer",FALSE,0.967776379833345,-0.00667709431821262,0.982467088460032,"HOXC9"
"MA0913.2","HOXD9",0.106868624779964,0.0142249817657519,"cortex_late","up","enhancer",FALSE,0.967776379833345,-0.230427773357123,0.408626010330785,"HOXD9"
"MA1643.1","NFIB",0.120672048964376,0.0142249817657519,"cortex_late","up","enhancer",FALSE,0.967776379833345,-0.78864004297513,0.0352126130323532,"NFIB"
"MA0154.4","EBF1",0.0642223255046304,0.0142249817657519,"cortex_late","up","enhancer",FALSE,0.967776379833345,0.0705077451459912,0.869678746385901,"EBF1"
"MA0809.2","TEAD4",0.0785949243664401,0.0142249817657519,"cortex_late","up","enhancer",FALSE,0.967776379833345,0.944874047266597,0.0141629003102845,"TEAD4"
"MA1484.1","ETS2",0.0925740268976885,0.010972292644278,"cortex_late","up","enhancer",FALSE,0.975051842621204,0.245565019311631,0.380848480870962,"ETS2"
"MA0899.1","HOXA10",0.0904773871638938,0.009084527603575,"cortex_late","up","enhancer",FALSE,0.979299363865047,-0.31035266242151,0.0504512039170657,"HOXA10"
"MA0104.4","MYCN",0.0919076128941922,0.009084527603575,"cortex_late","up","enhancer",FALSE,0.979299363865047,-0.281144547923944,0.378093464677391,"MYCN"
"MA1112.2","NR4A1",0.0687506021413817,0.00152335884427472,"cortex_late","up","enhancer",FALSE,0.996498481298466,-0.886839565583435,0.304379979828154,"NR4A1"
"MA0107.1","RELA",0.0622618208198089,0.000285318214493709,"cortex_late","up","enhancer",FALSE,0.999343246289736,0.468388098918431,0.0418983327896446,"RELA"
"MA0478.1","FOSL2",0.0648171867320304,0.000285318214493709,"cortex_late","up","enhancer",FALSE,0.999343246289736,1.02982069670662,0.00558578197927428,"FOSL2"
"MA0625.1","NFATC3",0.0634501496467825,0.000285318214493709,"cortex_late","up","enhancer",FALSE,0.999343246289736,-0.012754814397729,0.938948105012166,"NFATC3"
"MA0131.2","HINFP",0.0677462820791757,0.000285318214493709,"cortex_late","up","enhancer",FALSE,0.999343246289736,-0.0795704979626128,0.704311439553746,"HINFP"
"MA0046.2","HNF1A",0.138167637409702,0.000285318214493709,"cortex_late","up","enhancer",FALSE,0.999343246289736,-1.12890575134969,0.0417521766204149,"HNF1A"
"MA0664.1","MLXIPL",0.116540472405581,0.000285318214493709,"cortex_late","up","enhancer",FALSE,0.999343246289736,0.117551510151253,0.856432606821586,"MLXIPL"
"MA0727.1","NR3C2",0.137024647056195,0.000285318214493709,"cortex_late","up","enhancer",FALSE,0.999343246289736,-0.903054018037075,0.0144588921418935,"NR3C2"
"MA0474.2","ERG",0.0660054975108322,0.000285318214493709,"cortex_late","up","enhancer",FALSE,0.999343246289736,-0.103774229931975,0.763029966547876,"ERG"
"MA0098.3","ETS1",0.0734182488953161,0.000285318214493709,"cortex_late","up","enhancer",FALSE,0.999343246289736,0.110528725330052,0.763121235421287,"ETS1"
"MA0600.2","RFX2",0.178825164270481,0.000285318214493709,"cortex_late","up","enhancer",FALSE,0.999343246289736,-0.0991956833708283,0.747779912996063,"RFX2"
"MA0797.1","TGIF2",0.132370521544816,0.000285318214493709,"cortex_late","up","enhancer",FALSE,0.999343246289736,-0.118971629179483,0.655699500756415,"TGIF2"
"MA0846.1","FOXC2",0.0609149370533988,0.000285318214493709,"cortex_late","up","enhancer",FALSE,0.999343246289736,0.422980245283098,0.257109956244467,"FOXC2"
"MA0855.1","RXRB",0.176420846955555,0.000285318214493709,"cortex_late","up","enhancer",FALSE,0.999343246289736,-0.0208673833180706,0.886281683936467,"RXRB"
"MA0106.3","TP53",0.201343011423946,0.000285318214493709,"cortex_late","up","enhancer",FALSE,0.999343246289736,0.611285532919856,0.0658521904163743,"TP53"
"MA0903.1","HOXB3",0.0919767323532632,0.000285318214493709,"cortex_late","up","enhancer",FALSE,0.999343246289736,0.313284908412333,0.306710999720568,"HOXB3"
"MA0908.1","HOXD11",0.102832981798368,0.000285318214493709,"cortex_late","up","enhancer",FALSE,0.999343246289736,0.506225972671253,0.302202683568591,"HOXD11"
"MA1418.1","IRF3",0.135812683407278,0.000285318214493709,"cortex_late","up","enhancer",FALSE,0.999343246289736,0.306682115366221,0.244257623646754,"IRF3"
"MA1419.1","IRF4",0.151226563588357,0.000285318214493709,"cortex_late","up","enhancer",FALSE,0.999343246289736,2.16513839358483,0.0529157472414669,"IRF4"
"MA1464.1","ARNT2",0.0782037980391745,0.000285318214493709,"cortex_late","up","enhancer",FALSE,0.999343246289736,-0.22817613742687,0.482093876246079,"ARNT2"
"MA1501.1","HOXB7",0.077469514132634,0.000285318214493709,"cortex_late","up","enhancer",FALSE,0.999343246289736,0.0354460013085491,0.923104840635492,"HOXB7"
"MA1504.1","HOXC4",0.0646789717203138,0.000285318214493709,"cortex_late","up","enhancer",FALSE,0.999343246289736,0.119712141715202,0.711366561610109,"HOXC4"
"MA1515.1","KLF2",0.0307903437149708,0.000285318214493709,"cortex_late","up","enhancer",FALSE,0.999343246289736,1.07825231297991,0.0124480888089217,"KLF2"
"MA1516.1","KLF3",0.0553626376362129,0.000285318214493709,"cortex_late","up","enhancer",FALSE,0.999343246289736,0.272535579530264,0.121673824398283,"KLF3"
"MA1520.1","MAF",0.0761142558765364,0.000285318214493709,"cortex_late","up","enhancer",FALSE,0.999343246289736,-0.717073390939694,0.140313942794167,"MAF"
"MA1583.1","ZFP57",0.0844161554529528,0.000285318214493709,"cortex_late","up","enhancer",FALSE,0.999343246289736,-0.102293792219129,0.484423324620714,"ZFP57"
"MA1585.1","ZKSCAN1",0.0768419720987321,0.000285318214493709,"cortex_late","up","enhancer",FALSE,0.999343246289736,-0.169437757687677,0.421232671434503,"ZKSCAN1"
"MA0912.2","HOXD3",0.0693994234224959,0.000285318214493709,"cortex_late","up","enhancer",FALSE,0.999343246289736,-0.169441925491237,0.532558320585433,"HOXD3"
"MA0842.2","NRL",0.0917009942786935,0.000285318214493709,"cortex_late","up","enhancer",FALSE,0.999343246289736,-0.673884997599162,0.0390147111492045,"NRL"
"MA0761.2","ETV1",0.0354554990872948,0.000285318214493709,"cortex_late","up","enhancer",FALSE,0.999343246289736,0.24093031494394,0.410147067585754,"ETV1"
"MA1104.2","GATA6",0.0759612827985396,0.000285318214493709,"cortex_late","up","enhancer",FALSE,0.999343246289736,1.17421609565501,0.0480342580794902,"GATA6"
"MA1107.2","KLF9",0.0343450704727104,0.000285318214493709,"cortex_late","up","enhancer",FALSE,0.999343246289736,-0.127729319387472,0.82451556064693,"KLF9"
"MA0659.2","MAFG",0.0792030069534162,0.000285318214493709,"cortex_late","up","enhancer",FALSE,0.999343246289736,0.113821361373602,0.531898520522452,"MAFG"
"MA0496.3","MAFK",0.0663667624239404,0.000285318214493709,"cortex_late","up","enhancer",FALSE,0.999343246289736,-0.0601619570222027,0.821042255672422,"MAFK"
"MA0056.2","MZF1",0.0662360690566395,0.000285318214493709,"cortex_late","up","enhancer",FALSE,0.999343246289736,0.22839474111009,0.272126907316133,"MZF1"
"MA0679.2","ONECUT1",0.0680638455073987,0.000285318214493709,"cortex_late","up","enhancer",FALSE,0.999343246289736,-0.285540496962716,0.813978789470793,"ONECUT1"
"MA0066.1","PPARG",-0.10499290815895,0,"cortex_late","up","enhancer",FALSE,1,-0.0225518749768592,0.960035379799859,"PPARG"
"MA0070.1","PBX1",-0.0697468536585655,0,"cortex_late","up","enhancer",FALSE,1,0.044904694999107,0.873847514856928,"PBX1"
"MA0071.1","RORA",-0.0719127394820909,0,"cortex_late","up","enhancer",FALSE,1,-0.361064425540366,0.419005831013643,"RORA"
"MA0074.1","RXRA::VDR",-0.174199771721677,0,"cortex_late","up","enhancer",FALSE,1,-0.356143623481072,0.0459711949172875,"RXRA"
"MA0077.1","SOX9",-0.011672065015631,0,"cortex_late","up","enhancer",FALSE,1,2.6359721810194,0.0048133053088007,"SOX9"
"MA0115.1","NR1H2::RXRA",-0.230287697135348,0,"cortex_late","up","enhancer",FALSE,1,-0.356143623481072,0.0459711949172875,"RXRA"
"MA0139.1","CTCF",0.0117372221026706,0,"cortex_late","up","enhancer",FALSE,1,-0.183644533598926,0.176418526527996,"CTCF"
"MA0138.2","REST",-0.0211275982597554,0,"cortex_late","up","enhancer",FALSE,1,0.0739363655191427,0.793257436266966,"REST"
"MA0152.1","NFATC2",-0.0423298067731732,0,"cortex_late","up","enhancer",FALSE,1,0.429360097778478,0.301594692263252,"NFATC2"
"MA0159.1","RARA::RXRA",-0.0267376027753858,0,"cortex_late","up","enhancer",FALSE,1,-0.356143623481072,0.0459711949172875,"RXRA"
"MA0259.1","ARNT::HIF1A",-0.182585793352755,0,"cortex_late","up","enhancer",FALSE,1,1.17233151724341,0.00295747396639751,"HIF1A"
"MA0488.1","JUN",-0.291504702575315,0,"cortex_late","up","enhancer",FALSE,1,0.236695319839362,0.485227546006482,"JUN"
"MA0497.1","MEF2C",0.000118850136301418,0,"cortex_late","up","enhancer",FALSE,1,0.319385298715242,0.442916752514626,"MEF2C"
"MA0506.1","NRF1",-0.105433670357343,0,"cortex_late","up","enhancer",FALSE,1,0.149732550000495,0.457806901564603,"NRF1"
"MA0507.1","POU2F2",-0.100349555304422,0,"cortex_late","up","enhancer",FALSE,1,2.77086498509866,0.0353960228761903,"POU2F2"
"MA0523.1","TCF7L2",-0.0691325498258522,0,"cortex_late","up","enhancer",FALSE,1,0.0108251517279818,0.952896055846399,"TCF7L2"
"MA0137.3","STAT1",-0.0271945692693034,0,"cortex_late","up","enhancer",FALSE,1,0.598592267430019,0.0910113247364219,"STAT1"
"MA0140.2","GATA1::TAL1",-0.202001914171221,0,"cortex_late","up","enhancer",FALSE,1,0.227539284176945,0.612665933526567,"TAL1"
"MA0597.1","THAP1",-0.0739171243260222,0,"cortex_late","up","enhancer",FALSE,1,-0.38562603217246,0.122935861541347,"THAP1"
"MA0599.1","KLF5",-0.0277289543658501,0,"cortex_late","up","enhancer",FALSE,1,0.709010793474663,0.0834348020920189,"KLF5"
"MA0610.1","DMRT3",-0.180529790180157,0,"cortex_late","up","enhancer",FALSE,1,-0.0125695762907758,0.993696658245056,"DMRT3"
"MA0636.1","BHLHE41",-0.183805104442984,0,"cortex_late","up","enhancer",FALSE,1,0.133273006495653,0.674656617449794,"BHLHE41"
"MA0637.1","CENPB",-0.0516312699239023,0,"cortex_late","up","enhancer",FALSE,1,0.244494560013124,0.149536134045034,"CENPB"
"MA0641.1","ELF4",-0.378229859219332,0,"cortex_late","up","enhancer",FALSE,1,1.17577986055067,0.0642525218045304,"ELF4"
"MA0136.2","ELF5",-0.0756615051837981,0,"cortex_late","up","enhancer",FALSE,1,-1.73309933406235,0.0144800048063897,"ELF5"
"MA0645.1","ETV6",-0.00281011198987002,0,"cortex_late","up","enhancer",FALSE,1,0.034785968877614,0.792619376563549,"ETV6"
"MA0033.2","FOXL1",0.0247204062950166,0,"cortex_late","up","enhancer",FALSE,1,1.19368248768637,0.0335304840110292,"FOXL1"
"MA0649.1","HEY2",-0.0082137753779481,0,"cortex_late","up","enhancer",FALSE,1,-0.41384132428043,0.438115949231322,"HEY2"
"MA0153.2","HNF1B",0.104038970850146,0,"cortex_late","up","enhancer",FALSE,1,-0.300693670103914,0.22628344735265,"HNF1B"
"MA0486.2","HSF1",-0.250754287006204,0,"cortex_late","up","enhancer",FALSE,1,-0.0819535439365673,0.604841037714736,"HSF1"
"MA0653.1","IRF9",-0.00026218791603938,0,"cortex_late","up","enhancer",FALSE,1,1.00680066430244,0.0230294800587811,"IRF9"
"MA0657.1","KLF13",-0.0102829675470675,0,"cortex_late","up","enhancer",FALSE,1,0.374872227694996,0.156973312747279,"KLF13"
"MA0660.1","MEF2B",0.0119327656212249,0,"cortex_late","up","enhancer",FALSE,1,0.475476739336793,0.483055531105224,"MEF2B"
"MA0666.1","MSX1",0.00932665386953158,0,"cortex_late","up","enhancer",FALSE,1,0.0921852394115059,0.836693600199941,"MSX1"
"MA0670.1","NFIA",-0.207775289003584,0,"cortex_late","up","enhancer",FALSE,1,-0.0398914376590245,0.854499794967671,"NFIA"
"MA0671.1","NFIX",-0.113094908317362,0,"cortex_late","up","enhancer",FALSE,1,0.91418672983295,0.0453733651044089,"NFIX"
"MA0685.1","SP4",-0.207180684097775,0,"cortex_late","up","enhancer",FALSE,1,0.00332818992910378,0.992051407147016,"SP4"
"MA0083.3","SRF",-0.0470169112291421,0,"cortex_late","up","enhancer",FALSE,1,0.380519184163411,0.0568978057538719,"SRF"
"MA0688.1","TBX2",0.0351025680464589,0,"cortex_late","up","enhancer",FALSE,1,-0.109801198875916,0.631193871684476,"TBX2"
"MA0690.1","TBX21",-0.171618395996998,0,"cortex_late","up","enhancer",FALSE,1,1.5901515895646,0.10429582732512,"TBX21"
"MA0145.3","TFCP2",-0.163547064479437,0,"cortex_late","up","enhancer",FALSE,1,-0.266692679387171,0.0243269210431907,"TFCP2"
"MA0692.1","TFEB",-0.071819053594413,0,"cortex_late","up","enhancer",FALSE,1,0.552400990362843,0.0597696900809219,"TFEB"
"MA0698.1","ZBTB18",-0.288417924606793,0,"cortex_late","up","enhancer",FALSE,1,0.0380823135827346,0.839625595030169,"ZBTB18"
"MA0112.3","ESR1",-0.0485089161232253,0,"cortex_late","up","enhancer",FALSE,1,-0.594796239557795,0.104998049439265,"ESR1"
"MA0017.2","NR2F1",0.0160944953475379,0,"cortex_late","up","enhancer",FALSE,1,0.69381230140943,0.231854717997705,"NR2F1"
"MA0113.3","NR3C1",0.129808708327172,0,"cortex_late","up","enhancer",FALSE,1,-0.483784123149037,0.0208891789272678,"NR3C1"
"MA0729.1","RARA",-0.158059911939106,0,"cortex_late","up","enhancer",FALSE,1,0.136091981256486,0.611362538640729,"RARA"
"MA0731.1","BCL6B",-0.114615921936798,0,"cortex_late","up","enhancer",FALSE,1,-0.153584767393532,0.715590431726879,"BCL6B"
"MA0472.2","EGR2",-0.0205389402507761,0,"cortex_late","up","enhancer",FALSE,1,2.95735801354798,0.00718652392371367,"EGR2"
"MA0736.1","GLIS2",-0.0569974873949812,0,"cortex_late","up","enhancer",FALSE,1,-0.470328235111768,0.0596788654152836,"GLIS2"
"MA0737.1","GLIS3",0.0168850862737582,0,"cortex_late","up","enhancer",FALSE,1,0.259106835857718,0.355310672553884,"GLIS3"
"MA0738.1","HIC2",-0.0391417390961166,0,"cortex_late","up","enhancer",FALSE,1,0.192753386460157,0.320216921626423,"HIC2"
"MA0741.1","KLF16",-0.00237156529021831,0,"cortex_late","up","enhancer",FALSE,1,0.614789041339658,0.0460520770974238,"KLF16"
"MA0749.1","ZBED1",0.000419906091630118,0,"cortex_late","up","enhancer",FALSE,1,0.450962914238764,0.0606547245414666,"ZBED1"
"MA0752.1","ZNF410",-0.000951551751674717,0,"cortex_late","up","enhancer",FALSE,1,-0.407232157302526,0.011846278560058,"ZNF410"
"MA0759.1","ELK3",-0.107755559431711,0,"cortex_late","up","enhancer",FALSE,1,0.327017028982867,0.256682012109033,"ELK3"
"MA0760.1","ERF",0.00576846267827058,0,"cortex_late","up","enhancer",FALSE,1,-0.24005981400277,0.309753890229849,"ERF"
"MA0762.1","ETV2",-0.00633853617724967,0,"cortex_late","up","enhancer",FALSE,1,0.52799188490058,0.377595807170613,"ETV2"
"MA0763.1","ETV3",0.0104403851586916,0,"cortex_late","up","enhancer",FALSE,1,0.181491501579432,0.202923990342444,"ETV3"
"MA0768.1","LEF1",-0.154223037735316,0,"cortex_late","up","enhancer",FALSE,1,1.88826364930654,0.0221474447125904,"LEF1"
"MA0770.1","HSF2",-0.412086948027626,0,"cortex_late","up","enhancer",FALSE,1,0.0570072184504249,0.729396393191233,"HSF2"
"MA0771.1","HSF4",-0.299283479765219,0,"cortex_late","up","enhancer",FALSE,1,1.02207314332088,0.0470963824090366,"HSF4"
"MA0773.1","MEF2D",-0.0681737584250399,0,"cortex_late","up","enhancer",FALSE,1,0.26828937147201,0.134957820351708,"MEF2D"
"MA0498.2","MEIS1",0.0529258271950477,0,"cortex_late","up","enhancer",FALSE,1,0.654845987538121,0.174122993503971,"MEIS1"
"MA0774.1","MEIS2",-0.0233668273857717,0,"cortex_late","up","enhancer",FALSE,1,-0.00737466780841167,0.987239952847187,"MEIS2"
"MA0775.1","MEIS3",-0.0240069682672521,0,"cortex_late","up","enhancer",FALSE,1,1.10896130509657,0.0669951221781059,"MEIS3"
"MA0776.1","MYBL1",-0.427030376974127,0,"cortex_late","up","enhancer",FALSE,1,1.71564957761794,0.0116715334061847,"MYBL1"
"MA0777.1","MYBL2",-0.301810991251832,0,"cortex_late","up","enhancer",FALSE,1,2.55780018493884,0.0197929391485239,"MYBL2"
"MA0105.4","NFKB1",-0.078622661152747,0,"cortex_late","up","enhancer",FALSE,1,0.396848107867562,0.0976924350772323,"NFKB1"
"MA0778.1","NFKB2",0.0189443354069274,0,"cortex_late","up","enhancer",FALSE,1,0.748268146273772,0.0912965793878542,"NFKB2"
"MA0785.1","POU2F1",0.00928153025152678,0,"cortex_late","up","enhancer",FALSE,1,0.232651432584781,0.408626010330785,"POU2F1"
"MA0511.2","RUNX2",-0.0751599973766934,0,"cortex_late","up","enhancer",FALSE,1,2.04041216973746,0.0181605953794278,"RUNX2"
"MA0800.1","EOMES",-0.0734903182095348,0,"cortex_late","up","enhancer",FALSE,1,2.33632558941431,0.0497254831653571,"EOMES"
"MA0801.1","MGA",0.0338576671246837,0,"cortex_late","up","enhancer",FALSE,1,-0.00380150397538337,0.983059367054861,"MGA"
"MA0805.1","TBX1",0.0220888510630415,0,"cortex_late","up","enhancer",FALSE,1,2.1449261978677,0.0317196793213829,"TBX1"
"MA0811.1","TFAP2B",-0.0510128527050568,0,"cortex_late","up","enhancer",FALSE,1,-0.237084005016227,0.551875099791801,"TFAP2B"
"MA0464.2","BHLHE40",-0.0153670084560975,0,"cortex_late","up","enhancer",FALSE,1,0.329607409803677,0.317642356491303,"BHLHE40"
"MA0839.1","CREB3L1",-0.025199101638683,0,"cortex_late","up","enhancer",FALSE,1,2.42651411632473,0.00937142501801273,"CREB3L1"
"MA0843.1","TEF",-0.525374699085233,0,"cortex_late","up","enhancer",FALSE,1,-0.881861603659547,0.00698531122215053,"TEF"
"MA0856.1","RXRG",-0.0753656553259763,0,"cortex_late","up","enhancer",FALSE,1,-0.336850998988665,0.703592536732438,"RXRG"
"MA0861.1","TP73",0.0122328123341831,0,"cortex_late","up","enhancer",FALSE,1,0.179201540102994,0.766143713200244,"TP73"
"MA0862.1","GMEB2",-0.119752689778534,0,"cortex_late","up","enhancer",FALSE,1,0.0625284080468242,0.678097042870395,"GMEB2"
"MA0024.3","E2F1",-0.307483190017093,0,"cortex_late","up","enhancer",FALSE,1,0.0336666330839055,0.932472173676642,"E2F1"
"MA0028.2","ELK1",0.0275795804602303,0,"cortex_late","up","enhancer",FALSE,1,0.24092635835186,0.173832506816299,"ELK1"
"MA0891.1","GSC2",-0.292676838986238,0,"cortex_late","up","enhancer",FALSE,1,-1.25848589432203,0.0869476361504072,"GSC2"
"MA0895.1","HMBOX1",-0.62995455415974,0,"cortex_late","up","enhancer",FALSE,1,-0.238052557641045,0.273346129517088,"HMBOX1"
"MA0852.2","FOXK1",0.00512537015097703,0,"cortex_late","up","enhancer",FALSE,1,-0.134485470069213,0.393562785491807,"FOXK1"
"MA0161.2","NFIC",-0.22165690875133,0,"cortex_late","up","enhancer",FALSE,1,0.0436273452510321,0.83858300186558,"NFIC"
"MA0060.3","NFYA",0.0265246332310474,0,"cortex_late","up","enhancer",FALSE,1,0.118343667952641,0.464941495194905,"NFYA"
"MA1110.1","NR1H4",-0.269650007123124,0,"cortex_late","up","enhancer",FALSE,1,-1.46432152794742,0.0290160332017628,"NR1H4"
"MA1111.1","NR2F2",-0.129823836412812,0,"cortex_late","up","enhancer",FALSE,1,0.25083891617585,0.222832215271184,"NR2F2"
"MA1116.1","RBPJ",0.0147952170933401,0,"cortex_late","up","enhancer",FALSE,1,0.354243261065127,0.0529157472414669,"RBPJ"
"MA1117.1","RELB",-0.138581722134028,0,"cortex_late","up","enhancer",FALSE,1,1.01172221690503,0.0592750847266929,"RELB"
"MA1120.1","SOX13",0.0509840702499273,0,"cortex_late","up","enhancer",FALSE,1,-0.110795667784516,0.701125737099856,"SOX13"
"MA1121.1","TEAD2",-0.0854374990269715,0,"cortex_late","up","enhancer",FALSE,1,0.378590154167507,0.205640859642847,"TEAD2"
"MA1122.1","TFDP1",-0.140599873004691,0,"cortex_late","up","enhancer",FALSE,1,0.0398925830544039,0.762615861636997,"TFDP1"
"MA0750.2","ZBTB7A",-0.00881702565969178,0,"cortex_late","up","enhancer",FALSE,1,0.241835027961858,0.0636969423654887,"ZBTB7A"
"MA0103.3","ZEB1",-0.115435568178603,0,"cortex_late","up","enhancer",FALSE,1,-0.221755541245513,0.454317257917418,"ZEB1"
"MA1124.1","ZNF24",-0.0999941360924463,0,"cortex_late","up","enhancer",FALSE,1,-0.104250266953811,0.509591246816461,"ZNF24"
"MA1125.1","ZNF384",0.00940261597242209,0,"cortex_late","up","enhancer",FALSE,1,-0.207547397485206,0.0857121114228499,"ZNF384"
"MA1154.1","ZNF282",-0.323736017836775,0,"cortex_late","up","enhancer",FALSE,1,-0.081807644359813,0.620810139669069,"ZNF282"
"MA1126.1","FOS::JUN(var.2)",-0.346408172029593,0,"cortex_late","up","enhancer",FALSE,1,0.0826020248799741,0.94439835226923,"FOS"
"MA1127.1","FOSB::JUN",-0.202179284852322,0,"cortex_late","up","enhancer",FALSE,1,0.236695319839362,0.485227546006482,"JUN"
"MA1129.1","FOSL1::JUN(var.2)",-0.310372714045606,0,"cortex_late","up","enhancer",FALSE,1,2.1164680327118,0.0197929391485239,"FOSL1"
"MA1131.1","FOSL2::JUN(var.2)",-0.336301497356395,0,"cortex_late","up","enhancer",FALSE,1,1.02982069670662,0.00558578197927428,"FOSL2"
"MA1133.1","JUN::JUNB(var.2)",-0.235270016727539,0,"cortex_late","up","enhancer",FALSE,1,0.236695319839362,0.485227546006482,"JUN"
"MA1136.1","FOSB::JUNB(var.2)",-0.0574656549791204,0,"cortex_late","up","enhancer",FALSE,1,-0.161525958582189,0.898038142465522,"FOSB"
"MA1139.1","FOSL2::JUNB(var.2)",-0.326724299095201,0,"cortex_late","up","enhancer",FALSE,1,1.02982069670662,0.00558578197927428,"FOSL2"
"MA1143.1","FOSL1::JUND(var.2)",-0.0653475209327397,0,"cortex_late","up","enhancer",FALSE,1,2.1164680327118,0.0197929391485239,"FOSL1"
"MA1145.1","FOSL2::JUND(var.2)",-0.195524011490823,0,"cortex_late","up","enhancer",FALSE,1,1.02982069670662,0.00558578197927428,"FOSL2"
"MA1148.1","PPARA::RXRA",-0.0134582199837219,0,"cortex_late","up","enhancer",FALSE,1,-1.37811628703652,0.019803145149502,"PPARA"
"MA1149.1","RARA::RXRG",-0.098218816496213,0,"cortex_late","up","enhancer",FALSE,1,0.136091981256486,0.611362538640729,"RARA"
"MA1151.1","RORC",-0.108772838361062,0,"cortex_late","up","enhancer",FALSE,1,-1.11452511687552,0.0489929491937334,"RORC"
"MA0831.2","TFE3",-0.130907725271527,0,"cortex_late","up","enhancer",FALSE,1,0.00229924612834509,0.987493810891898,"TFE3"
"MA0693.2","VDR",0.0461436792913936,0,"cortex_late","up","enhancer",FALSE,1,0.33930558321493,0.454946258345994,"VDR"
"MA1421.1","TCF7L1",-0.0404347749902687,0,"cortex_late","up","enhancer",FALSE,1,0.0138295962882022,0.967849830050751,"TCF7L1"
"MA1101.2","BACH2",-0.0994707887568875,0,"cortex_late","up","enhancer",FALSE,1,0.871316276844716,0.156855941522764,"BACH2"
"MA1471.1","BARX2",-0.0973493969622812,0,"cortex_late","up","enhancer",FALSE,1,1.36449236868885,0.0767377576887523,"BARX2"
"MA1483.1","ELF2",-0.505124489417948,0,"cortex_late","up","enhancer",FALSE,1,-0.0959251023429504,0.671150630721854,"ELF2"
"MA1487.1","FOXE1",-0.106017002553503,0,"cortex_late","up","enhancer",FALSE,1,0.251220572646225,0.866414771816428,"FOXE1"
"MA1489.1","FOXN3",-0.154056764852253,0,"cortex_late","up","enhancer",FALSE,1,-0.021463822081496,0.934394450068386,"FOXN3"
"MA1491.1","GLI3",0.0348858357776489,0,"cortex_late","up","enhancer",FALSE,1,0.197493343304858,0.420432558765284,"GLI3"
"MA1493.1","HES6",-0.351830286431789,0,"cortex_late","up","enhancer",FALSE,1,0.116164636784573,0.712028543813991,"HES6"
"MA1496.1","HOXA4",0.0316225604781266,0,"cortex_late","up","enhancer",FALSE,1,-0.335100494956715,0.0840260100357667,"HOXA4"
"MA1497.1","HOXA6",0.0111534349831954,0,"cortex_late","up","enhancer",FALSE,1,0.0798267991047208,0.764859569840842,"HOXA6"
"MA1498.1","HOXA7",-0.258968635488951,0,"cortex_late","up","enhancer",FALSE,1,-0.648215791064456,0.0233992953367174,"HOXA7"
"MA1499.1","HOXB4",-0.0127614886442657,0,"cortex_late","up","enhancer",FALSE,1,-0.221650499086614,0.434236069075196,"HOXB4"
"MA1500.1","HOXB6",-0.114078828740764,0,"cortex_late","up","enhancer",FALSE,1,0.0961797422349768,0.792747952092405,"HOXB6"
"MA1502.1","HOXB8",-0.189424328792973,0,"cortex_late","up","enhancer",FALSE,1,0.287641927932375,0.480252060759669,"HOXB8"
"MA1505.1","HOXC8",-0.00591524334501781,0,"cortex_late","up","enhancer",FALSE,1,0.256911703798522,0.353533977233686,"HOXC8"
"MA1507.1","HOXD4",-0.0389627637413437,0,"cortex_late","up","enhancer",FALSE,1,-0.266282647236639,0.255639507718774,"HOXD4"
"MA1509.1","IRF6",-0.0827110210393247,0,"cortex_late","up","enhancer",FALSE,1,-0.400123438782607,0.1786866707416,"IRF6"
"MA1511.1","KLF10",-0.0417357944384982,0,"cortex_late","up","enhancer",FALSE,1,1.16421515487143,0.00698531122215053,"KLF10"
"MA1512.1","KLF11",-0.0485700731263883,0,"cortex_late","up","enhancer",FALSE,1,0.60779715049051,0.0865189883942141,"KLF11"
"MA1513.1","KLF15",-0.111660534511925,0,"cortex_late","up","enhancer",FALSE,1,-1.2163342939382,0.0568963189960909,"KLF15"
"MA1518.1","LHX1",-0.239933834982424,0,"cortex_late","up","enhancer",FALSE,1,-1.23035935203172,0.0362673617296545,"LHX1"
"MA1522.1","MAZ",-0.00355784320337271,0,"cortex_late","up","enhancer",FALSE,1,0.0552141297775917,0.804694482654362,"MAZ"
"MA1523.1","MSANTD3",-0.0437971972401847,0,"cortex_late","up","enhancer",FALSE,1,-0.295304696191521,0.269507575088981,"MSANTD3"
"MA1531.1","NR1D1",-0.109626057850662,0,"cortex_late","up","enhancer",FALSE,1,-0.945179172807376,0.0245984270450917,"NR1D1"
"MA1532.1","NR1D2",-0.0599065545265463,0,"cortex_late","up","enhancer",FALSE,1,-0.672368379452131,0.0272825130609225,"NR1D2"
"MA1542.1","OSR1",-0.0401682222316069,0,"cortex_late","up","enhancer",FALSE,1,-0.291012330687884,0.589932180713017,"OSR1"
"MA1544.1","OVOL1",0.093311088280903,0,"cortex_late","up","enhancer",FALSE,1,-0.472754789640812,0.342179623666503,"OVOL1"
"MA1545.1","OVOL2",0.00248364349734764,0,"cortex_late","up","enhancer",FALSE,1,-0.907209065606548,0.175333408515008,"OVOL2"
"MA1547.1","PITX2",-0.22733010536766,0,"cortex_late","up","enhancer",FALSE,1,-0.899741747024079,0.106824570811437,"PITX2"
"MA1548.1","PLAGL2",-0.0634921766375189,0,"cortex_late","up","enhancer",FALSE,1,0.00433253723925286,0.979261986561269,"PLAGL2"
"MA1550.1","PPARD",0.0780471341523228,0,"cortex_late","up","enhancer",FALSE,1,0.593602782098353,0.0556067092227686,"PPARD"
"MA1558.1","SNAI1",-0.155105614057112,0,"cortex_late","up","enhancer",FALSE,1,1.07137823300724,0.0162831409125398,"SNAI1"
"MA1561.1","SOX12",-0.0677236038426656,0,"cortex_late","up","enhancer",FALSE,1,-0.388855539379585,0.1786866707416,"SOX12"
"MA1566.1","TBX3",-0.255727579332372,0,"cortex_late","up","enhancer",FALSE,1,0.096232494089957,0.759926920367544,"TBX3"
"MA1567.1","TBX6",-0.167868068976023,0,"cortex_late","up","enhancer",FALSE,1,-0.544515299224096,0.277758135839614,"TBX6"
"MA1573.1","THAP11",-0.597689302867522,0,"cortex_late","up","enhancer",FALSE,1,-0.132877282302207,0.459232745580027,"THAP11"
"MA1578.1","VEZF1",-0.0635599752923852,0,"cortex_late","up","enhancer",FALSE,1,0.132918528911464,0.407446032676259,"VEZF1"
"MA1579.1","ZBTB26",-0.0237210400661496,0,"cortex_late","up","enhancer",FALSE,1,-0.340993936341768,0.217014701723913,"ZBTB26"
"MA1581.1","ZBTB6",-0.157749535395055,0,"cortex_late","up","enhancer",FALSE,1,-0.15999992993106,0.67155032778739,"ZBTB6"
"MA1592.1","ZNF274",0.0497052617988487,0,"cortex_late","up","enhancer",FALSE,1,0.386631308249538,0.159072619765945,"ZNF274"
"MA1593.1","ZNF317",-0.0383309660155682,0,"cortex_late","up","enhancer",FALSE,1,0.193400861198292,0.0929874116877458,"ZNF317"
"MA1594.1","ZNF382",-0.168898460543098,0,"cortex_late","up","enhancer",FALSE,1,-0.0830214501206012,0.792374614051998,"ZNF382"
"MA1600.1","ZNF684",-0.122342161904831,0,"cortex_late","up","enhancer",FALSE,1,0.253799891779798,0.352824517271512,"ZNF684"
"MA1601.1","ZNF75D",0.0221394258759062,0,"cortex_late","up","enhancer",FALSE,1,-0.0362019657369963,0.808290956970266,"ZNF75D"
"MA1602.1","ZSCAN29",-0.240108613006059,0,"cortex_late","up","enhancer",FALSE,1,-0.16014756295271,0.37273470371067,"ZSCAN29"
"MA0605.2","ATF3",-0.22366667562494,0,"cortex_late","up","enhancer",FALSE,1,1.21875432597113,0.0351582015682901,"ATF3"
"MA0864.2","E2F2",-0.0617664355624479,0,"cortex_late","up","enhancer",FALSE,1,2.16203592414378,0.0314102810843789,"E2F2"
"MA0469.3","E2F3",-0.192100535594096,0,"cortex_late","up","enhancer",FALSE,1,0.094022181741158,0.778202464342113,"E2F3"
"MA0470.2","E2F4",0.0917707389664288,0,"cortex_late","up","enhancer",FALSE,1,0.252386782389945,0.172293205725189,"E2F4"
"MA0847.2","FOXD2",-0.101456750870295,0,"cortex_late","up","enhancer",FALSE,1,-0.651122989619007,0.186217312814842,"FOXD2"
"MA0038.2","GFI1",-0.0468381214328133,0,"cortex_late","up","enhancer",FALSE,1,2.37718264921134,0.0251792297685187,"GFI1"
"MA1099.2","HES1",0.0004507483152425,0,"cortex_late","up","enhancer",FALSE,1,0.330834904257453,0.233765201687004,"HES1"
"MA0900.2","HOXA2",-0.0112771876575861,0,"cortex_late","up","enhancer",FALSE,1,0.436270978219671,0.256682012109033,"HOXA2"
"MA0158.2","HOXA5",-0.176888593675008,0,"cortex_late","up","enhancer",FALSE,1,0.0249634331545669,0.924492737629551,"HOXA5"
"MA0902.2","HOXB2",-0.123604240500742,0,"cortex_late","up","enhancer",FALSE,1,0.163351086883023,0.6445039888255,"HOXB2"
"MA0904.2","HOXB5",-0.10940522418375,0,"cortex_late","up","enhancer",FALSE,1,-0.0301866597437899,0.94624728521372,"HOXB5"
"MA0910.2","HOXD8",-0.197565445525463,0,"cortex_late","up","enhancer",FALSE,1,-0.224916284023403,0.476287889403581,"HOXD8"
"MA0867.2","SOX4",-0.257059575974092,0,"cortex_late","up","enhancer",FALSE,1,0.304878863647484,0.549826892992682,"SOX4"
"MA0079.4","SP1",-0.08983206036332,0,"cortex_late","up","enhancer",FALSE,1,-0.0412343232999097,0.833888977459003,"SP1"
"MA0746.2","SP3",-0.126763314972578,0,"cortex_late","up","enhancer",FALSE,1,0.114216776442655,0.533190796325895,"SP3"
"MA0632.2","TCFL5",-0.0667683220524005,0,"cortex_late","up","enhancer",FALSE,1,-0.21501536313166,0.352195333636826,"TCFL5"
"MA0871.2","TFEC",-0.160961703913295,0,"cortex_late","up","enhancer",FALSE,1,-1.10606020771437,0.0808643859250289,"TFEC"
"MA0753.2","ZNF740",0.0186961291780356,0,"cortex_late","up","enhancer",FALSE,1,0.139775883695298,0.394174632977324,"ZNF740"
"MA1632.1","ATF2",-0.265454825036287,0,"cortex_late","up","enhancer",FALSE,1,-0.201970260032635,0.197676896877495,"ATF2"
"MA1644.1","NFYC",-0.0956773624126406,0,"cortex_late","up","enhancer",FALSE,1,-0.416390299476713,0.0290177312215247,"NFYC"
"MA1647.1","PRDM4",-0.0486085493637338,0,"cortex_late","up","enhancer",FALSE,1,0.049734502285621,0.795163439674236,"PRDM4"
"MA1649.1","ZBTB12",-0.0812248113738958,0,"cortex_late","up","enhancer",FALSE,1,-0.165819949824174,0.65610607587717,"ZBTB12"
"MA1650.1","ZBTB14",-0.0296760858111753,0,"cortex_late","up","enhancer",FALSE,1,-0.153229288156395,0.307659738514577,"ZBTB14"
"MA1652.1","ZKSCAN5",-0.0324191799782056,0,"cortex_late","up","enhancer",FALSE,1,-0.0995247601219065,0.536894319684349,"ZKSCAN5"
"MA1653.1","ZNF148",-0.033048805005528,0,"cortex_late","up","enhancer",FALSE,1,-0.294257073010334,0.100108373515859,"ZNF148"
"MA1654.1","ZNF16",0.0634043298780789,0,"cortex_late","up","enhancer",FALSE,1,0.0387634777102375,0.847609484520504,"ZNF16"
"MA1655.1","ZNF341",-0.0174064095365143,0,"cortex_late","up","enhancer",FALSE,1,-0.0610025176493343,0.788875146762828,"ZNF341"
"MA1656.1","ZNF449",-0.0475141259860372,0,"cortex_late","up","enhancer",FALSE,1,0.285826144046208,0.428945172737478,"ZNF449"
"MA1657.1","ZNF652",-0.158503961270581,0,"cortex_late","up","enhancer",FALSE,1,-0.214769070918545,0.308541549322719,"ZNF652"
"MA0833.2","ATF4",-0.0711642348432271,0,"cortex_late","up","enhancer",FALSE,1,0.533464040223653,0.0446001367314445,"ATF4"
"MA0018.4","CREB1",-0.201131642294129,0,"cortex_late","up","enhancer",FALSE,1,0.000478529734493804,0.998525289873834,"CREB1"
"MA0471.2","E2F6",-0.114190058922583,0,"cortex_late","up","enhancer",FALSE,1,0.252686907750524,0.0670080767320751,"E2F6"
"MA0162.4","EGR1",-0.0347800700711449,0,"cortex_late","up","enhancer",FALSE,1,0.998863709365167,0.185626555180147,"EGR1"
"MA0598.3","EHF",0.029515369047127,0,"cortex_late","up","enhancer",FALSE,1,1.7461012905278,0.0048133053088007,"EHF"
"MA0473.3","ELF1",-0.045108065896061,0,"cortex_late","up","enhancer",FALSE,1,0.191685550840803,0.226312422972223,"ELF1"
"MA0640.2","ELF3",-0.00570993726340063,0,"cortex_late","up","enhancer",FALSE,1,1.4025411904528,0.0105383275414171,"ELF3"
"MA0764.2","ETV4",-0.0858675862430669,0,"cortex_late","up","enhancer",FALSE,1,2.73843382035105,0.0048133053088007,"ETV4"
"MA0765.2","ETV5",-0.038175805170054,0,"cortex_late","up","enhancer",FALSE,1,-0.606866492628611,0.282656919838024,"ETV5"
"MA0062.3","GABPA",0.00668541603395134,0,"cortex_late","up","enhancer",FALSE,1,-0.258468075575812,0.0755623456947452,"GABPA"
"MA1105.2","GRHL2",-0.0514790460379437,0,"cortex_late","up","enhancer",FALSE,1,0.220827700424872,0.43048691597002,"GRHL2"
"MA0114.4","HNF4A",-0.0657314143374927,0,"cortex_late","up","enhancer",FALSE,1,-1.23007976463855,0.0977501598026493,"HNF4A"
"MA0484.2","HNF4G",0.00702187972964907,0,"cortex_late","up","enhancer",FALSE,1,-1.63629288463108,0.0176087917676422,"HNF4G"
"MA0039.4","KLF4",-0.017677769053499,0,"cortex_late","up","enhancer",FALSE,1,1.15572960908638,0.00424104458279326,"KLF4"
"MA0495.3","MAFF",-0.0248478677698127,0,"cortex_late","up","enhancer",FALSE,1,1.17456174518357,0.0298075747008926,"MAFF"
"MA0052.4","MEF2A",-0.0411123895282905,0,"cortex_late","up","enhancer",FALSE,1,0.261467378772239,0.0935067954043533,"MEF2A"
"MA0620.3","MITF",-0.282025889742278,0,"cortex_late","up","enhancer",FALSE,1,-0.418019200584777,0.0936136381068117,"MITF"
"MA1108.2","MXI1",-0.252326619511987,0,"cortex_late","up","enhancer",FALSE,1,-0.832187315762122,0.0377797473826803,"MXI1"
"MA0502.2","NFYB",-0.2187838400395,0,"cortex_late","up","enhancer",FALSE,1,0.0575060224229982,0.7741744295073,"NFYB"
"MA1113.2","PBX2",-0.0752085423402891,0,"cortex_late","up","enhancer",FALSE,1,-0.0770804941182313,0.551381882205006,"PBX2"
"MA0508.3","PRDM1",0.0164544429678148,0,"cortex_late","up","enhancer",FALSE,1,0.851179183317446,0.11255443089842,"PRDM1"
"MA0509.2","RFX1",-0.102449492176231,0,"cortex_late","up","enhancer",FALSE,1,-0.108047642823462,0.674492106932214,"RFX1"
"MA0798.2","RFX3",-0.156050403120165,0,"cortex_late","up","enhancer",FALSE,1,-0.356691603199618,0.0899010567698811,"RFX3"
"MA0684.2","RUNX3",0.027852025859656,0,"cortex_late","up","enhancer",FALSE,1,2.5761526862532,0.0252387266932937,"RUNX3"
"MA0745.2","SNAI2",-0.047676379929861,0,"cortex_late","up","enhancer",FALSE,1,0.645325597931945,0.101858976062425,"SNAI2"
"MA0522.3","TCF3",-0.00797251281327949,0,"cortex_late","up","enhancer",FALSE,1,0.532817375041109,0.168568045159763,"TCF3"
"MA0830.2","TCF4",-0.144463959362149,0,"cortex_late","up","enhancer",FALSE,1,0.240803181063343,0.49776328391915,"TCF4"
"MA0769.2","TCF7",0.0340725559451487,0,"cortex_late","up","enhancer",FALSE,1,0.635452089307523,0.428469998118595,"TCF7"
"MA0003.4","TFAP2A",-0.0866678980446345,0,"cortex_late","up","enhancer",FALSE,1,0.161479603809617,0.564933534231485,"TFAP2A"
"MA1123.2","TWIST1",0.00266232760284346,0,"cortex_late","up","enhancer",FALSE,1,-0.808801436352871,0.0643043973481276,"TWIST1"
"MA0093.3","USF1",-0.159726399479641,0,"cortex_late","up","enhancer",FALSE,1,0.182666565516,0.470472376397656,"USF1"
"MA0526.3","USF2",-0.288206797373005,0,"cortex_late","up","enhancer",FALSE,1,-0.274483328298539,0.0545038892916571,"USF2"
"MA0528.2","ZNF263",-0.061709643489456,0,"cortex_late","up","enhancer",FALSE,1,0.2937852410379,0.16199347824644,"ZNF263"
"MA0609.2","CREM",-0.0808831524532803,0,"cortex_late","up","enhancer",FALSE,1,0.65318684211956,0.0228793258643145,"CREM"
"MA0735.1","GLIS1",NA,NA,"cortex_late","up","enhancer",FALSE,NA,-0.807695223737678,0.0715965761555925,"GLIS1"
"MA0517.1","STAT1::STAT2",0.676076251717198,1.15539954767951,"cortex_late","up","promoter",TRUE,0.0699198442670742,0.598592267430019,0.0910113247364219,"STAT1"
"MA0761.2","ETV1",0.386779682575763,1.15539954767951,"cortex_late","up","promoter",TRUE,0.0699198442670742,0.24093031494394,0.410147067585754,"ETV1"
"MA0773.1","MEF2D",0.872312381732893,0.983509995756809,"cortex_late","up","promoter",TRUE,0.103869969535157,0.26828937147201,0.134957820351708,"MEF2D"
"MA0147.3","MYC",0.399946573558789,0.983509995756809,"cortex_late","up","promoter",TRUE,0.103869969535157,1.59369877514418,0.00392039588194372,"MYC"
"MA0660.1","MEF2B",0.83847598506803,0.797505432968507,"cortex_late","up","promoter",TRUE,0.159402293956408,0.475476739336793,0.483055531105224,"MEF2B"
"MA1508.1","IKZF1",0.370938097018588,0.797505432968507,"cortex_late","up","promoter",TRUE,0.159402293956408,2.22001107295305,0.0363179818447436,"IKZF1"
"MA0476.1","FOS",0.644243816403323,0.581545490581234,"cortex_late","up","promoter",TRUE,0.262092449307218,0.0826020248799741,0.94439835226923,"FOS"
"MA0137.3","STAT1",0.556432938272157,0.581545490581234,"cortex_late","up","promoter",TRUE,0.262092449307218,0.598592267430019,0.0910113247364219,"STAT1"
"MA1110.1","NR1H4",0.592430587491645,0.581545490581234,"cortex_late","up","promoter",TRUE,0.262092449307218,-1.46432152794742,0.0290160332017628,"NR1H4"
"MA1135.1","FOSB::JUNB",0.652999774998428,0.581545490581234,"cortex_late","up","promoter",TRUE,0.262092449307218,0.97627375341033,0.0583353553944371,"JUNB"
"MA1146.1","NR1H4::RXRA",0.528265676179761,0.581545490581234,"cortex_late","up","promoter",TRUE,0.262092449307218,-1.46432152794742,0.0290160332017628,"NR1H4"
"MA0051.1","IRF2",0.575385664479101,0.473047179427581,"cortex_late","up","promoter",TRUE,0.336475014545656,0.0769699881575958,0.530864052179819,"IRF2"
"MA0050.2","IRF1",0.473729460007751,0.473047179427581,"cortex_late","up","promoter",TRUE,0.336475014545656,1.37450664870334,0.0370088681403073,"IRF1"
"MA0099.3","FOS::JUN",0.588959779139409,0.473047179427581,"cortex_late","up","promoter",TRUE,0.336475014545656,0.236695319839362,0.485227546006482,"JUN"
"MA1138.1","FOSL2::JUNB",0.5811025549908,0.473047179427581,"cortex_late","up","promoter",TRUE,0.336475014545656,1.02982069670662,0.00558578197927428,"FOSL2"
"MA1147.1","NR4A2::RXRA",0.443271435552866,0.473047179427581,"cortex_late","up","promoter",TRUE,0.336475014545656,-0.356143623481072,0.0459711949172875,"RXRA"
"MA1418.1","IRF3",0.700218121654993,0.415376440968841,"cortex_late","up","promoter",TRUE,0.384258567182747,0.306682115366221,0.244257623646754,"IRF3"
"MA0598.3","EHF",0.289174186724423,0.411460574206965,"cortex_late","up","promoter",TRUE,0.387738946336341,1.7461012905278,0.0048133053088007,"EHF"
"MA1144.1","FOSL2::JUND",0.531457138962714,0.354484773438252,"cortex_late","up","promoter",TRUE,0.442094616641931,1.02982069670662,0.00558578197927428,"FOSL2"
"MA0062.3","GABPA",0.25041917902478,0.354484773438252,"cortex_late","up","promoter",TRUE,0.442094616641931,-0.258468075575812,0.0755623456947452,"GABPA"
"MA0059.1","MAX::MYC",0.419210780115379,0.352894841790618,"cortex_late","up","promoter",TRUE,0.443716070437566,1.59369877514418,0.00392039588194372,"MYC"
"MA1137.1","FOSL1::JUNB",0.528547415633976,0.319009336641764,"cortex_late","up","promoter",TRUE,0.479723135240152,2.1164680327118,0.0197929391485239,"FOSL1"
"MA0473.3","ELF1",0.23622742426948,0.319009336641764,"cortex_late","up","promoter",TRUE,0.479723135240152,0.191685550840803,0.226312422972223,"ELF1"
"MA0637.1","CENPB",0.393180731975824,0.305884162701333,"cortex_late","up","promoter",TRUE,0.49444254970681,0.244494560013124,0.149536134045034,"CENPB"
"MA1106.1","HIF1A",0.281287520397925,0.305884162701333,"cortex_late","up","promoter",TRUE,0.49444254970681,1.17233151724341,0.00295747396639751,"HIF1A"
"MA0835.2","BATF3",0.495685238940212,0.305884162701333,"cortex_late","up","promoter",TRUE,0.49444254970681,0.832332179940709,0.273401447395069,"BATF3"
"MA0477.2","FOSL1",0.497018751956831,0.305884162701333,"cortex_late","up","promoter",TRUE,0.49444254970681,2.1164680327118,0.0197929391485239,"FOSL1"
"MA0684.2","RUNX3",0.375028696369443,0.305884162701333,"cortex_late","up","promoter",TRUE,0.49444254970681,2.5761526862532,0.0252387266932937,"RUNX3"
"MA0080.5","SPI1",0.270864629510571,0.305884162701333,"cortex_late","up","promoter",TRUE,0.49444254970681,2.05561331810846,0.0321178422322815,"SPI1"
"MA0825.1","MNT",0.33289333321185,0.288901066538818,"cortex_late","up","promoter",TRUE,0.514160765459737,0.302906271941735,0.167213638976676,"MNT"
"MA0104.4","MYCN",0.263444395204395,0.239885502732446,"cortex_late","up","promoter",TRUE,0.575591666150434,-0.281144547923944,0.378093464677391,"MYCN"
"MA1134.1","FOS::JUNB",0.480839615547322,0.239885502732446,"cortex_late","up","promoter",TRUE,0.575591666150434,0.97627375341033,0.0583353553944371,"JUNB"
"MA1634.1","BATF",0.464943533231751,0.239885502732446,"cortex_late","up","promoter",TRUE,0.575591666150434,1.49634347459398,0.0532488931682245,"BATF"
"MA0640.2","ELF3",0.187281832381654,0.239885502732446,"cortex_late","up","promoter",TRUE,0.575591666150434,1.4025411904528,0.0105383275414171,"ELF3"
"MA0139.1","CTCF",0.233924623124056,0.217110122930102,"cortex_late","up","promoter",TRUE,0.606582500528303,-0.183644533598926,0.176418526527996,"CTCF"
"MA0895.1","HMBOX1",0.533344465705157,0.217110122930102,"cortex_late","up","promoter",TRUE,0.606582500528303,-0.238052557641045,0.273346129517088,"HMBOX1"
"MA0764.2","ETV4",0.1332991581936,0.217110122930102,"cortex_late","up","promoter",TRUE,0.606582500528303,2.73843382035105,0.0048133053088007,"ETV4"
"MA0490.2","JUNB",0.468776516756278,0.217110122930102,"cortex_late","up","promoter",TRUE,0.606582500528303,0.97627375341033,0.0583353553944371,"JUNB"
"MA0772.1","IRF7",0.450618002764532,0.20743634498739,"cortex_late","up","promoter",TRUE,0.620245547053356,0.752973032019716,0.13441786267678,"IRF7"
"MA0058.3","MAX",0.302089560059163,0.20743634498739,"cortex_late","up","promoter",TRUE,0.620245547053356,0.294662800734311,0.0799634345403793,"MAX"
"MA0750.2","ZBTB7A",0.127339582631093,0.20007188207342,"cortex_late","up","promoter",TRUE,0.630852920475653,0.241835027961858,0.0636969423654887,"ZBTB7A"
"MA0462.2","BATF::JUN",0.416383628809765,0.19798489499894,"cortex_late","up","promoter",TRUE,0.633891757977681,1.49634347459398,0.0532488931682245,"BATF"
"MA1139.1","FOSL2::JUNB(var.2)",0.532549102627489,0.193235475659441,"cortex_late","up","promoter",TRUE,0.640862005229362,1.02982069670662,0.00558578197927428,"FOSL2"
"MA0889.1","GBX1",0.487435230491569,0.179546067827152,"cortex_late","up","promoter",TRUE,0.661384377354285,-0.0916107771471888,0.897775383748752,"GBX1"
"MA1123.2","TWIST1",0.292010231332992,0.177220259947699,"cortex_late","up","promoter",TRUE,0.664935836975739,-0.808801436352871,0.0643043973481276,"TWIST1"
"MA0527.1","ZBTB33",0.190736097951588,0.171921028987521,"cortex_late","up","promoter",TRUE,0.673099039787596,0.148073753025283,0.570015727192949,"ZBTB33"
"MA0632.2","TCFL5",0.116937888146238,0.171921028987521,"cortex_late","up","promoter",TRUE,0.673099039787596,-0.21501536313166,0.352195333636826,"TCFL5"
"MA0652.1","IRF8",0.502416510723841,0.154583846964722,"cortex_late","up","promoter",TRUE,0.700512925441533,1.98982572735061,0.0318355265937455,"IRF8"
"MA0259.1","ARNT::HIF1A",0.164702350523659,0.133106913977536,"cortex_late","up","promoter",TRUE,0.7360258814197,1.17233151724341,0.00295747396639751,"HIF1A"
"MA0478.1","FOSL2",0.337601384759273,0.133106913977536,"cortex_late","up","promoter",TRUE,0.7360258814197,1.02982069670662,0.00558578197927428,"FOSL2"
"MA0506.1","NRF1",0.0808287468427906,0.133106913977536,"cortex_late","up","promoter",TRUE,0.7360258814197,0.149732550000495,0.457806901564603,"NRF1"
"MA0144.2","STAT3",0.23811724517802,0.133106913977536,"cortex_late","up","promoter",TRUE,0.7360258814197,1.00273246640633,0.00295747396639751,"STAT3"
"MA0838.1","CEBPG",0.45304965705825,0.133106913977536,"cortex_late","up","promoter",TRUE,0.7360258814197,0.305243126722244,0.059907451629457,"CEBPG"
"MA1124.1","ZNF24",0.433825172380329,0.133106913977536,"cortex_late","up","promoter",TRUE,0.7360258814197,-0.104250266953811,0.509591246816461,"ZNF24"
"MA1128.1","FOSL1::JUN",0.363935102686509,0.133106913977536,"cortex_late","up","promoter",TRUE,0.7360258814197,2.1164680327118,0.0197929391485239,"FOSL1"
"MA1653.1","ZNF148",0.0423113917833149,0.133106913977536,"cortex_late","up","promoter",TRUE,0.7360258814197,-0.294257073010334,0.100108373515859,"ZNF148"
"MA0018.4","CREB1",0.356721068527835,0.133106913977536,"cortex_late","up","promoter",TRUE,0.7360258814197,0.000478529734493804,0.998525289873834,"CREB1"
"MA0052.4","MEF2A",0.391924795041453,0.133106913977536,"cortex_late","up","promoter",TRUE,0.7360258814197,0.261467378772239,0.0935067954043533,"MEF2A"
"MA0782.2","PKNOX1",0.298378432435388,0.133106913977536,"cortex_late","up","promoter",TRUE,0.7360258814197,0.0369953847640083,0.837905544200498,"PKNOX1"
"MA0777.1","MYBL2",0.432464395622532,0.126801128192757,"cortex_late","up","promoter",TRUE,0.746790649945616,2.55780018493884,0.0197929391485239,"MYBL2"
"MA0081.2","SPIB",0.173950290278031,0.126346303664673,"cortex_late","up","promoter",TRUE,0.747573152691472,4.04204885146729,0.0173837458248364,"SPIB"
"MA0595.1","SREBF1",0.228859860519859,0.118549679910614,"cortex_late","up","promoter",TRUE,0.761115068382146,0.353557944511778,0.652599098818975,"SREBF1"
"MA0070.1","PBX1",0.410547902653185,0.116355960489223,"cortex_late","up","promoter",TRUE,0.76496935857854,0.044904694999107,0.873847514856928,"PBX1"
"MA0646.1","GCM1",0.164432928330378,0.116355960489223,"cortex_late","up","promoter",TRUE,0.76496935857854,-1.58562808671666,0.0905505567721186,"GCM1"
"MA0666.1","MSX1",0.369470785817057,0.116355960489223,"cortex_late","up","promoter",TRUE,0.76496935857854,0.0921852394115059,0.836693600199941,"MSX1"
"MA0823.1","HEY1",0.186664440462312,0.116355960489223,"cortex_late","up","promoter",TRUE,0.76496935857854,0.125806628875297,0.725730410472569,"HEY1"
"MA1130.1","FOSL2::JUN",0.310452889609284,0.116355960489223,"cortex_late","up","promoter",TRUE,0.76496935857854,1.02982069670662,0.00558578197927428,"FOSL2"
"MA1522.1","MAZ",0.0630100390395345,0.116355960489223,"cortex_late","up","promoter",TRUE,0.76496935857854,0.0552141297775917,0.804694482654362,"MAZ"
"MA0612.2","EMX1",0.39549370628538,0.116355960489223,"cortex_late","up","promoter",TRUE,0.76496935857854,-1.49309266393426,0.0183496692121575,"EMX1"
"MA0038.2","GFI1",0.381301696054588,0.116355960489223,"cortex_late","up","promoter",TRUE,0.76496935857854,2.37718264921134,0.0251792297685187,"GFI1"
"MA1099.2","HES1",0.0939601789808719,0.116355960489223,"cortex_late","up","promoter",TRUE,0.76496935857854,0.330834904257453,0.233765201687004,"HES1"
"MA0491.2","JUND",0.354442226035939,0.116355960489223,"cortex_late","up","promoter",TRUE,0.76496935857854,0.161363286064925,0.46617504459736,"JUND"
"MA0738.1","HIC2",0.122304689632793,0.108572283255799,"cortex_late","up","promoter",TRUE,0.778803181051672,0.192753386460157,0.320216921626423,"HIC2"
"MA1151.1","RORC",0.323904122910855,0.108572283255799,"cortex_late","up","promoter",TRUE,0.778803181051672,-1.11452511687552,0.0489929491937334,"RORC"
"MA1464.1","ARNT2",0.24407325490704,0.108572283255799,"cortex_late","up","promoter",TRUE,0.778803181051672,-0.22817613742687,0.482093876246079,"ARNT2"
"MA1131.1","FOSL2::JUN(var.2)",0.349116313767885,0.103765375248905,"cortex_late","up","promoter",TRUE,0.787471100906685,1.02982069670662,0.00558578197927428,"FOSL2"
"MA0808.1","TEAD3",0.245034450888367,0.0990206900971882,"cortex_late","up","promoter",TRUE,0.796121421724585,0.519955641633381,0.00793978426049497,"TEAD3"
"MA1652.1","ZKSCAN5",0.0995239428897783,0.0985069668187508,"cortex_late","up","promoter",TRUE,0.797063704236494,-0.0995247601219065,0.536894319684349,"ZKSCAN5"
"MA0464.2","BHLHE40",0.255036267793919,0.0753959907134677,"cortex_late","up","promoter",TRUE,0.840628305262949,0.329607409803677,0.317642356491303,"BHLHE40"
"MA0091.1","TAL1::TCF3",0.281946058644246,0.0725331032807146,"cortex_late","up","promoter",TRUE,0.846188067253858,0.532817375041109,0.168568045159763,"TCF3"
"MA0507.1","POU2F2",0.320751060237176,0.0725331032807146,"cortex_late","up","promoter",TRUE,0.846188067253858,2.77086498509866,0.0353960228761903,"POU2F2"
"MA0523.1","TCF7L2",0.24029607430946,0.0725331032807146,"cortex_late","up","promoter",TRUE,0.846188067253858,0.0108251517279818,0.952896055846399,"TCF7L2"
"MA0596.1","SREBF2",0.202950588108246,0.0725331032807146,"cortex_late","up","promoter",TRUE,0.846188067253858,0.10911546278969,0.718462078218655,"SREBF2"
"MA0136.2","ELF5",0.114691871659553,0.0725331032807146,"cortex_late","up","promoter",TRUE,0.846188067253858,-1.73309933406235,0.0144800048063897,"ELF5"
"MA0655.1","JDP2",0.330167960656641,0.0725331032807146,"cortex_late","up","promoter",TRUE,0.846188067253858,0.958148104186466,0.0281604421995401,"JDP2"
"MA0663.1","MLX",0.32673487068888,0.0725331032807146,"cortex_late","up","promoter",TRUE,0.846188067253858,-0.227446554663818,0.117099486189445,"MLX"
"MA0716.1","PRRX1",0.324937558263707,0.0725331032807146,"cortex_late","up","promoter",TRUE,0.846188067253858,0.886736416470465,0.0540634204856211,"PRRX1"
"MA0727.1","NR3C2",0.356861104131108,0.0725331032807146,"cortex_late","up","promoter",TRUE,0.846188067253858,-0.903054018037075,0.0144588921418935,"NR3C2"
"MA0732.1","EGR3",0.111508100407496,0.0725331032807146,"cortex_late","up","promoter",TRUE,0.846188067253858,2.19171628325849,0.0195990315066758,"EGR3"
"MA0741.1","KLF16",0.0460224215032312,0.0725331032807146,"cortex_late","up","promoter",TRUE,0.846188067253858,0.614789041339658,0.0460520770974238,"KLF16"
"MA0771.1","HSF4",0.261838811940076,0.0725331032807146,"cortex_late","up","promoter",TRUE,0.846188067253858,1.02207314332088,0.0470963824090366,"HSF4"
"MA0886.1","EMX2",0.330251789956312,0.0725331032807146,"cortex_late","up","promoter",TRUE,0.846188067253858,0.0038008380035679,0.991342081718615,"EMX2"
"MA0036.3","GATA2",0.319183550199752,0.0725331032807146,"cortex_late","up","promoter",TRUE,0.846188067253858,-0.90892281750524,0.0275316731499419,"GATA2"
"MA1114.1","PBX3",0.181988046288558,0.0725331032807146,"cortex_late","up","promoter",TRUE,0.846188067253858,0.372566142848154,0.323671514043324,"PBX3"
"MA1121.1","TEAD2",0.213311725969434,0.0725331032807146,"cortex_late","up","promoter",TRUE,0.846188067253858,0.378590154167507,0.205640859642847,"TEAD2"
"MA1127.1","FOSB::JUN",0.329367259686659,0.0725331032807146,"cortex_late","up","promoter",TRUE,0.846188067253858,0.236695319839362,0.485227546006482,"JUN"
"MA1141.1","FOS::JUND",0.278782636477512,0.0725331032807146,"cortex_late","up","promoter",TRUE,0.846188067253858,0.161363286064925,0.46617504459736,"JUND"
"MA1145.1","FOSL2::JUND(var.2)",0.301227970117655,0.0725331032807146,"cortex_late","up","promoter",TRUE,0.846188067253858,1.02982069670662,0.00558578197927428,"FOSL2"
"MA1419.1","IRF4",0.335113202231023,0.0725331032807146,"cortex_late","up","promoter",TRUE,0.846188067253858,2.16513839358483,0.0529157472414669,"IRF4"
"MA1493.1","HES6",0.214923784773144,0.0725331032807146,"cortex_late","up","promoter",TRUE,0.846188067253858,0.116164636784573,0.712028543813991,"HES6"
"MA1507.1","HOXD4",0.27191761960979,0.0725331032807146,"cortex_late","up","promoter",TRUE,0.846188067253858,-0.266282647236639,0.255639507718774,"HOXD4"
"MA1511.1","KLF10",0.0701340577936147,0.0725331032807146,"cortex_late","up","promoter",TRUE,0.846188067253858,1.16421515487143,0.00698531122215053,"KLF10"
"MA1534.1","NR1I3",0.245809971144112,0.0725331032807146,"cortex_late","up","promoter",TRUE,0.846188067253858,-2.72002979511977,0.0233570160399139,"NR1I3"
"MA1542.1","OSR1",0.198308077296477,0.0725331032807146,"cortex_late","up","promoter",TRUE,0.846188067253858,-0.291012330687884,0.589932180713017,"OSR1"
"MA1600.1","ZNF684",0.263436126775622,0.0725331032807146,"cortex_late","up","promoter",TRUE,0.846188067253858,0.253799891779798,0.352824517271512,"ZNF684"
"MA0605.2","ATF3",0.361696935440538,0.0725331032807146,"cortex_late","up","promoter",TRUE,0.846188067253858,1.21875432597113,0.0351582015682901,"ATF3"
"MA0847.2","FOXD2",0.287238436030076,0.0725331032807146,"cortex_late","up","promoter",TRUE,0.846188067253858,-0.651122989619007,0.186217312814842,"FOXD2"
"MA0867.2","SOX4",0.141686890071369,0.0725331032807146,"cortex_late","up","promoter",TRUE,0.846188067253858,0.304878863647484,0.549826892992682,"SOX4"
"MA1632.1","ATF2",0.28076755416892,0.0725331032807146,"cortex_late","up","promoter",TRUE,0.846188067253858,-0.201970260032635,0.197676896877495,"ATF2"
"MA1650.1","ZBTB14",0.0428229255511692,0.0725331032807146,"cortex_late","up","promoter",TRUE,0.846188067253858,-0.153229288156395,0.307659738514577,"ZBTB14"
"MA0039.4","KLF4",0.0360994293922854,0.0725331032807146,"cortex_late","up","promoter",TRUE,0.846188067253858,1.15572960908638,0.00424104458279326,"KLF4"
"MA0497.1","MEF2C",0.255438940473514,0.0578114804289507,"cortex_late","up","promoter",TRUE,0.875363672691757,0.319385298715242,0.442916752514626,"MEF2C"
"MA0653.1","IRF9",0.321330741451814,0.0578114804289507,"cortex_late","up","promoter",TRUE,0.875363672691757,1.00680066430244,0.0230294800587811,"IRF9"
"MA0788.1","POU3F3",0.280124148861212,0.0578114804289507,"cortex_late","up","promoter",TRUE,0.875363672691757,0.0267319308019465,0.960186182081946,"POU3F3"
"MA1142.1","FOSL1::JUND",0.258266568491432,0.0578114804289507,"cortex_late","up","promoter",TRUE,0.875363672691757,2.1164680327118,0.0197929391485239,"FOSL1"
"MA1654.1","ZNF16",0.252237065680347,0.0578114804289507,"cortex_late","up","promoter",TRUE,0.875363672691757,0.0387634777102375,0.847609484520504,"ZNF16"
"MA0785.1","POU2F1",0.273169772971817,0.056549886441374,"cortex_late","up","promoter",TRUE,0.877910237707715,0.232651432584781,0.408626010330785,"POU2F1"
"MA0463.2","BCL6",0.25307012092783,0.056549886441374,"cortex_late","up","promoter",TRUE,0.877910237707715,0.283343608553714,0.355195974619481,"BCL6"
"MA0904.2","HOXB5",0.268308286656585,0.0538597303381795,"cortex_late","up","promoter",TRUE,0.883365166131438,-0.0301866597437899,0.94624728521372,"HOXB5"
"MA1149.1","RARA::RXRG",0.10971345761473,0.0516047982983786,"cortex_late","up","promoter",TRUE,0.887963678613464,0.136091981256486,0.611362538640729,"RARA"
"MA1532.1","NR1D2",0.158650966687115,0.0514260268259551,"cortex_late","up","promoter",TRUE,0.888329272139297,-0.672368379452131,0.0272825130609225,"NR1D2"
"MA1525.1","NFATC4",0.135687172520131,0.0434253099580463,"cortex_late","up","promoter",TRUE,0.904846039939774,0.977455149495591,0.0761228361587083,"NFATC4"
"MA0649.1","HEY2",0.0949320486958989,0.0155930216269294,"cortex_late","up","promoter",TRUE,0.964732653383203,-0.41384132428043,0.438115949231322,"HEY2"
"MA0664.1","MLXIPL",0.178039527735261,0.0155930216269294,"cortex_late","up","promoter",TRUE,0.964732653383203,0.117551510151253,0.856432606821586,"MLXIPL"
"MA0698.1","ZBTB18",0.168388855964515,0.0155930216269294,"cortex_late","up","promoter",TRUE,0.964732653383203,0.0380823135827346,0.839625595030169,"ZBTB18"
"MA0113.3","NR3C1",0.256398050623726,0.0155930216269294,"cortex_late","up","promoter",TRUE,0.964732653383203,-0.483784123149037,0.0208891789272678,"NR3C1"
"MA0731.1","BCL6B",0.169925001442312,0.0155930216269294,"cortex_late","up","promoter",TRUE,0.964732653383203,-0.153584767393532,0.715590431726879,"BCL6B"
"MA0846.1","FOXC2",0.191654351615302,0.0155930216269294,"cortex_late","up","promoter",TRUE,0.964732653383203,0.422980245283098,0.257109956244467,"FOXC2"
"MA1129.1","FOSL1::JUN(var.2)",0.236986664255095,0.0155930216269294,"cortex_late","up","promoter",TRUE,0.964732653383203,2.1164680327118,0.0197929391485239,"FOSL1"
"MA1474.1","CREB3L4",0.107614252592062,0.0155930216269294,"cortex_late","up","promoter",TRUE,0.964732653383203,0.741589929808271,0.0572582355845164,"CREB3L4"
"MA1561.1","SOX12",0.195537937971308,0.0155930216269294,"cortex_late","up","promoter",TRUE,0.964732653383203,-0.388855539379585,0.1786866707416,"SOX12"
"MA0902.2","HOXB2",0.194571319139754,0.0155930216269294,"cortex_late","up","promoter",TRUE,0.964732653383203,0.163351086883023,0.6445039888255,"HOXB2"
"MA0912.2","HOXD3",0.227283326072992,0.0155930216269294,"cortex_late","up","promoter",TRUE,0.964732653383203,-0.169441925491237,0.532558320585433,"HOXD3"
"MA0154.4","EBF1",0.0715145458185971,0.0155930216269294,"cortex_late","up","promoter",TRUE,0.964732653383203,0.0705077451459912,0.869678746385901,"EBF1"
"MA1104.2","GATA6",0.207747597423768,0.0155930216269294,"cortex_late","up","promoter",TRUE,0.964732653383203,1.17421609565501,0.0480342580794902,"GATA6"
"MA0043.3","HLF",0.219331079837041,0.0155930216269294,"cortex_late","up","promoter",TRUE,0.964732653383203,-1.21690059508046,0.0315260783749708,"HLF"
"MA0769.2","TCF7",0.151770001816768,0.0155930216269294,"cortex_late","up","promoter",TRUE,0.964732653383203,0.635452089307523,0.428469998118595,"TCF7"
"MA1133.1","JUN::JUNB(var.2)",0.197354951446573,0.013558309636593,"cortex_late","up","promoter",TRUE,0.969263124485688,0.236695319839362,0.485227546006482,"JUN"
"MA1108.2","MXI1",0.115718504368052,0.013558309636593,"cortex_late","up","promoter",TRUE,0.969263124485688,-0.832187315762122,0.0377797473826803,"MXI1"
"MA1643.1","NFIB",0.136689844779271,0.0108798142601965,"cortex_late","up","promoter",TRUE,0.975259491632971,-0.78864004297513,0.0352126130323532,"NFIB"
"MA0513.1","SMAD2::SMAD3::SMAD4",0.0832302538544214,0.00912269317660815,"cortex_late","up","promoter",TRUE,0.979213307328002,0.0977475311134839,0.455184595489929,"SMAD2"
"MA1512.1","KLF11",0.0334123611133279,0.00912269317660815,"cortex_late","up","promoter",TRUE,0.979213307328002,0.60779715049051,0.0865189883942141,"KLF11"
"MA1516.1","KLF3",0.0442554395225994,0.00912269317660815,"cortex_late","up","promoter",TRUE,0.979213307328002,0.272535579530264,0.121673824398283,"KLF3"
"MA0073.1","RREB1",0.0547769434449634,0.006059255424857,"cortex_late","up","promoter",TRUE,0.986144926189162,-0.249259241205931,0.381365986845828,"RREB1"
"MA1554.1","RFX7",0.116176280493745,0.00472785716355489,"cortex_late","up","promoter",TRUE,0.989172747824662,0.0246182733117943,0.920586308143966,"RFX7"
"MA0030.1","FOXF2",0.00657159658358264,0,"cortex_late","up","promoter",TRUE,1,1.98410999755597,0.0197489798867888,"FOXF2"
"MA0031.1","FOXD1",0.123546937305068,0,"cortex_late","up","promoter",TRUE,1,0.726255394271936,0.122268093286634,"FOXD1"
"MA0066.1","PPARG",-0.150555555745,0,"cortex_late","up","promoter",TRUE,1,-0.0225518749768592,0.960035379799859,"PPARG"
"MA0071.1","RORA",-0.0823419689035152,0,"cortex_late","up","promoter",TRUE,1,-0.361064425540366,0.419005831013643,"RORA"
"MA0074.1","RXRA::VDR",0.12627444551328,0,"cortex_late","up","promoter",TRUE,1,-0.356143623481072,0.0459711949172875,"RXRA"
"MA0077.1","SOX9",0.104403975870116,0,"cortex_late","up","promoter",TRUE,1,2.6359721810194,0.0048133053088007,"SOX9"
"MA0101.1","REL",0.0609509169173217,0,"cortex_late","up","promoter",TRUE,1,0.585671084063824,0.216511329152222,"REL"
"MA0107.1","RELA",-0.1668108673109,0,"cortex_late","up","promoter",TRUE,1,0.468388098918431,0.0418983327896446,"RELA"
"MA0115.1","NR1H2::RXRA",-0.309739742847676,0,"cortex_late","up","promoter",TRUE,1,-0.356143623481072,0.0459711949172875,"RXRA"
"MA0119.1","NFIC::TLX1",-0.0230307821155087,0,"cortex_late","up","promoter",TRUE,1,0.0436273452510321,0.83858300186558,"NFIC"
"MA0138.2","REST",0.0433917894878633,0,"cortex_late","up","promoter",TRUE,1,0.0739363655191427,0.793257436266966,"REST"
"MA0152.1","NFATC2",0.0911761193353344,0,"cortex_late","up","promoter",TRUE,1,0.429360097778478,0.301594692263252,"NFATC2"
"MA0159.1","RARA::RXRA",-0.0705387672112874,0,"cortex_late","up","promoter",TRUE,1,-0.356143623481072,0.0459711949172875,"RXRA"
"MA0160.1","NR4A2",-0.139101195573819,0,"cortex_late","up","promoter",TRUE,1,-0.0847014456279496,0.883972872545245,"NR4A2"
"MA0163.1","PLAG1",0.00210753583118617,0,"cortex_late","up","promoter",TRUE,1,-0.654661986185757,0.0377532838072238,"PLAG1"
"MA0488.1","JUN",0.0886280879345245,0,"cortex_late","up","promoter",TRUE,1,0.236695319839362,0.485227546006482,"JUN"
"MA0501.1","MAF::NFE2",-0.43828587525043,0,"cortex_late","up","promoter",TRUE,1,-0.717073390939694,0.140313942794167,"MAF"
"MA0504.1","NR2C2",0.0403541910406986,0,"cortex_late","up","promoter",TRUE,1,0.0321724794062197,0.868099987665514,"NR2C2"
"MA0076.2","ELK4",0.0135253193310545,0,"cortex_late","up","promoter",TRUE,1,0.145294651140012,0.559333932042359,"ELK4"
"MA0140.2","GATA1::TAL1",-0.423571166967005,0,"cortex_late","up","promoter",TRUE,1,0.227539284176945,0.612665933526567,"TAL1"
"MA0095.2","YY1",-0.219849352282328,0,"cortex_late","up","promoter",TRUE,1,-0.0389730044511181,0.759465476477272,"YY1"
"MA0593.1","FOXP2",-0.0803670294153989,0,"cortex_late","up","promoter",TRUE,1,-0.0829980227729784,0.900464314857877,"FOXP2"
"MA0597.1","THAP1",-0.0774474420733338,0,"cortex_late","up","promoter",TRUE,1,-0.38562603217246,0.122935861541347,"THAP1"
"MA0599.1","KLF5",0.0040697133046379,0,"cortex_late","up","promoter",TRUE,1,0.709010793474663,0.0834348020920189,"KLF5"
"MA0610.1","DMRT3",-0.397869072883688,0,"cortex_late","up","promoter",TRUE,1,-0.0125695762907758,0.993696658245056,"DMRT3"
"MA0625.1","NFATC3",-0.132515579279595,0,"cortex_late","up","promoter",TRUE,1,-0.012754814397729,0.938948105012166,"NFATC3"
"MA0628.1","POU6F1",0.170603379803156,0,"cortex_late","up","promoter",TRUE,1,0.352992935457504,0.19047816655053,"POU6F1"
"MA0636.1","BHLHE41",-0.0955043065871131,0,"cortex_late","up","promoter",TRUE,1,0.133273006495653,0.674656617449794,"BHLHE41"
"MA0638.1","CREB3",-0.257764740257542,0,"cortex_late","up","promoter",TRUE,1,-0.0361557275701507,0.837404161307432,"CREB3"
"MA0641.1","ELF4",-0.161749720173251,0,"cortex_late","up","promoter",TRUE,1,1.17577986055067,0.0642525218045304,"ELF4"
"MA0645.1","ETV6",0.0388203505982769,0,"cortex_late","up","promoter",TRUE,1,0.034785968877614,0.792619376563549,"ETV6"
"MA0475.2","FLI1",-0.387388300166769,0,"cortex_late","up","promoter",TRUE,1,0.298236443093478,0.475038322911319,"FLI1"
"MA0042.2","FOXI1",-0.323267577771674,0,"cortex_late","up","promoter",TRUE,1,-1.3503212932461,0.0110861569905551,"FOXI1"
"MA0033.2","FOXL1",-0.219084699836895,0,"cortex_late","up","promoter",TRUE,1,1.19368248768637,0.0335304840110292,"FOXL1"
"MA0157.2","FOXO3",0.0541741813054761,0,"cortex_late","up","promoter",TRUE,1,0.383074859369871,0.0732025113237811,"FOXO3"
"MA0131.2","HINFP",0.0382635168631626,0,"cortex_late","up","promoter",TRUE,1,-0.0795704979626128,0.704311439553746,"HINFP"
"MA0046.2","HNF1A",-0.0747359474783766,0,"cortex_late","up","promoter",TRUE,1,-1.12890575134969,0.0417521766204149,"HNF1A"
"MA0153.2","HNF1B",0.118656613863559,0,"cortex_late","up","promoter",TRUE,1,-0.300693670103914,0.22628344735265,"HNF1B"
"MA0651.1","HOXC11",0.154335191673364,0,"cortex_late","up","promoter",TRUE,1,1.18287987898072,0.0867610517090843,"HOXC11"
"MA0486.2","HSF1",-0.292792416101928,0,"cortex_late","up","promoter",TRUE,1,-0.0819535439365673,0.604841037714736,"HSF1"
"MA0657.1","KLF13",-0.776749512734358,0,"cortex_late","up","promoter",TRUE,1,0.374872227694996,0.156973312747279,"KLF13"
"MA0658.1","LHX6",0.0806096486469636,0,"cortex_late","up","promoter",TRUE,1,0.81819553473454,0.0732583453269849,"LHX6"
"MA0665.1","MSC",0.0223392227037245,0,"cortex_late","up","promoter",TRUE,1,2.83810899090295,0.0445100977765566,"MSC"
"MA0670.1","NFIA",-0.076164650987141,0,"cortex_late","up","promoter",TRUE,1,-0.0398914376590245,0.854499794967671,"NFIA"
"MA0671.1","NFIX",-0.438154109741629,0,"cortex_late","up","promoter",TRUE,1,0.91418672983295,0.0453733651044089,"NFIX"
"MA0685.1","SP4",0.0712231125235716,0,"cortex_late","up","promoter",TRUE,1,0.00332818992910378,0.992051407147016,"SP4"
"MA0083.3","SRF",-0.143734075024448,0,"cortex_late","up","promoter",TRUE,1,0.380519184163411,0.0568978057538719,"SRF"
"MA0688.1","TBX2",0.11168927756842,0,"cortex_late","up","promoter",TRUE,1,-0.109801198875916,0.631193871684476,"TBX2"
"MA0690.1","TBX21",-0.35341711312849,0,"cortex_late","up","promoter",TRUE,1,1.5901515895646,0.10429582732512,"TBX21"
"MA0691.1","TFAP4",-0.120540780773696,0,"cortex_late","up","promoter",TRUE,1,0.229948046601796,0.508225196847344,"TFAP4"
"MA0145.3","TFCP2",-0.186303814770765,0,"cortex_late","up","promoter",TRUE,1,-0.266692679387171,0.0243269210431907,"TFCP2"
"MA0692.1","TFEB",0.109728409245259,0,"cortex_late","up","promoter",TRUE,1,0.552400990362843,0.0597696900809219,"TFEB"
"MA0694.1","ZBTB7B",0.0152257223861838,0,"cortex_late","up","promoter",TRUE,1,0.165373367359041,0.670951147825431,"ZBTB7B"
"MA0695.1","ZBTB7C",-0.0178682457503818,0,"cortex_late","up","promoter",TRUE,1,1.02238151801267,0.0852264536097198,"ZBTB7C"
"MA0722.1","VAX1",-0.0974404168256395,0,"cortex_late","up","promoter",TRUE,1,0.363943740941558,0.797343198474492,"VAX1"
"MA0112.3","ESR1",0.196624613681654,0,"cortex_late","up","promoter",TRUE,1,-0.594796239557795,0.104998049439265,"ESR1"
"MA0141.3","ESRRB",-0.264827843246879,0,"cortex_late","up","promoter",TRUE,1,-1.28453064368206,0.0377797473826803,"ESRRB"
"MA0017.2","NR2F1",-0.164392096908381,0,"cortex_late","up","promoter",TRUE,1,0.69381230140943,0.231854717997705,"NR2F1"
"MA0472.2","EGR2",-0.00281092124399152,0,"cortex_late","up","promoter",TRUE,1,2.95735801354798,0.00718652392371367,"EGR2"
"MA0735.1","GLIS1",0.0197950916446357,0,"cortex_late","up","promoter",TRUE,1,-0.807695223737678,0.0715965761555925,"GLIS1"
"MA0736.1","GLIS2",-0.048453466767552,0,"cortex_late","up","promoter",TRUE,1,-0.470328235111768,0.0596788654152836,"GLIS2"
"MA0737.1","GLIS3",0.0727719039390466,0,"cortex_late","up","promoter",TRUE,1,0.259106835857718,0.355310672553884,"GLIS3"
"MA0749.1","ZBED1",-0.387256082123182,0,"cortex_late","up","promoter",TRUE,1,0.450962914238764,0.0606547245414666,"ZBED1"
"MA0088.2","ZNF143",-0.155370294786266,0,"cortex_late","up","promoter",TRUE,1,0.107516509590034,0.438115949231322,"ZNF143"
"MA0752.1","ZNF410",0.103824229061026,0,"cortex_late","up","promoter",TRUE,1,-0.407232157302526,0.011846278560058,"ZNF410"
"MA0754.1","CUX1",-0.426776763626128,0,"cortex_late","up","promoter",TRUE,1,-0.641032450111093,0.0342591749941847,"CUX1"
"MA0759.1","ELK3",-0.272028767920998,0,"cortex_late","up","promoter",TRUE,1,0.327017028982867,0.256682012109033,"ELK3"
"MA0760.1","ERF",-0.101406239291577,0,"cortex_late","up","promoter",TRUE,1,-0.24005981400277,0.309753890229849,"ERF"
"MA0474.2","ERG",-0.257169339033884,0,"cortex_late","up","promoter",TRUE,1,-0.103774229931975,0.763029966547876,"ERG"
"MA0098.3","ETS1",-0.271097429777363,0,"cortex_late","up","promoter",TRUE,1,0.110528725330052,0.763121235421287,"ETS1"
"MA0762.1","ETV2",0.0118263729184749,0,"cortex_late","up","promoter",TRUE,1,0.52799188490058,0.377595807170613,"ETV2"
"MA0763.1","ETV3",-0.306455798149288,0,"cortex_late","up","promoter",TRUE,1,0.181491501579432,0.202923990342444,"ETV3"
"MA0768.1","LEF1",-0.33414291499919,0,"cortex_late","up","promoter",TRUE,1,1.88826364930654,0.0221474447125904,"LEF1"
"MA0770.1","HSF2",-0.0307166242120198,0,"cortex_late","up","promoter",TRUE,1,0.0570072184504249,0.729396393191233,"HSF2"
"MA0498.2","MEIS1",0.134550139994704,0,"cortex_late","up","promoter",TRUE,1,0.654845987538121,0.174122993503971,"MEIS1"
"MA0774.1","MEIS2",-0.223657894850783,0,"cortex_late","up","promoter",TRUE,1,-0.00737466780841167,0.987239952847187,"MEIS2"
"MA0775.1","MEIS3",-0.104886736723423,0,"cortex_late","up","promoter",TRUE,1,1.10896130509657,0.0669951221781059,"MEIS3"
"MA0776.1","MYBL1",0.140508172561153,0,"cortex_late","up","promoter",TRUE,1,1.71564957761794,0.0116715334061847,"MYBL1"
"MA0105.4","NFKB1",-0.218583151529796,0,"cortex_late","up","promoter",TRUE,1,0.396848107867562,0.0976924350772323,"NFKB1"
"MA0778.1","NFKB2",0.0232271930031578,0,"cortex_late","up","promoter",TRUE,1,0.748268146273772,0.0912965793878542,"NFKB2"
"MA0783.1","PKNOX2",-0.213483173759896,0,"cortex_late","up","promoter",TRUE,1,0.392943460422712,0.398685676786679,"PKNOX2"
"MA0794.1","PROX1",-0.292332734915144,0,"cortex_late","up","promoter",TRUE,1,-0.516221340251166,0.22966138638491,"PROX1"
"MA0600.2","RFX2",-0.181969256801733,0,"cortex_late","up","promoter",TRUE,1,-0.0991956833708283,0.747779912996063,"RFX2"
"MA0795.1","SMAD3",-0.173201281107024,0,"cortex_late","up","promoter",TRUE,1,0.125334627013129,0.578463148924369,"SMAD3"
"MA0796.1","TGIF1",-0.457652643642715,0,"cortex_late","up","promoter",TRUE,1,0.801855894422812,0.0267584233711836,"TGIF1"
"MA0797.1","TGIF2",-0.342516571808887,0,"cortex_late","up","promoter",TRUE,1,-0.118971629179483,0.655699500756415,"TGIF2"
"MA0510.2","RFX5",-0.350214393622036,0,"cortex_late","up","promoter",TRUE,1,0.492055561028614,0.108562604559514,"RFX5"
"MA0511.2","RUNX2",-0.210140912700976,0,"cortex_late","up","promoter",TRUE,1,2.04041216973746,0.0181605953794278,"RUNX2"
"MA0800.1","EOMES",-0.197067219158725,0,"cortex_late","up","promoter",TRUE,1,2.33632558941431,0.0497254831653571,"EOMES"
"MA0801.1","MGA",-0.0998633220903882,0,"cortex_late","up","promoter",TRUE,1,-0.00380150397538337,0.983059367054861,"MGA"
"MA0804.1","TBX19",-0.173785721642108,0,"cortex_late","up","promoter",TRUE,1,-0.0915914008127774,0.802791973426763,"TBX19"
"MA0805.1","TBX1",-0.208698617671502,0,"cortex_late","up","promoter",TRUE,1,2.1449261978677,0.0317196793213829,"TBX1"
"MA0811.1","TFAP2B",0.0128910264840965,0,"cortex_late","up","promoter",TRUE,1,-0.237084005016227,0.551875099791801,"TFAP2B"
"MA0818.1","BHLHE22",0.135827041670934,0,"cortex_late","up","promoter",TRUE,1,2.62570340289903,0.0175362268964315,"BHLHE22"
"MA0819.1","CLOCK",0.0522385739677906,0,"cortex_late","up","promoter",TRUE,1,-0.317821511012725,0.277758135839614,"CLOCK"
"MA0466.2","CEBPB",0.19209645886254,0,"cortex_late","up","promoter",TRUE,1,1.552748679055,0.0048133053088007,"CEBPB"
"MA0839.1","CREB3L1",-0.143586934074831,0,"cortex_late","up","promoter",TRUE,1,2.42651411632473,0.00937142501801273,"CREB3L1"
"MA0843.1","TEF",0.181379148603801,0,"cortex_late","up","promoter",TRUE,1,-0.881861603659547,0.00698531122215053,"TEF"
"MA0844.1","XBP1",-0.044419763142967,0,"cortex_late","up","promoter",TRUE,1,0.342114108747777,0.0829480281439217,"XBP1"
"MA0032.2","FOXC1",-0.157140491465531,0,"cortex_late","up","promoter",TRUE,1,-0.203254550879446,0.651274137422108,"FOXC1"
"MA0848.1","FOXO4",-0.323267577771674,0,"cortex_late","up","promoter",TRUE,1,-0.528580748247043,0.00793978426049497,"FOXO4"
"MA0850.1","FOXP3",-0.185960674308324,0,"cortex_late","up","promoter",TRUE,1,0.629960337507221,0.398098356481561,"FOXP3"
"MA0855.1","RXRB",-0.8601201100395,0,"cortex_late","up","promoter",TRUE,1,-0.0208673833180706,0.886281683936467,"RXRB"
"MA0856.1","RXRG",-0.593363654771439,0,"cortex_late","up","promoter",TRUE,1,-0.336850998988665,0.703592536732438,"RXRG"
"MA0106.3","TP53",0.0989319897619803,0,"cortex_late","up","promoter",TRUE,1,0.611285532919856,0.0658521904163743,"TP53"
"MA0861.1","TP73",-0.272315768544203,0,"cortex_late","up","promoter",TRUE,1,0.179201540102994,0.766143713200244,"TP73"
"MA0862.1","GMEB2",-0.220400570845454,0,"cortex_late","up","promoter",TRUE,1,0.0625284080468242,0.678097042870395,"GMEB2"
"MA0863.1","MTF1",-0.0271298964040083,0,"cortex_late","up","promoter",TRUE,1,-0.217529416862878,0.249649921118796,"MTF1"
"MA0024.3","E2F1",-0.349462070910168,0,"cortex_late","up","promoter",TRUE,1,0.0336666330839055,0.932472173676642,"E2F1"
"MA0028.2","ELK1",-0.4831743787284,0,"cortex_late","up","promoter",TRUE,1,0.24092635835186,0.173832506816299,"ELK1"
"MA0891.1","GSC2",-0.36665588624805,0,"cortex_late","up","promoter",TRUE,1,-1.25848589432203,0.0869476361504072,"GSC2"
"MA0899.1","HOXA10",0.115690211128549,0,"cortex_late","up","promoter",TRUE,1,-0.31035266242151,0.0504512039170657,"HOXA10"
"MA0903.1","HOXB3",0.0892739288725783,0,"cortex_late","up","promoter",TRUE,1,0.313284908412333,0.306710999720568,"HOXB3"
"MA0905.1","HOXC10",0.134267705176179,0,"cortex_late","up","promoter",TRUE,1,0.0572927181076617,0.844097336474233,"HOXC10"
"MA0908.1","HOXD11",0.117014871029277,0,"cortex_late","up","promoter",TRUE,1,0.506225972671253,0.302202683568591,"HOXD11"
"MA0852.2","FOXK1",-0.0986044956460557,0,"cortex_late","up","promoter",TRUE,1,-0.134485470069213,0.393562785491807,"FOXK1"
"MA0161.2","NFIC",-0.158170896912801,0,"cortex_late","up","promoter",TRUE,1,0.0436273452510321,0.83858300186558,"NFIC"
"MA0060.3","NFYA",-0.0962962844004389,0,"cortex_late","up","promoter",TRUE,1,0.118343667952641,0.464941495194905,"NFYA"
"MA1111.1","NR2F2",-0.232083686959286,0,"cortex_late","up","promoter",TRUE,1,0.25083891617585,0.222832215271184,"NR2F2"
"MA0014.3","PAX5",-0.00643998985553562,0,"cortex_late","up","promoter",TRUE,1,2.99983591950139,0.0769262956889678,"PAX5"
"MA1116.1","RBPJ",-0.194455922337005,0,"cortex_late","up","promoter",TRUE,1,0.354243261065127,0.0529157472414669,"RBPJ"
"MA1117.1","RELB",-0.0441861691752461,0,"cortex_late","up","promoter",TRUE,1,1.01172221690503,0.0592750847266929,"RELB"
"MA1120.1","SOX13",-0.0847456896293597,0,"cortex_late","up","promoter",TRUE,1,-0.110795667784516,0.701125737099856,"SOX13"
"MA1122.1","TFDP1",-0.0615732900412311,0,"cortex_late","up","promoter",TRUE,1,0.0398925830544039,0.762615861636997,"TFDP1"
"MA0103.3","ZEB1",-0.0498108845414045,0,"cortex_late","up","promoter",TRUE,1,-0.221755541245513,0.454317257917418,"ZEB1"
"MA1125.1","ZNF384",0.00145870155214389,0,"cortex_late","up","promoter",TRUE,1,-0.207547397485206,0.0857121114228499,"ZNF384"
"MA1154.1","ZNF282",-0.386086821457419,0,"cortex_late","up","promoter",TRUE,1,-0.081807644359813,0.620810139669069,"ZNF282"
"MA0037.3","GATA3",0.0650027405588531,0,"cortex_late","up","promoter",TRUE,1,-0.0158012693355865,0.960281563501289,"GATA3"
"MA1126.1","FOS::JUN(var.2)",-0.00891546438180235,0,"cortex_late","up","promoter",TRUE,1,0.0826020248799741,0.94439835226923,"FOS"
"MA1132.1","JUN::JUNB",0.0486684399436692,0,"cortex_late","up","promoter",TRUE,1,0.97627375341033,0.0583353553944371,"JUNB"
"MA1136.1","FOSB::JUNB(var.2)",0.172496156174668,0,"cortex_late","up","promoter",TRUE,1,-0.161525958582189,0.898038142465522,"FOSB"
"MA1143.1","FOSL1::JUND(var.2)",-0.213420308577331,0,"cortex_late","up","promoter",TRUE,1,2.1164680327118,0.0197929391485239,"FOSL1"
"MA1148.1","PPARA::RXRA",-0.0505436555569743,0,"cortex_late","up","promoter",TRUE,1,-1.37811628703652,0.019803145149502,"PPARA"
"MA0831.2","TFE3",0.0879448475833557,0,"cortex_late","up","promoter",TRUE,1,0.00229924612834509,0.987493810891898,"TFE3"
"MA0693.2","VDR",0.073827700551953,0,"cortex_late","up","promoter",TRUE,1,0.33930558321493,0.454946258345994,"VDR"
"MA1420.1","IRF5",0.12474848175473,0,"cortex_late","up","promoter",TRUE,1,1.54725426674744,0.0552467572711978,"IRF5"
"MA1421.1","TCF7L1",-0.503059146013445,0,"cortex_late","up","promoter",TRUE,1,0.0138295962882022,0.967849830050751,"TCF7L1"
"MA1466.1","ATF6",-0.174449654643572,0,"cortex_late","up","promoter",TRUE,1,0.0598177653047873,0.71805278556525,"ATF6"
"MA1101.2","BACH2",0.126854203160777,0,"cortex_late","up","promoter",TRUE,1,0.871316276844716,0.156855941522764,"BACH2"
"MA1471.1","BARX2",0.101603912814732,0,"cortex_late","up","promoter",TRUE,1,1.36449236868885,0.0767377576887523,"BARX2"
"MA1483.1","ELF2",-0.0221325715582914,0,"cortex_late","up","promoter",TRUE,1,-0.0959251023429504,0.671150630721854,"ELF2"
"MA1484.1","ETS2",-0.359662947436621,0,"cortex_late","up","promoter",TRUE,1,0.245565019311631,0.380848480870962,"ETS2"
"MA1487.1","FOXE1",0.18646707860533,0,"cortex_late","up","promoter",TRUE,1,0.251220572646225,0.866414771816428,"FOXE1"
"MA1489.1","FOXN3",-0.269487202207082,0,"cortex_late","up","promoter",TRUE,1,-0.021463822081496,0.934394450068386,"FOXN3"
"MA1491.1","GLI3",-0.0469165112333458,0,"cortex_late","up","promoter",TRUE,1,0.197493343304858,0.420432558765284,"GLI3"
"MA1496.1","HOXA4",-0.0785979824987377,0,"cortex_late","up","promoter",TRUE,1,-0.335100494956715,0.0840260100357667,"HOXA4"
"MA1497.1","HOXA6",-0.0196664400554143,0,"cortex_late","up","promoter",TRUE,1,0.0798267991047208,0.764859569840842,"HOXA6"
"MA1498.1","HOXA7",0.129968380157246,0,"cortex_late","up","promoter",TRUE,1,-0.648215791064456,0.0233992953367174,"HOXA7"
"MA1499.1","HOXB4",-0.129882040933928,0,"cortex_late","up","promoter",TRUE,1,-0.221650499086614,0.434236069075196,"HOXB4"
"MA1500.1","HOXB6",-0.125567596508729,0,"cortex_late","up","promoter",TRUE,1,0.0961797422349768,0.792747952092405,"HOXB6"
"MA1501.1","HOXB7",0.14225373615848,0,"cortex_late","up","promoter",TRUE,1,0.0354460013085491,0.923104840635492,"HOXB7"
"MA1502.1","HOXB8",-0.128059721850824,0,"cortex_late","up","promoter",TRUE,1,0.287641927932375,0.480252060759669,"HOXB8"
"MA1503.1","HOXB9",0.128446796527768,0,"cortex_late","up","promoter",TRUE,1,0.136860467316353,0.80518557440877,"HOXB9"
"MA1504.1","HOXC4",0.0674846633920838,0,"cortex_late","up","promoter",TRUE,1,0.119712141715202,0.711366561610109,"HOXC4"
"MA1505.1","HOXC8",-0.067756974415746,0,"cortex_late","up","promoter",TRUE,1,0.256911703798522,0.353533977233686,"HOXC8"
"MA1506.1","HOXD10",-0.124019399562272,0,"cortex_late","up","promoter",TRUE,1,0.222882286711195,0.540455536645619,"HOXD10"
"MA1509.1","IRF6",-0.13067697697369,0,"cortex_late","up","promoter",TRUE,1,-0.400123438782607,0.1786866707416,"IRF6"
"MA1513.1","KLF15",-0.0449344986567084,0,"cortex_late","up","promoter",TRUE,1,-1.2163342939382,0.0568963189960909,"KLF15"
"MA1515.1","KLF2",0.0144687619207886,0,"cortex_late","up","promoter",TRUE,1,1.07825231297991,0.0124480888089217,"KLF2"
"MA1517.1","KLF6",-0.0589948855066087,0,"cortex_late","up","promoter",TRUE,1,0.86771683566165,0.0223095177481056,"KLF6"
"MA1518.1","LHX1",-0.00924423452116541,0,"cortex_late","up","promoter",TRUE,1,-1.23035935203172,0.0362673617296545,"LHX1"
"MA1520.1","MAF",-0.475476446890053,0,"cortex_late","up","promoter",TRUE,1,-0.717073390939694,0.140313942794167,"MAF"
"MA1523.1","MSANTD3",0.0488066440296651,0,"cortex_late","up","promoter",TRUE,1,-0.295304696191521,0.269507575088981,"MSANTD3"
"MA1531.1","NR1D1",0.151842615051087,0,"cortex_late","up","promoter",TRUE,1,-0.945179172807376,0.0245984270450917,"NR1D1"
"MA1533.1","NR1I2",0.0643407921141179,0,"cortex_late","up","promoter",TRUE,1,-1.24596288724903,0.161301204909157,"NR1I2"
"MA1535.1","NR2C1",-0.122816296137692,0,"cortex_late","up","promoter",TRUE,1,0.0737951410149003,0.745970281869099,"NR2C1"
"MA1541.1","NR6A1",-0.229246911550379,0,"cortex_late","up","promoter",TRUE,1,-0.217266888365558,0.223693506960725,"NR6A1"
"MA1544.1","OVOL1",0.117287484740384,0,"cortex_late","up","promoter",TRUE,1,-0.472754789640812,0.342179623666503,"OVOL1"
"MA1545.1","OVOL2",0.00170232116780955,0,"cortex_late","up","promoter",TRUE,1,-0.907209065606548,0.175333408515008,"OVOL2"
"MA1547.1","PITX2",-0.139896490598078,0,"cortex_late","up","promoter",TRUE,1,-0.899741747024079,0.106824570811437,"PITX2"
"MA1548.1","PLAGL2",-0.0436169095675147,0,"cortex_late","up","promoter",TRUE,1,0.00433253723925286,0.979261986561269,"PLAGL2"
"MA1550.1","PPARD",-0.35971051335631,0,"cortex_late","up","promoter",TRUE,1,0.593602782098353,0.0556067092227686,"PPARD"
"MA1557.1","SMAD5",0.0429042138802762,0,"cortex_late","up","promoter",TRUE,1,-0.150942801064471,0.510765020740912,"SMAD5"
"MA1558.1","SNAI1",-0.0550232082281568,0,"cortex_late","up","promoter",TRUE,1,1.07137823300724,0.0162831409125398,"SNAI1"
"MA1563.1","SOX18",-0.38032418701628,0,"cortex_late","up","promoter",TRUE,1,-0.0219361164698997,0.960098351888765,"SOX18"
"MA1566.1","TBX3",0.053061693196832,0,"cortex_late","up","promoter",TRUE,1,0.096232494089957,0.759926920367544,"TBX3"
"MA1567.1","TBX6",0.0750962878777299,0,"cortex_late","up","promoter",TRUE,1,-0.544515299224096,0.277758135839614,"TBX6"
"MA1573.1","THAP11",0.150872489393883,0,"cortex_late","up","promoter",TRUE,1,-0.132877282302207,0.459232745580027,"THAP11"
"MA1574.1","THRB",-0.00974667334186741,0,"cortex_late","up","promoter",TRUE,1,-1.64088332630497,0.0117359827762105,"THRB"
"MA1578.1","VEZF1",-0.00587308053414226,0,"cortex_late","up","promoter",TRUE,1,0.132918528911464,0.407446032676259,"VEZF1"
"MA1579.1","ZBTB26",0.0278535119417676,0,"cortex_late","up","promoter",TRUE,1,-0.340993936341768,0.217014701723913,"ZBTB26"
"MA1581.1","ZBTB6",-0.0258253874127261,0,"cortex_late","up","promoter",TRUE,1,-0.15999992993106,0.67155032778739,"ZBTB6"
"MA1583.1","ZFP57",-0.0659340328092997,0,"cortex_late","up","promoter",TRUE,1,-0.102293792219129,0.484423324620714,"ZFP57"
"MA1585.1","ZKSCAN1",-0.347868797469607,0,"cortex_late","up","promoter",TRUE,1,-0.169437757687677,0.421232671434503,"ZKSCAN1"
"MA1589.1","ZNF140",0.0901953534357083,0,"cortex_late","up","promoter",TRUE,1,0.393899644559988,0.161732179270547,"ZNF140"
"MA1592.1","ZNF274",0.147123478381547,0,"cortex_late","up","promoter",TRUE,1,0.386631308249538,0.159072619765945,"ZNF274"
"MA1593.1","ZNF317",0.0655689578817045,0,"cortex_late","up","promoter",TRUE,1,0.193400861198292,0.0929874116877458,"ZNF317"
"MA1594.1","ZNF382",-0.195574996474939,0,"cortex_late","up","promoter",TRUE,1,-0.0830214501206012,0.792374614051998,"ZNF382"
"MA1601.1","ZNF75D",-0.220317788896947,0,"cortex_late","up","promoter",TRUE,1,-0.0362019657369963,0.808290956970266,"ZNF75D"
"MA1602.1","ZSCAN29",-0.446029764717166,0,"cortex_late","up","promoter",TRUE,1,-0.16014756295271,0.37273470371067,"ZSCAN29"
"MA0864.2","E2F2",-0.189025876334825,0,"cortex_late","up","promoter",TRUE,1,2.16203592414378,0.0314102810843789,"E2F2"
"MA0469.3","E2F3",0.142064424488151,0,"cortex_late","up","promoter",TRUE,1,0.094022181741158,0.778202464342113,"E2F3"
"MA0470.2","E2F4",-0.163727957468572,0,"cortex_late","up","promoter",TRUE,1,0.252386782389945,0.172293205725189,"E2F4"
"MA0766.2","GATA5",0.14855709289299,0,"cortex_late","up","promoter",TRUE,1,-0.878781227047609,0.0858825420852299,"GATA5"
"MA0734.2","GLI2",-0.210594211844714,0,"cortex_late","up","promoter",TRUE,1,1.51625844656021,0.0204105787660072,"GLI2"
"MA0900.2","HOXA2",0.102032374424719,0,"cortex_late","up","promoter",TRUE,1,0.436270978219671,0.256682012109033,"HOXA2"
"MA0158.2","HOXA5",0.15221637459828,0,"cortex_late","up","promoter",TRUE,1,0.0249634331545669,0.924492737629551,"HOXA5"
"MA0594.2","HOXA9",0.0370991571774182,0,"cortex_late","up","promoter",TRUE,1,-0.202229074377168,0.355081223474083,"HOXA9"
"MA0485.2","HOXC9",0.01870416708842,0,"cortex_late","up","promoter",TRUE,1,-0.00667709431821262,0.982467088460032,"HOXC9"
"MA0910.2","HOXD8",-0.34378000055682,0,"cortex_late","up","promoter",TRUE,1,-0.224916284023403,0.476287889403581,"HOXD8"
"MA0913.2","HOXD9",0.139324129208209,0,"cortex_late","up","promoter",TRUE,1,-0.230427773357123,0.408626010330785,"HOXD9"
"MA0703.2","LMX1B",-0.187010730163781,0,"cortex_late","up","promoter",TRUE,1,-1.84151344452386,0.02188947523314,"LMX1B"
"MA0842.2","NRL",-0.290705840460465,0,"cortex_late","up","promoter",TRUE,1,-0.673884997599162,0.0390147111492045,"NRL"
"MA0075.3","PRRX2",0.175022103707406,0,"cortex_late","up","promoter",TRUE,1,2.07856064404723,0.0214669467092927,"PRRX2"
"MA0079.4","SP1",0.0627093452164722,0,"cortex_late","up","promoter",TRUE,1,-0.0412343232999097,0.833888977459003,"SP1"
"MA0516.2","SP2",-0.0643738330878323,0,"cortex_late","up","promoter",TRUE,1,0.0623367603781722,0.743913208959988,"SP2"
"MA0746.2","SP3",-0.0451099118000133,0,"cortex_late","up","promoter",TRUE,1,0.114216776442655,0.533190796325895,"SP3"
"MA0871.2","TFEC",0.0453046824912837,0,"cortex_late","up","promoter",TRUE,1,-1.10606020771437,0.0808643859250289,"TFEC"
"MA0753.2","ZNF740",-0.0213186454985586,0,"cortex_late","up","promoter",TRUE,1,0.139775883695298,0.394174632977324,"ZNF740"
"MA1633.1","BACH1",0.104036183567134,0,"cortex_late","up","promoter",TRUE,1,0.236739835308955,0.330451818516026,"BACH1"
"MA1644.1","NFYC",-0.0667212666881971,0,"cortex_late","up","promoter",TRUE,1,-0.416390299476713,0.0290177312215247,"NFYC"
"MA1647.1","PRDM4",0.0658670623501454,0,"cortex_late","up","promoter",TRUE,1,0.049734502285621,0.795163439674236,"PRDM4"
"MA1649.1","ZBTB12",0.0266896221341417,0,"cortex_late","up","promoter",TRUE,1,-0.165819949824174,0.65610607587717,"ZBTB12"
"MA1651.1","ZFP42",-0.121773954821137,0,"cortex_late","up","promoter",TRUE,1,0.618914101403824,0.19302286285418,"ZFP42"
"MA1655.1","ZNF341",-0.0765648545068309,0,"cortex_late","up","promoter",TRUE,1,-0.0610025176493343,0.788875146762828,"ZNF341"
"MA1656.1","ZNF449",0.00979438514400766,0,"cortex_late","up","promoter",TRUE,1,0.285826144046208,0.428945172737478,"ZNF449"
"MA1657.1","ZNF652",0.0273576725297238,0,"cortex_late","up","promoter",TRUE,1,-0.214769070918545,0.308541549322719,"ZNF652"
"MA0833.2","ATF4",-0.185767582795509,0,"cortex_late","up","promoter",TRUE,1,0.533464040223653,0.0446001367314445,"ATF4"
"MA0102.4","CEBPA",0.0314837859765982,0,"cortex_late","up","promoter",TRUE,1,-0.0733023587432227,0.861723948690874,"CEBPA"
"MA0836.2","CEBPD",-0.20668895378046,0,"cortex_late","up","promoter",TRUE,1,1.43950959869681,0.00818065370086555,"CEBPD"
"MA0471.2","E2F6",-0.0520052038288803,0,"cortex_late","up","promoter",TRUE,1,0.252686907750524,0.0670080767320751,"E2F6"
"MA0162.4","EGR1",0.0107916836717497,0,"cortex_late","up","promoter",TRUE,1,0.998863709365167,0.185626555180147,"EGR1"
"MA0592.3","ESRRA",-0.275695931316192,0,"cortex_late","up","promoter",TRUE,1,-0.608206137724949,0.0994022927880583,"ESRRA"
"MA0765.2","ETV5",-0.0735598752059117,0,"cortex_late","up","promoter",TRUE,1,-0.606866492628611,0.282656919838024,"ETV5"
"MA1103.2","FOXK2",-0.105869661903832,0,"cortex_late","up","promoter",TRUE,1,-0.357340901255414,0.0441143315290918,"FOXK2"
"MA0481.3","FOXP1",-0.161670186826036,0,"cortex_late","up","promoter",TRUE,1,0.0699817936924472,0.802846461320763,"FOXP1"
"MA0482.2","GATA4",0.143104875582107,0,"cortex_late","up","promoter",TRUE,1,-0.410750694985459,0.745577611553976,"GATA4"
"MA1105.2","GRHL2",-0.0990446897815502,0,"cortex_late","up","promoter",TRUE,1,0.220827700424872,0.43048691597002,"GRHL2"
"MA0114.4","HNF4A",-0.00953990082642786,0,"cortex_late","up","promoter",TRUE,1,-1.23007976463855,0.0977501598026493,"HNF4A"
"MA0484.2","HNF4G",-0.0642210144611788,0,"cortex_late","up","promoter",TRUE,1,-1.63629288463108,0.0176087917676422,"HNF4G"
"MA1107.2","KLF9",-0.0467363247955319,0,"cortex_late","up","promoter",TRUE,1,-0.127729319387472,0.82451556064693,"KLF9"
"MA0495.3","MAFF",0.0219287195577236,0,"cortex_late","up","promoter",TRUE,1,1.17456174518357,0.0298075747008926,"MAFF"
"MA0659.2","MAFG",-0.0296058555404652,0,"cortex_late","up","promoter",TRUE,1,0.113821361373602,0.531898520522452,"MAFG"
"MA0496.3","MAFK",-0.180553843119903,0,"cortex_late","up","promoter",TRUE,1,-0.0601619570222027,0.821042255672422,"MAFK"
"MA0620.3","MITF",-0.338688320448947,0,"cortex_late","up","promoter",TRUE,1,-0.418019200584777,0.0936136381068117,"MITF"
"MA0056.2","MZF1",-0.0945866025899988,0,"cortex_late","up","promoter",TRUE,1,0.22839474111009,0.272126907316133,"MZF1"
"MA0089.2","NFE2L1",-0.608875633557751,0,"cortex_late","up","promoter",TRUE,1,0.399968441309023,0.0173989746690131,"NFE2L1"
"MA0025.2","NFIL3",0.135688665355646,0,"cortex_late","up","promoter",TRUE,1,0.191079949928064,0.449058808909072,"NFIL3"
"MA0502.2","NFYB",-0.0982051518342448,0,"cortex_late","up","promoter",TRUE,1,0.0575060224229982,0.7741744295073,"NFYB"
"MA1112.2","NR4A1",-0.281972828871798,0,"cortex_late","up","promoter",TRUE,1,-0.886839565583435,0.304379979828154,"NR4A1"
"MA0679.2","ONECUT1",0.134653926154884,0,"cortex_late","up","promoter",TRUE,1,-0.285540496962716,0.813978789470793,"ONECUT1"
"MA1113.2","PBX2",-0.327597370924794,0,"cortex_late","up","promoter",TRUE,1,-0.0770804941182313,0.551381882205006,"PBX2"
"MA0508.3","PRDM1",-0.0187163045003889,0,"cortex_late","up","promoter",TRUE,1,0.851179183317446,0.11255443089842,"PRDM1"
"MA0509.2","RFX1",0.043580570201776,0,"cortex_late","up","promoter",TRUE,1,-0.108047642823462,0.674492106932214,"RFX1"
"MA0798.2","RFX3",0.0133157611102011,0,"cortex_late","up","promoter",TRUE,1,-0.356691603199618,0.0899010567698811,"RFX3"
"MA0745.2","SNAI2",-0.201573639516587,0,"cortex_late","up","promoter",TRUE,1,0.645325597931945,0.101858976062425,"SNAI2"
"MA0522.3","TCF3",0.00828557514513761,0,"cortex_late","up","promoter",TRUE,1,0.532817375041109,0.168568045159763,"TCF3"
"MA0830.2","TCF4",-0.0884748805542532,0,"cortex_late","up","promoter",TRUE,1,0.240803181063343,0.49776328391915,"TCF4"
"MA0090.3","TEAD1",0.0365348006534463,0,"cortex_late","up","promoter",TRUE,1,0.0381833387699846,0.926750044230752,"TEAD1"
"MA0809.2","TEAD4",0.0778336050359441,0,"cortex_late","up","promoter",TRUE,1,0.944874047266597,0.0141629003102845,"TEAD4"
"MA0003.4","TFAP2A",-0.115542208430764,0,"cortex_late","up","promoter",TRUE,1,0.161479603809617,0.564933534231485,"TFAP2A"
"MA0093.3","USF1",-0.159928643831784,0,"cortex_late","up","promoter",TRUE,1,0.182666565516,0.470472376397656,"USF1"
"MA0526.3","USF2",-0.192154681291395,0,"cortex_late","up","promoter",TRUE,1,-0.274483328298539,0.0545038892916571,"USF2"
"MA0528.2","ZNF263",-0.0561494432837719,0,"cortex_late","up","promoter",TRUE,1,0.2937852410379,0.16199347824644,"ZNF263"
"MA0609.2","CREM",0.147021680576986,0,"cortex_late","up","promoter",TRUE,1,0.65318684211956,0.0228793258643145,"CREM"
"MA0729.1","RARA",NA,NA,"cortex_late","up","promoter",TRUE,NA,0.136091981256486,0.611362538640729,"RARA"
"MA1141.1","FOS::JUND",0.564463084474866,1.09825223565436,"cortex_late","up","enhancer",TRUE,0.0797531351260007,0.161363286064925,0.46617504459736,"JUND"
"MA0477.2","FOSL1",0.548839267019669,1.09825223565436,"cortex_late","up","enhancer",TRUE,0.0797531351260007,2.1164680327118,0.0197929391485239,"FOSL1"
"MA0476.1","FOS",0.49720385845804,0.766300713816276,"cortex_late","up","enhancer",TRUE,0.171277094142407,0.0826020248799741,0.94439835226923,"FOS"
"MA1134.1","FOS::JUNB",0.523912210650915,0.766300713816276,"cortex_late","up","enhancer",TRUE,0.171277094142407,0.97627375341033,0.0583353553944371,"JUNB"
"MA1130.1","FOSL2::JUN",0.459498611282686,0.745544026543492,"cortex_late","up","enhancer",TRUE,0.179661893894305,1.02982069670662,0.00558578197927428,"FOSL2"
"MA0099.3","FOS::JUN",0.436920564828172,0.650345541654322,"cortex_late","up","enhancer",TRUE,0.223694063299483,0.236695319839362,0.485227546006482,"JUN"
"MA1138.1","FOSL2::JUNB",0.442396681369009,0.650345541654322,"cortex_late","up","enhancer",TRUE,0.223694063299483,1.02982069670662,0.00558578197927428,"FOSL2"
"MA0491.2","JUND",0.470068626724104,0.650345541654322,"cortex_late","up","enhancer",TRUE,0.223694063299483,0.161363286064925,0.46617504459736,"JUND"
"MA0025.2","NFIL3",0.534808376130249,0.650345541654322,"cortex_late","up","enhancer",TRUE,0.223694063299483,0.191079949928064,0.449058808909072,"NFIL3"
"MA1135.1","FOSB::JUNB",0.434004865636371,0.63859024824778,"cortex_late","up","enhancer",TRUE,0.229831605974589,0.97627375341033,0.0583353553944371,"JUNB"
"MA1144.1","FOSL2::JUND",0.436567715590459,0.63859024824778,"cortex_late","up","enhancer",TRUE,0.229831605974589,1.02982069670662,0.00558578197927428,"FOSL2"
"MA1128.1","FOSL1::JUN",0.393017962465065,0.616811991723492,"cortex_late","up","enhancer",TRUE,0.24165067260195,2.1164680327118,0.0197929391485239,"FOSL1"
"MA1142.1","FOSL1::JUND",0.448167919159997,0.616811991723492,"cortex_late","up","enhancer",TRUE,0.24165067260195,2.1164680327118,0.0197929391485239,"FOSL1"
"MA0490.2","JUNB",0.437428678805428,0.616811991723492,"cortex_late","up","enhancer",TRUE,0.24165067260195,0.97627375341033,0.0583353553944371,"JUNB"
"MA0836.2","CEBPD",0.468391768532263,0.584038325685948,"cortex_late","up","enhancer",TRUE,0.260592357190902,1.43950959869681,0.00818065370086555,"CEBPD"
"MA0141.3","ESRRB",0.464469574909392,0.452317671462758,"cortex_late","up","enhancer",TRUE,0.352924922922582,-1.28453064368206,0.0377797473826803,"ESRRB"
"MA0163.1","PLAG1",0.228428261951757,0.443879074562861,"cortex_late","up","enhancer",TRUE,0.359849518106435,-0.654661986185757,0.0377532838072238,"PLAG1"
"MA0905.1","HOXC10",0.444710069458945,0.443879074562861,"cortex_late","up","enhancer",TRUE,0.359849518106435,0.0572927181076617,0.844097336474233,"HOXC10"
"MA0462.2","BATF::JUN",0.349581165018341,0.443879074562861,"cortex_late","up","enhancer",TRUE,0.359849518106435,1.49634347459398,0.0532488931682245,"BATF"
"MA0014.3","PAX5",0.327902335557967,0.390781419733387,"cortex_late","up","enhancer",TRUE,0.406647943442853,2.99983591950139,0.0769262956889678,"PAX5"
"MA0485.2","HOXC9",0.573807569546166,0.390781419733387,"cortex_late","up","enhancer",TRUE,0.406647943442853,-0.00667709431821262,0.982467088460032,"HOXC9"
"MA1503.1","HOXB9",0.536832139720555,0.368928712306053,"cortex_late","up","enhancer",TRUE,0.427633074641563,0.136860467316353,0.80518557440877,"HOXB9"
"MA1634.1","BATF",0.31869994547628,0.302165739670043,"cortex_late","up","enhancer",TRUE,0.498694134650394,1.49634347459398,0.0532488931682245,"BATF"
"MA0102.4","CEBPA",0.407683632326325,0.294285722383258,"cortex_late","up","enhancer",TRUE,0.507825234362127,-0.0733023587432227,0.861723948690874,"CEBPA"
"MA0154.4","EBF1",0.184679261762922,0.294285722383258,"cortex_late","up","enhancer",TRUE,0.507825234362127,0.0705077451459912,0.869678746385901,"EBF1"
"MA0908.1","HOXD11",0.411012536958617,0.241310506401037,"cortex_late","up","enhancer",TRUE,0.57370613435013,0.506225972671253,0.302202683568591,"HOXD11"
"MA1132.1","JUN::JUNB",0.317753448626561,0.213567611399383,"cortex_late","up","enhancer",TRUE,0.611550588735922,0.97627375341033,0.0583353553944371,"JUNB"
"MA1506.1","HOXD10",0.520455970631157,0.195613497383437,"cortex_late","up","enhancer",TRUE,0.637362492621996,0.222882286711195,0.540455536645619,"HOXD10"
"MA0734.2","GLI2",0.36866143332639,0.190201506466237,"cortex_late","up","enhancer",TRUE,0.645354724138545,1.51625844656021,0.0204105787660072,"GLI2"
"MA0592.3","ESRRA",0.220349880979797,0.183388435563029,"cortex_late","up","enhancer",TRUE,0.655558668448583,-0.608206137724949,0.0994022927880583,"ESRRA"
"MA0507.1","POU2F2",0.363730272689577,0.180369945261436,"cortex_late","up","enhancer",TRUE,0.660130888850821,2.77086498509866,0.0353960228761903,"POU2F2"
"MA1523.1","MSANTD3",0.216646281148464,0.180369945261436,"cortex_late","up","enhancer",TRUE,0.660130888850821,-0.295304696191521,0.269507575088981,"MSANTD3"
"MA0089.2","NFE2L1",0.402957342011224,0.180369945261436,"cortex_late","up","enhancer",TRUE,0.660130888850821,0.399968441309023,0.0173989746690131,"NFE2L1"
"MA0080.5","SPI1",0.148039335026562,0.160284516602253,"cortex_late","up","enhancer",TRUE,0.691377884492478,2.05561331810846,0.0321178422322815,"SPI1"
"MA1137.1","FOSL1::JUNB",0.284992080875035,0.159628682769036,"cortex_late","up","enhancer",TRUE,0.69242273208798,2.1164680327118,0.0197929391485239,"FOSL1"
"MA1585.1","ZKSCAN1",0.316883925177303,0.159628682769036,"cortex_late","up","enhancer",TRUE,0.69242273208798,-0.169437757687677,0.421232671434503,"ZKSCAN1"
"MA1466.1","ATF6",0.547555369042657,0.151577392682403,"cortex_late","up","enhancer",TRUE,0.705379132005338,0.0598177653047873,0.71805278556525,"ATF6"
"MA0835.2","BATF3",0.257558522646403,0.150009912108982,"cortex_late","up","enhancer",TRUE,0.707929626786051,0.832332179940709,0.273401447395069,"BATF3"
"MA0655.1","JDP2",0.421733145596853,0.13283039365463,"cortex_late","up","enhancer",TRUE,0.736494666841461,0.958148104186466,0.0281604421995401,"JDP2"
"MA0773.1","MEF2D",0.442469272763589,0.0941725906928744,"cortex_late","up","enhancer",TRUE,0.805058443564172,0.26828937147201,0.134957820351708,"MEF2D"
"MA0794.1","PROX1",0.459852218996112,0.0941725906928744,"cortex_late","up","enhancer",TRUE,0.805058443564172,-0.516221340251166,0.22966138638491,"PROX1"
"MA0804.1","TBX19",0.493808395018915,0.0941725906928744,"cortex_late","up","enhancer",TRUE,0.805058443564172,-0.0915914008127774,0.802791973426763,"TBX19"
"MA1535.1","NR2C1",0.125370013415518,0.0941725906928744,"cortex_late","up","enhancer",TRUE,0.805058443564172,0.0737951410149003,0.745970281869099,"NR2C1"
"MA1633.1","BACH1",0.229592843279626,0.0941725906928744,"cortex_late","up","enhancer",TRUE,0.805058443564172,0.236739835308955,0.330451818516026,"BACH1"
"MA0517.1","STAT1::STAT2",0.20413695090176,0.0674175299650976,"cortex_late","up","enhancer",TRUE,0.856214286473048,0.598592267430019,0.0910113247364219,"STAT1"
"MA0663.1","MLX",0.382098034754931,0.0674175299650976,"cortex_late","up","enhancer",TRUE,0.856214286473048,-0.227446554663818,0.117099486189445,"MLX"
"MA0043.3","HLF",0.351701300276576,0.0674175299650976,"cortex_late","up","enhancer",TRUE,0.856214286473048,-1.21690059508046,0.0315260783749708,"HLF"
"MA0596.1","SREBF2",0.200217613904763,0.0574188599848581,"cortex_late","up","enhancer",TRUE,0.876155396022831,0.10911546278969,0.718462078218655,"SREBF2"
"MA0042.2","FOXI1",0.164323278815529,0.0574188599848581,"cortex_late","up","enhancer",TRUE,0.876155396022831,-1.3503212932461,0.0110861569905551,"FOXI1"
"MA0651.1","HOXC11",0.354875040479823,0.0574188599848581,"cortex_late","up","enhancer",TRUE,0.876155396022831,1.18287987898072,0.0867610517090843,"HOXC11"
"MA0848.1","FOXO4",0.164323278815529,0.0574188599848581,"cortex_late","up","enhancer",TRUE,0.876155396022831,-0.528580748247043,0.00793978426049497,"FOXO4"
"MA1501.1","HOXB7",0.267164043440504,0.0574188599848581,"cortex_late","up","enhancer",TRUE,0.876155396022831,0.0354460013085491,0.923104840635492,"HOXB7"
"MA0138.2","REST",0.336950566389436,0.0515987715888729,"cortex_late","up","enhancer",TRUE,0.887976000981113,0.0739363655191427,0.793257436266966,"REST"
"MA0861.1","TP73",0.432927606125355,0.0515987715888729,"cortex_late","up","enhancer",TRUE,0.887976000981113,0.179201540102994,0.766143713200244,"TP73"
"MA0466.2","CEBPB",0.382921044112349,0.0430251531601569,"cortex_late","up","enhancer",TRUE,0.905680144838096,1.552748679055,0.0048133053088007,"CEBPB"
"MA0105.4","NFKB1",0.455945409133525,0.0318977408115758,"cortex_late","up","enhancer",TRUE,0.929185147407684,0.396848107867562,0.0976924350772323,"NFKB1"
"MA1111.1","NR2F2",0.173839161785504,0.0318977408115758,"cortex_late","up","enhancer",TRUE,0.929185147407684,0.25083891617585,0.222832215271184,"NR2F2"
"MA0463.2","BCL6",0.29385518897489,0.0318977408115758,"cortex_late","up","enhancer",TRUE,0.929185147407684,0.283343608553714,0.355195974619481,"BCL6"
"MA0050.2","IRF1",0.173284294271337,0.0289584498363048,"cortex_late","up","enhancer",TRUE,0.935495171297027,1.37450664870334,0.0370088681403073,"IRF1"
"MA0153.2","HNF1B",0.363777546934523,0.0109822640585326,"cortex_late","up","enhancer",TRUE,0.975029455658826,-0.300693670103914,0.22628344735265,"HNF1B"
"MA0783.1","PKNOX2",0.419179269886977,0.0109822640585326,"cortex_late","up","enhancer",TRUE,0.975029455658826,0.392943460422712,0.398685676786679,"PKNOX2"
"MA0030.1","FOXF2",0.212416466518405,0.0107596174550696,"cortex_late","up","enhancer",TRUE,0.97552944509306,1.98410999755597,0.0197489798867888,"FOXF2"
"MA0046.2","HNF1A",0.305099102380047,0.0107596174550696,"cortex_late","up","enhancer",TRUE,0.97552944509306,-1.12890575134969,0.0417521766204149,"HNF1A"
"MA1101.2","BACH2",0.367206276627173,0.0107596174550696,"cortex_late","up","enhancer",TRUE,0.97552944509306,0.871316276844716,0.156855941522764,"BACH2"
"MA0031.1","FOXD1",-0.0642574101147746,0,"cortex_late","up","enhancer",TRUE,1,0.726255394271936,0.122268093286634,"FOXD1"
"MA0051.1","IRF2",-0.157455618206197,0,"cortex_late","up","enhancer",TRUE,1,0.0769699881575958,0.530864052179819,"IRF2"
"MA0059.1","MAX::MYC",0.107239367142157,0,"cortex_late","up","enhancer",TRUE,1,1.59369877514418,0.00392039588194372,"MYC"
"MA0066.1","PPARG",-0.0935630921026078,0,"cortex_late","up","enhancer",TRUE,1,-0.0225518749768592,0.960035379799859,"PPARG"
"MA0070.1","PBX1",-0.133554680926536,0,"cortex_late","up","enhancer",TRUE,1,0.044904694999107,0.873847514856928,"PBX1"
"MA0071.1","RORA",0.0885343681242645,0,"cortex_late","up","enhancer",TRUE,1,-0.361064425540366,0.419005831013643,"RORA"
"MA0073.1","RREB1",-0.133669397922026,0,"cortex_late","up","enhancer",TRUE,1,-0.249259241205931,0.381365986845828,"RREB1"
"MA0074.1","RXRA::VDR",0.255980038786096,0,"cortex_late","up","enhancer",TRUE,1,-0.356143623481072,0.0459711949172875,"RXRA"
"MA0077.1","SOX9",0.00403017229796188,0,"cortex_late","up","enhancer",TRUE,1,2.6359721810194,0.0048133053088007,"SOX9"
"MA0091.1","TAL1::TCF3",0.138783612990541,0,"cortex_late","up","enhancer",TRUE,1,0.532817375041109,0.168568045159763,"TCF3"
"MA0101.1","REL",-0.129637879558754,0,"cortex_late","up","enhancer",TRUE,1,0.585671084063824,0.216511329152222,"REL"
"MA0107.1","RELA",-0.0551642574426516,0,"cortex_late","up","enhancer",TRUE,1,0.468388098918431,0.0418983327896446,"RELA"
"MA0115.1","NR1H2::RXRA",0.0699305062120334,0,"cortex_late","up","enhancer",TRUE,1,-0.356143623481072,0.0459711949172875,"RXRA"
"MA0119.1","NFIC::TLX1",-0.0606482356488245,0,"cortex_late","up","enhancer",TRUE,1,0.0436273452510321,0.83858300186558,"NFIC"
"MA0139.1","CTCF",-0.152058097453867,0,"cortex_late","up","enhancer",TRUE,1,-0.183644533598926,0.176418526527996,"CTCF"
"MA0152.1","NFATC2",0.00710172637692974,0,"cortex_late","up","enhancer",TRUE,1,0.429360097778478,0.301594692263252,"NFATC2"
"MA0159.1","RARA::RXRA",-0.102183400522892,0,"cortex_late","up","enhancer",TRUE,1,-0.356143623481072,0.0459711949172875,"RXRA"
"MA0160.1","NR4A2",0.111657021058535,0,"cortex_late","up","enhancer",TRUE,1,-0.0847014456279496,0.883972872545245,"NR4A2"
"MA0259.1","ARNT::HIF1A",-0.201256512506653,0,"cortex_late","up","enhancer",TRUE,1,1.17233151724341,0.00295747396639751,"HIF1A"
"MA0478.1","FOSL2",0.0778559437753721,0,"cortex_late","up","enhancer",TRUE,1,1.02982069670662,0.00558578197927428,"FOSL2"
"MA0488.1","JUN",0.05014944476798,0,"cortex_late","up","enhancer",TRUE,1,0.236695319839362,0.485227546006482,"JUN"
"MA0497.1","MEF2C",0.0486285707694414,0,"cortex_late","up","enhancer",TRUE,1,0.319385298715242,0.442916752514626,"MEF2C"
"MA0501.1","MAF::NFE2",0.252031524010137,0,"cortex_late","up","enhancer",TRUE,1,-0.717073390939694,0.140313942794167,"MAF"
"MA0504.1","NR2C2",-0.0522105142186104,0,"cortex_late","up","enhancer",TRUE,1,0.0321724794062197,0.868099987665514,"NR2C2"
"MA0506.1","NRF1",0.00474909877487217,0,"cortex_late","up","enhancer",TRUE,1,0.149732550000495,0.457806901564603,"NRF1"
"MA0513.1","SMAD2::SMAD3::SMAD4",0.000105290585383777,0,"cortex_late","up","enhancer",TRUE,1,0.0977475311134839,0.455184595489929,"SMAD2"
"MA0523.1","TCF7L2",-0.166602480808158,0,"cortex_late","up","enhancer",TRUE,1,0.0108251517279818,0.952896055846399,"TCF7L2"
"MA0527.1","ZBTB33",-0.227297732073677,0,"cortex_late","up","enhancer",TRUE,1,0.148073753025283,0.570015727192949,"ZBTB33"
"MA0076.2","ELK4",0.0580176209880996,0,"cortex_late","up","enhancer",TRUE,1,0.145294651140012,0.559333932042359,"ELK4"
"MA0137.3","STAT1",0.124060470060013,0,"cortex_late","up","enhancer",TRUE,1,0.598592267430019,0.0910113247364219,"STAT1"
"MA0144.2","STAT3",0.0773779679529198,0,"cortex_late","up","enhancer",TRUE,1,1.00273246640633,0.00295747396639751,"STAT3"
"MA0140.2","GATA1::TAL1",-0.0755732700206613,0,"cortex_late","up","enhancer",TRUE,1,0.227539284176945,0.612665933526567,"TAL1"
"MA0095.2","YY1",0.0361618347781025,0,"cortex_late","up","enhancer",TRUE,1,-0.0389730044511181,0.759465476477272,"YY1"
"MA0593.1","FOXP2",0.122557026208413,0,"cortex_late","up","enhancer",TRUE,1,-0.0829980227729784,0.900464314857877,"FOXP2"
"MA0595.1","SREBF1",0.117891236143604,0,"cortex_late","up","enhancer",TRUE,1,0.353557944511778,0.652599098818975,"SREBF1"
"MA0597.1","THAP1",0.113767340169084,0,"cortex_late","up","enhancer",TRUE,1,-0.38562603217246,0.122935861541347,"THAP1"
"MA0599.1","KLF5",0.0399270050014842,0,"cortex_late","up","enhancer",TRUE,1,0.709010793474663,0.0834348020920189,"KLF5"
"MA0610.1","DMRT3",-0.23552726277834,0,"cortex_late","up","enhancer",TRUE,1,-0.0125695762907758,0.993696658245056,"DMRT3"
"MA0625.1","NFATC3",0.12151084375233,0,"cortex_late","up","enhancer",TRUE,1,-0.012754814397729,0.938948105012166,"NFATC3"
"MA0628.1","POU6F1",0.151583233626362,0,"cortex_late","up","enhancer",TRUE,1,0.352992935457504,0.19047816655053,"POU6F1"
"MA0636.1","BHLHE41",0.063442818458431,0,"cortex_late","up","enhancer",TRUE,1,0.133273006495653,0.674656617449794,"BHLHE41"
"MA0637.1","CENPB",-0.134687151874741,0,"cortex_late","up","enhancer",TRUE,1,0.244494560013124,0.149536134045034,"CENPB"
"MA0638.1","CREB3",-0.0655117449137572,0,"cortex_late","up","enhancer",TRUE,1,-0.0361557275701507,0.837404161307432,"CREB3"
"MA0641.1","ELF4",-0.266962549731971,0,"cortex_late","up","enhancer",TRUE,1,1.17577986055067,0.0642525218045304,"ELF4"
"MA0136.2","ELF5",0.0371215204894781,0,"cortex_late","up","enhancer",TRUE,1,-1.73309933406235,0.0144800048063897,"ELF5"
"MA0645.1","ETV6",0.0885816103000803,0,"cortex_late","up","enhancer",TRUE,1,0.034785968877614,0.792619376563549,"ETV6"
"MA0475.2","FLI1",0.00831875341473332,0,"cortex_late","up","enhancer",TRUE,1,0.298236443093478,0.475038322911319,"FLI1"
"MA0033.2","FOXL1",-0.0457731780341932,0,"cortex_late","up","enhancer",TRUE,1,1.19368248768637,0.0335304840110292,"FOXL1"
"MA0157.2","FOXO3",-0.0179734130495754,0,"cortex_late","up","enhancer",TRUE,1,0.383074859369871,0.0732025113237811,"FOXO3"
"MA0646.1","GCM1",-0.00637452708926656,0,"cortex_late","up","enhancer",TRUE,1,-1.58562808671666,0.0905505567721186,"GCM1"
"MA0649.1","HEY2",-0.112663350075683,0,"cortex_late","up","enhancer",TRUE,1,-0.41384132428043,0.438115949231322,"HEY2"
"MA0131.2","HINFP",0.0252649072343685,0,"cortex_late","up","enhancer",TRUE,1,-0.0795704979626128,0.704311439553746,"HINFP"
"MA0486.2","HSF1",-0.109211017817176,0,"cortex_late","up","enhancer",TRUE,1,-0.0819535439365673,0.604841037714736,"HSF1"
"MA0652.1","IRF8",0.173377340572365,0,"cortex_late","up","enhancer",TRUE,1,1.98982572735061,0.0318355265937455,"IRF8"
"MA0653.1","IRF9",0.322745363371038,0,"cortex_late","up","enhancer",TRUE,1,1.00680066430244,0.0230294800587811,"IRF9"
"MA0657.1","KLF13",0.0315215127023603,0,"cortex_late","up","enhancer",TRUE,1,0.374872227694996,0.156973312747279,"KLF13"
"MA0658.1","LHX6",0.260638963903175,0,"cortex_late","up","enhancer",TRUE,1,0.81819553473454,0.0732583453269849,"LHX6"
"MA0660.1","MEF2B",0.330557590507887,0,"cortex_late","up","enhancer",TRUE,1,0.475476739336793,0.483055531105224,"MEF2B"
"MA0664.1","MLXIPL",0.0383413906588679,0,"cortex_late","up","enhancer",TRUE,1,0.117551510151253,0.856432606821586,"MLXIPL"
"MA0665.1","MSC",-0.0335241907926944,0,"cortex_late","up","enhancer",TRUE,1,2.83810899090295,0.0445100977765566,"MSC"
"MA0666.1","MSX1",-0.0329769453358093,0,"cortex_late","up","enhancer",TRUE,1,0.0921852394115059,0.836693600199941,"MSX1"
"MA0670.1","NFIA",-0.127631195803384,0,"cortex_late","up","enhancer",TRUE,1,-0.0398914376590245,0.854499794967671,"NFIA"
"MA0671.1","NFIX",-0.0505271207318163,0,"cortex_late","up","enhancer",TRUE,1,0.91418672983295,0.0453733651044089,"NFIX"
"MA0685.1","SP4",-0.179279499823762,0,"cortex_late","up","enhancer",TRUE,1,0.00332818992910378,0.992051407147016,"SP4"
"MA0083.3","SRF",-0.292951575495593,0,"cortex_late","up","enhancer",TRUE,1,0.380519184163411,0.0568978057538719,"SRF"
"MA0688.1","TBX2",-0.0743994002630348,0,"cortex_late","up","enhancer",TRUE,1,-0.109801198875916,0.631193871684476,"TBX2"
"MA0690.1","TBX21",0.0101909190074316,0,"cortex_late","up","enhancer",TRUE,1,1.5901515895646,0.10429582732512,"TBX21"
"MA0691.1","TFAP4",0.0573662683944871,0,"cortex_late","up","enhancer",TRUE,1,0.229948046601796,0.508225196847344,"TFAP4"
"MA0145.3","TFCP2",-0.211700687438811,0,"cortex_late","up","enhancer",TRUE,1,-0.266692679387171,0.0243269210431907,"TFCP2"
"MA0692.1","TFEB",-0.104758640848035,0,"cortex_late","up","enhancer",TRUE,1,0.552400990362843,0.0597696900809219,"TFEB"
"MA0694.1","ZBTB7B",0.0780216368391642,0,"cortex_late","up","enhancer",TRUE,1,0.165373367359041,0.670951147825431,"ZBTB7B"
"MA0695.1","ZBTB7C",0.0936040170156343,0,"cortex_late","up","enhancer",TRUE,1,1.02238151801267,0.0852264536097198,"ZBTB7C"
"MA0698.1","ZBTB18",0.00509649463601392,0,"cortex_late","up","enhancer",TRUE,1,0.0380823135827346,0.839625595030169,"ZBTB18"
"MA0716.1","PRRX1",0.0606637014022162,0,"cortex_late","up","enhancer",TRUE,1,0.886736416470465,0.0540634204856211,"PRRX1"
"MA0722.1","VAX1",0.189947287851841,0,"cortex_late","up","enhancer",TRUE,1,0.363943740941558,0.797343198474492,"VAX1"
"MA0112.3","ESR1",-0.226428753861263,0,"cortex_late","up","enhancer",TRUE,1,-0.594796239557795,0.104998049439265,"ESR1"
"MA0017.2","NR2F1",0.0129808867945265,0,"cortex_late","up","enhancer",TRUE,1,0.69381230140943,0.231854717997705,"NR2F1"
"MA0113.3","NR3C1",0.344552284194058,0,"cortex_late","up","enhancer",TRUE,1,-0.483784123149037,0.0208891789272678,"NR3C1"
"MA0727.1","NR3C2",0.234037511152217,0,"cortex_late","up","enhancer",TRUE,1,-0.903054018037075,0.0144588921418935,"NR3C2"
"MA0729.1","RARA",-0.333522405566309,0,"cortex_late","up","enhancer",TRUE,1,0.136091981256486,0.611362538640729,"RARA"
"MA0731.1","BCL6B",0.044959559845041,0,"cortex_late","up","enhancer",TRUE,1,-0.153584767393532,0.715590431726879,"BCL6B"
"MA0472.2","EGR2",0.0689380050414332,0,"cortex_late","up","enhancer",TRUE,1,2.95735801354798,0.00718652392371367,"EGR2"
"MA0732.1","EGR3",0.000479261289412669,0,"cortex_late","up","enhancer",TRUE,1,2.19171628325849,0.0195990315066758,"EGR3"
"MA0735.1","GLIS1",0.24585073579688,0,"cortex_late","up","enhancer",TRUE,1,-0.807695223737678,0.0715965761555925,"GLIS1"
"MA0736.1","GLIS2",0.162262900735139,0,"cortex_late","up","enhancer",TRUE,1,-0.470328235111768,0.0596788654152836,"GLIS2"
"MA0737.1","GLIS3",-0.0599468914112666,0,"cortex_late","up","enhancer",TRUE,1,0.259106835857718,0.355310672553884,"GLIS3"
"MA0738.1","HIC2",0.0639642850810365,0,"cortex_late","up","enhancer",TRUE,1,0.192753386460157,0.320216921626423,"HIC2"
"MA0741.1","KLF16",0.0369416736114321,0,"cortex_late","up","enhancer",TRUE,1,0.614789041339658,0.0460520770974238,"KLF16"
"MA0749.1","ZBED1",-0.121475594030773,0,"cortex_late","up","enhancer",TRUE,1,0.450962914238764,0.0606547245414666,"ZBED1"
"MA0088.2","ZNF143",0.22235348419931,0,"cortex_late","up","enhancer",TRUE,1,0.107516509590034,0.438115949231322,"ZNF143"
"MA0752.1","ZNF410",-0.0124160711588619,0,"cortex_late","up","enhancer",TRUE,1,-0.407232157302526,0.011846278560058,"ZNF410"
"MA0754.1","CUX1",0.320719227164356,0,"cortex_late","up","enhancer",TRUE,1,-0.641032450111093,0.0342591749941847,"CUX1"
"MA0759.1","ELK3",-0.0606789586968857,0,"cortex_late","up","enhancer",TRUE,1,0.327017028982867,0.256682012109033,"ELK3"
"MA0760.1","ERF",0.119193727647939,0,"cortex_late","up","enhancer",TRUE,1,-0.24005981400277,0.309753890229849,"ERF"
"MA0474.2","ERG",0.0508622059220736,0,"cortex_late","up","enhancer",TRUE,1,-0.103774229931975,0.763029966547876,"ERG"
"MA0098.3","ETS1",0.0471416251060219,0,"cortex_late","up","enhancer",TRUE,1,0.110528725330052,0.763121235421287,"ETS1"
"MA0762.1","ETV2",0.103366527808328,0,"cortex_late","up","enhancer",TRUE,1,0.52799188490058,0.377595807170613,"ETV2"
"MA0763.1","ETV3",0.0745062439023361,0,"cortex_late","up","enhancer",TRUE,1,0.181491501579432,0.202923990342444,"ETV3"
"MA0768.1","LEF1",-0.349376142129437,0,"cortex_late","up","enhancer",TRUE,1,1.88826364930654,0.0221474447125904,"LEF1"
"MA0770.1","HSF2",-0.424645276922702,0,"cortex_late","up","enhancer",TRUE,1,0.0570072184504249,0.729396393191233,"HSF2"
"MA0771.1","HSF4",-0.170295707493395,0,"cortex_late","up","enhancer",TRUE,1,1.02207314332088,0.0470963824090366,"HSF4"
"MA0772.1","IRF7",-0.012336582108774,0,"cortex_late","up","enhancer",TRUE,1,0.752973032019716,0.13441786267678,"IRF7"
"MA0498.2","MEIS1",0.0539490541250647,0,"cortex_late","up","enhancer",TRUE,1,0.654845987538121,0.174122993503971,"MEIS1"
"MA0774.1","MEIS2",-0.0392254629532705,0,"cortex_late","up","enhancer",TRUE,1,-0.00737466780841167,0.987239952847187,"MEIS2"
"MA0775.1","MEIS3",0.0602401403828381,0,"cortex_late","up","enhancer",TRUE,1,1.10896130509657,0.0669951221781059,"MEIS3"
"MA0776.1","MYBL1",-0.135777878248829,0,"cortex_late","up","enhancer",TRUE,1,1.71564957761794,0.0116715334061847,"MYBL1"
"MA0777.1","MYBL2",-0.148989663697358,0,"cortex_late","up","enhancer",TRUE,1,2.55780018493884,0.0197929391485239,"MYBL2"
"MA0778.1","NFKB2",0.190730768293784,0,"cortex_late","up","enhancer",TRUE,1,0.748268146273772,0.0912965793878542,"NFKB2"
"MA0785.1","POU2F1",0.0314961536826708,0,"cortex_late","up","enhancer",TRUE,1,0.232651432584781,0.408626010330785,"POU2F1"
"MA0788.1","POU3F3",0.105706055542808,0,"cortex_late","up","enhancer",TRUE,1,0.0267319308019465,0.960186182081946,"POU3F3"
"MA0600.2","RFX2",-0.507044728426342,0,"cortex_late","up","enhancer",TRUE,1,-0.0991956833708283,0.747779912996063,"RFX2"
"MA0795.1","SMAD3",-0.0755374593476894,0,"cortex_late","up","enhancer",TRUE,1,0.125334627013129,0.578463148924369,"SMAD3"
"MA0796.1","TGIF1",0.375785884347807,0,"cortex_late","up","enhancer",TRUE,1,0.801855894422812,0.0267584233711836,"TGIF1"
"MA0797.1","TGIF2",0.0759742571758464,0,"cortex_late","up","enhancer",TRUE,1,-0.118971629179483,0.655699500756415,"TGIF2"
"MA0510.2","RFX5",-0.543605829561831,0,"cortex_late","up","enhancer",TRUE,1,0.492055561028614,0.108562604559514,"RFX5"
"MA0511.2","RUNX2",0.0197525598105317,0,"cortex_late","up","enhancer",TRUE,1,2.04041216973746,0.0181605953794278,"RUNX2"
"MA0800.1","EOMES",-0.154451216181939,0,"cortex_late","up","enhancer",TRUE,1,2.33632558941431,0.0497254831653571,"EOMES"
"MA0801.1","MGA",0.0502086354445783,0,"cortex_late","up","enhancer",TRUE,1,-0.00380150397538337,0.983059367054861,"MGA"
"MA0805.1","TBX1",0.0149453029222064,0,"cortex_late","up","enhancer",TRUE,1,2.1449261978677,0.0317196793213829,"TBX1"
"MA0808.1","TEAD3",0.128313555506749,0,"cortex_late","up","enhancer",TRUE,1,0.519955641633381,0.00793978426049497,"TEAD3"
"MA0811.1","TFAP2B",-0.0025512871758977,0,"cortex_late","up","enhancer",TRUE,1,-0.237084005016227,0.551875099791801,"TFAP2B"
"MA0464.2","BHLHE40",0.0107199303320415,0,"cortex_late","up","enhancer",TRUE,1,0.329607409803677,0.317642356491303,"BHLHE40"
"MA0818.1","BHLHE22",0.126283416888133,0,"cortex_late","up","enhancer",TRUE,1,2.62570340289903,0.0175362268964315,"BHLHE22"
"MA0819.1","CLOCK",-0.00387419050201743,0,"cortex_late","up","enhancer",TRUE,1,-0.317821511012725,0.277758135839614,"CLOCK"
"MA0823.1","HEY1",-0.0207517980017435,0,"cortex_late","up","enhancer",TRUE,1,0.125806628875297,0.725730410472569,"HEY1"
"MA0058.3","MAX",-0.0639843394189779,0,"cortex_late","up","enhancer",TRUE,1,0.294662800734311,0.0799634345403793,"MAX"
"MA0825.1","MNT",-0.0434333873560053,0,"cortex_late","up","enhancer",TRUE,1,0.302906271941735,0.167213638976676,"MNT"
"MA0838.1","CEBPG",0.353080382008853,0,"cortex_late","up","enhancer",TRUE,1,0.305243126722244,0.059907451629457,"CEBPG"
"MA0839.1","CREB3L1",-0.359265880550338,0,"cortex_late","up","enhancer",TRUE,1,2.42651411632473,0.00937142501801273,"CREB3L1"
"MA0843.1","TEF",-0.0693539570174408,0,"cortex_late","up","enhancer",TRUE,1,-0.881861603659547,0.00698531122215053,"TEF"
"MA0844.1","XBP1",-0.0542113861579807,0,"cortex_late","up","enhancer",TRUE,1,0.342114108747777,0.0829480281439217,"XBP1"
"MA0032.2","FOXC1",-0.0381912151313903,0,"cortex_late","up","enhancer",TRUE,1,-0.203254550879446,0.651274137422108,"FOXC1"
"MA0846.1","FOXC2",-0.0414446252005671,0,"cortex_late","up","enhancer",TRUE,1,0.422980245283098,0.257109956244467,"FOXC2"
"MA0850.1","FOXP3",0.0194672014951296,0,"cortex_late","up","enhancer",TRUE,1,0.629960337507221,0.398098356481561,"FOXP3"
"MA0855.1","RXRB",0.0707548931836639,0,"cortex_late","up","enhancer",TRUE,1,-0.0208673833180706,0.886281683936467,"RXRB"
"MA0856.1","RXRG",-0.32219250591564,0,"cortex_late","up","enhancer",TRUE,1,-0.336850998988665,0.703592536732438,"RXRG"
"MA0106.3","TP53",0.062626967758642,0,"cortex_late","up","enhancer",TRUE,1,0.611285532919856,0.0658521904163743,"TP53"
"MA0862.1","GMEB2",-0.0201893177671568,0,"cortex_late","up","enhancer",TRUE,1,0.0625284080468242,0.678097042870395,"GMEB2"
"MA0863.1","MTF1",0.089520237376159,0,"cortex_late","up","enhancer",TRUE,1,-0.217529416862878,0.249649921118796,"MTF1"
"MA0024.3","E2F1",-0.221905167351753,0,"cortex_late","up","enhancer",TRUE,1,0.0336666330839055,0.932472173676642,"E2F1"
"MA0028.2","ELK1",-0.0916790604033935,0,"cortex_late","up","enhancer",TRUE,1,0.24092635835186,0.173832506816299,"ELK1"
"MA0886.1","EMX2",0.0965304900848132,0,"cortex_late","up","enhancer",TRUE,1,0.0038008380035679,0.991342081718615,"EMX2"
"MA0889.1","GBX1",0.0407514395853736,0,"cortex_late","up","enhancer",TRUE,1,-0.0916107771471888,0.897775383748752,"GBX1"
"MA0891.1","GSC2",-0.377782455624113,0,"cortex_late","up","enhancer",TRUE,1,-1.25848589432203,0.0869476361504072,"GSC2"
"MA0895.1","HMBOX1",-0.117631389450992,0,"cortex_late","up","enhancer",TRUE,1,-0.238052557641045,0.273346129517088,"HMBOX1"
"MA0899.1","HOXA10",0.0545750932814411,0,"cortex_late","up","enhancer",TRUE,1,-0.31035266242151,0.0504512039170657,"HOXA10"
"MA0903.1","HOXB3",0.0877593461642547,0,"cortex_late","up","enhancer",TRUE,1,0.313284908412333,0.306710999720568,"HOXB3"
"MA0852.2","FOXK1",0.0495356785746015,0,"cortex_late","up","enhancer",TRUE,1,-0.134485470069213,0.393562785491807,"FOXK1"
"MA0036.3","GATA2",-0.0147730969465707,0,"cortex_late","up","enhancer",TRUE,1,-0.90892281750524,0.0275316731499419,"GATA2"
"MA1106.1","HIF1A",0.0376305688380212,0,"cortex_late","up","enhancer",TRUE,1,1.17233151724341,0.00295747396639751,"HIF1A"
"MA0147.3","MYC",-0.103700620757579,0,"cortex_late","up","enhancer",TRUE,1,1.59369877514418,0.00392039588194372,"MYC"
"MA0104.4","MYCN",0.107153379716419,0,"cortex_late","up","enhancer",TRUE,1,-0.281144547923944,0.378093464677391,"MYCN"
"MA0161.2","NFIC",-0.0834222846926957,0,"cortex_late","up","enhancer",TRUE,1,0.0436273452510321,0.83858300186558,"NFIC"
"MA0060.3","NFYA",-0.0959739294363464,0,"cortex_late","up","enhancer",TRUE,1,0.118343667952641,0.464941495194905,"NFYA"
"MA1110.1","NR1H4",-0.0749639502630908,0,"cortex_late","up","enhancer",TRUE,1,-1.46432152794742,0.0290160332017628,"NR1H4"
"MA1114.1","PBX3",0.00958292268742067,0,"cortex_late","up","enhancer",TRUE,1,0.372566142848154,0.323671514043324,"PBX3"
"MA1116.1","RBPJ",0.0707666084483662,0,"cortex_late","up","enhancer",TRUE,1,0.354243261065127,0.0529157472414669,"RBPJ"
"MA1117.1","RELB",-0.0651561494475184,0,"cortex_late","up","enhancer",TRUE,1,1.01172221690503,0.0592750847266929,"RELB"
"MA1120.1","SOX13",-0.14940148088226,0,"cortex_late","up","enhancer",TRUE,1,-0.110795667784516,0.701125737099856,"SOX13"
"MA1121.1","TEAD2",-0.11794195417668,0,"cortex_late","up","enhancer",TRUE,1,0.378590154167507,0.205640859642847,"TEAD2"
"MA1122.1","TFDP1",-0.0971739773917868,0,"cortex_late","up","enhancer",TRUE,1,0.0398925830544039,0.762615861636997,"TFDP1"
"MA0750.2","ZBTB7A",0.0182004045300186,0,"cortex_late","up","enhancer",TRUE,1,0.241835027961858,0.0636969423654887,"ZBTB7A"
"MA0103.3","ZEB1",-0.0469350530838373,0,"cortex_late","up","enhancer",TRUE,1,-0.221755541245513,0.454317257917418,"ZEB1"
"MA1124.1","ZNF24",-0.0505290276479595,0,"cortex_late","up","enhancer",TRUE,1,-0.104250266953811,0.509591246816461,"ZNF24"
"MA1125.1","ZNF384",-0.0954967138241516,0,"cortex_late","up","enhancer",TRUE,1,-0.207547397485206,0.0857121114228499,"ZNF384"
"MA1154.1","ZNF282",-0.217327485365557,0,"cortex_late","up","enhancer",TRUE,1,-0.081807644359813,0.620810139669069,"ZNF282"
"MA0037.3","GATA3",0.0636202901742404,0,"cortex_late","up","enhancer",TRUE,1,-0.0158012693355865,0.960281563501289,"GATA3"
"MA1126.1","FOS::JUN(var.2)",-0.0820273773220563,0,"cortex_late","up","enhancer",TRUE,1,0.0826020248799741,0.94439835226923,"FOS"
"MA1127.1","FOSB::JUN",-0.182022874716123,0,"cortex_late","up","enhancer",TRUE,1,0.236695319839362,0.485227546006482,"JUN"
"MA1129.1","FOSL1::JUN(var.2)",-0.0961690276629952,0,"cortex_late","up","enhancer",TRUE,1,2.1164680327118,0.0197929391485239,"FOSL1"
"MA1131.1","FOSL2::JUN(var.2)",-0.104645071168241,0,"cortex_late","up","enhancer",TRUE,1,1.02982069670662,0.00558578197927428,"FOSL2"
"MA1133.1","JUN::JUNB(var.2)",0.0569601082647981,0,"cortex_late","up","enhancer",TRUE,1,0.236695319839362,0.485227546006482,"JUN"
"MA1136.1","FOSB::JUNB(var.2)",-0.0023050619947087,0,"cortex_late","up","enhancer",TRUE,1,-0.161525958582189,0.898038142465522,"FOSB"
"MA1139.1","FOSL2::JUNB(var.2)",-0.147416303816188,0,"cortex_late","up","enhancer",TRUE,1,1.02982069670662,0.00558578197927428,"FOSL2"
"MA1143.1","FOSL1::JUND(var.2)",0.0729974787099632,0,"cortex_late","up","enhancer",TRUE,1,2.1164680327118,0.0197929391485239,"FOSL1"
"MA1145.1","FOSL2::JUND(var.2)",-0.076584746109412,0,"cortex_late","up","enhancer",TRUE,1,1.02982069670662,0.00558578197927428,"FOSL2"
"MA1146.1","NR1H4::RXRA",-0.317916708008343,0,"cortex_late","up","enhancer",TRUE,1,-1.46432152794742,0.0290160332017628,"NR1H4"
"MA1147.1","NR4A2::RXRA",0.104176668036637,0,"cortex_late","up","enhancer",TRUE,1,-0.356143623481072,0.0459711949172875,"RXRA"
"MA1148.1","PPARA::RXRA",0.093276165525995,0,"cortex_late","up","enhancer",TRUE,1,-1.37811628703652,0.019803145149502,"PPARA"
"MA1149.1","RARA::RXRG",-0.0268646319200121,0,"cortex_late","up","enhancer",TRUE,1,0.136091981256486,0.611362538640729,"RARA"
"MA1151.1","RORC",-0.0546161633017404,0,"cortex_late","up","enhancer",TRUE,1,-1.11452511687552,0.0489929491937334,"RORC"
"MA0831.2","TFE3",-0.123998542088815,0,"cortex_late","up","enhancer",TRUE,1,0.00229924612834509,0.987493810891898,"TFE3"
"MA0693.2","VDR",0.00411923469573772,0,"cortex_late","up","enhancer",TRUE,1,0.33930558321493,0.454946258345994,"VDR"
"MA1418.1","IRF3",0.31216433787095,0,"cortex_late","up","enhancer",TRUE,1,0.306682115366221,0.244257623646754,"IRF3"
"MA1419.1","IRF4",-0.188850434637718,0,"cortex_late","up","enhancer",TRUE,1,2.16513839358483,0.0529157472414669,"IRF4"
"MA1420.1","IRF5",-0.0628526686283628,0,"cortex_late","up","enhancer",TRUE,1,1.54725426674744,0.0552467572711978,"IRF5"
"MA1421.1","TCF7L1",-0.186572845147278,0,"cortex_late","up","enhancer",TRUE,1,0.0138295962882022,0.967849830050751,"TCF7L1"
"MA1464.1","ARNT2",-0.0771137254407401,0,"cortex_late","up","enhancer",TRUE,1,-0.22817613742687,0.482093876246079,"ARNT2"
"MA1471.1","BARX2",-0.0752676104007941,0,"cortex_late","up","enhancer",TRUE,1,1.36449236868885,0.0767377576887523,"BARX2"
"MA1474.1","CREB3L4",-0.207411233609145,0,"cortex_late","up","enhancer",TRUE,1,0.741589929808271,0.0572582355845164,"CREB3L4"
"MA1483.1","ELF2",-0.122077908725148,0,"cortex_late","up","enhancer",TRUE,1,-0.0959251023429504,0.671150630721854,"ELF2"
"MA1484.1","ETS2",-0.17139856956875,0,"cortex_late","up","enhancer",TRUE,1,0.245565019311631,0.380848480870962,"ETS2"
"MA1487.1","FOXE1",-0.114402051825252,0,"cortex_late","up","enhancer",TRUE,1,0.251220572646225,0.866414771816428,"FOXE1"
"MA1489.1","FOXN3",-0.0768709827980532,0,"cortex_late","up","enhancer",TRUE,1,-0.021463822081496,0.934394450068386,"FOXN3"
"MA1491.1","GLI3",0.0531922243605099,0,"cortex_late","up","enhancer",TRUE,1,0.197493343304858,0.420432558765284,"GLI3"
"MA1493.1","HES6",-0.0352154740370496,0,"cortex_late","up","enhancer",TRUE,1,0.116164636784573,0.712028543813991,"HES6"
"MA1496.1","HOXA4",0.0448348894317254,0,"cortex_late","up","enhancer",TRUE,1,-0.335100494956715,0.0840260100357667,"HOXA4"
"MA1497.1","HOXA6",0.180210119863229,0,"cortex_late","up","enhancer",TRUE,1,0.0798267991047208,0.764859569840842,"HOXA6"
"MA1498.1","HOXA7",0.0319928566633036,0,"cortex_late","up","enhancer",TRUE,1,-0.648215791064456,0.0233992953367174,"HOXA7"
"MA1499.1","HOXB4",-0.137098771640749,0,"cortex_late","up","enhancer",TRUE,1,-0.221650499086614,0.434236069075196,"HOXB4"
"MA1500.1","HOXB6",0.113424656303012,0,"cortex_late","up","enhancer",TRUE,1,0.0961797422349768,0.792747952092405,"HOXB6"
"MA1502.1","HOXB8",0.0195508882000102,0,"cortex_late","up","enhancer",TRUE,1,0.287641927932375,0.480252060759669,"HOXB8"
"MA1504.1","HOXC4",-0.0683656067799365,0,"cortex_late","up","enhancer",TRUE,1,0.119712141715202,0.711366561610109,"HOXC4"
"MA1505.1","HOXC8",0.142105025768934,0,"cortex_late","up","enhancer",TRUE,1,0.256911703798522,0.353533977233686,"HOXC8"
"MA1507.1","HOXD4",-0.100447741477057,0,"cortex_late","up","enhancer",TRUE,1,-0.266282647236639,0.255639507718774,"HOXD4"
"MA1508.1","IKZF1",0.0734258838289623,0,"cortex_late","up","enhancer",TRUE,1,2.22001107295305,0.0363179818447436,"IKZF1"
"MA1509.1","IRF6",-0.0472486001483698,0,"cortex_late","up","enhancer",TRUE,1,-0.400123438782607,0.1786866707416,"IRF6"
"MA1511.1","KLF10",-0.0458776558880896,0,"cortex_late","up","enhancer",TRUE,1,1.16421515487143,0.00698531122215053,"KLF10"
"MA1512.1","KLF11",-0.019703202532499,0,"cortex_late","up","enhancer",TRUE,1,0.60779715049051,0.0865189883942141,"KLF11"
"MA1513.1","KLF15",-0.134443694840694,0,"cortex_late","up","enhancer",TRUE,1,-1.2163342939382,0.0568963189960909,"KLF15"
"MA1515.1","KLF2",0.0601123604133385,0,"cortex_late","up","enhancer",TRUE,1,1.07825231297991,0.0124480888089217,"KLF2"
"MA1516.1","KLF3",0.152181555665682,0,"cortex_late","up","enhancer",TRUE,1,0.272535579530264,0.121673824398283,"KLF3"
"MA1517.1","KLF6",0.0862630052853799,0,"cortex_late","up","enhancer",TRUE,1,0.86771683566165,0.0223095177481056,"KLF6"
"MA1518.1","LHX1",-0.263703060962061,0,"cortex_late","up","enhancer",TRUE,1,-1.23035935203172,0.0362673617296545,"LHX1"
"MA1520.1","MAF",0.155389083347675,0,"cortex_late","up","enhancer",TRUE,1,-0.717073390939694,0.140313942794167,"MAF"
"MA1522.1","MAZ",-0.0246220711461529,0,"cortex_late","up","enhancer",TRUE,1,0.0552141297775917,0.804694482654362,"MAZ"
"MA1525.1","NFATC4",0.118351107054648,0,"cortex_late","up","enhancer",TRUE,1,0.977455149495591,0.0761228361587083,"NFATC4"
"MA1531.1","NR1D1",-0.0354992847767868,0,"cortex_late","up","enhancer",TRUE,1,-0.945179172807376,0.0245984270450917,"NR1D1"
"MA1532.1","NR1D2",-0.0184455475706136,0,"cortex_late","up","enhancer",TRUE,1,-0.672368379452131,0.0272825130609225,"NR1D2"
"MA1533.1","NR1I2",0.110676501887384,0,"cortex_late","up","enhancer",TRUE,1,-1.24596288724903,0.161301204909157,"NR1I2"
"MA1534.1","NR1I3",0.0767493930058087,0,"cortex_late","up","enhancer",TRUE,1,-2.72002979511977,0.0233570160399139,"NR1I3"
"MA1541.1","NR6A1",0.135525998574201,0,"cortex_late","up","enhancer",TRUE,1,-0.217266888365558,0.223693506960725,"NR6A1"
"MA1542.1","OSR1",-0.254890915049074,0,"cortex_late","up","enhancer",TRUE,1,-0.291012330687884,0.589932180713017,"OSR1"
"MA1544.1","OVOL1",-0.108993330377106,0,"cortex_late","up","enhancer",TRUE,1,-0.472754789640812,0.342179623666503,"OVOL1"
"MA1545.1","OVOL2",-0.0875200313830407,0,"cortex_late","up","enhancer",TRUE,1,-0.907209065606548,0.175333408515008,"OVOL2"
"MA1547.1","PITX2",-0.179824288150407,0,"cortex_late","up","enhancer",TRUE,1,-0.899741747024079,0.106824570811437,"PITX2"
"MA1548.1","PLAGL2",-0.0153172477315042,0,"cortex_late","up","enhancer",TRUE,1,0.00433253723925286,0.979261986561269,"PLAGL2"
"MA1550.1","PPARD",-0.00463909542300733,0,"cortex_late","up","enhancer",TRUE,1,0.593602782098353,0.0556067092227686,"PPARD"
"MA1554.1","RFX7",-0.341996088141738,0,"cortex_late","up","enhancer",TRUE,1,0.0246182733117943,0.920586308143966,"RFX7"
"MA1557.1","SMAD5",-0.0690180027681908,0,"cortex_late","up","enhancer",TRUE,1,-0.150942801064471,0.510765020740912,"SMAD5"
"MA1558.1","SNAI1",-0.125523659359263,0,"cortex_late","up","enhancer",TRUE,1,1.07137823300724,0.0162831409125398,"SNAI1"
"MA1561.1","SOX12",-0.311092673566476,0,"cortex_late","up","enhancer",TRUE,1,-0.388855539379585,0.1786866707416,"SOX12"
"MA1563.1","SOX18",-0.0955383751181991,0,"cortex_late","up","enhancer",TRUE,1,-0.0219361164698997,0.960098351888765,"SOX18"
"MA1566.1","TBX3",-0.227021938098961,0,"cortex_late","up","enhancer",TRUE,1,0.096232494089957,0.759926920367544,"TBX3"
"MA1567.1","TBX6",-0.0978965798314348,0,"cortex_late","up","enhancer",TRUE,1,-0.544515299224096,0.277758135839614,"TBX6"
"MA1573.1","THAP11",-0.0949512807573338,0,"cortex_late","up","enhancer",TRUE,1,-0.132877282302207,0.459232745580027,"THAP11"
"MA1574.1","THRB",0.0664987465364195,0,"cortex_late","up","enhancer",TRUE,1,-1.64088332630497,0.0117359827762105,"THRB"
"MA1578.1","VEZF1",-0.079070625028665,0,"cortex_late","up","enhancer",TRUE,1,0.132918528911464,0.407446032676259,"VEZF1"
"MA1579.1","ZBTB26",-0.043228306008654,0,"cortex_late","up","enhancer",TRUE,1,-0.340993936341768,0.217014701723913,"ZBTB26"
"MA1581.1","ZBTB6",-0.272443862112763,0,"cortex_late","up","enhancer",TRUE,1,-0.15999992993106,0.67155032778739,"ZBTB6"
"MA1583.1","ZFP57",0.128137169326289,0,"cortex_late","up","enhancer",TRUE,1,-0.102293792219129,0.484423324620714,"ZFP57"
"MA1589.1","ZNF140",-0.132126078436178,0,"cortex_late","up","enhancer",TRUE,1,0.393899644559988,0.161732179270547,"ZNF140"
"MA1592.1","ZNF274",-0.18276663176488,0,"cortex_late","up","enhancer",TRUE,1,0.386631308249538,0.159072619765945,"ZNF274"
"MA1593.1","ZNF317",-0.100803570139328,0,"cortex_late","up","enhancer",TRUE,1,0.193400861198292,0.0929874116877458,"ZNF317"
"MA1594.1","ZNF382",0.350496866162735,0,"cortex_late","up","enhancer",TRUE,1,-0.0830214501206012,0.792374614051998,"ZNF382"
"MA1600.1","ZNF684",-0.213978007476566,0,"cortex_late","up","enhancer",TRUE,1,0.253799891779798,0.352824517271512,"ZNF684"
"MA1601.1","ZNF75D",0.0328670592897078,0,"cortex_late","up","enhancer",TRUE,1,-0.0362019657369963,0.808290956970266,"ZNF75D"
"MA1602.1","ZSCAN29",-0.310214250482906,0,"cortex_late","up","enhancer",TRUE,1,-0.16014756295271,0.37273470371067,"ZSCAN29"
"MA0605.2","ATF3",-0.1971624659428,0,"cortex_late","up","enhancer",TRUE,1,1.21875432597113,0.0351582015682901,"ATF3"
"MA0864.2","E2F2",-0.332828592307948,0,"cortex_late","up","enhancer",TRUE,1,2.16203592414378,0.0314102810843789,"E2F2"
"MA0469.3","E2F3",-0.0816905778706718,0,"cortex_late","up","enhancer",TRUE,1,0.094022181741158,0.778202464342113,"E2F3"
"MA0470.2","E2F4",-0.135709261782533,0,"cortex_late","up","enhancer",TRUE,1,0.252386782389945,0.172293205725189,"E2F4"
"MA0612.2","EMX1",0.0889134938274641,0,"cortex_late","up","enhancer",TRUE,1,-1.49309266393426,0.0183496692121575,"EMX1"
"MA0847.2","FOXD2",-0.107286103472715,0,"cortex_late","up","enhancer",TRUE,1,-0.651122989619007,0.186217312814842,"FOXD2"
"MA0766.2","GATA5",0.122172585657595,0,"cortex_late","up","enhancer",TRUE,1,-0.878781227047609,0.0858825420852299,"GATA5"
"MA0038.2","GFI1",-0.31118739891251,0,"cortex_late","up","enhancer",TRUE,1,2.37718264921134,0.0251792297685187,"GFI1"
"MA1099.2","HES1",-0.200407326448993,0,"cortex_late","up","enhancer",TRUE,1,0.330834904257453,0.233765201687004,"HES1"
"MA0900.2","HOXA2",-0.0684971673276458,0,"cortex_late","up","enhancer",TRUE,1,0.436270978219671,0.256682012109033,"HOXA2"
"MA0158.2","HOXA5",-0.0679305595578468,0,"cortex_late","up","enhancer",TRUE,1,0.0249634331545669,0.924492737629551,"HOXA5"
"MA0594.2","HOXA9",0.352365027191547,0,"cortex_late","up","enhancer",TRUE,1,-0.202229074377168,0.355081223474083,"HOXA9"
"MA0902.2","HOXB2",-0.0846046186138008,0,"cortex_late","up","enhancer",TRUE,1,0.163351086883023,0.6445039888255,"HOXB2"
"MA0904.2","HOXB5",-0.0324111971646186,0,"cortex_late","up","enhancer",TRUE,1,-0.0301866597437899,0.94624728521372,"HOXB5"
"MA0912.2","HOXD3",-0.0461868831304937,0,"cortex_late","up","enhancer",TRUE,1,-0.169441925491237,0.532558320585433,"HOXD3"
"MA0910.2","HOXD8",0.045910238110193,0,"cortex_late","up","enhancer",TRUE,1,-0.224916284023403,0.476287889403581,"HOXD8"
"MA0913.2","HOXD9",-0.000823480616064742,0,"cortex_late","up","enhancer",TRUE,1,-0.230427773357123,0.408626010330785,"HOXD9"
"MA0703.2","LMX1B",0.112322048701629,0,"cortex_late","up","enhancer",TRUE,1,-1.84151344452386,0.02188947523314,"LMX1B"
"MA0842.2","NRL",0.195907704116459,0,"cortex_late","up","enhancer",TRUE,1,-0.673884997599162,0.0390147111492045,"NRL"
"MA0075.3","PRRX2",0.169634477498764,0,"cortex_late","up","enhancer",TRUE,1,2.07856064404723,0.0214669467092927,"PRRX2"
"MA0867.2","SOX4",-0.268173054756007,0,"cortex_late","up","enhancer",TRUE,1,0.304878863647484,0.549826892992682,"SOX4"
"MA0079.4","SP1",-0.0884900622220375,0,"cortex_late","up","enhancer",TRUE,1,-0.0412343232999097,0.833888977459003,"SP1"
"MA0516.2","SP2",0.0207894478637067,0,"cortex_late","up","enhancer",TRUE,1,0.0623367603781722,0.743913208959988,"SP2"
"MA0746.2","SP3",-0.05077853156393,0,"cortex_late","up","enhancer",TRUE,1,0.114216776442655,0.533190796325895,"SP3"
"MA0632.2","TCFL5",-0.13002422225695,0,"cortex_late","up","enhancer",TRUE,1,-0.21501536313166,0.352195333636826,"TCFL5"
"MA0871.2","TFEC",0.00418014193347993,0,"cortex_late","up","enhancer",TRUE,1,-1.10606020771437,0.0808643859250289,"TFEC"
"MA0753.2","ZNF740",0.0336764518128057,0,"cortex_late","up","enhancer",TRUE,1,0.139775883695298,0.394174632977324,"ZNF740"
"MA1632.1","ATF2",-0.222135948669365,0,"cortex_late","up","enhancer",TRUE,1,-0.201970260032635,0.197676896877495,"ATF2"
"MA1643.1","NFIB",-0.236231584114389,0,"cortex_late","up","enhancer",TRUE,1,-0.78864004297513,0.0352126130323532,"NFIB"
"MA1644.1","NFYC",-0.209503715818371,0,"cortex_late","up","enhancer",TRUE,1,-0.416390299476713,0.0290177312215247,"NFYC"
"MA1647.1","PRDM4",0.0217755728832048,0,"cortex_late","up","enhancer",TRUE,1,0.049734502285621,0.795163439674236,"PRDM4"
"MA1649.1","ZBTB12",0.0694640404289553,0,"cortex_late","up","enhancer",TRUE,1,-0.165819949824174,0.65610607587717,"ZBTB12"
"MA1650.1","ZBTB14",-0.113539345064094,0,"cortex_late","up","enhancer",TRUE,1,-0.153229288156395,0.307659738514577,"ZBTB14"
"MA1651.1","ZFP42",0.111171610329303,0,"cortex_late","up","enhancer",TRUE,1,0.618914101403824,0.19302286285418,"ZFP42"
"MA1652.1","ZKSCAN5",0.0414501273934729,0,"cortex_late","up","enhancer",TRUE,1,-0.0995247601219065,0.536894319684349,"ZKSCAN5"
"MA1653.1","ZNF148",0.0128214919074576,0,"cortex_late","up","enhancer",TRUE,1,-0.294257073010334,0.100108373515859,"ZNF148"
"MA1654.1","ZNF16",0.184979924835636,0,"cortex_late","up","enhancer",TRUE,1,0.0387634777102375,0.847609484520504,"ZNF16"
"MA1655.1","ZNF341",-0.00737113019674585,0,"cortex_late","up","enhancer",TRUE,1,-0.0610025176493343,0.788875146762828,"ZNF341"
"MA1656.1","ZNF449",-0.164212170200891,0,"cortex_late","up","enhancer",TRUE,1,0.285826144046208,0.428945172737478,"ZNF449"
"MA1657.1","ZNF652",0.202933112047355,0,"cortex_late","up","enhancer",TRUE,1,-0.214769070918545,0.308541549322719,"ZNF652"
"MA0833.2","ATF4",0.287302275370542,0,"cortex_late","up","enhancer",TRUE,1,0.533464040223653,0.0446001367314445,"ATF4"
"MA0018.4","CREB1",-0.0346636492301551,0,"cortex_late","up","enhancer",TRUE,1,0.000478529734493804,0.998525289873834,"CREB1"
"MA0471.2","E2F6",-0.0352793368537601,0,"cortex_late","up","enhancer",TRUE,1,0.252686907750524,0.0670080767320751,"E2F6"
"MA0162.4","EGR1",-0.142679852038798,0,"cortex_late","up","enhancer",TRUE,1,0.998863709365167,0.185626555180147,"EGR1"
"MA0598.3","EHF",0.0485243090577079,0,"cortex_late","up","enhancer",TRUE,1,1.7461012905278,0.0048133053088007,"EHF"
"MA0473.3","ELF1",-0.0189732966387925,0,"cortex_late","up","enhancer",TRUE,1,0.191685550840803,0.226312422972223,"ELF1"
"MA0640.2","ELF3",0.0371466366502471,0,"cortex_late","up","enhancer",TRUE,1,1.4025411904528,0.0105383275414171,"ELF3"
"MA0761.2","ETV1",0.0689805702008872,0,"cortex_late","up","enhancer",TRUE,1,0.24093031494394,0.410147067585754,"ETV1"
"MA0764.2","ETV4",0.0119138942266481,0,"cortex_late","up","enhancer",TRUE,1,2.73843382035105,0.0048133053088007,"ETV4"
"MA0765.2","ETV5",0.024620707733682,0,"cortex_late","up","enhancer",TRUE,1,-0.606866492628611,0.282656919838024,"ETV5"
"MA1103.2","FOXK2",0.135229371161272,0,"cortex_late","up","enhancer",TRUE,1,-0.357340901255414,0.0441143315290918,"FOXK2"
"MA0481.3","FOXP1",-0.0235340664090318,0,"cortex_late","up","enhancer",TRUE,1,0.0699817936924472,0.802846461320763,"FOXP1"
"MA0062.3","GABPA",0.0658647612975596,0,"cortex_late","up","enhancer",TRUE,1,-0.258468075575812,0.0755623456947452,"GABPA"
"MA0482.2","GATA4",0.0114147897840269,0,"cortex_late","up","enhancer",TRUE,1,-0.410750694985459,0.745577611553976,"GATA4"
"MA1104.2","GATA6",0.0499704309279885,0,"cortex_late","up","enhancer",TRUE,1,1.17421609565501,0.0480342580794902,"GATA6"
"MA1105.2","GRHL2",-0.0255038930733429,0,"cortex_late","up","enhancer",TRUE,1,0.220827700424872,0.43048691597002,"GRHL2"
"MA0114.4","HNF4A",-0.125618740159202,0,"cortex_late","up","enhancer",TRUE,1,-1.23007976463855,0.0977501598026493,"HNF4A"
"MA0484.2","HNF4G",-0.0608005681900119,0,"cortex_late","up","enhancer",TRUE,1,-1.63629288463108,0.0176087917676422,"HNF4G"
"MA0039.4","KLF4",0.0185696825814254,0,"cortex_late","up","enhancer",TRUE,1,1.15572960908638,0.00424104458279326,"KLF4"
"MA1107.2","KLF9",0.00214800381819735,0,"cortex_late","up","enhancer",TRUE,1,-0.127729319387472,0.82451556064693,"KLF9"
"MA0495.3","MAFF",0.0497808432104749,0,"cortex_late","up","enhancer",TRUE,1,1.17456174518357,0.0298075747008926,"MAFF"
"MA0659.2","MAFG",0.0899481587102526,0,"cortex_late","up","enhancer",TRUE,1,0.113821361373602,0.531898520522452,"MAFG"
"MA0496.3","MAFK",-0.052868900791978,0,"cortex_late","up","enhancer",TRUE,1,-0.0601619570222027,0.821042255672422,"MAFK"
"MA0052.4","MEF2A",-0.0430227950606596,0,"cortex_late","up","enhancer",TRUE,1,0.261467378772239,0.0935067954043533,"MEF2A"
"MA0620.3","MITF",0.257118720691887,0,"cortex_late","up","enhancer",TRUE,1,-0.418019200584777,0.0936136381068117,"MITF"
"MA1108.2","MXI1",-0.177463512680186,0,"cortex_late","up","enhancer",TRUE,1,-0.832187315762122,0.0377797473826803,"MXI1"
"MA0056.2","MZF1",-0.0436706796379323,0,"cortex_late","up","enhancer",TRUE,1,0.22839474111009,0.272126907316133,"MZF1"
"MA0502.2","NFYB",-0.126647406144985,0,"cortex_late","up","enhancer",TRUE,1,0.0575060224229982,0.7741744295073,"NFYB"
"MA1112.2","NR4A1",-0.0960387746653453,0,"cortex_late","up","enhancer",TRUE,1,-0.886839565583435,0.304379979828154,"NR4A1"
"MA0679.2","ONECUT1",0.0441661428469313,0,"cortex_late","up","enhancer",TRUE,1,-0.285540496962716,0.813978789470793,"ONECUT1"
"MA1113.2","PBX2",0.18177572598777,0,"cortex_late","up","enhancer",TRUE,1,-0.0770804941182313,0.551381882205006,"PBX2"
"MA0782.2","PKNOX1",0.032661468840522,0,"cortex_late","up","enhancer",TRUE,1,0.0369953847640083,0.837905544200498,"PKNOX1"
"MA0508.3","PRDM1",-0.0159457479502851,0,"cortex_late","up","enhancer",TRUE,1,0.851179183317446,0.11255443089842,"PRDM1"
"MA0509.2","RFX1",-0.0587100095635238,0,"cortex_late","up","enhancer",TRUE,1,-0.108047642823462,0.674492106932214,"RFX1"
"MA0798.2","RFX3",0.0260786186928117,0,"cortex_late","up","enhancer",TRUE,1,-0.356691603199618,0.0899010567698811,"RFX3"
"MA0684.2","RUNX3",0.137738254570515,0,"cortex_late","up","enhancer",TRUE,1,2.5761526862532,0.0252387266932937,"RUNX3"
"MA0745.2","SNAI2",-0.000523256984683584,0,"cortex_late","up","enhancer",TRUE,1,0.645325597931945,0.101858976062425,"SNAI2"
"MA0081.2","SPIB",0.0817164553651999,0,"cortex_late","up","enhancer",TRUE,1,4.04204885146729,0.0173837458248364,"SPIB"
"MA0522.3","TCF3",-0.1482086637781,0,"cortex_late","up","enhancer",TRUE,1,0.532817375041109,0.168568045159763,"TCF3"
"MA0830.2","TCF4",-0.0335276279157792,0,"cortex_late","up","enhancer",TRUE,1,0.240803181063343,0.49776328391915,"TCF4"
"MA0769.2","TCF7",-0.0633751097963602,0,"cortex_late","up","enhancer",TRUE,1,0.635452089307523,0.428469998118595,"TCF7"
"MA0090.3","TEAD1",0.0387845012343853,0,"cortex_late","up","enhancer",TRUE,1,0.0381833387699846,0.926750044230752,"TEAD1"
"MA0809.2","TEAD4",0.062508778528013,0,"cortex_late","up","enhancer",TRUE,1,0.944874047266597,0.0141629003102845,"TEAD4"
"MA0003.4","TFAP2A",-0.0661231214963802,0,"cortex_late","up","enhancer",TRUE,1,0.161479603809617,0.564933534231485,"TFAP2A"
"MA1123.2","TWIST1",0.0382115421772795,0,"cortex_late","up","enhancer",TRUE,1,-0.808801436352871,0.0643043973481276,"TWIST1"
"MA0093.3","USF1",-0.0397041503236366,0,"cortex_late","up","enhancer",TRUE,1,0.182666565516,0.470472376397656,"USF1"
"MA0526.3","USF2",-0.0770372046671177,0,"cortex_late","up","enhancer",TRUE,1,-0.274483328298539,0.0545038892916571,"USF2"
"MA0528.2","ZNF263",-0.081288684126644,0,"cortex_late","up","enhancer",TRUE,1,0.2937852410379,0.16199347824644,"ZNF263"
"MA0609.2","CREM",0.0839920912531866,0,"cortex_late","up","enhancer",TRUE,1,0.65318684211956,0.0228793258643145,"CREM"
"MA0259.1","ARNT::HIF1A",0.319720782916169,0.19262114176915,"medulla_early","down","promoter",FALSE,0.641769181936024,1.04117704397309,0.178813420070858,"HIF1A"
"MA0141.3","ESRRB",0.666208148314466,0.19262114176915,"medulla_early","down","promoter",FALSE,0.641769181936024,-0.0272734074675025,0.984076692807865,"ESRRB"
"MA1541.1","NR6A1",0.583988264584124,0.19262114176915,"medulla_early","down","promoter",FALSE,0.641769181936024,0.129919435705774,0.700415493114661,"NR6A1"
"MA0059.1","MAX::MYC",0.28150969451124,0.0663074304284318,"medulla_early","down","promoter",FALSE,0.858405654133236,0.271522953883504,0.147301447432832,"MAX"
"MA0066.1","PPARG",0.391769174725207,0.0663074304284318,"medulla_early","down","promoter",FALSE,0.858405654133236,1.48202957040382,0.0222056838664202,"PPARG"
"MA0091.1","TAL1::TCF3",0.478610636393872,0.0663074304284318,"medulla_early","down","promoter",FALSE,0.858405654133236,0.798942238781588,0.0272796609271787,"TAL1"
"MA0138.2","REST",0.401519265563294,0.0663074304284318,"medulla_early","down","promoter",FALSE,0.858405654133236,-0.0949623807216522,0.838218397343616,"REST"
"MA0152.1","NFATC2",0.208505362321341,0.0663074304284318,"medulla_early","down","promoter",FALSE,0.858405654133236,0.676704194619269,0.167919844799307,"NFATC2"
"MA0160.1","NR4A2",0.292626880557102,0.0663074304284318,"medulla_early","down","promoter",FALSE,0.858405654133236,0.725667831787121,0.441255409887344,"NR4A2"
"MA0596.1","SREBF2",0.261193190177443,0.0663074304284318,"medulla_early","down","promoter",FALSE,0.858405654133236,-0.328740913543506,0.520055289512477,"SREBF2"
"MA0131.2","HINFP",0.141632816350233,0.0663074304284318,"medulla_early","down","promoter",FALSE,0.858405654133236,-0.00605995418865568,0.984367282956734,"HINFP"
"MA0691.1","TFAP4",0.427392964919991,0.0663074304284318,"medulla_early","down","promoter",FALSE,0.858405654133236,-0.206592447464464,0.480308054599867,"TFAP4"
"MA0692.1","TFEB",0.339297578041526,0.0663074304284318,"medulla_early","down","promoter",FALSE,0.858405654133236,0.35687010369081,0.128464536476835,"TFEB"
"MA0112.3","ESR1",0.697197347130574,0.0663074304284318,"medulla_early","down","promoter",FALSE,0.858405654133236,-0.76193026483192,0.107440800872005,"ESR1"
"MA0775.1","MEIS3",0.266502411132075,0.0663074304284318,"medulla_early","down","promoter",FALSE,0.858405654133236,1.04375454660072,0.0194798424574245,"MEIS3"
"MA0795.1","SMAD3",0.423428379874779,0.0663074304284318,"medulla_early","down","promoter",FALSE,0.858405654133236,0.177474480259113,0.636591761967708,"SMAD3"
"MA0804.1","TBX19",0.6052547067147,0.0663074304284318,"medulla_early","down","promoter",FALSE,0.858405654133236,0.0275307397447122,0.956877001480823,"TBX19"
"MA0823.1","HEY1",0.258728482718917,0.0663074304284318,"medulla_early","down","promoter",FALSE,0.858405654133236,-0.156075957248471,0.857065973958851,"HEY1"
"MA0032.2","FOXC1",0.506956808697719,0.0663074304284318,"medulla_early","down","promoter",FALSE,0.858405654133236,0.580998630500591,0.163866115222073,"FOXC1"
"MA0846.1","FOXC2",0.351581950555133,0.0663074304284318,"medulla_early","down","promoter",FALSE,0.858405654133236,0.394689052961632,0.290072040172465,"FOXC2"
"MA0905.1","HOXC10",0.475551100887436,0.0663074304284318,"medulla_early","down","promoter",FALSE,0.858405654133236,0.212930247047329,0.442224783742765,"HOXC10"
"MA0852.2","FOXK1",0.403397486128465,0.0663074304284318,"medulla_early","down","promoter",FALSE,0.858405654133236,-0.211564287873506,0.36352655384297,"FOXK1"
"MA1106.1","HIF1A",0.221279746189972,0.0663074304284318,"medulla_early","down","promoter",FALSE,0.858405654133236,1.04117704397309,0.178813420070858,"HIF1A"
"MA0147.3","MYC",0.244724120299582,0.0663074304284318,"medulla_early","down","promoter",FALSE,0.858405654133236,0.784772420579083,0.22383335518793,"MYC"
"MA1111.1","NR2F2",0.33516545744233,0.0663074304284318,"medulla_early","down","promoter",FALSE,0.858405654133236,0.0921867673226995,0.725900271836911,"NR2F2"
"MA1116.1","RBPJ",0.227271449312618,0.0663074304284318,"medulla_early","down","promoter",FALSE,0.858405654133236,0.180451508095806,0.470444809777039,"RBPJ"
"MA0831.2","TFE3",0.318172325308997,0.0663074304284318,"medulla_early","down","promoter",FALSE,0.858405654133236,0.157119415994807,0.411028556531742,"TFE3"
"MA1418.1","IRF3",0.456098631997379,0.0663074304284318,"medulla_early","down","promoter",FALSE,0.858405654133236,0.349421878511716,0.2132767738104,"IRF3"
"MA1501.1","HOXB7",0.456780599849928,0.0663074304284318,"medulla_early","down","promoter",FALSE,0.858405654133236,0.796220698308481,0.0449801807976968,"HOXB7"
"MA1550.1","PPARD",0.403969582580363,0.0663074304284318,"medulla_early","down","promoter",FALSE,0.858405654133236,0.939040456806554,0.0134950986177877,"PPARD"
"MA1574.1","THRB",0.361657551381624,0.0663074304284318,"medulla_early","down","promoter",FALSE,0.858405654133236,-0.871757602464749,0.0162137740761793,"THRB"
"MA1581.1","ZBTB6",0.142085676107673,0.0663074304284318,"medulla_early","down","promoter",FALSE,0.858405654133236,-0.410264236133438,0.538650528903664,"ZBTB6"
"MA0847.2","FOXD2",0.409747272309464,0.0663074304284318,"medulla_early","down","promoter",FALSE,0.858405654133236,-1.71185376512621,0.0476922763200513,"FOXD2"
"MA0038.2","GFI1",0.443021202019604,0.0663074304284318,"medulla_early","down","promoter",FALSE,0.858405654133236,1.41721417969181,0.259440598676568,"GFI1"
"MA0632.2","TCFL5",0.147665081209659,0.0663074304284318,"medulla_early","down","promoter",FALSE,0.858405654133236,-0.126853717735606,0.627466142266146,"TCFL5"
"MA0871.2","TFEC",0.514612043707939,0.0663074304284318,"medulla_early","down","promoter",FALSE,0.858405654133236,-2.21934887902808,0.0310114814551874,"TFEC"
"MA0833.2","ATF4",0.475536902546981,0.0663074304284318,"medulla_early","down","promoter",FALSE,0.858405654133236,0.520837578505526,0.0394037648987395,"ATF4"
"MA0592.3","ESRRA",0.344176344596089,0.0663074304284318,"medulla_early","down","promoter",FALSE,0.858405654133236,-0.603850735885334,0.126149020809492,"ESRRA"
"MA1103.2","FOXK2",0.385742278342787,0.0663074304284318,"medulla_early","down","promoter",FALSE,0.858405654133236,-0.455562189771514,0.0586136849824151,"FOXK2"
"MA0659.2","MAFG",0.322584909808214,0.0663074304284318,"medulla_early","down","promoter",FALSE,0.858405654133236,0.0152952582781625,0.966046275424772,"MAFG"
"MA1112.2","NR4A1",0.33969215479037,0.0663074304284318,"medulla_early","down","promoter",FALSE,0.858405654133236,0.675924232975686,0.583915033713709,"NR4A1"
"MA1113.2","PBX2",0.386416475103283,0.0663074304284318,"medulla_early","down","promoter",FALSE,0.858405654133236,0.182851860673326,0.346830635089818,"PBX2"
"MA1123.2","TWIST1",0.266940364082012,0.0663074304284318,"medulla_early","down","promoter",FALSE,0.858405654133236,-1.59309069660885,0.0449801807976968,"TWIST1"
"MA1592.1","ZNF274",0.35138314283241,0.0533355736813675,"medulla_early","down","promoter",FALSE,0.884431956703227,0.397951684128125,0.147600235838813,"ZNF274"
"MA1117.1","RELB",0.217591186621081,0.0348249129432234,"medulla_early","down","promoter",FALSE,0.922943439435965,1.0746742582194,0.0194798424574245,"RELB"
"MA0161.2","NFIC",0.287318020510765,0.0334966362868756,"medulla_early","down","promoter",FALSE,0.925770555404211,0.097679176962334,0.738354796903388,"NFIC"
"MA0071.1","RORA",0.240999874130835,0.0307354783299964,"medulla_early","down","promoter",FALSE,0.931675170802624,-0.646097564647312,0.137965775448693,"RORA"
"MA0625.1","NFATC3",0.205165851507878,0.0307354783299964,"medulla_early","down","promoter",FALSE,0.931675170802624,-0.0253446977600298,0.920610099552946,"NFATC3"
"MA0636.1","BHLHE41",0.374763479081149,0.0307354783299964,"medulla_early","down","promoter",FALSE,0.931675170802624,0.200293766777133,0.709322541958218,"BHLHE41"
"MA0649.1","HEY2",0.166177477708458,0.0307354783299964,"medulla_early","down","promoter",FALSE,0.931675170802624,-0.585690987323064,0.233646483942642,"HEY2"
"MA0651.1","HOXC11",0.385963537591907,0.0307354783299964,"medulla_early","down","promoter",FALSE,0.931675170802624,0.743162405256826,0.279905517427726,"HOXC11"
"MA0695.1","ZBTB7C",0.098821152156626,0.0307354783299964,"medulla_early","down","promoter",FALSE,0.931675170802624,0.828274234468886,0.104976498063167,"ZBTB7C"
"MA0737.1","GLIS3",0.365709779240938,0.0307354783299964,"medulla_early","down","promoter",FALSE,0.931675170802624,-0.260893479774252,0.562371970570225,"GLIS3"
"MA1548.1","PLAGL2",0.0791700912805418,0.0307354783299964,"medulla_early","down","promoter",FALSE,0.931675170802624,-0.072298613672058,0.849038390192213,"PLAGL2"
"MA1099.2","HES1",0.106398083515703,0.0307354783299964,"medulla_early","down","promoter",FALSE,0.931675170802624,1.0523647188129,0.0217040749021563,"HES1"
"MA0154.4","EBF1",0.126426775897786,0.0307354783299964,"medulla_early","down","promoter",FALSE,0.931675170802624,0.0125549850936881,0.970460907417909,"EBF1"
"MA0481.3","FOXP1",0.294906532740451,0.0307354783299964,"medulla_early","down","promoter",FALSE,0.931675170802624,0.182612820616685,0.444871328409441,"FOXP1"
"MA0101.1","REL",0.136821765830526,0.0250884327682005,"medulla_early","down","promoter",FALSE,0.943868662429132,-0.0193170770089262,0.991304581858302,"REL"
"MA0107.1","RELA",0.136558405924364,0.0250884327682005,"medulla_early","down","promoter",FALSE,0.943868662429132,0.579893364955569,0.0190450667248155,"RELA"
"MA0159.1","RARA::RXRA",0.17400829505171,0.0250884327682005,"medulla_early","down","promoter",FALSE,0.943868662429132,0.251003205299105,0.278689679787823,"RARA"
"MA0163.1","PLAG1",0.0879584626401755,0.0250884327682005,"medulla_early","down","promoter",FALSE,0.943868662429132,0.512497636806037,0.469952279887831,"PLAG1"
"MA0478.1","FOSL2",0.271264096093042,0.0250884327682005,"medulla_early","down","promoter",FALSE,0.943868662429132,1.11642145947387,0.0267171782287447,"FOSL2"
"MA0523.1","TCF7L2",0.199974580068672,0.0250884327682005,"medulla_early","down","promoter",FALSE,0.943868662429132,0.420036257415145,0.118793484995643,"TCF7L2"
"MA0593.1","FOXP2",0.198792137088383,0.0250884327682005,"medulla_early","down","promoter",FALSE,0.943868662429132,-0.616503529471229,0.382023060817818,"FOXP2"
"MA0597.1","THAP1",0.194817366553159,0.0250884327682005,"medulla_early","down","promoter",FALSE,0.943868662429132,-0.166508034133676,0.54507088152635,"THAP1"
"MA0042.2","FOXI1",0.184783613928623,0.0250884327682005,"medulla_early","down","promoter",FALSE,0.943868662429132,-1.00207677959519,0.130036679691947,"FOXI1"
"MA0046.2","HNF1A",0.33355282818748,0.0250884327682005,"medulla_early","down","promoter",FALSE,0.943868662429132,-3.73335937880184,0.0212680300495519,"HNF1A"
"MA0660.1","MEF2B",0.283161024539944,0.0250884327682005,"medulla_early","down","promoter",FALSE,0.943868662429132,-0.532190006362803,0.596634918876072,"MEF2B"
"MA0663.1","MLX",0.244318517820832,0.0250884327682005,"medulla_early","down","promoter",FALSE,0.943868662429132,-0.0109643400459651,0.967283746686265,"MLX"
"MA0664.1","MLXIPL",0.264094340767222,0.0250884327682005,"medulla_early","down","promoter",FALSE,0.943868662429132,-3.52863764993125,0.0217040749021563,"MLXIPL"
"MA0665.1","MSC",0.213887932147933,0.0250884327682005,"medulla_early","down","promoter",FALSE,0.943868662429132,1.49797255390859,0.318850116218883,"MSC"
"MA0666.1","MSX1",0.241521627744119,0.0250884327682005,"medulla_early","down","promoter",FALSE,0.943868662429132,0.440913695031239,0.329369527400538,"MSX1"
"MA0670.1","NFIA",0.167251239127287,0.0250884327682005,"medulla_early","down","promoter",FALSE,0.943868662429132,-0.281805493764772,0.379892752867281,"NFIA"
"MA0690.1","TBX21",0.199621982757285,0.0250884327682005,"medulla_early","down","promoter",FALSE,0.943868662429132,1.27940374781479,0.257890738270315,"TBX21"
"MA0017.2","NR2F1",0.128917612538665,0.0250884327682005,"medulla_early","down","promoter",FALSE,0.943868662429132,0.327472633382561,0.467487977793477,"NR2F1"
"MA0774.1","MEIS2",0.147309393139039,0.0250884327682005,"medulla_early","down","promoter",FALSE,0.943868662429132,0.318231865575317,0.341636157032765,"MEIS2"
"MA0776.1","MYBL1",0.305518519216129,0.0250884327682005,"medulla_early","down","promoter",FALSE,0.943868662429132,0.292504628237292,0.713263249804878,"MYBL1"
"MA0778.1","NFKB2",0.176581584184301,0.0250884327682005,"medulla_early","down","promoter",FALSE,0.943868662429132,0.526483561813297,0.0632738265647081,"NFKB2"
"MA0794.1","PROX1",0.342703531248459,0.0250884327682005,"medulla_early","down","promoter",FALSE,0.943868662429132,0.781492065860204,0.396430412631936,"PROX1"
"MA0801.1","MGA",0.173301086755865,0.0250884327682005,"medulla_early","down","promoter",FALSE,0.943868662429132,0.0943896467132888,0.804951368712809,"MGA"
"MA0805.1","TBX1",0.193372110053526,0.0250884327682005,"medulla_early","down","promoter",FALSE,0.943868662429132,1.07871851609212,0.211136005047463,"TBX1"
"MA0839.1","CREB3L1",0.284934921937255,0.0250884327682005,"medulla_early","down","promoter",FALSE,0.943868662429132,1.25715256857348,0.0719404967773018,"CREB3L1"
"MA0848.1","FOXO4",0.184783613928623,0.0250884327682005,"medulla_early","down","promoter",FALSE,0.943868662429132,-0.378574428888762,0.125279661077036,"FOXO4"
"MA0850.1","FOXP3",0.250549067629331,0.0250884327682005,"medulla_early","down","promoter",FALSE,0.943868662429132,0.794752742995387,0.357667321221329,"FOXP3"
"MA0908.1","HOXD11",0.336590385206087,0.0250884327682005,"medulla_early","down","promoter",FALSE,0.943868662429132,0.519200299129846,0.223592890007439,"HOXD11"
"MA0060.3","NFYA",0.261032874155487,0.0250884327682005,"medulla_early","down","promoter",FALSE,0.943868662429132,0.11973143400719,0.763381562456652,"NFYA"
"MA1148.1","PPARA::RXRA",0.176737023454708,0.0250884327682005,"medulla_early","down","promoter",FALSE,0.943868662429132,-2.17245135865531,0.01727194628715,"PPARA"
"MA1493.1","HES6",0.241979519701255,0.0250884327682005,"medulla_early","down","promoter",FALSE,0.943868662429132,0.105123575210707,0.770635997560336,"HES6"
"MA1535.1","NR2C1",0.0975224431182884,0.0250884327682005,"medulla_early","down","promoter",FALSE,0.943868662429132,0.0224387231974288,0.962554461719847,"NR2C1"
"MA1579.1","ZBTB26",0.139466477266322,0.0250884327682005,"medulla_early","down","promoter",FALSE,0.943868662429132,-0.0780110016343287,0.881242888034179,"ZBTB26"
"MA1644.1","NFYC",0.249861995791497,0.0250884327682005,"medulla_early","down","promoter",FALSE,0.943868662429132,0.0218313061929445,0.950139638118914,"NFYC"
"MA1683.1","FOXA3",0.287697077014225,0.0250884327682005,"medulla_early","down","promoter",FALSE,0.943868662429132,2.84314408223347,0.0435714266850292,"FOXA3"
"MA0836.2","CEBPD",0.249900284847376,0.0250884327682005,"medulla_early","down","promoter",FALSE,0.943868662429132,1.438773802334,0.0386344708993244,"CEBPD"
"MA0114.4","HNF4A",0.214295761254289,0.0250884327682005,"medulla_early","down","promoter",FALSE,0.943868662429132,-4.05641177125823,0.0317899523202682,"HNF4A"
"MA0484.2","HNF4G",0.171578753681279,0.0250884327682005,"medulla_early","down","promoter",FALSE,0.943868662429132,-3.1103236919031,0.0134950986177877,"HNF4G"
"MA0003.4","TFAP2A",0.0646574145513696,0.0250884327682005,"medulla_early","down","promoter",FALSE,0.943868662429132,1.19516253571842,0.081288610877865,"TFAP2A"
"MA1502.1","HOXB8",0.221963802604977,0.0236428825031917,"medulla_early","down","promoter",FALSE,0.947015565956322,1.50614907231795,0.028281935823576,"HOXB8"
"MA0768.1","LEF1",0.246919198065761,0.0222579120424718,"medulla_early","down","promoter",FALSE,0.950040430881834,0.650872478596595,0.163893619637216,"LEF1"
"MA1534.1","NR1I3",0.191482759022733,0.0197256051703623,"medulla_early","down","promoter",FALSE,0.955596157649942,-5.14622220673261,0.0220666565189061,"NR1I3"
"MA1149.1","RARA::RXRG",0.103205473795467,0.0186053508539035,"medulla_early","down","promoter",FALSE,0.958064281547319,-2.08682302791845,0.0841091298451762,"RXRG"
"MA1649.1","ZBTB12",0.145670842959913,0.0170372469830916,"medulla_early","down","promoter",FALSE,0.961529809870035,0.11882836870654,0.807731451728948,"ZBTB12"
"MA1600.1","ZNF684",0.223797215916392,0.015875082016142,"medulla_early","down","promoter",FALSE,0.964106293772721,-0.166230213359421,0.717357247080262,"ZNF684"
"MA1474.1","CREB3L4",0.119042513173988,0.0113915386346094,"medulla_early","down","promoter",FALSE,0.974111030925652,0.909872145054698,0.0193111826545978,"CREB3L4"
"MA0052.4","MEF2A",0.210766550021378,0.0113915386346094,"medulla_early","down","promoter",FALSE,0.974111030925652,0.477202995958361,0.126934093423039,"MEF2A"
"MA1523.1","MSANTD3",0.0903376155163587,0.0110117369814425,"medulla_early","down","promoter",FALSE,0.974963288589938,0.248554700230878,0.519032440099622,"MSANTD3"
"MA0688.1","TBX2",0.159902704912751,0.00957810758544964,"medulla_early","down","promoter",FALSE,0.978187012653479,0.198685427913855,0.606516511932311,"TBX2"
"MA0671.1","NFIX",0.142557452968751,0.00875277592054358,"medulla_early","down","promoter",FALSE,0.980047723203302,0.554574499737766,0.0480007194372781,"NFIX"
"MA1566.1","TBX3",0.154924434438152,0.00875277592054358,"medulla_early","down","promoter",FALSE,0.980047723203302,1.61773656906076,0.0300687073521453,"TBX3"
"MA0058.3","MAX",0.138821565841097,0.00546219701833275,"medulla_early","down","promoter",FALSE,0.98750158866901,0.271522953883504,0.147301447432832,"MAX"
"MA0910.2","HOXD8",0.200235183579147,0.00443353827672057,"medulla_early","down","promoter",FALSE,0.989843331738967,0.0195025047579254,0.963421332228965,"HOXD8"
"MA0496.3","MAFK",0.143228179563649,0.00443353827672057,"medulla_early","down","promoter",FALSE,0.989843331738967,0.097010989711154,0.796108480555888,"MAFK"
"MA0769.2","TCF7",0.144657702623258,0.00443353827672057,"medulla_early","down","promoter",FALSE,0.989843331738967,0.55069342337898,0.297036318782577,"TCF7"
"MA0752.1","ZNF410",0.169925001442312,0.00231590098523231,"medulla_early","down","promoter",FALSE,0.99468163376847,-0.0971555037232443,0.657836257419547,"ZNF410"
"MA1525.1","NFATC4",0.115916647863422,0.00231590098523231,"medulla_early","down","promoter",FALSE,0.99468163376847,0.684673032968421,0.0877976400145844,"NFATC4"
"MA1496.1","HOXA4",0.212493628766478,0.000421541690747774,"medulla_early","down","promoter",FALSE,0.999029835301181,0.517190595932911,0.129097296627107,"HOXA4"
"MA0031.1","FOXD1",0.123234469275413,0,"medulla_early","down","promoter",FALSE,1,0.65252647273069,0.0824299263662223,"FOXD1"
"MA0051.1","IRF2",-0.0649693170427907,0,"medulla_early","down","promoter",FALSE,1,0.222137248725054,0.312243359118917,"IRF2"
"MA0070.1","PBX1",-0.16035528584099,0,"medulla_early","down","promoter",FALSE,1,0.543198366580411,0.107678491415961,"PBX1"
"MA0073.1","RREB1",-0.0526593889224234,0,"medulla_early","down","promoter",FALSE,1,-0.284958489325675,0.439839560466864,"RREB1"
"MA0074.1","RXRA::VDR",0.0745190238778459,0,"medulla_early","down","promoter",FALSE,1,-1.27913553121649,0.165303952902181,"VDR"
"MA0077.1","SOX9",0.0302528103904676,0,"medulla_early","down","promoter",FALSE,1,0.0291535110865756,0.977483202509387,"SOX9"
"MA0115.1","NR1H2::RXRA",-0.127629835490051,0,"medulla_early","down","promoter",FALSE,1,0.305615412227834,0.16999764630218,"NR1H2"
"MA0119.1","NFIC::TLX1",-0.119181917933189,0,"medulla_early","down","promoter",FALSE,1,0.097679176962334,0.738354796903388,"NFIC"
"MA0139.1","CTCF",-0.112392565776138,0,"medulla_early","down","promoter",FALSE,1,-0.000874132390872084,0.99774228554015,"CTCF"
"MA0476.1","FOS",-0.1046707233958,0,"medulla_early","down","promoter",FALSE,1,0.833230264158733,0.452583737017769,"FOS"
"MA0488.1","JUN",-0.284211345147123,0,"medulla_early","down","promoter",FALSE,1,0.279358340249684,0.53327776811505,"JUN"
"MA0497.1","MEF2C",0.0650886626485043,0,"medulla_early","down","promoter",FALSE,1,0.476418078339048,0.0988007420919421,"MEF2C"
"MA0501.1","MAF::NFE2",0.0631578115297726,0,"medulla_early","down","promoter",FALSE,1,-0.870991278944142,0.0930440080726412,"MAF"
"MA0504.1","NR2C2",-0.17145643936291,0,"medulla_early","down","promoter",FALSE,1,0.0337155019952089,0.949735800056559,"NR2C2"
"MA0506.1","NRF1",0.0349531107912995,0,"medulla_early","down","promoter",FALSE,1,0.380634117441259,0.0642087533849316,"NRF1"
"MA0507.1","POU2F2",0.129118076646154,0,"medulla_early","down","promoter",FALSE,1,1.58318370744051,0.0707840992975005,"POU2F2"
"MA0513.1","SMAD2::SMAD3::SMAD4",-0.0811916719396413,0,"medulla_early","down","promoter",FALSE,1,-0.192837359235304,0.433364321152432,"SMAD4"
"MA0517.1","STAT1::STAT2",-0.0867412849935629,0,"medulla_early","down","promoter",FALSE,1,0.938329362011193,0.099434494930946,"STAT1"
"MA0527.1","ZBTB33",0.0485139181587773,0,"medulla_early","down","promoter",FALSE,1,-0.109293803021875,0.828831884436742,"ZBTB33"
"MA0076.2","ELK4",-0.00981312721335126,0,"medulla_early","down","promoter",FALSE,1,-0.534466366729815,0.413162694444284,"ELK4"
"MA0050.2","IRF1",-0.258808224900223,0,"medulla_early","down","promoter",FALSE,1,1.50356995512709,0.0225323428242336,"IRF1"
"MA0137.3","STAT1",-0.0341553357356341,0,"medulla_early","down","promoter",FALSE,1,0.938329362011193,0.099434494930946,"STAT1"
"MA0144.2","STAT3",-0.000414563710330995,0,"medulla_early","down","promoter",FALSE,1,0.685142979052263,0.0314097015086705,"STAT3"
"MA0140.2","GATA1::TAL1",0.028310901440836,0,"medulla_early","down","promoter",FALSE,1,0.798942238781588,0.0272796609271787,"TAL1"
"MA0095.2","YY1",-0.0400517928796864,0,"medulla_early","down","promoter",FALSE,1,-0.132916635869064,0.498109819184393,"YY1"
"MA0595.1","SREBF1",0.0772490883231693,0,"medulla_early","down","promoter",FALSE,1,-0.403568976526925,0.455463154300618,"SREBF1"
"MA0599.1","KLF5",-0.0266671964203411,0,"medulla_early","down","promoter",FALSE,1,0.992907703790705,0.285076906521638,"KLF5"
"MA0628.1","POU6F1",-0.548637159968968,0,"medulla_early","down","promoter",FALSE,1,0.529922106867129,0.138645572763802,"POU6F1"
"MA0637.1","CENPB",0.0992668076628851,0,"medulla_early","down","promoter",FALSE,1,0.520411003219583,0.0883160023154592,"CENPB"
"MA0638.1","CREB3",-0.161778670280792,0,"medulla_early","down","promoter",FALSE,1,0.288082796455454,0.271735738199765,"CREB3"
"MA0641.1","ELF4",0.0108775085118502,0,"medulla_early","down","promoter",FALSE,1,1.1226702167972,0.0220485053110765,"ELF4"
"MA0136.2","ELF5",-0.23170448684205,0,"medulla_early","down","promoter",FALSE,1,1.26640822306633,0.167151840142565,"ELF5"
"MA0645.1","ETV6",-0.0565028561401117,0,"medulla_early","down","promoter",FALSE,1,0.351783507815179,0.129897647528124,"ETV6"
"MA0475.2","FLI1",-0.408302183997804,0,"medulla_early","down","promoter",FALSE,1,0.62252159666859,0.0488731436887641,"FLI1"
"MA0033.2","FOXL1",0.1004276458109,0,"medulla_early","down","promoter",FALSE,1,0.019523715237681,0.980153536640451,"FOXL1"
"MA0157.2","FOXO3",0.0546649275863613,0,"medulla_early","down","promoter",FALSE,1,0.410664929996671,0.263953897995341,"FOXO3"
"MA0646.1","GCM1",0.0699457396682392,0,"medulla_early","down","promoter",FALSE,1,-2.60173798292748,0.0339258113759447,"GCM1"
"MA0647.1","GRHL1",0.121332202403821,0,"medulla_early","down","promoter",FALSE,1,0.891639472788421,0.144113440335442,"GRHL1"
"MA0153.2","HNF1B",-0.0226608871923104,0,"medulla_early","down","promoter",FALSE,1,-0.229678886145343,0.472628326754574,"HNF1B"
"MA0486.2","HSF1",0.106172376911882,0,"medulla_early","down","promoter",FALSE,1,0.0855642481636982,0.774884105033327,"HSF1"
"MA0652.1","IRF8",-0.0808165624042547,0,"medulla_early","down","promoter",FALSE,1,1.2014900297991,0.0750354753981774,"IRF8"
"MA0653.1","IRF9",0.00146323027051531,0,"medulla_early","down","promoter",FALSE,1,1.16627744633299,0.0137129769988415,"IRF9"
"MA0655.1","JDP2",-0.342172070277381,0,"medulla_early","down","promoter",FALSE,1,1.14409642079808,0.0153019499647919,"JDP2"
"MA0657.1","KLF13",-0.226772243980504,0,"medulla_early","down","promoter",FALSE,1,-0.045423145616744,0.922561550105351,"KLF13"
"MA0658.1","LHX6",-0.609178478947375,0,"medulla_early","down","promoter",FALSE,1,0.602436613097864,0.138833355641819,"LHX6"
"MA0661.1","MEOX1",-0.326962884335408,0,"medulla_early","down","promoter",FALSE,1,0.858034580860494,0.537875935159819,"MEOX1"
"MA0685.1","SP4",-0.283954031641773,0,"medulla_early","down","promoter",FALSE,1,0.231572883403043,0.696768787929314,"SP4"
"MA0083.3","SRF",0.0361222582865204,0,"medulla_early","down","promoter",FALSE,1,0.581294754361464,0.0323398628272813,"SRF"
"MA0145.3","TFCP2",-0.130604472463419,0,"medulla_early","down","promoter",FALSE,1,-0.107755923772473,0.56102995576346,"TFCP2"
"MA0694.1","ZBTB7B",0.012437591975301,0,"medulla_early","down","promoter",FALSE,1,-0.230422039910176,0.570771175853258,"ZBTB7B"
"MA0698.1","ZBTB18",0.0794514972094369,0,"medulla_early","down","promoter",FALSE,1,-0.337443828438651,0.329656386678887,"ZBTB18"
"MA0716.1","PRRX1",-0.550405028899512,0,"medulla_early","down","promoter",FALSE,1,-0.274791206147191,0.606864661009051,"PRRX1"
"MA0722.1","VAX1",-0.541283424669669,0,"medulla_early","down","promoter",FALSE,1,-3.69962148324859,0.0769881227341495,"VAX1"
"MA0113.3","NR3C1",-0.509248076610918,0,"medulla_early","down","promoter",FALSE,1,-0.513169439232175,0.0890028114618912,"NR3C1"
"MA0727.1","NR3C2",-0.695634685474234,0,"medulla_early","down","promoter",FALSE,1,0.183834376944348,0.756748509580763,"NR3C2"
"MA0729.1","RARA",-0.0919928045034242,0,"medulla_early","down","promoter",FALSE,1,0.251003205299105,0.278689679787823,"RARA"
"MA0472.2","EGR2",-0.115742325637409,0,"medulla_early","down","promoter",FALSE,1,2.38491518033238,0.0488731436887641,"EGR2"
"MA0732.1","EGR3",-0.168425421454292,0,"medulla_early","down","promoter",FALSE,1,0.789107358748941,0.535733564316075,"EGR3"
"MA0735.1","GLIS1",-0.0942973614270683,0,"medulla_early","down","promoter",FALSE,1,-1.36884160429724,0.140906317724698,"GLIS1"
"MA0736.1","GLIS2",0.0461332957980867,0,"medulla_early","down","promoter",FALSE,1,-0.678516578146343,0.0226806851536931,"GLIS2"
"MA0738.1","HIC2",-0.0195475149651632,0,"medulla_early","down","promoter",FALSE,1,0.123466707296829,0.804065561599467,"HIC2"
"MA0741.1","KLF16",-0.0202510355953063,0,"medulla_early","down","promoter",FALSE,1,0.313067045202356,0.288497905633079,"KLF16"
"MA0749.1","ZBED1",0.16123821794719,0,"medulla_early","down","promoter",FALSE,1,0.423079845049261,0.0517960088760821,"ZBED1"
"MA0088.2","ZNF143",-0.106001905485436,0,"medulla_early","down","promoter",FALSE,1,-0.0774181347819791,0.772858706268453,"ZNF143"
"MA0754.1","CUX1",-0.346739281602808,0,"medulla_early","down","promoter",FALSE,1,-0.739131933862636,0.0376999381310971,"CUX1"
"MA0759.1","ELK3",-0.00532520475633458,0,"medulla_early","down","promoter",FALSE,1,0.701141513968615,0.017915864727413,"ELK3"
"MA0760.1","ERF",-0.0374504415039532,0,"medulla_early","down","promoter",FALSE,1,-0.409914171238,0.201369825267356,"ERF"
"MA0474.2","ERG",-0.268718765919501,0,"medulla_early","down","promoter",FALSE,1,0.955144012421275,0.0319871216227914,"ERG"
"MA0098.3","ETS1",-0.129452376846524,0,"medulla_early","down","promoter",FALSE,1,0.128215768387732,0.852045257423533,"ETS1"
"MA0762.1","ETV2",-0.474711089988803,0,"medulla_early","down","promoter",FALSE,1,0.694455503288438,0.168986975665191,"ETV2"
"MA0763.1","ETV3",-0.214334187058047,0,"medulla_early","down","promoter",FALSE,1,0.218803551963199,0.514567200842541,"ETV3"
"MA0770.1","HSF2",-0.0458441038209827,0,"medulla_early","down","promoter",FALSE,1,-0.0610894044331549,0.843810104310983,"HSF2"
"MA0771.1","HSF4",-0.146152138551384,0,"medulla_early","down","promoter",FALSE,1,0.897229330632013,0.0281205966049571,"HSF4"
"MA0772.1","IRF7",-0.472367467806341,0,"medulla_early","down","promoter",FALSE,1,0.856907633305489,0.191051905123836,"IRF7"
"MA0773.1","MEF2D",0.0939964653152789,0,"medulla_early","down","promoter",FALSE,1,0.35211754124701,0.087527144700603,"MEF2D"
"MA0498.2","MEIS1",-0.0673332011742138,0,"medulla_early","down","promoter",FALSE,1,0.700958820053192,0.101646787771503,"MEIS1"
"MA0777.1","MYBL2",-0.259150702190486,0,"medulla_early","down","promoter",FALSE,1,0.264133411690156,0.735541949745164,"MYBL2"
"MA0105.4","NFKB1",-0.0374582380602826,0,"medulla_early","down","promoter",FALSE,1,0.379930647824102,0.162736007842491,"NFKB1"
"MA0783.1","PKNOX2",-0.103141530175521,0,"medulla_early","down","promoter",FALSE,1,-0.0312967983574746,0.961854958127771,"PKNOX2"
"MA0785.1","POU2F1",0.209909859175289,0,"medulla_early","down","promoter",FALSE,1,-0.071411983141451,0.891977029241261,"POU2F1"
"MA0788.1","POU3F3",-0.0613430395320229,0,"medulla_early","down","promoter",FALSE,1,-0.360497149355814,0.240326728177945,"POU3F3"
"MA0793.1","POU6F2",-0.265580649776535,0,"medulla_early","down","promoter",FALSE,1,1.34916812417096,0.171923904386873,"POU6F2"
"MA0600.2","RFX2",-0.473816567506288,0,"medulla_early","down","promoter",FALSE,1,0.690105216855605,0.0500096154467385,"RFX2"
"MA0796.1","TGIF1",0.138402640117532,0,"medulla_early","down","promoter",FALSE,1,0.769417549383641,0.0854961321059382,"TGIF1"
"MA0797.1","TGIF2",0.0601804530186056,0,"medulla_early","down","promoter",FALSE,1,-0.0975039456874409,0.76447034790364,"TGIF2"
"MA0510.2","RFX5",-0.603488400001514,0,"medulla_early","down","promoter",FALSE,1,0.494626091371601,0.0612080498598236,"RFX5"
"MA0511.2","RUNX2",-0.128856422064822,0,"medulla_early","down","promoter",FALSE,1,0.823064454393748,0.191159447175027,"RUNX2"
"MA0800.1","EOMES",-0.103214543851079,0,"medulla_early","down","promoter",FALSE,1,1.26130077834922,0.366172506569951,"EOMES"
"MA0808.1","TEAD3",-0.184502946710723,0,"medulla_early","down","promoter",FALSE,1,0.422537941971592,0.0770772325683264,"TEAD3"
"MA0811.1","TFAP2B",-0.000370431229709922,0,"medulla_early","down","promoter",FALSE,1,-0.146093515886961,0.802852344930414,"TFAP2B"
"MA0464.2","BHLHE40",0.126616995059061,0,"medulla_early","down","promoter",FALSE,1,0.696310732226617,0.139776368704943,"BHLHE40"
"MA0819.1","CLOCK",0.0502117053935311,0,"medulla_early","down","promoter",FALSE,1,-0.2943154510049,0.642617000343182,"CLOCK"
"MA0825.1","MNT",0.122405204679588,0,"medulla_early","down","promoter",FALSE,1,0.290486020846487,0.21272259790518,"MNT"
"MA0466.2","CEBPB",-0.391419743655438,0,"medulla_early","down","promoter",FALSE,1,1.5202115841024,0.0153019499647919,"CEBPB"
"MA0838.1","CEBPG",-0.238835746395964,0,"medulla_early","down","promoter",FALSE,1,-0.0242852266622666,0.939076416212833,"CEBPG"
"MA0843.1","TEF",0.0256208308704196,0,"medulla_early","down","promoter",FALSE,1,-0.271957750414631,0.421241065450089,"TEF"
"MA0844.1","XBP1",-0.379267137591169,0,"medulla_early","down","promoter",FALSE,1,-0.0739851107600185,0.842321959532531,"XBP1"
"MA0855.1","RXRB",0.133705486277365,0,"medulla_early","down","promoter",FALSE,1,0.0182701870018782,0.927183327398293,"RXRB"
"MA0856.1","RXRG",0.175503688398794,0,"medulla_early","down","promoter",FALSE,1,-2.08682302791845,0.0841091298451762,"RXRG"
"MA0106.3","TP53",-0.238122788620277,0,"medulla_early","down","promoter",FALSE,1,0.268113833620555,0.285380123737421,"TP53"
"MA0861.1","TP73",-0.121879075530121,0,"medulla_early","down","promoter",FALSE,1,-1.05236075986777,0.187407756098221,"TP73"
"MA0862.1","GMEB2",0.0829675272293233,0,"medulla_early","down","promoter",FALSE,1,0.369081875599014,0.1262648203929,"GMEB2"
"MA0863.1","MTF1",-0.200749714845425,0,"medulla_early","down","promoter",FALSE,1,-0.19359464082563,0.577159351858926,"MTF1"
"MA0024.3","E2F1",0.153376466916461,0,"medulla_early","down","promoter",FALSE,1,-1.70417326735421,0.0543764814736697,"E2F1"
"MA0028.2","ELK1",-0.192864110631118,0,"medulla_early","down","promoter",FALSE,1,0.293093351721676,0.0909699931476792,"ELK1"
"MA0886.1","EMX2",-0.697640088185125,0,"medulla_early","down","promoter",FALSE,1,0.274876648127181,0.349287937840425,"EMX2"
"MA0889.1","GBX1",0.137860614977898,0,"medulla_early","down","promoter",FALSE,1,0.478325978059717,0.369958336793171,"GBX1"
"MA0891.1","GSC2",-0.273382196981082,0,"medulla_early","down","promoter",FALSE,1,-3.79252608567329,0.0220038738285468,"GSC2"
"MA0895.1","HMBOX1",0.0881185494053289,0,"medulla_early","down","promoter",FALSE,1,-0.600179551191433,0.154888826804182,"HMBOX1"
"MA0899.1","HOXA10",0.00540599685389243,0,"medulla_early","down","promoter",FALSE,1,-0.0473590996798983,0.864104889838253,"HOXA10"
"MA0903.1","HOXB3",-0.318266384940674,0,"medulla_early","down","promoter",FALSE,1,0.895044025448823,0.119912758918788,"HOXB3"
"MA0036.3","GATA2",-0.12041921405253,0,"medulla_early","down","promoter",FALSE,1,1.15848203058517,0.039107559291993,"GATA2"
"MA0104.4","MYCN",-0.0167158678153401,0,"medulla_early","down","promoter",FALSE,1,-0.981398426171153,0.0515085411314552,"MYCN"
"MA1110.1","NR1H4",-0.114519064361828,0,"medulla_early","down","promoter",FALSE,1,-2.65290680162632,0.0293717527661552,"NR1H4"
"MA0014.3","PAX5",0.0238509244843979,0,"medulla_early","down","promoter",FALSE,1,2.11600005888026,0.0318670180300926,"PAX5"
"MA1114.1","PBX3",-0.0145752715447109,0,"medulla_early","down","promoter",FALSE,1,-0.290254427274215,0.575778526369282,"PBX3"
"MA1120.1","SOX13",-0.141533785094765,0,"medulla_early","down","promoter",FALSE,1,0.311606527364911,0.272124212584795,"SOX13"
"MA1121.1","TEAD2",-0.26056364639824,0,"medulla_early","down","promoter",FALSE,1,0.958886010687263,0.0237339766038364,"TEAD2"
"MA1122.1","TFDP1",0.0236957439957042,0,"medulla_early","down","promoter",FALSE,1,0.058462387399147,0.716435245855251,"TFDP1"
"MA0750.2","ZBTB7A",-0.00830475090182325,0,"medulla_early","down","promoter",FALSE,1,0.269647846350933,0.179638073990771,"ZBTB7A"
"MA0103.3","ZEB1",-0.0110941928662349,0,"medulla_early","down","promoter",FALSE,1,0.148375688982562,0.744452460938301,"ZEB1"
"MA1124.1","ZNF24",-0.0284923638530632,0,"medulla_early","down","promoter",FALSE,1,-0.123237481588795,0.589634294870035,"ZNF24"
"MA1125.1","ZNF384",-0.399700660187243,0,"medulla_early","down","promoter",FALSE,1,0.0126906233976918,0.950318411999697,"ZNF384"
"MA1154.1","ZNF282",-0.358440635453048,0,"medulla_early","down","promoter",FALSE,1,-0.310812240175454,0.14447995694465,"ZNF282"
"MA0037.3","GATA3",-0.374223178132706,0,"medulla_early","down","promoter",FALSE,1,1.3346717036592,0.0806260329034313,"GATA3"
"MA0099.3","FOS::JUN",-0.135972577514988,0,"medulla_early","down","promoter",FALSE,1,0.833230264158733,0.452583737017769,"FOS"
"MA1126.1","FOS::JUN(var.2)",-0.115519220500205,0,"medulla_early","down","promoter",FALSE,1,0.833230264158733,0.452583737017769,"FOS"
"MA1127.1","FOSB::JUN",-0.0994054855453337,0,"medulla_early","down","promoter",FALSE,1,0.96844474611884,0.411848333434714,"FOSB"
"MA1128.1","FOSL1::JUN",-0.143219518633271,0,"medulla_early","down","promoter",FALSE,1,1.9734779914701,0.0610657843457058,"FOSL1"
"MA1129.1","FOSL1::JUN(var.2)",-0.207241247167705,0,"medulla_early","down","promoter",FALSE,1,1.9734779914701,0.0610657843457058,"FOSL1"
"MA1130.1","FOSL2::JUN",-0.104794958635906,0,"medulla_early","down","promoter",FALSE,1,1.11642145947387,0.0267171782287447,"FOSL2"
"MA1131.1","FOSL2::JUN(var.2)",-0.0129981158356323,0,"medulla_early","down","promoter",FALSE,1,1.11642145947387,0.0267171782287447,"FOSL2"
"MA1132.1","JUN::JUNB",-0.304481104006,0,"medulla_early","down","promoter",FALSE,1,1.46763912831928,0.0679259533057009,"JUNB"
"MA1133.1","JUN::JUNB(var.2)",-0.213346024755212,0,"medulla_early","down","promoter",FALSE,1,0.279358340249684,0.53327776811505,"JUN"
"MA1134.1","FOS::JUNB",-0.0950315280193799,0,"medulla_early","down","promoter",FALSE,1,1.46763912831928,0.0679259533057009,"JUNB"
"MA1135.1","FOSB::JUNB",-0.00271241700178404,0,"medulla_early","down","promoter",FALSE,1,1.46763912831928,0.0679259533057009,"JUNB"
"MA1136.1","FOSB::JUNB(var.2)",-0.128894046494268,0,"medulla_early","down","promoter",FALSE,1,0.96844474611884,0.411848333434714,"FOSB"
"MA1137.1","FOSL1::JUNB",0.00662389666512553,0,"medulla_early","down","promoter",FALSE,1,1.9734779914701,0.0610657843457058,"FOSL1"
"MA1138.1","FOSL2::JUNB",-0.0485161066149091,0,"medulla_early","down","promoter",FALSE,1,1.11642145947387,0.0267171782287447,"FOSL2"
"MA1139.1","FOSL2::JUNB(var.2)",-0.360996799280248,0,"medulla_early","down","promoter",FALSE,1,1.11642145947387,0.0267171782287447,"FOSL2"
"MA1141.1","FOS::JUND",-0.120792867524257,0,"medulla_early","down","promoter",FALSE,1,0.833230264158733,0.452583737017769,"FOS"
"MA1142.1","FOSL1::JUND",-0.165653850183493,0,"medulla_early","down","promoter",FALSE,1,1.9734779914701,0.0610657843457058,"FOSL1"
"MA1143.1","FOSL1::JUND(var.2)",-0.36489092758452,0,"medulla_early","down","promoter",FALSE,1,1.9734779914701,0.0610657843457058,"FOSL1"
"MA1144.1","FOSL2::JUND",-0.0895695598764519,0,"medulla_early","down","promoter",FALSE,1,1.11642145947387,0.0267171782287447,"FOSL2"
"MA1145.1","FOSL2::JUND(var.2)",-0.150879264909196,0,"medulla_early","down","promoter",FALSE,1,1.11642145947387,0.0267171782287447,"FOSL2"
"MA1146.1","NR1H4::RXRA",-0.0372008847085139,0,"medulla_early","down","promoter",FALSE,1,-2.65290680162632,0.0293717527661552,"NR1H4"
"MA1147.1","NR4A2::RXRA",0.020359048177788,0,"medulla_early","down","promoter",FALSE,1,0.725667831787121,0.441255409887344,"NR4A2"
"MA1151.1","RORC",0.130870579862432,0,"medulla_early","down","promoter",FALSE,1,-1.44829188970955,0.0202767377537535,"RORC"
"MA1152.1","SOX15",-0.146809906451836,0,"medulla_early","down","promoter",FALSE,1,0.953583951967304,0.160632342851924,"SOX15"
"MA0693.2","VDR",-0.0250638846835605,0,"medulla_early","down","promoter",FALSE,1,-1.27913553121649,0.165303952902181,"VDR"
"MA1419.1","IRF4",-0.220983090253618,0,"medulla_early","down","promoter",FALSE,1,-0.400228479677541,0.767396072927768,"IRF4"
"MA1420.1","IRF5",-0.148831118901079,0,"medulla_early","down","promoter",FALSE,1,1.08168154959185,0.0494240730108758,"IRF5"
"MA1421.1","TCF7L1",0.0531587407568921,0,"medulla_early","down","promoter",FALSE,1,0.338994531026588,0.198906743125843,"TCF7L1"
"MA1464.1","ARNT2",-0.0364463393804986,0,"medulla_early","down","promoter",FALSE,1,0.175509527767202,0.712440287996641,"ARNT2"
"MA1466.1","ATF6",-0.212411329415945,0,"medulla_early","down","promoter",FALSE,1,-0.20769078701211,0.428682654817829,"ATF6"
"MA1101.2","BACH2",0.0746533654268267,0,"medulla_early","down","promoter",FALSE,1,0.459716888743106,0.378466067576624,"BACH2"
"MA1483.1","ELF2",-0.253145851619015,0,"medulla_early","down","promoter",FALSE,1,0.090553311647553,0.76926287352926,"ELF2"
"MA1484.1","ETS2",-0.0706509649772871,0,"medulla_early","down","promoter",FALSE,1,0.674127128136689,0.0922964823216519,"ETS2"
"MA1489.1","FOXN3",-0.129874340754985,0,"medulla_early","down","promoter",FALSE,1,0.160178289234369,0.666277751302449,"FOXN3"
"MA1491.1","GLI3",0.0421196312983874,0,"medulla_early","down","promoter",FALSE,1,0.407270905295038,0.408445282088167,"GLI3"
"MA1495.1","HOXA1",-0.39657764965665,0,"medulla_early","down","promoter",FALSE,1,0.243878473632861,0.65411316189125,"HOXA1"
"MA1497.1","HOXA6",0.142155716743219,0,"medulla_early","down","promoter",FALSE,1,0.195094839051146,0.7873503474939,"HOXA6"
"MA1498.1","HOXA7",0.134202684041669,0,"medulla_early","down","promoter",FALSE,1,-0.276953008905456,0.388168841493804,"HOXA7"
"MA1499.1","HOXB4",0.0767860151768591,0,"medulla_early","down","promoter",FALSE,1,0.923532481964308,0.10502922755723,"HOXB4"
"MA1500.1","HOXB6",0.097659244150603,0,"medulla_early","down","promoter",FALSE,1,0.972427033922479,0.037117422551965,"HOXB6"
"MA1503.1","HOXB9",0.111646849475477,0,"medulla_early","down","promoter",FALSE,1,1.71896984879122,0.0310114814551874,"HOXB9"
"MA1504.1","HOXC4",0.170200289013766,0,"medulla_early","down","promoter",FALSE,1,0.261044970371513,0.407017229736867,"HOXC4"
"MA1505.1","HOXC8",-0.17449633498308,0,"medulla_early","down","promoter",FALSE,1,0.22990274756825,0.609613463583714,"HOXC8"
"MA1506.1","HOXD10",0.167132818276774,0,"medulla_early","down","promoter",FALSE,1,0.245930895638537,0.460838638008666,"HOXD10"
"MA1507.1","HOXD4",0.0885813813353025,0,"medulla_early","down","promoter",FALSE,1,0.483570598619661,0.213038368541866,"HOXD4"
"MA1508.1","IKZF1",-0.111257312498514,0,"medulla_early","down","promoter",FALSE,1,0.922307088489775,0.307305349999776,"IKZF1"
"MA1509.1","IRF6",-0.215435740543745,0,"medulla_early","down","promoter",FALSE,1,-0.42699161178928,0.143434514916259,"IRF6"
"MA1511.1","KLF10",-0.0906549441926146,0,"medulla_early","down","promoter",FALSE,1,1.11749456254712,0.0632738265647081,"KLF10"
"MA1512.1","KLF11",-0.0453425156239629,0,"medulla_early","down","promoter",FALSE,1,0.400278587623946,0.405050733579513,"KLF11"
"MA1513.1","KLF15",-0.0194026410449446,0,"medulla_early","down","promoter",FALSE,1,-1.50515123593805,0.094601456969957,"KLF15"
"MA1515.1","KLF2",-0.0959214321182245,0,"medulla_early","down","promoter",FALSE,1,1.20868607866865,0.0160629005005414,"KLF2"
"MA1516.1","KLF3",-0.154614735063239,0,"medulla_early","down","promoter",FALSE,1,0.152031886608195,0.705872909637477,"KLF3"
"MA1517.1","KLF6",-0.0991167667486526,0,"medulla_early","down","promoter",FALSE,1,0.453874513879102,0.250247038580837,"KLF6"
"MA1518.1","LHX1",0.106726931193223,0,"medulla_early","down","promoter",FALSE,1,0.859538805973193,0.273437316058076,"LHX1"
"MA1520.1","MAF",0.0644353960856758,0,"medulla_early","down","promoter",FALSE,1,-0.870991278944142,0.0930440080726412,"MAF"
"MA1522.1","MAZ",-0.0228048443032609,0,"medulla_early","down","promoter",FALSE,1,-0.0662527965574329,0.796490045480872,"MAZ"
"MA1531.1","NR1D1",-0.515375568040397,0,"medulla_early","down","promoter",FALSE,1,-0.508080441846018,0.292798903775563,"NR1D1"
"MA1532.1","NR1D2",-0.21139088287334,0,"medulla_early","down","promoter",FALSE,1,-0.38699424575702,0.438934763122458,"NR1D2"
"MA1542.1","OSR1",0.0920738398439642,0,"medulla_early","down","promoter",FALSE,1,-0.841567334858739,0.239162362042823,"OSR1"
"MA1544.1","OVOL1",0.174776152814893,0,"medulla_early","down","promoter",FALSE,1,-0.0542884210873513,0.932093252830415,"OVOL1"
"MA1545.1","OVOL2",0.089175187575985,0,"medulla_early","down","promoter",FALSE,1,-1.51411161014149,0.0279948551554561,"OVOL2"
"MA1547.1","PITX2",-0.156886786037231,0,"medulla_early","down","promoter",FALSE,1,-2.19794747352486,0.0216477849535036,"PITX2"
"MA1554.1","RFX7",-0.105261239295083,0,"medulla_early","down","promoter",FALSE,1,-0.319882325762399,0.695988332884165,"RFX7"
"MA1557.1","SMAD5",0.178379062714641,0,"medulla_early","down","promoter",FALSE,1,-0.19844517351265,0.667504862339741,"SMAD5"
"MA1558.1","SNAI1",-0.0533978647103384,0,"medulla_early","down","promoter",FALSE,1,0.861788063542812,0.0999052927634928,"SNAI1"
"MA1561.1","SOX12",-0.382378320489441,0,"medulla_early","down","promoter",FALSE,1,-0.00135974356103929,0.998023804829377,"SOX12"
"MA1563.1","SOX18",-0.0440490190725074,0,"medulla_early","down","promoter",FALSE,1,0.530377666863851,0.210919437528209,"SOX18"
"MA1567.1","TBX6",0.128344524920978,0,"medulla_early","down","promoter",FALSE,1,-0.0800585809925347,0.903155259195917,"TBX6"
"MA1573.1","THAP11",0.0873644878822963,0,"medulla_early","down","promoter",FALSE,1,0.0244354180583501,0.93860093078286,"THAP11"
"MA1578.1","VEZF1",0.00614741377877337,0,"medulla_early","down","promoter",FALSE,1,0.307129710257832,0.344975733635377,"VEZF1"
"MA1583.1","ZFP57",0.0533791579565817,0,"medulla_early","down","promoter",FALSE,1,0.134092175958993,0.562705373638005,"ZFP57"
"MA1585.1","ZKSCAN1",0.0627510734480738,0,"medulla_early","down","promoter",FALSE,1,-0.304598762343511,0.145769931770526,"ZKSCAN1"
"MA1589.1","ZNF140",-0.073791436291621,0,"medulla_early","down","promoter",FALSE,1,-0.0447137839251823,0.92551117188291,"ZNF140"
"MA1593.1","ZNF317",-0.0125177065443474,0,"medulla_early","down","promoter",FALSE,1,0.114929423677437,0.683603018940012,"ZNF317"
"MA1594.1","ZNF382",-0.00950042428526743,0,"medulla_early","down","promoter",FALSE,1,-0.492122058559193,0.274319589478132,"ZNF382"
"MA1601.1","ZNF75D",0.059323543841626,0,"medulla_early","down","promoter",FALSE,1,-0.205791944644021,0.211360968701263,"ZNF75D"
"MA1602.1","ZSCAN29",-0.374010992010986,0,"medulla_early","down","promoter",FALSE,1,-0.211109284167653,0.616081035276761,"ZSCAN29"
"MA0605.2","ATF3",-0.691254717258014,0,"medulla_early","down","promoter",FALSE,1,1.3783222303847,0.0649353280088722,"ATF3"
"MA0462.2","BATF::JUN",0.0147526109798406,0,"medulla_early","down","promoter",FALSE,1,1.77001737501451,0.0165273791537193,"BATF"
"MA0463.2","BCL6",-0.250018716365052,0,"medulla_early","down","promoter",FALSE,1,0.299606612688747,0.385286934872243,"BCL6"
"MA0864.2","E2F2",-0.169622900851304,0,"medulla_early","down","promoter",FALSE,1,-0.216786191028822,0.855788553625119,"E2F2"
"MA0469.3","E2F3",-0.156456363922576,0,"medulla_early","down","promoter",FALSE,1,-1.29813101000581,0.0434882470441721,"E2F3"
"MA0470.2","E2F4",-0.257228214501496,0,"medulla_early","down","promoter",FALSE,1,0.333538314515133,0.0558883269588453,"E2F4"
"MA0612.2","EMX1",-0.33201222265243,0,"medulla_early","down","promoter",FALSE,1,-3.49057399567799,0.0262420390283087,"EMX1"
"MA0766.2","GATA5",-0.322895938268144,0,"medulla_early","down","promoter",FALSE,1,-0.822036966990803,0.163893619637216,"GATA5"
"MA0734.2","GLI2",0.12381749708526,0,"medulla_early","down","promoter",FALSE,1,0.7920876358478,0.126422216899128,"GLI2"
"MA0900.2","HOXA2",-0.127856678843005,0,"medulla_early","down","promoter",FALSE,1,0.870000479228036,0.11175311144298,"HOXA2"
"MA0158.2","HOXA5",-0.2904795887303,0,"medulla_early","down","promoter",FALSE,1,0.498572000283622,0.0898190982935082,"HOXA5"
"MA0594.2","HOXA9",-0.230785388957798,0,"medulla_early","down","promoter",FALSE,1,-0.395853823605739,0.142581043349053,"HOXA9"
"MA0902.2","HOXB2",-0.148333587806948,0,"medulla_early","down","promoter",FALSE,1,1.28655277822506,0.0276985719995865,"HOXB2"
"MA0904.2","HOXB5",-0.415693627738108,0,"medulla_early","down","promoter",FALSE,1,0.9513562847419,0.0328768746966467,"HOXB5"
"MA0485.2","HOXC9",0.0318075403495932,0,"medulla_early","down","promoter",FALSE,1,0.22502508240418,0.477332550343115,"HOXC9"
"MA0912.2","HOXD3",-0.026702541120021,0,"medulla_early","down","promoter",FALSE,1,0.210050501662717,0.574310448291442,"HOXD3"
"MA0913.2","HOXD9",0.108054841530494,0,"medulla_early","down","promoter",FALSE,1,0.363175183870902,0.348536646428583,"HOXD9"
"MA0703.2","LMX1B",-0.683580714057205,0,"medulla_early","down","promoter",FALSE,1,-4.00814067232329,0.0352584092244324,"LMX1B"
"MA0842.2","NRL",-0.252565138462476,0,"medulla_early","down","promoter",FALSE,1,-0.507917598485353,0.222996091684312,"NRL"
"MA0075.3","PRRX2",-0.542660139834984,0,"medulla_early","down","promoter",FALSE,1,1.47979096404561,0.0636158128565348,"PRRX2"
"MA0867.2","SOX4",-0.287528473597532,0,"medulla_early","down","promoter",FALSE,1,0.631476589277892,0.180500143593306,"SOX4"
"MA0079.4","SP1",-0.488226453944766,0,"medulla_early","down","promoter",FALSE,1,-0.180632118297754,0.728641937763737,"SP1"
"MA0516.2","SP2",-0.155291429827086,0,"medulla_early","down","promoter",FALSE,1,0.333263735841164,0.0909624918857382,"SP2"
"MA0746.2","SP3",-0.0307375246278756,0,"medulla_early","down","promoter",FALSE,1,-0.0013356159558171,0.998255133438624,"SP3"
"MA0753.2","ZNF740",-0.00759560437977669,0,"medulla_early","down","promoter",FALSE,1,0.0740848988032319,0.646852173747967,"ZNF740"
"MA1632.1","ATF2",-0.0303788392414166,0,"medulla_early","down","promoter",FALSE,1,-0.23703910398746,0.49811164292577,"ATF2"
"MA1633.1","BACH1",-0.16636675729237,0,"medulla_early","down","promoter",FALSE,1,0.214031205102808,0.701593357073759,"BACH1"
"MA1634.1","BATF",0.0277988100450726,0,"medulla_early","down","promoter",FALSE,1,1.77001737501451,0.0165273791537193,"BATF"
"MA1637.1","EBF3",0.0557400954369278,0,"medulla_early","down","promoter",FALSE,1,0.850373604387806,0.233827549351016,"EBF3"
"MA1643.1","NFIB",0.121844932375971,0,"medulla_early","down","promoter",FALSE,1,-0.483343468881396,0.135551986577199,"NFIB"
"MA1646.1","OSR2",0.0604000250388754,0,"medulla_early","down","promoter",FALSE,1,1.07561974212186,0.158150127864044,"OSR2"
"MA1647.1","PRDM4",0.0828156729449789,0,"medulla_early","down","promoter",FALSE,1,0.220576874884808,0.276463550317491,"PRDM4"
"MA1650.1","ZBTB14",-0.0260611314585208,0,"medulla_early","down","promoter",FALSE,1,-0.150896721353386,0.575162487054768,"ZBTB14"
"MA1651.1","ZFP42",-0.109598563886059,0,"medulla_early","down","promoter",FALSE,1,1.3795986142512,0.0701917929827533,"ZFP42"
"MA1652.1","ZKSCAN5",0.0296194240610088,0,"medulla_early","down","promoter",FALSE,1,0.175729895800091,0.514179238121014,"ZKSCAN5"
"MA1653.1","ZNF148",-0.0267399337285319,0,"medulla_early","down","promoter",FALSE,1,-0.196411913419447,0.462979355363173,"ZNF148"
"MA1654.1","ZNF16",-0.278006122917101,0,"medulla_early","down","promoter",FALSE,1,0.355942077218786,0.0862032818800201,"ZNF16"
"MA1655.1","ZNF341",-0.242988571331916,0,"medulla_early","down","promoter",FALSE,1,-0.0944097856469739,0.774884105033327,"ZNF341"
"MA1656.1","ZNF449",0.0184776690834116,0,"medulla_early","down","promoter",FALSE,1,0.239194657937899,0.528016811331997,"ZNF449"
"MA1657.1","ZNF652",0.0652177744269551,0,"medulla_early","down","promoter",FALSE,1,-0.50075663617201,0.252476564967149,"ZNF652"
"MA0835.2","BATF3",-0.0384086293788242,0,"medulla_early","down","promoter",FALSE,1,1.20210807772793,0.0619080985520392,"BATF3"
"MA0102.4","CEBPA",0.0878568247348896,0,"medulla_early","down","promoter",FALSE,1,-0.738576815360503,0.204007466239598,"CEBPA"
"MA0018.4","CREB1",-0.17474088969848,0,"medulla_early","down","promoter",FALSE,1,0.0567679261621343,0.866912918285141,"CREB1"
"MA0471.2","E2F6",0.0161341126838686,0,"medulla_early","down","promoter",FALSE,1,0.0768778221849864,0.763381562456652,"E2F6"
"MA0162.4","EGR1",-0.0569175089985041,0,"medulla_early","down","promoter",FALSE,1,1.18987625259726,0.303815175555124,"EGR1"
"MA0598.3","EHF",-0.145174882329722,0,"medulla_early","down","promoter",FALSE,1,0.942393161790712,0.224968328504338,"EHF"
"MA0473.3","ELF1",-0.149561155384417,0,"medulla_early","down","promoter",FALSE,1,0.185857579716268,0.592689574785557,"ELF1"
"MA0640.2","ELF3",-0.0889251093453591,0,"medulla_early","down","promoter",FALSE,1,1.4522504083541,0.0266606788847339,"ELF3"
"MA0761.2","ETV1",-0.00129443636929061,0,"medulla_early","down","promoter",FALSE,1,-0.652898023478825,0.144113440335442,"ETV1"
"MA0764.2","ETV4",0.00732898119930248,0,"medulla_early","down","promoter",FALSE,1,1.03211159070944,0.0770106041443126,"ETV4"
"MA0765.2","ETV5",-0.118593567154785,0,"medulla_early","down","promoter",FALSE,1,-1.5518623101589,0.0205922510861573,"ETV5"
"MA0477.2","FOSL1",-0.147074146133686,0,"medulla_early","down","promoter",FALSE,1,1.9734779914701,0.0610657843457058,"FOSL1"
"MA0062.3","GABPA",-0.078322353608109,0,"medulla_early","down","promoter",FALSE,1,-0.261928783878441,0.347760452717804,"GABPA"
"MA1104.2","GATA6",-0.287865633426279,0,"medulla_early","down","promoter",FALSE,1,0.600672216276934,0.188166445206497,"GATA6"
"MA1105.2","GRHL2",-0.235600920345133,0,"medulla_early","down","promoter",FALSE,1,0.85188475913007,0.081288610877865,"GRHL2"
"MA0043.3","HLF",0.221524049556334,0,"medulla_early","down","promoter",FALSE,1,-0.643490632147318,0.0980279086316728,"HLF"
"MA0490.2","JUNB",0.0402717859221475,0,"medulla_early","down","promoter",FALSE,1,1.46763912831928,0.0679259533057009,"JUNB"
"MA0491.2","JUND",-0.0691481513352148,0,"medulla_early","down","promoter",FALSE,1,0.198551752417357,0.652707839196132,"JUND"
"MA0039.4","KLF4",-0.0629682842996555,0,"medulla_early","down","promoter",FALSE,1,0.974693044612211,0.0636455015044703,"KLF4"
"MA1107.2","KLF9",-0.0752793950191002,0,"medulla_early","down","promoter",FALSE,1,-0.587903376235794,0.408118900902291,"KLF9"
"MA0495.3","MAFF",0.0991551171499152,0,"medulla_early","down","promoter",FALSE,1,1.6233980809504,0.017958398165307,"MAFF"
"MA0620.3","MITF",0.158051339135302,0,"medulla_early","down","promoter",FALSE,1,-0.309475719666182,0.219008044682269,"MITF"
"MA1108.2","MXI1",-0.00436436660055506,0,"medulla_early","down","promoter",FALSE,1,-0.906677660770016,0.0388835804979007,"MXI1"
"MA0056.2","MZF1",-0.0194553278251846,0,"medulla_early","down","promoter",FALSE,1,0.25305893591519,0.202232546733271,"MZF1"
"MA0089.2","NFE2L1",0.192108710320514,0,"medulla_early","down","promoter",FALSE,1,0.247186036800803,0.281164169069091,"NFE2L1"
"MA0025.2","NFIL3",-0.13078049036232,0,"medulla_early","down","promoter",FALSE,1,0.790068646035492,0.064194527834963,"NFIL3"
"MA0502.2","NFYB",-0.184201790375018,0,"medulla_early","down","promoter",FALSE,1,0.23677978422968,0.272965768589987,"NFYB"
"MA0679.2","ONECUT1",-0.540230206765989,0,"medulla_early","down","promoter",FALSE,1,-3.7065724616312,0.0317003906499811,"ONECUT1"
"MA0782.2","PKNOX1",-0.0904149810226569,0,"medulla_early","down","promoter",FALSE,1,0.356020399006283,0.103617179404249,"PKNOX1"
"MA0508.3","PRDM1",-0.0939133039169091,0,"medulla_early","down","promoter",FALSE,1,0.476147591593726,0.573731024201796,"PRDM1"
"MA0509.2","RFX1",-0.403019432903652,0,"medulla_early","down","promoter",FALSE,1,0.22031524079772,0.341770568814762,"RFX1"
"MA0798.2","RFX3",-0.22247103795803,0,"medulla_early","down","promoter",FALSE,1,-0.0839041882493117,0.875093779565871,"RFX3"
"MA0684.2","RUNX3",0.124682538282444,0,"medulla_early","down","promoter",FALSE,1,1.2080016725545,0.182396353745437,"RUNX3"
"MA0745.2","SNAI2",0.0018042071216815,0,"medulla_early","down","promoter",FALSE,1,1.17036870659601,0.0134950986177877,"SNAI2"
"MA0080.5","SPI1",-0.113096689834305,0,"medulla_early","down","promoter",FALSE,1,1.67905569265027,0.0636158128565348,"SPI1"
"MA0522.3","TCF3",-0.0115016333869393,0,"medulla_early","down","promoter",FALSE,1,0.507566700207939,0.0280927985771345,"TCF3"
"MA0830.2","TCF4",-0.00558067103055926,0,"medulla_early","down","promoter",FALSE,1,0.389016801723167,0.397974930333454,"TCF4"
"MA0090.3","TEAD1",-0.331276537521267,0,"medulla_early","down","promoter",FALSE,1,0.144843631425045,0.825466152858346,"TEAD1"
"MA0809.2","TEAD4",-0.1202940729627,0,"medulla_early","down","promoter",FALSE,1,0.765428275730018,0.0404444595868159,"TEAD4"
"MA0093.3","USF1",0.00301090747215316,0,"medulla_early","down","promoter",FALSE,1,0.67310694392606,0.0490214716093659,"USF1"
"MA0526.3","USF2",-0.0206395726568465,0,"medulla_early","down","promoter",FALSE,1,-0.0311806894603599,0.92079938042041,"USF2"
"MA0528.2","ZNF263",-0.137457118867273,0,"medulla_early","down","promoter",FALSE,1,0.271097059250764,0.141801847387358,"ZNF263"
"MA0609.2","CREM",-0.206192336765322,0,"medulla_early","down","promoter",FALSE,1,0.790330687779365,0.0838791258343589,"CREM"
"MA0731.1","BCL6B",NA,NA,"medulla_early","down","promoter",FALSE,NA,0.789413968880608,0.0339258113759447,"BCL6B"
"MA0478.1","FOSL2",0.380935329363436,0.484255149488833,"medulla_early","down","enhancer",FALSE,0.327902592621424,1.11642145947387,0.0267171782287447,"FOSL2"
"MA0774.1","MEIS2",0.262667398918095,0.333021478769532,"medulla_early","down","enhancer",FALSE,0.464492302400758,0.318231865575317,0.341636157032765,"MEIS2"
"MA0508.3","PRDM1",0.228061257625338,0.333021478769532,"medulla_early","down","enhancer",FALSE,0.464492302400758,0.476147591593726,0.573731024201796,"PRDM1"
"MA0003.4","TFAP2A",0.242229301948909,0.333021478769532,"medulla_early","down","enhancer",FALSE,0.464492302400758,1.19516253571842,0.081288610877865,"TFAP2A"
"MA0115.1","NR1H2::RXRA",0.690362629550882,0.233437275752114,"medulla_early","down","enhancer",FALSE,0.584201576017475,0.305615412227834,0.16999764630218,"NR1H2"
"MA1125.1","ZNF384",0.214433491850302,0.233437275752114,"medulla_early","down","enhancer",FALSE,0.584201576017475,0.0126906233976918,0.950318411999697,"ZNF384"
"MA0114.4","HNF4A",0.307584372771144,0.233437275752114,"medulla_early","down","enhancer",FALSE,0.584201576017475,-4.05641177125823,0.0317899523202682,"HNF4A"
"MA0484.2","HNF4G",0.311657440523324,0.233437275752114,"medulla_early","down","enhancer",FALSE,0.584201576017475,-3.1103236919031,0.0134950986177877,"HNF4G"
"MA1602.1","ZSCAN29",0.545720079990599,0.115982474155655,"medulla_early","down","enhancer",FALSE,0.765627502992743,-0.211109284167653,0.616081035276761,"ZSCAN29"
"MA1656.1","ZNF449",0.247893238087451,0.115982474155655,"medulla_early","down","enhancer",FALSE,0.765627502992743,0.239194657937899,0.528016811331997,"ZNF449"
"MA0846.1","FOXC2",0.175022436445952,0.076152057396467,"medulla_early","down","enhancer",FALSE,0.839166121960066,0.394689052961632,0.290072040172465,"FOXC2"
"MA0768.1","LEF1",0.371187917597972,0.0268127236169348,"medulla_early","down","enhancer",FALSE,0.940128625253694,0.650872478596595,0.163893619637216,"LEF1"
"MA0811.1","TFAP2B",0.193174747323289,0.0268127236169348,"medulla_early","down","enhancer",FALSE,0.940128625253694,-0.146093515886961,0.802852344930414,"TFAP2B"
"MA1112.2","NR4A1",0.195420641319707,0.0224386601337193,"medulla_early","down","enhancer",FALSE,0.94964511785547,0.675924232975686,0.583915033713709,"NR4A1"
"MA0734.2","GLI2",0.369141068652573,0.00170967769531031,"medulla_early","down","enhancer",FALSE,0.996071060185197,0.7920876358478,0.126422216899128,"GLI2"
"MA0769.2","TCF7",0.198817837580028,0.00170967769531031,"medulla_early","down","enhancer",FALSE,0.996071060185197,0.55069342337898,0.297036318782577,"TCF7"
"MA0031.1","FOXD1",-0.278455198163125,0,"medulla_early","down","enhancer",FALSE,1,0.65252647273069,0.0824299263662223,"FOXD1"
"MA0051.1","IRF2",-0.25970007165496,0,"medulla_early","down","enhancer",FALSE,1,0.222137248725054,0.312243359118917,"IRF2"
"MA0059.1","MAX::MYC",-0.0151631702199637,0,"medulla_early","down","enhancer",FALSE,1,0.271522953883504,0.147301447432832,"MAX"
"MA0066.1","PPARG",0.0215595808024762,0,"medulla_early","down","enhancer",FALSE,1,1.48202957040382,0.0222056838664202,"PPARG"
"MA0070.1","PBX1",-0.0700943909867382,0,"medulla_early","down","enhancer",FALSE,1,0.543198366580411,0.107678491415961,"PBX1"
"MA0071.1","RORA",0.166683554984075,0,"medulla_early","down","enhancer",FALSE,1,-0.646097564647312,0.137965775448693,"RORA"
"MA0073.1","RREB1",-0.0391875333807317,0,"medulla_early","down","enhancer",FALSE,1,-0.284958489325675,0.439839560466864,"RREB1"
"MA0074.1","RXRA::VDR",0.122171238054249,0,"medulla_early","down","enhancer",FALSE,1,-1.27913553121649,0.165303952902181,"VDR"
"MA0077.1","SOX9",-0.0845778712783813,0,"medulla_early","down","enhancer",FALSE,1,0.0291535110865756,0.977483202509387,"SOX9"
"MA0091.1","TAL1::TCF3",-0.160310146336753,0,"medulla_early","down","enhancer",FALSE,1,0.798942238781588,0.0272796609271787,"TAL1"
"MA0101.1","REL",-0.0646567851936606,0,"medulla_early","down","enhancer",FALSE,1,-0.0193170770089262,0.991304581858302,"REL"
"MA0107.1","RELA",-0.0545518897483586,0,"medulla_early","down","enhancer",FALSE,1,0.579893364955569,0.0190450667248155,"RELA"
"MA0119.1","NFIC::TLX1",-0.177139963828997,0,"medulla_early","down","enhancer",FALSE,1,0.097679176962334,0.738354796903388,"NFIC"
"MA0139.1","CTCF",-0.0258448912817872,0,"medulla_early","down","enhancer",FALSE,1,-0.000874132390872084,0.99774228554015,"CTCF"
"MA0138.2","REST",-0.379129271172497,0,"medulla_early","down","enhancer",FALSE,1,-0.0949623807216522,0.838218397343616,"REST"
"MA0152.1","NFATC2",-0.100170140952383,0,"medulla_early","down","enhancer",FALSE,1,0.676704194619269,0.167919844799307,"NFATC2"
"MA0159.1","RARA::RXRA",-0.193815890421984,0,"medulla_early","down","enhancer",FALSE,1,0.251003205299105,0.278689679787823,"RARA"
"MA0160.1","NR4A2",0.0146102675115687,0,"medulla_early","down","enhancer",FALSE,1,0.725667831787121,0.441255409887344,"NR4A2"
"MA0163.1","PLAG1",-0.281184585700276,0,"medulla_early","down","enhancer",FALSE,1,0.512497636806037,0.469952279887831,"PLAG1"
"MA0259.1","ARNT::HIF1A",0.0865980273132045,0,"medulla_early","down","enhancer",FALSE,1,1.04117704397309,0.178813420070858,"HIF1A"
"MA0476.1","FOS",0.165469942672199,0,"medulla_early","down","enhancer",FALSE,1,0.833230264158733,0.452583737017769,"FOS"
"MA0488.1","JUN",0.132956035771074,0,"medulla_early","down","enhancer",FALSE,1,0.279358340249684,0.53327776811505,"JUN"
"MA0497.1","MEF2C",0.0115066126579757,0,"medulla_early","down","enhancer",FALSE,1,0.476418078339048,0.0988007420919421,"MEF2C"
"MA0501.1","MAF::NFE2",0.201109478540745,0,"medulla_early","down","enhancer",FALSE,1,-0.870991278944142,0.0930440080726412,"MAF"
"MA0504.1","NR2C2",-0.146247315508545,0,"medulla_early","down","enhancer",FALSE,1,0.0337155019952089,0.949735800056559,"NR2C2"
"MA0506.1","NRF1",0.0885658104426597,0,"medulla_early","down","enhancer",FALSE,1,0.380634117441259,0.0642087533849316,"NRF1"
"MA0507.1","POU2F2",0.0364926998094024,0,"medulla_early","down","enhancer",FALSE,1,1.58318370744051,0.0707840992975005,"POU2F2"
"MA0513.1","SMAD2::SMAD3::SMAD4",0.0713507656718706,0,"medulla_early","down","enhancer",FALSE,1,-0.192837359235304,0.433364321152432,"SMAD4"
"MA0517.1","STAT1::STAT2",-0.0759263203103488,0,"medulla_early","down","enhancer",FALSE,1,0.938329362011193,0.099434494930946,"STAT1"
"MA0523.1","TCF7L2",0.0926067445378047,0,"medulla_early","down","enhancer",FALSE,1,0.420036257415145,0.118793484995643,"TCF7L2"
"MA0527.1","ZBTB33",0.27427223812197,0,"medulla_early","down","enhancer",FALSE,1,-0.109293803021875,0.828831884436742,"ZBTB33"
"MA0076.2","ELK4",-3.05352643641399e-05,0,"medulla_early","down","enhancer",FALSE,1,-0.534466366729815,0.413162694444284,"ELK4"
"MA0050.2","IRF1",-0.0295969418885802,0,"medulla_early","down","enhancer",FALSE,1,1.50356995512709,0.0225323428242336,"IRF1"
"MA0137.3","STAT1",-0.089755235526952,0,"medulla_early","down","enhancer",FALSE,1,0.938329362011193,0.099434494930946,"STAT1"
"MA0144.2","STAT3",-0.143355572344111,0,"medulla_early","down","enhancer",FALSE,1,0.685142979052263,0.0314097015086705,"STAT3"
"MA0140.2","GATA1::TAL1",0.226647540516289,0,"medulla_early","down","enhancer",FALSE,1,0.798942238781588,0.0272796609271787,"TAL1"
"MA0095.2","YY1",0.190725141561207,0,"medulla_early","down","enhancer",FALSE,1,-0.132916635869064,0.498109819184393,"YY1"
"MA0593.1","FOXP2",0.0406154358454485,0,"medulla_early","down","enhancer",FALSE,1,-0.616503529471229,0.382023060817818,"FOXP2"
"MA0595.1","SREBF1",-0.0129203068647463,0,"medulla_early","down","enhancer",FALSE,1,-0.403568976526925,0.455463154300618,"SREBF1"
"MA0596.1","SREBF2",-0.182274910703284,0,"medulla_early","down","enhancer",FALSE,1,-0.328740913543506,0.520055289512477,"SREBF2"
"MA0597.1","THAP1",-0.054080271705085,0,"medulla_early","down","enhancer",FALSE,1,-0.166508034133676,0.54507088152635,"THAP1"
"MA0599.1","KLF5",-0.0711445770149073,0,"medulla_early","down","enhancer",FALSE,1,0.992907703790705,0.285076906521638,"KLF5"
"MA0625.1","NFATC3",-0.0897111306021703,0,"medulla_early","down","enhancer",FALSE,1,-0.0253446977600298,0.920610099552946,"NFATC3"
"MA0628.1","POU6F1",0.0275418145942368,0,"medulla_early","down","enhancer",FALSE,1,0.529922106867129,0.138645572763802,"POU6F1"
"MA0636.1","BHLHE41",0.312854644052129,0,"medulla_early","down","enhancer",FALSE,1,0.200293766777133,0.709322541958218,"BHLHE41"
"MA0637.1","CENPB",0.0331542921973487,0,"medulla_early","down","enhancer",FALSE,1,0.520411003219583,0.0883160023154592,"CENPB"
"MA0638.1","CREB3",0.166682181710448,0,"medulla_early","down","enhancer",FALSE,1,0.288082796455454,0.271735738199765,"CREB3"
"MA0641.1","ELF4",-0.304278531336798,0,"medulla_early","down","enhancer",FALSE,1,1.1226702167972,0.0220485053110765,"ELF4"
"MA0136.2","ELF5",0.0491719335569734,0,"medulla_early","down","enhancer",FALSE,1,1.26640822306633,0.167151840142565,"ELF5"
"MA0645.1","ETV6",-0.11756765704242,0,"medulla_early","down","enhancer",FALSE,1,0.351783507815179,0.129897647528124,"ETV6"
"MA0475.2","FLI1",-0.0579754927150438,0,"medulla_early","down","enhancer",FALSE,1,0.62252159666859,0.0488731436887641,"FLI1"
"MA0042.2","FOXI1",0.0261843104499864,0,"medulla_early","down","enhancer",FALSE,1,-1.00207677959519,0.130036679691947,"FOXI1"
"MA0033.2","FOXL1",0.0575959270632413,0,"medulla_early","down","enhancer",FALSE,1,0.019523715237681,0.980153536640451,"FOXL1"
"MA0157.2","FOXO3",-0.0491693891084024,0,"medulla_early","down","enhancer",FALSE,1,0.410664929996671,0.263953897995341,"FOXO3"
"MA0646.1","GCM1",-0.0337656719438444,0,"medulla_early","down","enhancer",FALSE,1,-2.60173798292748,0.0339258113759447,"GCM1"
"MA0647.1","GRHL1",-0.160917509036271,0,"medulla_early","down","enhancer",FALSE,1,0.891639472788421,0.144113440335442,"GRHL1"
"MA0649.1","HEY2",0.139991137383791,0,"medulla_early","down","enhancer",FALSE,1,-0.585690987323064,0.233646483942642,"HEY2"
"MA0131.2","HINFP",-0.142538144861692,0,"medulla_early","down","enhancer",FALSE,1,-0.00605995418865568,0.984367282956734,"HINFP"
"MA0046.2","HNF1A",-0.00885286562836018,0,"medulla_early","down","enhancer",FALSE,1,-3.73335937880184,0.0212680300495519,"HNF1A"
"MA0153.2","HNF1B",-0.182477059456015,0,"medulla_early","down","enhancer",FALSE,1,-0.229678886145343,0.472628326754574,"HNF1B"
"MA0651.1","HOXC11",0.262635997694611,0,"medulla_early","down","enhancer",FALSE,1,0.743162405256826,0.279905517427726,"HOXC11"
"MA0486.2","HSF1",0.205540259653494,0,"medulla_early","down","enhancer",FALSE,1,0.0855642481636982,0.774884105033327,"HSF1"
"MA0652.1","IRF8",-0.602314202305737,0,"medulla_early","down","enhancer",FALSE,1,1.2014900297991,0.0750354753981774,"IRF8"
"MA0653.1","IRF9",-0.20622573596514,0,"medulla_early","down","enhancer",FALSE,1,1.16627744633299,0.0137129769988415,"IRF9"
"MA0655.1","JDP2",0.234565253936276,0,"medulla_early","down","enhancer",FALSE,1,1.14409642079808,0.0153019499647919,"JDP2"
"MA0657.1","KLF13",-0.290593451474988,0,"medulla_early","down","enhancer",FALSE,1,-0.045423145616744,0.922561550105351,"KLF13"
"MA0658.1","LHX6",-0.0746377024766609,0,"medulla_early","down","enhancer",FALSE,1,0.602436613097864,0.138833355641819,"LHX6"
"MA0660.1","MEF2B",-0.169564930245575,0,"medulla_early","down","enhancer",FALSE,1,-0.532190006362803,0.596634918876072,"MEF2B"
"MA0661.1","MEOX1",0.165116205193552,0,"medulla_early","down","enhancer",FALSE,1,0.858034580860494,0.537875935159819,"MEOX1"
"MA0663.1","MLX",-0.22377197432074,0,"medulla_early","down","enhancer",FALSE,1,-0.0109643400459651,0.967283746686265,"MLX"
"MA0664.1","MLXIPL",0.0508506418223487,0,"medulla_early","down","enhancer",FALSE,1,-3.52863764993125,0.0217040749021563,"MLXIPL"
"MA0665.1","MSC",-0.195804327686268,0,"medulla_early","down","enhancer",FALSE,1,1.49797255390859,0.318850116218883,"MSC"
"MA0666.1","MSX1",0.0306308700473128,0,"medulla_early","down","enhancer",FALSE,1,0.440913695031239,0.329369527400538,"MSX1"
"MA0670.1","NFIA",-0.101580948325319,0,"medulla_early","down","enhancer",FALSE,1,-0.281805493764772,0.379892752867281,"NFIA"
"MA0671.1","NFIX",-0.056593217325462,0,"medulla_early","down","enhancer",FALSE,1,0.554574499737766,0.0480007194372781,"NFIX"
"MA0685.1","SP4",-0.035789831349887,0,"medulla_early","down","enhancer",FALSE,1,0.231572883403043,0.696768787929314,"SP4"
"MA0083.3","SRF",-0.118918069192748,0,"medulla_early","down","enhancer",FALSE,1,0.581294754361464,0.0323398628272813,"SRF"
"MA0688.1","TBX2",-0.286447625472023,0,"medulla_early","down","enhancer",FALSE,1,0.198685427913855,0.606516511932311,"TBX2"
"MA0690.1","TBX21",-0.104917624580215,0,"medulla_early","down","enhancer",FALSE,1,1.27940374781479,0.257890738270315,"TBX21"
"MA0691.1","TFAP4",-0.353365011604509,0,"medulla_early","down","enhancer",FALSE,1,-0.206592447464464,0.480308054599867,"TFAP4"
"MA0145.3","TFCP2",0.248830778948885,0,"medulla_early","down","enhancer",FALSE,1,-0.107755923772473,0.56102995576346,"TFCP2"
"MA0692.1","TFEB",0.0647353680274154,0,"medulla_early","down","enhancer",FALSE,1,0.35687010369081,0.128464536476835,"TFEB"
"MA0694.1","ZBTB7B",-0.214206443953917,0,"medulla_early","down","enhancer",FALSE,1,-0.230422039910176,0.570771175853258,"ZBTB7B"
"MA0695.1","ZBTB7C",0.0213765638716232,0,"medulla_early","down","enhancer",FALSE,1,0.828274234468886,0.104976498063167,"ZBTB7C"
"MA0698.1","ZBTB18",-0.140160982420093,0,"medulla_early","down","enhancer",FALSE,1,-0.337443828438651,0.329656386678887,"ZBTB18"
"MA0716.1","PRRX1",-0.0992844621013989,0,"medulla_early","down","enhancer",FALSE,1,-0.274791206147191,0.606864661009051,"PRRX1"
"MA0722.1","VAX1",-0.00919521343994845,0,"medulla_early","down","enhancer",FALSE,1,-3.69962148324859,0.0769881227341495,"VAX1"
"MA0112.3","ESR1",0.0849751401159975,0,"medulla_early","down","enhancer",FALSE,1,-0.76193026483192,0.107440800872005,"ESR1"
"MA0141.3","ESRRB",-0.177121703937645,0,"medulla_early","down","enhancer",FALSE,1,-0.0272734074675025,0.984076692807865,"ESRRB"
"MA0017.2","NR2F1",-0.198719086375323,0,"medulla_early","down","enhancer",FALSE,1,0.327472633382561,0.467487977793477,"NR2F1"
"MA0113.3","NR3C1",0.424249552635665,0,"medulla_early","down","enhancer",FALSE,1,-0.513169439232175,0.0890028114618912,"NR3C1"
"MA0727.1","NR3C2",0.388778235049594,0,"medulla_early","down","enhancer",FALSE,1,0.183834376944348,0.756748509580763,"NR3C2"
"MA0729.1","RARA",-0.433055862612269,0,"medulla_early","down","enhancer",FALSE,1,0.251003205299105,0.278689679787823,"RARA"
"MA0731.1","BCL6B",0.0656401360608583,0,"medulla_early","down","enhancer",FALSE,1,0.789413968880608,0.0339258113759447,"BCL6B"
"MA0472.2","EGR2",0.267812922735674,0,"medulla_early","down","enhancer",FALSE,1,2.38491518033238,0.0488731436887641,"EGR2"
"MA0732.1","EGR3",0.189510450910546,0,"medulla_early","down","enhancer",FALSE,1,0.789107358748941,0.535733564316075,"EGR3"
"MA0735.1","GLIS1",0.112492756266485,0,"medulla_early","down","enhancer",FALSE,1,-1.36884160429724,0.140906317724698,"GLIS1"
"MA0736.1","GLIS2",-0.0489306050543137,0,"medulla_early","down","enhancer",FALSE,1,-0.678516578146343,0.0226806851536931,"GLIS2"
"MA0737.1","GLIS3",0.172388983225445,0,"medulla_early","down","enhancer",FALSE,1,-0.260893479774252,0.562371970570225,"GLIS3"
"MA0738.1","HIC2",0.0825422245855778,0,"medulla_early","down","enhancer",FALSE,1,0.123466707296829,0.804065561599467,"HIC2"
"MA0741.1","KLF16",-0.00226076131086472,0,"medulla_early","down","enhancer",FALSE,1,0.313067045202356,0.288497905633079,"KLF16"
"MA0749.1","ZBED1",0.261861200267633,0,"medulla_early","down","enhancer",FALSE,1,0.423079845049261,0.0517960088760821,"ZBED1"
"MA0088.2","ZNF143",0.0358966038274673,0,"medulla_early","down","enhancer",FALSE,1,-0.0774181347819791,0.772858706268453,"ZNF143"
"MA0752.1","ZNF410",-0.442400377516306,0,"medulla_early","down","enhancer",FALSE,1,-0.0971555037232443,0.657836257419547,"ZNF410"
"MA0754.1","CUX1",0.0161193339190016,0,"medulla_early","down","enhancer",FALSE,1,-0.739131933862636,0.0376999381310971,"CUX1"
"MA0759.1","ELK3",-0.111982318487767,0,"medulla_early","down","enhancer",FALSE,1,0.701141513968615,0.017915864727413,"ELK3"
"MA0760.1","ERF",-0.0423098157432582,0,"medulla_early","down","enhancer",FALSE,1,-0.409914171238,0.201369825267356,"ERF"
"MA0474.2","ERG",-0.133998727450961,0,"medulla_early","down","enhancer",FALSE,1,0.955144012421275,0.0319871216227914,"ERG"
"MA0098.3","ETS1",-0.160676940288788,0,"medulla_early","down","enhancer",FALSE,1,0.128215768387732,0.852045257423533,"ETS1"
"MA0762.1","ETV2",0.0953289554243844,0,"medulla_early","down","enhancer",FALSE,1,0.694455503288438,0.168986975665191,"ETV2"
"MA0763.1","ETV3",-0.0439271269526778,0,"medulla_early","down","enhancer",FALSE,1,0.218803551963199,0.514567200842541,"ETV3"
"MA0770.1","HSF2",0.156422650426665,0,"medulla_early","down","enhancer",FALSE,1,-0.0610894044331549,0.843810104310983,"HSF2"
"MA0771.1","HSF4",0.101576482194047,0,"medulla_early","down","enhancer",FALSE,1,0.897229330632013,0.0281205966049571,"HSF4"
"MA0772.1","IRF7",-0.202108345561784,0,"medulla_early","down","enhancer",FALSE,1,0.856907633305489,0.191051905123836,"IRF7"
"MA0773.1","MEF2D",0.0816731954086896,0,"medulla_early","down","enhancer",FALSE,1,0.35211754124701,0.087527144700603,"MEF2D"
"MA0498.2","MEIS1",-0.0103307606272365,0,"medulla_early","down","enhancer",FALSE,1,0.700958820053192,0.101646787771503,"MEIS1"
"MA0775.1","MEIS3",0.146374605874719,0,"medulla_early","down","enhancer",FALSE,1,1.04375454660072,0.0194798424574245,"MEIS3"
"MA0776.1","MYBL1",-0.261101895160133,0,"medulla_early","down","enhancer",FALSE,1,0.292504628237292,0.713263249804878,"MYBL1"
"MA0777.1","MYBL2",0.248359733760018,0,"medulla_early","down","enhancer",FALSE,1,0.264133411690156,0.735541949745164,"MYBL2"
"MA0105.4","NFKB1",0.17770669037139,0,"medulla_early","down","enhancer",FALSE,1,0.379930647824102,0.162736007842491,"NFKB1"
"MA0778.1","NFKB2",0.122670843306175,0,"medulla_early","down","enhancer",FALSE,1,0.526483561813297,0.0632738265647081,"NFKB2"
"MA0783.1","PKNOX2",-0.519771220894765,0,"medulla_early","down","enhancer",FALSE,1,-0.0312967983574746,0.961854958127771,"PKNOX2"
"MA0785.1","POU2F1",-0.0475416083273483,0,"medulla_early","down","enhancer",FALSE,1,-0.071411983141451,0.891977029241261,"POU2F1"
"MA0788.1","POU3F3",0.144539409889876,0,"medulla_early","down","enhancer",FALSE,1,-0.360497149355814,0.240326728177945,"POU3F3"
"MA0793.1","POU6F2",0.141621582160512,0,"medulla_early","down","enhancer",FALSE,1,1.34916812417096,0.171923904386873,"POU6F2"
"MA0794.1","PROX1",-0.128511562798025,0,"medulla_early","down","enhancer",FALSE,1,0.781492065860204,0.396430412631936,"PROX1"
"MA0600.2","RFX2",-0.25754601266279,0,"medulla_early","down","enhancer",FALSE,1,0.690105216855605,0.0500096154467385,"RFX2"
"MA0795.1","SMAD3",0.00129886700310333,0,"medulla_early","down","enhancer",FALSE,1,0.177474480259113,0.636591761967708,"SMAD3"
"MA0796.1","TGIF1",-0.340512471168981,0,"medulla_early","down","enhancer",FALSE,1,0.769417549383641,0.0854961321059382,"TGIF1"
"MA0797.1","TGIF2",0.00976705405019818,0,"medulla_early","down","enhancer",FALSE,1,-0.0975039456874409,0.76447034790364,"TGIF2"
"MA0510.2","RFX5",-0.411540640952303,0,"medulla_early","down","enhancer",FALSE,1,0.494626091371601,0.0612080498598236,"RFX5"
"MA0511.2","RUNX2",-0.252771660182736,0,"medulla_early","down","enhancer",FALSE,1,0.823064454393748,0.191159447175027,"RUNX2"
"MA0800.1","EOMES",-0.0508025287990943,0,"medulla_early","down","enhancer",FALSE,1,1.26130077834922,0.366172506569951,"EOMES"
"MA0801.1","MGA",-0.173548310411564,0,"medulla_early","down","enhancer",FALSE,1,0.0943896467132888,0.804951368712809,"MGA"
"MA0804.1","TBX19",0.0871480598814598,0,"medulla_early","down","enhancer",FALSE,1,0.0275307397447122,0.956877001480823,"TBX19"
"MA0805.1","TBX1",-0.121649183111566,0,"medulla_early","down","enhancer",FALSE,1,1.07871851609212,0.211136005047463,"TBX1"
"MA0808.1","TEAD3",-0.2101599054493,0,"medulla_early","down","enhancer",FALSE,1,0.422537941971592,0.0770772325683264,"TEAD3"
"MA0464.2","BHLHE40",0.135605086817372,0,"medulla_early","down","enhancer",FALSE,1,0.696310732226617,0.139776368704943,"BHLHE40"
"MA0819.1","CLOCK",0.0193827569303728,0,"medulla_early","down","enhancer",FALSE,1,-0.2943154510049,0.642617000343182,"CLOCK"
"MA0823.1","HEY1",0.0597642416347721,0,"medulla_early","down","enhancer",FALSE,1,-0.156075957248471,0.857065973958851,"HEY1"
"MA0058.3","MAX",0.0303248365693189,0,"medulla_early","down","enhancer",FALSE,1,0.271522953883504,0.147301447432832,"MAX"
"MA0825.1","MNT",0.0407618370345704,0,"medulla_early","down","enhancer",FALSE,1,0.290486020846487,0.21272259790518,"MNT"
"MA0466.2","CEBPB",-0.291035533809387,0,"medulla_early","down","enhancer",FALSE,1,1.5202115841024,0.0153019499647919,"CEBPB"
"MA0838.1","CEBPG",-0.533908548190729,0,"medulla_early","down","enhancer",FALSE,1,-0.0242852266622666,0.939076416212833,"CEBPG"
"MA0839.1","CREB3L1",0.0733397406438723,0,"medulla_early","down","enhancer",FALSE,1,1.25715256857348,0.0719404967773018,"CREB3L1"
"MA0843.1","TEF",-0.151255712653032,0,"medulla_early","down","enhancer",FALSE,1,-0.271957750414631,0.421241065450089,"TEF"
"MA0844.1","XBP1",-0.155257986399595,0,"medulla_early","down","enhancer",FALSE,1,-0.0739851107600185,0.842321959532531,"XBP1"
"MA0032.2","FOXC1",0.104050517402117,0,"medulla_early","down","enhancer",FALSE,1,0.580998630500591,0.163866115222073,"FOXC1"
"MA0848.1","FOXO4",0.0261843104499864,0,"medulla_early","down","enhancer",FALSE,1,-0.378574428888762,0.125279661077036,"FOXO4"
"MA0850.1","FOXP3",0.0864358622558594,0,"medulla_early","down","enhancer",FALSE,1,0.794752742995387,0.357667321221329,"FOXP3"
"MA0855.1","RXRB",0.0193783999718868,0,"medulla_early","down","enhancer",FALSE,1,0.0182701870018782,0.927183327398293,"RXRB"
"MA0856.1","RXRG",0.193148001121853,0,"medulla_early","down","enhancer",FALSE,1,-2.08682302791845,0.0841091298451762,"RXRG"
"MA0106.3","TP53",0.0864076412631931,0,"medulla_early","down","enhancer",FALSE,1,0.268113833620555,0.285380123737421,"TP53"
"MA0861.1","TP73",0.23720335852,0,"medulla_early","down","enhancer",FALSE,1,-1.05236075986777,0.187407756098221,"TP73"
"MA0862.1","GMEB2",-0.266720055479603,0,"medulla_early","down","enhancer",FALSE,1,0.369081875599014,0.1262648203929,"GMEB2"
"MA0863.1","MTF1",0.232904300580243,0,"medulla_early","down","enhancer",FALSE,1,-0.19359464082563,0.577159351858926,"MTF1"
"MA0024.3","E2F1",0.0313323495188111,0,"medulla_early","down","enhancer",FALSE,1,-1.70417326735421,0.0543764814736697,"E2F1"
"MA0028.2","ELK1",-0.179910051475481,0,"medulla_early","down","enhancer",FALSE,1,0.293093351721676,0.0909699931476792,"ELK1"
"MA0886.1","EMX2",-0.0135877233916242,0,"medulla_early","down","enhancer",FALSE,1,0.274876648127181,0.349287937840425,"EMX2"
"MA0889.1","GBX1",0.239216214688112,0,"medulla_early","down","enhancer",FALSE,1,0.478325978059717,0.369958336793171,"GBX1"
"MA0891.1","GSC2",-0.0096196960385635,0,"medulla_early","down","enhancer",FALSE,1,-3.79252608567329,0.0220038738285468,"GSC2"
"MA0895.1","HMBOX1",-0.00542637148648506,0,"medulla_early","down","enhancer",FALSE,1,-0.600179551191433,0.154888826804182,"HMBOX1"
"MA0899.1","HOXA10",-0.0219588258446928,0,"medulla_early","down","enhancer",FALSE,1,-0.0473590996798983,0.864104889838253,"HOXA10"
"MA0903.1","HOXB3",0.0550645937491749,0,"medulla_early","down","enhancer",FALSE,1,0.895044025448823,0.119912758918788,"HOXB3"
"MA0905.1","HOXC10",0.0870402904635377,0,"medulla_early","down","enhancer",FALSE,1,0.212930247047329,0.442224783742765,"HOXC10"
"MA0908.1","HOXD11",-0.102080722893943,0,"medulla_early","down","enhancer",FALSE,1,0.519200299129846,0.223592890007439,"HOXD11"
"MA0852.2","FOXK1",0.0560067755170275,0,"medulla_early","down","enhancer",FALSE,1,-0.211564287873506,0.36352655384297,"FOXK1"
"MA0036.3","GATA2",-0.0956738401125659,0,"medulla_early","down","enhancer",FALSE,1,1.15848203058517,0.039107559291993,"GATA2"
"MA1106.1","HIF1A",-0.0499157157347252,0,"medulla_early","down","enhancer",FALSE,1,1.04117704397309,0.178813420070858,"HIF1A"
"MA0147.3","MYC",0.0573837168615237,0,"medulla_early","down","enhancer",FALSE,1,0.784772420579083,0.22383335518793,"MYC"
"MA0104.4","MYCN",0.18395281131694,0,"medulla_early","down","enhancer",FALSE,1,-0.981398426171153,0.0515085411314552,"MYCN"
"MA0161.2","NFIC",0.120516772113738,0,"medulla_early","down","enhancer",FALSE,1,0.097679176962334,0.738354796903388,"NFIC"
"MA0060.3","NFYA",-0.099546164049932,0,"medulla_early","down","enhancer",FALSE,1,0.11973143400719,0.763381562456652,"NFYA"
"MA1110.1","NR1H4",-0.0154908840432846,0,"medulla_early","down","enhancer",FALSE,1,-2.65290680162632,0.0293717527661552,"NR1H4"
"MA1111.1","NR2F2",-0.120709340417015,0,"medulla_early","down","enhancer",FALSE,1,0.0921867673226995,0.725900271836911,"NR2F2"
"MA0014.3","PAX5",-0.0799606088645408,0,"medulla_early","down","enhancer",FALSE,1,2.11600005888026,0.0318670180300926,"PAX5"
"MA1114.1","PBX3",0.101649457347821,0,"medulla_early","down","enhancer",FALSE,1,-0.290254427274215,0.575778526369282,"PBX3"
"MA1116.1","RBPJ",-0.0678526399860058,0,"medulla_early","down","enhancer",FALSE,1,0.180451508095806,0.470444809777039,"RBPJ"
"MA1117.1","RELB",-0.0269136866110626,0,"medulla_early","down","enhancer",FALSE,1,1.0746742582194,0.0194798424574245,"RELB"
"MA1120.1","SOX13",-0.103001450265443,0,"medulla_early","down","enhancer",FALSE,1,0.311606527364911,0.272124212584795,"SOX13"
"MA1121.1","TEAD2",0.069094748374539,0,"medulla_early","down","enhancer",FALSE,1,0.958886010687263,0.0237339766038364,"TEAD2"
"MA1122.1","TFDP1",-0.0935808202222503,0,"medulla_early","down","enhancer",FALSE,1,0.058462387399147,0.716435245855251,"TFDP1"
"MA0750.2","ZBTB7A",-0.00056681481288301,0,"medulla_early","down","enhancer",FALSE,1,0.269647846350933,0.179638073990771,"ZBTB7A"
"MA0103.3","ZEB1",0.0926398339504289,0,"medulla_early","down","enhancer",FALSE,1,0.148375688982562,0.744452460938301,"ZEB1"
"MA1124.1","ZNF24",-0.15279233587764,0,"medulla_early","down","enhancer",FALSE,1,-0.123237481588795,0.589634294870035,"ZNF24"
"MA1154.1","ZNF282",-0.477978806960859,0,"medulla_early","down","enhancer",FALSE,1,-0.310812240175454,0.14447995694465,"ZNF282"
"MA0037.3","GATA3",0.122483114235927,0,"medulla_early","down","enhancer",FALSE,1,1.3346717036592,0.0806260329034313,"GATA3"
"MA0099.3","FOS::JUN",-0.042175627557401,0,"medulla_early","down","enhancer",FALSE,1,0.833230264158733,0.452583737017769,"FOS"
"MA1126.1","FOS::JUN(var.2)",-0.341091947332191,0,"medulla_early","down","enhancer",FALSE,1,0.833230264158733,0.452583737017769,"FOS"
"MA1127.1","FOSB::JUN",-0.353297215973186,0,"medulla_early","down","enhancer",FALSE,1,0.96844474611884,0.411848333434714,"FOSB"
"MA1128.1","FOSL1::JUN",0.0739362478150829,0,"medulla_early","down","enhancer",FALSE,1,1.9734779914701,0.0610657843457058,"FOSL1"
"MA1129.1","FOSL1::JUN(var.2)",-0.0737452536109684,0,"medulla_early","down","enhancer",FALSE,1,1.9734779914701,0.0610657843457058,"FOSL1"
"MA1130.1","FOSL2::JUN",0.1020364581258,0,"medulla_early","down","enhancer",FALSE,1,1.11642145947387,0.0267171782287447,"FOSL2"
"MA1131.1","FOSL2::JUN(var.2)",-0.203155468940293,0,"medulla_early","down","enhancer",FALSE,1,1.11642145947387,0.0267171782287447,"FOSL2"
"MA1132.1","JUN::JUNB",0.170317551614088,0,"medulla_early","down","enhancer",FALSE,1,1.46763912831928,0.0679259533057009,"JUNB"
"MA1133.1","JUN::JUNB(var.2)",-0.140655072159441,0,"medulla_early","down","enhancer",FALSE,1,0.279358340249684,0.53327776811505,"JUN"
"MA1134.1","FOS::JUNB",0.131095480463783,0,"medulla_early","down","enhancer",FALSE,1,1.46763912831928,0.0679259533057009,"JUNB"
"MA1135.1","FOSB::JUNB",0.0745647913527998,0,"medulla_early","down","enhancer",FALSE,1,1.46763912831928,0.0679259533057009,"JUNB"
"MA1136.1","FOSB::JUNB(var.2)",-0.29921833051512,0,"medulla_early","down","enhancer",FALSE,1,0.96844474611884,0.411848333434714,"FOSB"
"MA1137.1","FOSL1::JUNB",0.243603757018098,0,"medulla_early","down","enhancer",FALSE,1,1.9734779914701,0.0610657843457058,"FOSL1"
"MA1138.1","FOSL2::JUNB",0.0553955069633574,0,"medulla_early","down","enhancer",FALSE,1,1.11642145947387,0.0267171782287447,"FOSL2"
"MA1139.1","FOSL2::JUNB(var.2)",-0.113172775965384,0,"medulla_early","down","enhancer",FALSE,1,1.11642145947387,0.0267171782287447,"FOSL2"
"MA1141.1","FOS::JUND",0.148701547320631,0,"medulla_early","down","enhancer",FALSE,1,0.833230264158733,0.452583737017769,"FOS"
"MA1142.1","FOSL1::JUND",0.0371181904951818,0,"medulla_early","down","enhancer",FALSE,1,1.9734779914701,0.0610657843457058,"FOSL1"
"MA1143.1","FOSL1::JUND(var.2)",-1.05011826986169,0,"medulla_early","down","enhancer",FALSE,1,1.9734779914701,0.0610657843457058,"FOSL1"
"MA1144.1","FOSL2::JUND",0.0104104865389054,0,"medulla_early","down","enhancer",FALSE,1,1.11642145947387,0.0267171782287447,"FOSL2"
"MA1145.1","FOSL2::JUND(var.2)",-0.234274132324596,0,"medulla_early","down","enhancer",FALSE,1,1.11642145947387,0.0267171782287447,"FOSL2"
"MA1146.1","NR1H4::RXRA",0.0495596795196827,0,"medulla_early","down","enhancer",FALSE,1,-2.65290680162632,0.0293717527661552,"NR1H4"
"MA1147.1","NR4A2::RXRA",-0.21622017090786,0,"medulla_early","down","enhancer",FALSE,1,0.725667831787121,0.441255409887344,"NR4A2"
"MA1148.1","PPARA::RXRA",-0.257948109163197,0,"medulla_early","down","enhancer",FALSE,1,-2.17245135865531,0.01727194628715,"PPARA"
"MA1149.1","RARA::RXRG",-0.16083899913722,0,"medulla_early","down","enhancer",FALSE,1,-2.08682302791845,0.0841091298451762,"RXRG"
"MA1151.1","RORC",0.138219789320262,0,"medulla_early","down","enhancer",FALSE,1,-1.44829188970955,0.0202767377537535,"RORC"
"MA1152.1","SOX15",-0.0692425411546651,0,"medulla_early","down","enhancer",FALSE,1,0.953583951967304,0.160632342851924,"SOX15"
"MA0831.2","TFE3",0.0738212296708616,0,"medulla_early","down","enhancer",FALSE,1,0.157119415994807,0.411028556531742,"TFE3"
"MA0693.2","VDR",0.134687333543513,0,"medulla_early","down","enhancer",FALSE,1,-1.27913553121649,0.165303952902181,"VDR"
"MA1418.1","IRF3",-0.197768161462638,0,"medulla_early","down","enhancer",FALSE,1,0.349421878511716,0.2132767738104,"IRF3"
"MA1419.1","IRF4",0.0858567925032534,0,"medulla_early","down","enhancer",FALSE,1,-0.400228479677541,0.767396072927768,"IRF4"
"MA1420.1","IRF5",-0.0587578658630417,0,"medulla_early","down","enhancer",FALSE,1,1.08168154959185,0.0494240730108758,"IRF5"
"MA1421.1","TCF7L1",-0.106720747144042,0,"medulla_early","down","enhancer",FALSE,1,0.338994531026588,0.198906743125843,"TCF7L1"
"MA1464.1","ARNT2",0.132465010998692,0,"medulla_early","down","enhancer",FALSE,1,0.175509527767202,0.712440287996641,"ARNT2"
"MA1466.1","ATF6",-0.0917166601215014,0,"medulla_early","down","enhancer",FALSE,1,-0.20769078701211,0.428682654817829,"ATF6"
"MA1101.2","BACH2",0.168752650828802,0,"medulla_early","down","enhancer",FALSE,1,0.459716888743106,0.378466067576624,"BACH2"
"MA1474.1","CREB3L4",0.0503887809570349,0,"medulla_early","down","enhancer",FALSE,1,0.909872145054698,0.0193111826545978,"CREB3L4"
"MA1483.1","ELF2",-0.327781248031026,0,"medulla_early","down","enhancer",FALSE,1,0.090553311647553,0.76926287352926,"ELF2"
"MA1484.1","ETS2",-0.0023044723702661,0,"medulla_early","down","enhancer",FALSE,1,0.674127128136689,0.0922964823216519,"ETS2"
"MA1489.1","FOXN3",-0.254407960266059,0,"medulla_early","down","enhancer",FALSE,1,0.160178289234369,0.666277751302449,"FOXN3"
"MA1491.1","GLI3",0.21450952335892,0,"medulla_early","down","enhancer",FALSE,1,0.407270905295038,0.408445282088167,"GLI3"
"MA1493.1","HES6",0.267051986777241,0,"medulla_early","down","enhancer",FALSE,1,0.105123575210707,0.770635997560336,"HES6"
"MA1495.1","HOXA1",0.0871682691389832,0,"medulla_early","down","enhancer",FALSE,1,0.243878473632861,0.65411316189125,"HOXA1"
"MA1496.1","HOXA4",0.089391167401609,0,"medulla_early","down","enhancer",FALSE,1,0.517190595932911,0.129097296627107,"HOXA4"
"MA1497.1","HOXA6",0.129947699103056,0,"medulla_early","down","enhancer",FALSE,1,0.195094839051146,0.7873503474939,"HOXA6"
"MA1498.1","HOXA7",0.196601334384343,0,"medulla_early","down","enhancer",FALSE,1,-0.276953008905456,0.388168841493804,"HOXA7"
"MA1499.1","HOXB4",-0.0276394290537834,0,"medulla_early","down","enhancer",FALSE,1,0.923532481964308,0.10502922755723,"HOXB4"
"MA1500.1","HOXB6",0.233751201093257,0,"medulla_early","down","enhancer",FALSE,1,0.972427033922479,0.037117422551965,"HOXB6"
"MA1501.1","HOXB7",0.155819304565264,0,"medulla_early","down","enhancer",FALSE,1,0.796220698308481,0.0449801807976968,"HOXB7"
"MA1502.1","HOXB8",0.181653015567965,0,"medulla_early","down","enhancer",FALSE,1,1.50614907231795,0.028281935823576,"HOXB8"
"MA1503.1","HOXB9",0.186186672307915,0,"medulla_early","down","enhancer",FALSE,1,1.71896984879122,0.0310114814551874,"HOXB9"
"MA1504.1","HOXC4",0.0390967243109372,0,"medulla_early","down","enhancer",FALSE,1,0.261044970371513,0.407017229736867,"HOXC4"
"MA1505.1","HOXC8",0.165093062892665,0,"medulla_early","down","enhancer",FALSE,1,0.22990274756825,0.609613463583714,"HOXC8"
"MA1506.1","HOXD10",0.30763285191549,0,"medulla_early","down","enhancer",FALSE,1,0.245930895638537,0.460838638008666,"HOXD10"
"MA1507.1","HOXD4",-0.0749602025549159,0,"medulla_early","down","enhancer",FALSE,1,0.483570598619661,0.213038368541866,"HOXD4"
"MA1508.1","IKZF1",-0.050848479754249,0,"medulla_early","down","enhancer",FALSE,1,0.922307088489775,0.307305349999776,"IKZF1"
"MA1509.1","IRF6",0.117997384734259,0,"medulla_early","down","enhancer",FALSE,1,-0.42699161178928,0.143434514916259,"IRF6"
"MA1511.1","KLF10",-0.148056416272317,0,"medulla_early","down","enhancer",FALSE,1,1.11749456254712,0.0632738265647081,"KLF10"
"MA1512.1","KLF11",-0.160762034071588,0,"medulla_early","down","enhancer",FALSE,1,0.400278587623946,0.405050733579513,"KLF11"
"MA1513.1","KLF15",-0.121960102660857,0,"medulla_early","down","enhancer",FALSE,1,-1.50515123593805,0.094601456969957,"KLF15"
"MA1515.1","KLF2",-0.172927264014179,0,"medulla_early","down","enhancer",FALSE,1,1.20868607866865,0.0160629005005414,"KLF2"
"MA1516.1","KLF3",-0.118712397739169,0,"medulla_early","down","enhancer",FALSE,1,0.152031886608195,0.705872909637477,"KLF3"
"MA1517.1","KLF6",-0.274672921694889,0,"medulla_early","down","enhancer",FALSE,1,0.453874513879102,0.250247038580837,"KLF6"
"MA1518.1","LHX1",0.390862119731772,0,"medulla_early","down","enhancer",FALSE,1,0.859538805973193,0.273437316058076,"LHX1"
"MA1520.1","MAF",-0.173461764945329,0,"medulla_early","down","enhancer",FALSE,1,-0.870991278944142,0.0930440080726412,"MAF"
"MA1522.1","MAZ",0.0562524898689034,0,"medulla_early","down","enhancer",FALSE,1,-0.0662527965574329,0.796490045480872,"MAZ"
"MA1523.1","MSANTD3",-0.121715767267951,0,"medulla_early","down","enhancer",FALSE,1,0.248554700230878,0.519032440099622,"MSANTD3"
"MA1525.1","NFATC4",0.0638503537154991,0,"medulla_early","down","enhancer",FALSE,1,0.684673032968421,0.0877976400145844,"NFATC4"
"MA1531.1","NR1D1",0.0858091818725599,0,"medulla_early","down","enhancer",FALSE,1,-0.508080441846018,0.292798903775563,"NR1D1"
"MA1532.1","NR1D2",0.114628139089514,0,"medulla_early","down","enhancer",FALSE,1,-0.38699424575702,0.438934763122458,"NR1D2"
"MA1534.1","NR1I3",0.144558923878532,0,"medulla_early","down","enhancer",FALSE,1,-5.14622220673261,0.0220666565189061,"NR1I3"
"MA1535.1","NR2C1",0.0243161199494342,0,"medulla_early","down","enhancer",FALSE,1,0.0224387231974288,0.962554461719847,"NR2C1"
"MA1541.1","NR6A1",-0.0844879183372207,0,"medulla_early","down","enhancer",FALSE,1,0.129919435705774,0.700415493114661,"NR6A1"
"MA1542.1","OSR1",-0.173727357398361,0,"medulla_early","down","enhancer",FALSE,1,-0.841567334858739,0.239162362042823,"OSR1"
"MA1544.1","OVOL1",-0.173789467839749,0,"medulla_early","down","enhancer",FALSE,1,-0.0542884210873513,0.932093252830415,"OVOL1"
"MA1545.1","OVOL2",0.0960342965348513,0,"medulla_early","down","enhancer",FALSE,1,-1.51411161014149,0.0279948551554561,"OVOL2"
"MA1547.1","PITX2",0.0294482458321168,0,"medulla_early","down","enhancer",FALSE,1,-2.19794747352486,0.0216477849535036,"PITX2"
"MA1548.1","PLAGL2",-0.00722429963172733,0,"medulla_early","down","enhancer",FALSE,1,-0.072298613672058,0.849038390192213,"PLAGL2"
"MA1550.1","PPARD",-0.187059041060733,0,"medulla_early","down","enhancer",FALSE,1,0.939040456806554,0.0134950986177877,"PPARD"
"MA1554.1","RFX7",0.0990839033606834,0,"medulla_early","down","enhancer",FALSE,1,-0.319882325762399,0.695988332884165,"RFX7"
"MA1557.1","SMAD5",0.239506806914203,0,"medulla_early","down","enhancer",FALSE,1,-0.19844517351265,0.667504862339741,"SMAD5"
"MA1558.1","SNAI1",0.0877314104675477,0,"medulla_early","down","enhancer",FALSE,1,0.861788063542812,0.0999052927634928,"SNAI1"
"MA1561.1","SOX12",-0.115108029547234,0,"medulla_early","down","enhancer",FALSE,1,-0.00135974356103929,0.998023804829377,"SOX12"
"MA1563.1","SOX18",-0.193975977068402,0,"medulla_early","down","enhancer",FALSE,1,0.530377666863851,0.210919437528209,"SOX18"
"MA1566.1","TBX3",-0.111032721828105,0,"medulla_early","down","enhancer",FALSE,1,1.61773656906076,0.0300687073521453,"TBX3"
"MA1567.1","TBX6",-0.0319151403379045,0,"medulla_early","down","enhancer",FALSE,1,-0.0800585809925347,0.903155259195917,"TBX6"
"MA1573.1","THAP11",0.130943499011711,0,"medulla_early","down","enhancer",FALSE,1,0.0244354180583501,0.93860093078286,"THAP11"
"MA1574.1","THRB",-0.360837795254972,0,"medulla_early","down","enhancer",FALSE,1,-0.871757602464749,0.0162137740761793,"THRB"
"MA1578.1","VEZF1",0.0119063230717611,0,"medulla_early","down","enhancer",FALSE,1,0.307129710257832,0.344975733635377,"VEZF1"
"MA1579.1","ZBTB26",0.00158170051532203,0,"medulla_early","down","enhancer",FALSE,1,-0.0780110016343287,0.881242888034179,"ZBTB26"
"MA1581.1","ZBTB6",0.149468204265689,0,"medulla_early","down","enhancer",FALSE,1,-0.410264236133438,0.538650528903664,"ZBTB6"
"MA1583.1","ZFP57",-0.0103642779433937,0,"medulla_early","down","enhancer",FALSE,1,0.134092175958993,0.562705373638005,"ZFP57"
"MA1585.1","ZKSCAN1",0.00465688929058938,0,"medulla_early","down","enhancer",FALSE,1,-0.304598762343511,0.145769931770526,"ZKSCAN1"
"MA1589.1","ZNF140",0.389590586443538,0,"medulla_early","down","enhancer",FALSE,1,-0.0447137839251823,0.92551117188291,"ZNF140"
"MA1592.1","ZNF274",0.193870096244316,0,"medulla_early","down","enhancer",FALSE,1,0.397951684128125,0.147600235838813,"ZNF274"
"MA1593.1","ZNF317",-0.0914448325065251,0,"medulla_early","down","enhancer",FALSE,1,0.114929423677437,0.683603018940012,"ZNF317"
"MA1594.1","ZNF382",-0.399745166978184,0,"medulla_early","down","enhancer",FALSE,1,-0.492122058559193,0.274319589478132,"ZNF382"
"MA1600.1","ZNF684",-0.128380705414684,0,"medulla_early","down","enhancer",FALSE,1,-0.166230213359421,0.717357247080262,"ZNF684"
"MA1601.1","ZNF75D",-0.0724715541134193,0,"medulla_early","down","enhancer",FALSE,1,-0.205791944644021,0.211360968701263,"ZNF75D"
"MA0605.2","ATF3",-0.13462848045091,0,"medulla_early","down","enhancer",FALSE,1,1.3783222303847,0.0649353280088722,"ATF3"
"MA0462.2","BATF::JUN",0.154270821278429,0,"medulla_early","down","enhancer",FALSE,1,1.77001737501451,0.0165273791537193,"BATF"
"MA0463.2","BCL6",-0.193170978017708,0,"medulla_early","down","enhancer",FALSE,1,0.299606612688747,0.385286934872243,"BCL6"
"MA0864.2","E2F2",0.459677137293992,0,"medulla_early","down","enhancer",FALSE,1,-0.216786191028822,0.855788553625119,"E2F2"
"MA0469.3","E2F3",0.0448160635464729,0,"medulla_early","down","enhancer",FALSE,1,-1.29813101000581,0.0434882470441721,"E2F3"
"MA0470.2","E2F4",0.404419006371493,0,"medulla_early","down","enhancer",FALSE,1,0.333538314515133,0.0558883269588453,"E2F4"
"MA0612.2","EMX1",0.16403404857616,0,"medulla_early","down","enhancer",FALSE,1,-3.49057399567799,0.0262420390283087,"EMX1"
"MA0847.2","FOXD2",0.102635586780077,0,"medulla_early","down","enhancer",FALSE,1,-1.71185376512621,0.0476922763200513,"FOXD2"
"MA0766.2","GATA5",0.169733302327045,0,"medulla_early","down","enhancer",FALSE,1,-0.822036966990803,0.163893619637216,"GATA5"
"MA0038.2","GFI1",-0.00617133857018892,0,"medulla_early","down","enhancer",FALSE,1,1.41721417969181,0.259440598676568,"GFI1"
"MA1099.2","HES1",0.0874573394062468,0,"medulla_early","down","enhancer",FALSE,1,1.0523647188129,0.0217040749021563,"HES1"
"MA0900.2","HOXA2",-0.0219618523268688,0,"medulla_early","down","enhancer",FALSE,1,0.870000479228036,0.11175311144298,"HOXA2"
"MA0158.2","HOXA5",0.138820353527755,0,"medulla_early","down","enhancer",FALSE,1,0.498572000283622,0.0898190982935082,"HOXA5"
"MA0594.2","HOXA9",0.250279194976062,0,"medulla_early","down","enhancer",FALSE,1,-0.395853823605739,0.142581043349053,"HOXA9"
"MA0902.2","HOXB2",0.199497856454859,0,"medulla_early","down","enhancer",FALSE,1,1.28655277822506,0.0276985719995865,"HOXB2"
"MA0904.2","HOXB5",0.292916420691482,0,"medulla_early","down","enhancer",FALSE,1,0.9513562847419,0.0328768746966467,"HOXB5"
"MA0485.2","HOXC9",-0.101077886955345,0,"medulla_early","down","enhancer",FALSE,1,0.22502508240418,0.477332550343115,"HOXC9"
"MA0912.2","HOXD3",0.100567244301757,0,"medulla_early","down","enhancer",FALSE,1,0.210050501662717,0.574310448291442,"HOXD3"
"MA0910.2","HOXD8",0.182665198100854,0,"medulla_early","down","enhancer",FALSE,1,0.0195025047579254,0.963421332228965,"HOXD8"
"MA0913.2","HOXD9",-0.0879996502458207,0,"medulla_early","down","enhancer",FALSE,1,0.363175183870902,0.348536646428583,"HOXD9"
"MA0703.2","LMX1B",-0.0481229492561752,0,"medulla_early","down","enhancer",FALSE,1,-4.00814067232329,0.0352584092244324,"LMX1B"
"MA0842.2","NRL",-0.0464611325562414,0,"medulla_early","down","enhancer",FALSE,1,-0.507917598485353,0.222996091684312,"NRL"
"MA0075.3","PRRX2",-0.110571896543775,0,"medulla_early","down","enhancer",FALSE,1,1.47979096404561,0.0636158128565348,"PRRX2"
"MA0867.2","SOX4",-0.023158427551401,0,"medulla_early","down","enhancer",FALSE,1,0.631476589277892,0.180500143593306,"SOX4"
"MA0079.4","SP1",-0.344312609710411,0,"medulla_early","down","enhancer",FALSE,1,-0.180632118297754,0.728641937763737,"SP1"
"MA0516.2","SP2",-0.262395515102138,0,"medulla_early","down","enhancer",FALSE,1,0.333263735841164,0.0909624918857382,"SP2"
"MA0746.2","SP3",-0.201183944245831,0,"medulla_early","down","enhancer",FALSE,1,-0.0013356159558171,0.998255133438624,"SP3"
"MA0632.2","TCFL5",0.016964697099155,0,"medulla_early","down","enhancer",FALSE,1,-0.126853717735606,0.627466142266146,"TCFL5"
"MA0871.2","TFEC",0.157480371445303,0,"medulla_early","down","enhancer",FALSE,1,-2.21934887902808,0.0310114814551874,"TFEC"
"MA0753.2","ZNF740",-0.108109908735421,0,"medulla_early","down","enhancer",FALSE,1,0.0740848988032319,0.646852173747967,"ZNF740"
"MA1632.1","ATF2",0.192413103633221,0,"medulla_early","down","enhancer",FALSE,1,-0.23703910398746,0.49811164292577,"ATF2"
"MA1633.1","BACH1",-0.0198410251649142,0,"medulla_early","down","enhancer",FALSE,1,0.214031205102808,0.701593357073759,"BACH1"
"MA1634.1","BATF",0.114108061987757,0,"medulla_early","down","enhancer",FALSE,1,1.77001737501451,0.0165273791537193,"BATF"
"MA1637.1","EBF3",-0.0278969501845809,0,"medulla_early","down","enhancer",FALSE,1,0.850373604387806,0.233827549351016,"EBF3"
"MA1643.1","NFIB",-0.401255974901757,0,"medulla_early","down","enhancer",FALSE,1,-0.483343468881396,0.135551986577199,"NFIB"
"MA1644.1","NFYC",-0.0985969121833064,0,"medulla_early","down","enhancer",FALSE,1,0.0218313061929445,0.950139638118914,"NFYC"
"MA1646.1","OSR2",-0.170365529047034,0,"medulla_early","down","enhancer",FALSE,1,1.07561974212186,0.158150127864044,"OSR2"
"MA1647.1","PRDM4",0.0673485501304771,0,"medulla_early","down","enhancer",FALSE,1,0.220576874884808,0.276463550317491,"PRDM4"
"MA1649.1","ZBTB12",-0.0347341049822889,0,"medulla_early","down","enhancer",FALSE,1,0.11882836870654,0.807731451728948,"ZBTB12"
"MA1650.1","ZBTB14",0.0738886370012297,0,"medulla_early","down","enhancer",FALSE,1,-0.150896721353386,0.575162487054768,"ZBTB14"
"MA1651.1","ZFP42",0.0816134266811845,0,"medulla_early","down","enhancer",FALSE,1,1.3795986142512,0.0701917929827533,"ZFP42"
"MA1652.1","ZKSCAN5",-0.0738388927878084,0,"medulla_early","down","enhancer",FALSE,1,0.175729895800091,0.514179238121014,"ZKSCAN5"
"MA1653.1","ZNF148",-0.0314381179558918,0,"medulla_early","down","enhancer",FALSE,1,-0.196411913419447,0.462979355363173,"ZNF148"
"MA1654.1","ZNF16",-0.19019956888987,0,"medulla_early","down","enhancer",FALSE,1,0.355942077218786,0.0862032818800201,"ZNF16"
"MA1655.1","ZNF341",0.123248251731932,0,"medulla_early","down","enhancer",FALSE,1,-0.0944097856469739,0.774884105033327,"ZNF341"
"MA1657.1","ZNF652",-0.206138601458447,0,"medulla_early","down","enhancer",FALSE,1,-0.50075663617201,0.252476564967149,"ZNF652"
"MA1683.1","FOXA3",-0.00637899597095792,0,"medulla_early","down","enhancer",FALSE,1,2.84314408223347,0.0435714266850292,"FOXA3"
"MA0833.2","ATF4",0.232131211711313,0,"medulla_early","down","enhancer",FALSE,1,0.520837578505526,0.0394037648987395,"ATF4"
"MA0835.2","BATF3",0.148901384090853,0,"medulla_early","down","enhancer",FALSE,1,1.20210807772793,0.0619080985520392,"BATF3"
"MA0102.4","CEBPA",0.0967466656691576,0,"medulla_early","down","enhancer",FALSE,1,-0.738576815360503,0.204007466239598,"CEBPA"
"MA0836.2","CEBPD",0.00224425936986972,0,"medulla_early","down","enhancer",FALSE,1,1.438773802334,0.0386344708993244,"CEBPD"
"MA0018.4","CREB1",0.0268038610494772,0,"medulla_early","down","enhancer",FALSE,1,0.0567679261621343,0.866912918285141,"CREB1"
"MA0471.2","E2F6",-0.0687755938651744,0,"medulla_early","down","enhancer",FALSE,1,0.0768778221849864,0.763381562456652,"E2F6"
"MA0154.4","EBF1",0.135353958425712,0,"medulla_early","down","enhancer",FALSE,1,0.0125549850936881,0.970460907417909,"EBF1"
"MA0162.4","EGR1",-0.0458365152626365,0,"medulla_early","down","enhancer",FALSE,1,1.18987625259726,0.303815175555124,"EGR1"
"MA0598.3","EHF",0.00838396021690357,0,"medulla_early","down","enhancer",FALSE,1,0.942393161790712,0.224968328504338,"EHF"
"MA0473.3","ELF1",0.0231216775999474,0,"medulla_early","down","enhancer",FALSE,1,0.185857579716268,0.592689574785557,"ELF1"
"MA0640.2","ELF3",-0.0179053996201333,0,"medulla_early","down","enhancer",FALSE,1,1.4522504083541,0.0266606788847339,"ELF3"
"MA0592.3","ESRRA",0.00823445723607019,0,"medulla_early","down","enhancer",FALSE,1,-0.603850735885334,0.126149020809492,"ESRRA"
"MA0761.2","ETV1",-0.0264837966351159,0,"medulla_early","down","enhancer",FALSE,1,-0.652898023478825,0.144113440335442,"ETV1"
"MA0764.2","ETV4",0.0137198048805249,0,"medulla_early","down","enhancer",FALSE,1,1.03211159070944,0.0770106041443126,"ETV4"
"MA0765.2","ETV5",-0.0223042644367135,0,"medulla_early","down","enhancer",FALSE,1,-1.5518623101589,0.0205922510861573,"ETV5"
"MA0477.2","FOSL1",0.0380384296912517,0,"medulla_early","down","enhancer",FALSE,1,1.9734779914701,0.0610657843457058,"FOSL1"
"MA1103.2","FOXK2",0.0284916478501991,0,"medulla_early","down","enhancer",FALSE,1,-0.455562189771514,0.0586136849824151,"FOXK2"
"MA0481.3","FOXP1",0.0916245273048899,0,"medulla_early","down","enhancer",FALSE,1,0.182612820616685,0.444871328409441,"FOXP1"
"MA0062.3","GABPA",-0.0397282805633079,0,"medulla_early","down","enhancer",FALSE,1,-0.261928783878441,0.347760452717804,"GABPA"
"MA1104.2","GATA6",-0.0301299144686249,0,"medulla_early","down","enhancer",FALSE,1,0.600672216276934,0.188166445206497,"GATA6"
"MA1105.2","GRHL2",0.169659388572188,0,"medulla_early","down","enhancer",FALSE,1,0.85188475913007,0.081288610877865,"GRHL2"
"MA0043.3","HLF",0.152544549575209,0,"medulla_early","down","enhancer",FALSE,1,-0.643490632147318,0.0980279086316728,"HLF"
"MA0490.2","JUNB",0.0505576875796496,0,"medulla_early","down","enhancer",FALSE,1,1.46763912831928,0.0679259533057009,"JUNB"
"MA0491.2","JUND",0.0972579888735474,0,"medulla_early","down","enhancer",FALSE,1,0.198551752417357,0.652707839196132,"JUND"
"MA0039.4","KLF4",-0.0233566015797297,0,"medulla_early","down","enhancer",FALSE,1,0.974693044612211,0.0636455015044703,"KLF4"
"MA1107.2","KLF9",-0.0938051714206498,0,"medulla_early","down","enhancer",FALSE,1,-0.587903376235794,0.408118900902291,"KLF9"
"MA0495.3","MAFF",-0.0114604360406148,0,"medulla_early","down","enhancer",FALSE,1,1.6233980809504,0.017958398165307,"MAFF"
"MA0659.2","MAFG",-0.0789098771723786,0,"medulla_early","down","enhancer",FALSE,1,0.0152952582781625,0.966046275424772,"MAFG"
"MA0496.3","MAFK",0.180546496503084,0,"medulla_early","down","enhancer",FALSE,1,0.097010989711154,0.796108480555888,"MAFK"
"MA0052.4","MEF2A",-0.127263991942431,0,"medulla_early","down","enhancer",FALSE,1,0.477202995958361,0.126934093423039,"MEF2A"
"MA0620.3","MITF",0.208776492508958,0,"medulla_early","down","enhancer",FALSE,1,-0.309475719666182,0.219008044682269,"MITF"
"MA1108.2","MXI1",-0.0458200121095178,0,"medulla_early","down","enhancer",FALSE,1,-0.906677660770016,0.0388835804979007,"MXI1"
"MA0056.2","MZF1",0.0125781157728513,0,"medulla_early","down","enhancer",FALSE,1,0.25305893591519,0.202232546733271,"MZF1"
"MA0089.2","NFE2L1",0.108836559442021,0,"medulla_early","down","enhancer",FALSE,1,0.247186036800803,0.281164169069091,"NFE2L1"
"MA0025.2","NFIL3",0.180834992442849,0,"medulla_early","down","enhancer",FALSE,1,0.790068646035492,0.064194527834963,"NFIL3"
"MA0502.2","NFYB",-0.0178209458355241,0,"medulla_early","down","enhancer",FALSE,1,0.23677978422968,0.272965768589987,"NFYB"
"MA0679.2","ONECUT1",0.153481569443227,0,"medulla_early","down","enhancer",FALSE,1,-3.7065724616312,0.0317003906499811,"ONECUT1"
"MA1113.2","PBX2",0.13589730532004,0,"medulla_early","down","enhancer",FALSE,1,0.182851860673326,0.346830635089818,"PBX2"
"MA0782.2","PKNOX1",0.0636210389694272,0,"medulla_early","down","enhancer",FALSE,1,0.356020399006283,0.103617179404249,"PKNOX1"
"MA0509.2","RFX1",-0.0953777803087883,0,"medulla_early","down","enhancer",FALSE,1,0.22031524079772,0.341770568814762,"RFX1"
"MA0798.2","RFX3",0.0862938005160112,0,"medulla_early","down","enhancer",FALSE,1,-0.0839041882493117,0.875093779565871,"RFX3"
"MA0684.2","RUNX3",-0.184896612759419,0,"medulla_early","down","enhancer",FALSE,1,1.2080016725545,0.182396353745437,"RUNX3"
"MA0745.2","SNAI2",-0.0286894080533111,0,"medulla_early","down","enhancer",FALSE,1,1.17036870659601,0.0134950986177877,"SNAI2"
"MA0080.5","SPI1",0.0612906798197237,0,"medulla_early","down","enhancer",FALSE,1,1.67905569265027,0.0636158128565348,"SPI1"
"MA0522.3","TCF3",-0.00971207520064965,0,"medulla_early","down","enhancer",FALSE,1,0.507566700207939,0.0280927985771345,"TCF3"
"MA0830.2","TCF4",0.0763802414555066,0,"medulla_early","down","enhancer",FALSE,1,0.389016801723167,0.397974930333454,"TCF4"
"MA0090.3","TEAD1",-0.163687350965031,0,"medulla_early","down","enhancer",FALSE,1,0.144843631425045,0.825466152858346,"TEAD1"
"MA0809.2","TEAD4",-0.198961423831481,0,"medulla_early","down","enhancer",FALSE,1,0.765428275730018,0.0404444595868159,"TEAD4"
"MA1123.2","TWIST1",-0.202995094892941,0,"medulla_early","down","enhancer",FALSE,1,-1.59309069660885,0.0449801807976968,"TWIST1"
"MA0093.3","USF1",-0.000993625522878183,0,"medulla_early","down","enhancer",FALSE,1,0.67310694392606,0.0490214716093659,"USF1"
"MA0526.3","USF2",-0.090640943731743,0,"medulla_early","down","enhancer",FALSE,1,-0.0311806894603599,0.92079938042041,"USF2"
"MA0528.2","ZNF263",0.0637770162088351,0,"medulla_early","down","enhancer",FALSE,1,0.271097059250764,0.141801847387358,"ZNF263"
"MA0609.2","CREM",-0.40475736031076,0,"medulla_early","down","enhancer",FALSE,1,0.790330687779365,0.0838791258343589,"CREM"
"MA0517.1","STAT1::STAT2",0.798082918751394,1.56825298126189,"medulla_early","up","promoter",FALSE,0.0270238373759916,0.938329362011193,0.099434494930946,"STAT1"
"MA0652.1","IRF8",0.952380258048892,0.671183924532035,"medulla_early","up","promoter",FALSE,0.213214175586148,1.2014900297991,0.0750354753981774,"IRF8"
"MA0137.3","STAT1",0.652303075045521,0.565090326298347,"medulla_early","up","promoter",FALSE,0.272213508868584,0.938329362011193,0.099434494930946,"STAT1"
"MA0772.1","IRF7",0.75654702084285,0.565090326298347,"medulla_early","up","promoter",FALSE,0.272213508868584,0.856907633305489,0.191051905123836,"IRF7"
"MA1418.1","IRF3",0.840519592406816,0.565090326298347,"medulla_early","up","promoter",FALSE,0.272213508868584,0.349421878511716,0.2132767738104,"IRF3"
"MA1523.1","MSANTD3",0.359212921161906,0.565090326298347,"medulla_early","up","promoter",FALSE,0.272213508868584,0.248554700230878,0.519032440099622,"MSANTD3"
"MA0628.1","POU6F1",0.766716552875752,0.368427865753955,"medulla_early","up","promoter",FALSE,0.428126523458542,0.529922106867129,0.138645572763802,"POU6F1"
"MA0653.1","IRF9",0.780008186198382,0.368427865753955,"medulla_early","up","promoter",FALSE,0.428126523458542,1.16627744633299,0.0137129769988415,"IRF9"
"MA0050.2","IRF1",0.513230039949853,0.223368116111935,"medulla_early","up","promoter",FALSE,0.597904585124805,1.50356995512709,0.0225323428242336,"IRF1"
"MA0051.1","IRF2",0.299938388253501,0.0476137673374241,"medulla_early","up","promoter",FALSE,0.896161397677476,0.222137248725054,0.312243359118917,"IRF2"
"MA0139.1","CTCF",0.228495426319566,0.0476137673374241,"medulla_early","up","promoter",FALSE,0.896161397677476,-0.000874132390872084,0.99774228554015,"CTCF"
"MA0138.2","REST",0.353011056811485,0.0476137673374241,"medulla_early","up","promoter",FALSE,0.896161397677476,-0.0949623807216522,0.838218397343616,"REST"
"MA0163.1","PLAG1",0.163245312602566,0.0476137673374241,"medulla_early","up","promoter",FALSE,0.896161397677476,0.512497636806037,0.469952279887831,"PLAG1"
"MA0476.1","FOS",0.462259565855161,0.0476137673374241,"medulla_early","up","promoter",FALSE,0.896161397677476,0.833230264158733,0.452583737017769,"FOS"
"MA0497.1","MEF2C",0.352363145524292,0.0476137673374241,"medulla_early","up","promoter",FALSE,0.896161397677476,0.476418078339048,0.0988007420919421,"MEF2C"
"MA0507.1","POU2F2",0.58109923094749,0.0476137673374241,"medulla_early","up","promoter",FALSE,0.896161397677476,1.58318370744051,0.0707840992975005,"POU2F2"
"MA0144.2","STAT3",0.202277231604184,0.0476137673374241,"medulla_early","up","promoter",FALSE,0.896161397677476,0.685142979052263,0.0314097015086705,"STAT3"
"MA0597.1","THAP1",0.241388874777127,0.0476137673374241,"medulla_early","up","promoter",FALSE,0.896161397677476,-0.166508034133676,0.54507088152635,"THAP1"
"MA0646.1","GCM1",0.161642779659389,0.0476137673374241,"medulla_early","up","promoter",FALSE,0.896161397677476,-2.60173798292748,0.0339258113759447,"GCM1"
"MA0658.1","LHX6",0.361757697836199,0.0476137673374241,"medulla_early","up","promoter",FALSE,0.896161397677476,0.602436613097864,0.138833355641819,"LHX6"
"MA0661.1","MEOX1",0.346624474723726,0.0476137673374241,"medulla_early","up","promoter",FALSE,0.896161397677476,0.858034580860494,0.537875935159819,"MEOX1"
"MA0692.1","TFEB",0.288592842300075,0.0476137673374241,"medulla_early","up","promoter",FALSE,0.896161397677476,0.35687010369081,0.128464536476835,"TFEB"
"MA0716.1","PRRX1",0.399104494245003,0.0476137673374241,"medulla_early","up","promoter",FALSE,0.896161397677476,-0.274791206147191,0.606864661009051,"PRRX1"
"MA0722.1","VAX1",0.672361252785452,0.0476137673374241,"medulla_early","up","promoter",FALSE,0.896161397677476,-3.69962148324859,0.0769881227341495,"VAX1"
"MA0752.1","ZNF410",0.321928094887362,0.0476137673374241,"medulla_early","up","promoter",FALSE,0.896161397677476,-0.0971555037232443,0.657836257419547,"ZNF410"
"MA0768.1","LEF1",0.336318352691521,0.0476137673374241,"medulla_early","up","promoter",FALSE,0.896161397677476,0.650872478596595,0.163893619637216,"LEF1"
"MA0778.1","NFKB2",0.266648981693099,0.0476137673374241,"medulla_early","up","promoter",FALSE,0.896161397677476,0.526483561813297,0.0632738265647081,"NFKB2"
"MA0785.1","POU2F1",0.65389511756455,0.0476137673374241,"medulla_early","up","promoter",FALSE,0.896161397677476,-0.071411983141451,0.891977029241261,"POU2F1"
"MA0788.1","POU3F3",0.500774061636881,0.0476137673374241,"medulla_early","up","promoter",FALSE,0.896161397677476,-0.360497149355814,0.240326728177945,"POU3F3"
"MA0793.1","POU6F2",0.436587941101446,0.0476137673374241,"medulla_early","up","promoter",FALSE,0.896161397677476,1.34916812417096,0.171923904386873,"POU6F2"
"MA0886.1","EMX2",0.39056330336552,0.0476137673374241,"medulla_early","up","promoter",FALSE,0.896161397677476,0.274876648127181,0.349287937840425,"EMX2"
"MA0895.1","HMBOX1",0.354729021089083,0.0476137673374241,"medulla_early","up","promoter",FALSE,0.896161397677476,-0.600179551191433,0.154888826804182,"HMBOX1"
"MA0899.1","HOXA10",0.380415320864415,0.0476137673374241,"medulla_early","up","promoter",FALSE,0.896161397677476,-0.0473590996798983,0.864104889838253,"HOXA10"
"MA0903.1","HOXB3",0.405365376094283,0.0476137673374241,"medulla_early","up","promoter",FALSE,0.896161397677476,0.895044025448823,0.119912758918788,"HOXB3"
"MA0852.2","FOXK1",0.288798445130814,0.0476137673374241,"medulla_early","up","promoter",FALSE,0.896161397677476,-0.211564287873506,0.36352655384297,"FOXK1"
"MA0104.4","MYCN",0.202117033214387,0.0476137673374241,"medulla_early","up","promoter",FALSE,0.896161397677476,-0.981398426171153,0.0515085411314552,"MYCN"
"MA1114.1","PBX3",0.198474432669735,0.0476137673374241,"medulla_early","up","promoter",FALSE,0.896161397677476,-0.290254427274215,0.575778526369282,"PBX3"
"MA0099.3","FOS::JUN",0.397485801643304,0.0476137673374241,"medulla_early","up","promoter",FALSE,0.896161397677476,0.833230264158733,0.452583737017769,"FOS"
"MA1127.1","FOSB::JUN",0.463397839008869,0.0476137673374241,"medulla_early","up","promoter",FALSE,0.896161397677476,0.96844474611884,0.411848333434714,"FOSB"
"MA1130.1","FOSL2::JUN",0.330239426085563,0.0476137673374241,"medulla_early","up","promoter",FALSE,0.896161397677476,1.11642145947387,0.0267171782287447,"FOSL2"
"MA1134.1","FOS::JUNB",0.377565585864799,0.0476137673374241,"medulla_early","up","promoter",FALSE,0.896161397677476,1.46763912831928,0.0679259533057009,"JUNB"
"MA1135.1","FOSB::JUNB",0.449486222396201,0.0476137673374241,"medulla_early","up","promoter",FALSE,0.896161397677476,1.46763912831928,0.0679259533057009,"JUNB"
"MA1137.1","FOSL1::JUNB",0.301534837174108,0.0476137673374241,"medulla_early","up","promoter",FALSE,0.896161397677476,1.9734779914701,0.0610657843457058,"FOSL1"
"MA1138.1","FOSL2::JUNB",0.500366725101667,0.0476137673374241,"medulla_early","up","promoter",FALSE,0.896161397677476,1.11642145947387,0.0267171782287447,"FOSL2"
"MA1139.1","FOSL2::JUNB(var.2)",0.536335144791674,0.0476137673374241,"medulla_early","up","promoter",FALSE,0.896161397677476,1.11642145947387,0.0267171782287447,"FOSL2"
"MA1144.1","FOSL2::JUND",0.464479108446959,0.0476137673374241,"medulla_early","up","promoter",FALSE,0.896161397677476,1.11642145947387,0.0267171782287447,"FOSL2"
"MA1147.1","NR4A2::RXRA",0.252101855848639,0.0476137673374241,"medulla_early","up","promoter",FALSE,0.896161397677476,0.725667831787121,0.441255409887344,"NR4A2"
"MA0693.2","VDR",0.254006227715923,0.0476137673374241,"medulla_early","up","promoter",FALSE,0.896161397677476,-1.27913553121649,0.165303952902181,"VDR"
"MA1419.1","IRF4",0.501738792913463,0.0476137673374241,"medulla_early","up","promoter",FALSE,0.896161397677476,-0.400228479677541,0.767396072927768,"IRF4"
"MA1421.1","TCF7L1",0.384582653600337,0.0476137673374241,"medulla_early","up","promoter",FALSE,0.896161397677476,0.338994531026588,0.198906743125843,"TCF7L1"
"MA1484.1","ETS2",0.191806425627982,0.0476137673374241,"medulla_early","up","promoter",FALSE,0.896161397677476,0.674127128136689,0.0922964823216519,"ETS2"
"MA1493.1","HES6",0.301120390505703,0.0476137673374241,"medulla_early","up","promoter",FALSE,0.896161397677476,0.105123575210707,0.770635997560336,"HES6"
"MA1495.1","HOXA1",0.54417782208467,0.0476137673374241,"medulla_early","up","promoter",FALSE,0.896161397677476,0.243878473632861,0.65411316189125,"HOXA1"
"MA1504.1","HOXC4",0.607340325512773,0.0476137673374241,"medulla_early","up","promoter",FALSE,0.896161397677476,0.261044970371513,0.407017229736867,"HOXC4"
"MA1507.1","HOXD4",0.494416226710829,0.0476137673374241,"medulla_early","up","promoter",FALSE,0.896161397677476,0.483570598619661,0.213038368541866,"HOXD4"
"MA1508.1","IKZF1",0.236106246243828,0.0476137673374241,"medulla_early","up","promoter",FALSE,0.896161397677476,0.922307088489775,0.307305349999776,"IKZF1"
"MA1511.1","KLF10",0.0742082515519993,0.0476137673374241,"medulla_early","up","promoter",FALSE,0.896161397677476,1.11749456254712,0.0632738265647081,"KLF10"
"MA1515.1","KLF2",0.0591506238827044,0.0476137673374241,"medulla_early","up","promoter",FALSE,0.896161397677476,1.20868607866865,0.0160629005005414,"KLF2"
"MA1516.1","KLF3",0.130051223907373,0.0476137673374241,"medulla_early","up","promoter",FALSE,0.896161397677476,0.152031886608195,0.705872909637477,"KLF3"
"MA1542.1","OSR1",0.251154870716729,0.0476137673374241,"medulla_early","up","promoter",FALSE,0.896161397677476,-0.841567334858739,0.239162362042823,"OSR1"
"MA1548.1","PLAGL2",0.0763707306911083,0.0476137673374241,"medulla_early","up","promoter",FALSE,0.896161397677476,-0.072298613672058,0.849038390192213,"PLAGL2"
"MA0462.2","BATF::JUN",0.389174963420093,0.0476137673374241,"medulla_early","up","promoter",FALSE,0.896161397677476,1.77001737501451,0.0165273791537193,"BATF"
"MA0463.2","BCL6",0.410757254768131,0.0476137673374241,"medulla_early","up","promoter",FALSE,0.896161397677476,0.299606612688747,0.385286934872243,"BCL6"
"MA0900.2","HOXA2",0.434939587576793,0.0476137673374241,"medulla_early","up","promoter",FALSE,0.896161397677476,0.870000479228036,0.11175311144298,"HOXA2"
"MA0912.2","HOXD3",0.519654572277289,0.0476137673374241,"medulla_early","up","promoter",FALSE,0.896161397677476,0.210050501662717,0.574310448291442,"HOXD3"
"MA0703.2","LMX1B",0.498077954852652,0.0476137673374241,"medulla_early","up","promoter",FALSE,0.896161397677476,-4.00814067232329,0.0352584092244324,"LMX1B"
"MA0075.3","PRRX2",0.395049950519073,0.0476137673374241,"medulla_early","up","promoter",FALSE,0.896161397677476,1.47979096404561,0.0636158128565348,"PRRX2"
"MA0632.2","TCFL5",0.11776593653876,0.0476137673374241,"medulla_early","up","promoter",FALSE,0.896161397677476,-0.126853717735606,0.627466142266146,"TCFL5"
"MA1632.1","ATF2",0.356696306349325,0.0476137673374241,"medulla_early","up","promoter",FALSE,0.896161397677476,-0.23703910398746,0.49811164292577,"ATF2"
"MA1634.1","BATF",0.485798081114228,0.0476137673374241,"medulla_early","up","promoter",FALSE,0.896161397677476,1.77001737501451,0.0165273791537193,"BATF"
"MA1650.1","ZBTB14",0.0694814830950445,0.0476137673374241,"medulla_early","up","promoter",FALSE,0.896161397677476,-0.150896721353386,0.575162487054768,"ZBTB14"
"MA1653.1","ZNF148",0.0336441410753299,0.0476137673374241,"medulla_early","up","promoter",FALSE,0.896161397677476,-0.196411913419447,0.462979355363173,"ZNF148"
"MA1654.1","ZNF16",0.358881618739925,0.0476137673374241,"medulla_early","up","promoter",FALSE,0.896161397677476,0.355942077218786,0.0862032818800201,"ZNF16"
"MA1656.1","ZNF449",0.132065196683023,0.0476137673374241,"medulla_early","up","promoter",FALSE,0.896161397677476,0.239194657937899,0.528016811331997,"ZNF449"
"MA0835.2","BATF3",0.503663609683872,0.0476137673374241,"medulla_early","up","promoter",FALSE,0.896161397677476,1.20210807772793,0.0619080985520392,"BATF3"
"MA0018.4","CREB1",0.42930996029651,0.0476137673374241,"medulla_early","up","promoter",FALSE,0.896161397677476,0.0567679261621343,0.866912918285141,"CREB1"
"MA0162.4","EGR1",0.0575459317204849,0.0476137673374241,"medulla_early","up","promoter",FALSE,0.896161397677476,1.18987625259726,0.303815175555124,"EGR1"
"MA0640.2","ELF3",0.136880848801807,0.0476137673374241,"medulla_early","up","promoter",FALSE,0.896161397677476,1.4522504083541,0.0266606788847339,"ELF3"
"MA0761.2","ETV1",0.206379459691203,0.0476137673374241,"medulla_early","up","promoter",FALSE,0.896161397677476,-0.652898023478825,0.144113440335442,"ETV1"
"MA0764.2","ETV4",0.125867919308302,0.0476137673374241,"medulla_early","up","promoter",FALSE,0.896161397677476,1.03211159070944,0.0770106041443126,"ETV4"
"MA0477.2","FOSL1",0.395872240821169,0.0476137673374241,"medulla_early","up","promoter",FALSE,0.896161397677476,1.9734779914701,0.0610657843457058,"FOSL1"
"MA0062.3","GABPA",0.23478225777643,0.0476137673374241,"medulla_early","up","promoter",FALSE,0.896161397677476,-0.261928783878441,0.347760452717804,"GABPA"
"MA0490.2","JUNB",0.329959925702805,0.0476137673374241,"medulla_early","up","promoter",FALSE,0.896161397677476,1.46763912831928,0.0679259533057009,"JUNB"
"MA0491.2","JUND",0.336008436327438,0.0476137673374241,"medulla_early","up","promoter",FALSE,0.896161397677476,0.198551752417357,0.652707839196132,"JUND"
"MA0052.4","MEF2A",0.398876694669235,0.0476137673374241,"medulla_early","up","promoter",FALSE,0.896161397677476,0.477202995958361,0.126934093423039,"MEF2A"
"MA0620.3","MITF",0.460906676482202,0.0476137673374241,"medulla_early","up","promoter",FALSE,0.896161397677476,-0.309475719666182,0.219008044682269,"MITF"
"MA0782.2","PKNOX1",0.370743042992419,0.0476137673374241,"medulla_early","up","promoter",FALSE,0.896161397677476,0.356020399006283,0.103617179404249,"PKNOX1"
"MA0093.3","USF1",0.489180971298248,0.0476137673374241,"medulla_early","up","promoter",FALSE,0.896161397677476,0.67310694392606,0.0490214716093659,"USF1"
"MA0526.3","USF2",0.359262460717621,0.0476137673374241,"medulla_early","up","promoter",FALSE,0.896161397677476,-0.0311806894603599,0.92079938042041,"USF2"
"MA0609.2","CREM",0.429172676822257,0.0476137673374241,"medulla_early","up","promoter",FALSE,0.896161397677476,0.790330687779365,0.0838791258343589,"CREM"
"MA1593.1","ZNF317",0.220184387049507,0.044974564640318,"medulla_early","up","promoter",FALSE,0.901623941541205,0.114929423677437,0.683603018940012,"ZNF317"
"MA0523.1","TCF7L2",0.266399955197138,0.0439821636664837,"medulla_early","up","promoter",FALSE,0.903686587075216,0.420036257415145,0.118793484995643,"TCF7L2"
"MA0083.3","SRF",0.238214933016036,0.0439821636664837,"medulla_early","up","promoter",FALSE,0.903686587075216,0.581294754361464,0.0323398628272813,"SRF"
"MA1141.1","FOS::JUND",0.279969603845919,0.0439821636664837,"medulla_early","up","promoter",FALSE,0.903686587075216,0.833230264158733,0.452583737017769,"FOS"
"MA1578.1","VEZF1",0.0660965648478786,0.0439821636664837,"medulla_early","up","promoter",FALSE,0.903686587075216,0.307129710257832,0.344975733635377,"VEZF1"
"MA0612.2","EMX1",0.32573911196054,0.0439821636664837,"medulla_early","up","promoter",FALSE,0.903686587075216,-3.49057399567799,0.0262420390283087,"EMX1"
"MA1643.1","NFIB",0.227497139216884,0.0439821636664837,"medulla_early","up","promoter",FALSE,0.903686587075216,-0.483343468881396,0.135551986577199,"NFIB"
"MA1657.1","ZNF652",0.312350208777097,0.0439821636664837,"medulla_early","up","promoter",FALSE,0.903686587075216,-0.50075663617201,0.252476564967149,"ZNF652"
"MA0738.1","HIC2",0.112482381166552,0.0406134217931937,"medulla_early","up","promoter",FALSE,0.910723573603274,0.123466707296829,0.804065561599467,"HIC2"
"MA0598.3","EHF",0.144885666543141,0.0358101673608444,"medulla_early","up","promoter",FALSE,0.920851993548315,0.942393161790712,0.224968328504338,"EHF"
"MA0913.2","HOXD9",0.313620934507379,0.0348877217165676,"medulla_early","up","promoter",FALSE,0.922809970658197,0.363175183870902,0.348536646428583,"HOXD9"
"MA0691.1","TFAP4",0.243018425474823,0.0294301253615528,"medulla_early","up","promoter",FALSE,0.934479706752969,-0.206592447464464,0.480308054599867,"TFAP4"
"MA0511.2","RUNX2",0.202419066816194,0.0294301253615528,"medulla_early","up","promoter",FALSE,0.934479706752969,0.823064454393748,0.191159447175027,"RUNX2"
"MA0478.1","FOSL2",0.249846813075552,0.0267297366335122,"medulla_early","up","promoter",FALSE,0.940308286512185,1.11642145947387,0.0267171782287447,"FOSL2"
"MA0513.1","SMAD2::SMAD3::SMAD4",0.145482077441731,0.0267297366335122,"medulla_early","up","promoter",FALSE,0.940308286512185,-0.192837359235304,0.433364321152432,"SMAD4"
"MA1633.1","BACH1",0.213286971794242,0.0267297366335122,"medulla_early","up","promoter",FALSE,0.940308286512185,0.214031205102808,0.701593357073759,"BACH1"
"MA1106.1","HIF1A",0.152370107903573,0.0261464473899049,"medulla_early","up","promoter",FALSE,0.941572037758908,1.04117704397309,0.178813420070858,"HIF1A"
"MA0651.1","HOXC11",0.323139852780631,0.0252766757110411,"medulla_early","up","promoter",FALSE,0.943459635556629,0.743162405256826,0.279905517427726,"HOXC11"
"MA0805.1","TBX1",0.19318605522662,0.0230865489600406,"medulla_early","up","promoter",FALSE,0.948229475283613,1.07871851609212,0.211136005047463,"TBX1"
"MA0031.1","FOXD1",0.295480566159662,0.00702264177601098,"medulla_early","up","promoter",FALSE,0.983959806057329,0.65252647273069,0.0824299263662223,"FOXD1"
"MA0073.1","RREB1",0.0871940500385939,0.00520502371343279,"medulla_early","up","promoter",FALSE,0.98808652415682,-0.284958489325675,0.439839560466864,"RREB1"
"MA0688.1","TBX2",0.190728971536978,0.00520502371343279,"medulla_early","up","promoter",FALSE,0.98808652415682,0.198685427913855,0.606516511932311,"TBX2"
"MA0770.1","HSF2",0.242454641839565,0.00520502371343279,"medulla_early","up","promoter",FALSE,0.98808652415682,-0.0610894044331549,0.843810104310983,"HSF2"
"MA0058.3","MAX",0.163582829665612,0.00520502371343279,"medulla_early","up","promoter",FALSE,0.98808652415682,0.271522953883504,0.147301447432832,"MAX"
"MA0825.1","MNT",0.162345700792646,0.00520502371343279,"medulla_early","up","promoter",FALSE,0.98808652415682,0.290486020846487,0.21272259790518,"MNT"
"MA1142.1","FOSL1::JUND",0.242429062641414,0.00520502371343279,"medulla_early","up","promoter",FALSE,0.98808652415682,1.9734779914701,0.0610657843457058,"FOSL1"
"MA1146.1","NR1H4::RXRA",0.19408019154025,0.00520502371343279,"medulla_early","up","promoter",FALSE,0.98808652415682,-2.65290680162632,0.0293717527661552,"NR1H4"
"MA1496.1","HOXA4",0.280094042474079,0.00520502371343279,"medulla_early","up","promoter",FALSE,0.98808652415682,0.517190595932911,0.129097296627107,"HOXA4"
"MA1506.1","HOXD10",0.286575674494605,0.00520502371343279,"medulla_early","up","promoter",FALSE,0.98808652415682,0.245930895638537,0.460838638008666,"HOXD10"
"MA1525.1","NFATC4",0.170405372873456,0.00520502371343279,"medulla_early","up","promoter",FALSE,0.98808652415682,0.684673032968421,0.0877976400145844,"NFATC4"
"MA1566.1","TBX3",0.176065778203983,0.00404509687507843,"medulla_early","up","promoter",FALSE,0.990729062847439,1.61773656906076,0.0300687073521453,"TBX3"
"MA1581.1","ZBTB6",0.0903685450717386,0.00392212962575707,"medulla_early","up","promoter",FALSE,0.991009620122796,-0.410264236133438,0.538650528903664,"ZBTB6"
"MA0071.1","RORA",0.198797186587863,0.000708355508413137,"medulla_early","up","promoter",FALSE,0.998370280603047,-0.646097564647312,0.137965775448693,"RORA"
"MA0091.1","TAL1::TCF3",0.200178460892272,0.000708355508413137,"medulla_early","up","promoter",FALSE,0.998370280603047,0.798942238781588,0.0272796609271787,"TAL1"
"MA0259.1","ARNT::HIF1A",0.0959565875695017,0.000708355508413137,"medulla_early","up","promoter",FALSE,0.998370280603047,1.04117704397309,0.178813420070858,"HIF1A"
"MA0113.3","NR3C1",0.278010436471499,0.000708355508413137,"medulla_early","up","promoter",FALSE,0.998370280603047,-0.513169439232175,0.0890028114618912,"NR3C1"
"MA0727.1","NR3C2",0.245871200616302,0.000708355508413137,"medulla_early","up","promoter",FALSE,0.998370280603047,0.183834376944348,0.756748509580763,"NR3C2"
"MA0801.1","MGA",0.153456978403669,0.000708355508413137,"medulla_early","up","promoter",FALSE,0.998370280603047,0.0943896467132888,0.804951368712809,"MGA"
"MA0106.3","TP53",0.246486696357341,0.000708355508413137,"medulla_early","up","promoter",FALSE,0.998370280603047,0.268113833620555,0.285380123737421,"TP53"
"MA0908.1","HOXD11",0.231420353186956,0.000708355508413137,"medulla_early","up","promoter",FALSE,0.998370280603047,0.519200299129846,0.223592890007439,"HOXD11"
"MA1128.1","FOSL1::JUN",0.207376090619537,0.000708355508413137,"medulla_early","up","promoter",FALSE,0.998370280603047,1.9734779914701,0.0610657843457058,"FOSL1"
"MA1131.1","FOSL2::JUN(var.2)",0.239342641517832,0.000708355508413137,"medulla_early","up","promoter",FALSE,0.998370280603047,1.11642145947387,0.0267171782287447,"FOSL2"
"MA1145.1","FOSL2::JUND(var.2)",0.243401293770584,0.000708355508413137,"medulla_early","up","promoter",FALSE,0.998370280603047,1.11642145947387,0.0267171782287447,"FOSL2"
"MA1149.1","RARA::RXRG",0.103438042516569,0.000708355508413137,"medulla_early","up","promoter",FALSE,0.998370280603047,-2.08682302791845,0.0841091298451762,"RXRG"
"MA1532.1","NR1D2",0.156277607943735,0.000708355508413137,"medulla_early","up","promoter",FALSE,0.998370280603047,-0.38699424575702,0.438934763122458,"NR1D2"
"MA0038.2","GFI1",0.235272044843088,0.000708355508413137,"medulla_early","up","promoter",FALSE,0.998370280603047,1.41721417969181,0.259440598676568,"GFI1"
"MA0114.4","HNF4A",0.178483142388891,0.000708355508413137,"medulla_early","up","promoter",FALSE,0.998370280603047,-4.05641177125823,0.0317899523202682,"HNF4A"
"MA0059.1","MAX::MYC",0.0879460511409107,0,"medulla_early","up","promoter",FALSE,1,0.271522953883504,0.147301447432832,"MAX"
"MA0066.1","PPARG",-0.565467483842865,0,"medulla_early","up","promoter",FALSE,1,1.48202957040382,0.0222056838664202,"PPARG"
"MA0070.1","PBX1",0.00559685715333114,0,"medulla_early","up","promoter",FALSE,1,0.543198366580411,0.107678491415961,"PBX1"
"MA0074.1","RXRA::VDR",-0.041751854808445,0,"medulla_early","up","promoter",FALSE,1,-1.27913553121649,0.165303952902181,"VDR"
"MA0077.1","SOX9",-0.37038186026286,0,"medulla_early","up","promoter",FALSE,1,0.0291535110865756,0.977483202509387,"SOX9"
"MA0101.1","REL",-0.0145686718155877,0,"medulla_early","up","promoter",FALSE,1,-0.0193170770089262,0.991304581858302,"REL"
"MA0107.1","RELA",-0.0967311396131718,0,"medulla_early","up","promoter",FALSE,1,0.579893364955569,0.0190450667248155,"RELA"
"MA0115.1","NR1H2::RXRA",-0.217444279873858,0,"medulla_early","up","promoter",FALSE,1,0.305615412227834,0.16999764630218,"NR1H2"
"MA0119.1","NFIC::TLX1",0.0300691160009965,0,"medulla_early","up","promoter",FALSE,1,0.097679176962334,0.738354796903388,"NFIC"
"MA0152.1","NFATC2",-0.0228312078713913,0,"medulla_early","up","promoter",FALSE,1,0.676704194619269,0.167919844799307,"NFATC2"
"MA0159.1","RARA::RXRA",-0.167667786514316,0,"medulla_early","up","promoter",FALSE,1,0.251003205299105,0.278689679787823,"RARA"
"MA0160.1","NR4A2",0.0292622207762632,0,"medulla_early","up","promoter",FALSE,1,0.725667831787121,0.441255409887344,"NR4A2"
"MA0488.1","JUN",-0.100922235729545,0,"medulla_early","up","promoter",FALSE,1,0.279358340249684,0.53327776811505,"JUN"
"MA0501.1","MAF::NFE2",-0.383544757677508,0,"medulla_early","up","promoter",FALSE,1,-0.870991278944142,0.0930440080726412,"MAF"
"MA0504.1","NR2C2",-0.026834941980816,0,"medulla_early","up","promoter",FALSE,1,0.0337155019952089,0.949735800056559,"NR2C2"
"MA0506.1","NRF1",0.042063823577406,0,"medulla_early","up","promoter",FALSE,1,0.380634117441259,0.0642087533849316,"NRF1"
"MA0527.1","ZBTB33",-0.00755476678731437,0,"medulla_early","up","promoter",FALSE,1,-0.109293803021875,0.828831884436742,"ZBTB33"
"MA0076.2","ELK4",0.0186127657446509,0,"medulla_early","up","promoter",FALSE,1,-0.534466366729815,0.413162694444284,"ELK4"
"MA0140.2","GATA1::TAL1",-0.332339462992259,0,"medulla_early","up","promoter",FALSE,1,0.798942238781588,0.0272796609271787,"TAL1"
"MA0095.2","YY1",-0.467863989127355,0,"medulla_early","up","promoter",FALSE,1,-0.132916635869064,0.498109819184393,"YY1"
"MA0593.1","FOXP2",0.00200243180665449,0,"medulla_early","up","promoter",FALSE,1,-0.616503529471229,0.382023060817818,"FOXP2"
"MA0595.1","SREBF1",-0.00623972076222579,0,"medulla_early","up","promoter",FALSE,1,-0.403568976526925,0.455463154300618,"SREBF1"
"MA0596.1","SREBF2",0.101389815853475,0,"medulla_early","up","promoter",FALSE,1,-0.328740913543506,0.520055289512477,"SREBF2"
"MA0599.1","KLF5",-0.0363904337544128,0,"medulla_early","up","promoter",FALSE,1,0.992907703790705,0.285076906521638,"KLF5"
"MA0625.1","NFATC3",0.134782156997871,0,"medulla_early","up","promoter",FALSE,1,-0.0253446977600298,0.920610099552946,"NFATC3"
"MA0636.1","BHLHE41",0.192321139717928,0,"medulla_early","up","promoter",FALSE,1,0.200293766777133,0.709322541958218,"BHLHE41"
"MA0637.1","CENPB",-0.390901233004311,0,"medulla_early","up","promoter",FALSE,1,0.520411003219583,0.0883160023154592,"CENPB"
"MA0638.1","CREB3",0.0537405857331992,0,"medulla_early","up","promoter",FALSE,1,0.288082796455454,0.271735738199765,"CREB3"
"MA0641.1","ELF4",0.0217128229417325,0,"medulla_early","up","promoter",FALSE,1,1.1226702167972,0.0220485053110765,"ELF4"
"MA0136.2","ELF5",0.0449491960819444,0,"medulla_early","up","promoter",FALSE,1,1.26640822306633,0.167151840142565,"ELF5"
"MA0645.1","ETV6",0.047117817361582,0,"medulla_early","up","promoter",FALSE,1,0.351783507815179,0.129897647528124,"ETV6"
"MA0475.2","FLI1",-0.0722274545327224,0,"medulla_early","up","promoter",FALSE,1,0.62252159666859,0.0488731436887641,"FLI1"
"MA0042.2","FOXI1",-0.0164483359253405,0,"medulla_early","up","promoter",FALSE,1,-1.00207677959519,0.130036679691947,"FOXI1"
"MA0033.2","FOXL1",-0.0147823505872999,0,"medulla_early","up","promoter",FALSE,1,0.019523715237681,0.980153536640451,"FOXL1"
"MA0157.2","FOXO3",0.206354530272391,0,"medulla_early","up","promoter",FALSE,1,0.410664929996671,0.263953897995341,"FOXO3"
"MA0647.1","GRHL1",-0.377958810344976,0,"medulla_early","up","promoter",FALSE,1,0.891639472788421,0.144113440335442,"GRHL1"
"MA0649.1","HEY2",-0.230740216000598,0,"medulla_early","up","promoter",FALSE,1,-0.585690987323064,0.233646483942642,"HEY2"
"MA0131.2","HINFP",0.0260339062096975,0,"medulla_early","up","promoter",FALSE,1,-0.00605995418865568,0.984367282956734,"HINFP"
"MA0046.2","HNF1A",0.0581484320480627,0,"medulla_early","up","promoter",FALSE,1,-3.73335937880184,0.0212680300495519,"HNF1A"
"MA0153.2","HNF1B",0.115538435160179,0,"medulla_early","up","promoter",FALSE,1,-0.229678886145343,0.472628326754574,"HNF1B"
"MA0486.2","HSF1",-0.107654742301616,0,"medulla_early","up","promoter",FALSE,1,0.0855642481636982,0.774884105033327,"HSF1"
"MA0655.1","JDP2",-0.362633471690332,0,"medulla_early","up","promoter",FALSE,1,1.14409642079808,0.0153019499647919,"JDP2"
"MA0657.1","KLF13",-0.0798089772215951,0,"medulla_early","up","promoter",FALSE,1,-0.045423145616744,0.922561550105351,"KLF13"
"MA0660.1","MEF2B",0.236982249715453,0,"medulla_early","up","promoter",FALSE,1,-0.532190006362803,0.596634918876072,"MEF2B"
"MA0663.1","MLX",0.0928260974244184,0,"medulla_early","up","promoter",FALSE,1,-0.0109643400459651,0.967283746686265,"MLX"
"MA0664.1","MLXIPL",0.11717272110252,0,"medulla_early","up","promoter",FALSE,1,-3.52863764993125,0.0217040749021563,"MLXIPL"
"MA0665.1","MSC",0.0699272081322686,0,"medulla_early","up","promoter",FALSE,1,1.49797255390859,0.318850116218883,"MSC"
"MA0666.1","MSX1",-0.0550811520163741,0,"medulla_early","up","promoter",FALSE,1,0.440913695031239,0.329369527400538,"MSX1"
"MA0670.1","NFIA",-0.271096207351795,0,"medulla_early","up","promoter",FALSE,1,-0.281805493764772,0.379892752867281,"NFIA"
"MA0671.1","NFIX",-0.381864937953189,0,"medulla_early","up","promoter",FALSE,1,0.554574499737766,0.0480007194372781,"NFIX"
"MA0685.1","SP4",0.0578315214191534,0,"medulla_early","up","promoter",FALSE,1,0.231572883403043,0.696768787929314,"SP4"
"MA0690.1","TBX21",-0.0242263123235471,0,"medulla_early","up","promoter",FALSE,1,1.27940374781479,0.257890738270315,"TBX21"
"MA0145.3","TFCP2",-0.255745422792817,0,"medulla_early","up","promoter",FALSE,1,-0.107755923772473,0.56102995576346,"TFCP2"
"MA0694.1","ZBTB7B",0.0538982768774474,0,"medulla_early","up","promoter",FALSE,1,-0.230422039910176,0.570771175853258,"ZBTB7B"
"MA0695.1","ZBTB7C",-0.0470259078672441,0,"medulla_early","up","promoter",FALSE,1,0.828274234468886,0.104976498063167,"ZBTB7C"
"MA0698.1","ZBTB18",-0.239089644215821,0,"medulla_early","up","promoter",FALSE,1,-0.337443828438651,0.329656386678887,"ZBTB18"
"MA0112.3","ESR1",-0.197741892742284,0,"medulla_early","up","promoter",FALSE,1,-0.76193026483192,0.107440800872005,"ESR1"
"MA0141.3","ESRRB",-0.228846541553652,0,"medulla_early","up","promoter",FALSE,1,-0.0272734074675025,0.984076692807865,"ESRRB"
"MA0017.2","NR2F1",-0.059784616255083,0,"medulla_early","up","promoter",FALSE,1,0.327472633382561,0.467487977793477,"NR2F1"
"MA0472.2","EGR2",0.0286074076198881,0,"medulla_early","up","promoter",FALSE,1,2.38491518033238,0.0488731436887641,"EGR2"
"MA0732.1","EGR3",0.0565044941013637,0,"medulla_early","up","promoter",FALSE,1,0.789107358748941,0.535733564316075,"EGR3"
"MA0735.1","GLIS1",0.1998055064015,0,"medulla_early","up","promoter",FALSE,1,-1.36884160429724,0.140906317724698,"GLIS1"
"MA0736.1","GLIS2",-0.0253758924266885,0,"medulla_early","up","promoter",FALSE,1,-0.678516578146343,0.0226806851536931,"GLIS2"
"MA0737.1","GLIS3",0.122717712140958,0,"medulla_early","up","promoter",FALSE,1,-0.260893479774252,0.562371970570225,"GLIS3"
"MA0741.1","KLF16",0.0230373767294694,0,"medulla_early","up","promoter",FALSE,1,0.313067045202356,0.288497905633079,"KLF16"
"MA0749.1","ZBED1",-0.0730689498309061,0,"medulla_early","up","promoter",FALSE,1,0.423079845049261,0.0517960088760821,"ZBED1"
"MA0088.2","ZNF143",0.117734087543,0,"medulla_early","up","promoter",FALSE,1,-0.0774181347819791,0.772858706268453,"ZNF143"
"MA0754.1","CUX1",-0.326770162685374,0,"medulla_early","up","promoter",FALSE,1,-0.739131933862636,0.0376999381310971,"CUX1"
"MA0759.1","ELK3",-0.156875122711472,0,"medulla_early","up","promoter",FALSE,1,0.701141513968615,0.017915864727413,"ELK3"
"MA0760.1","ERF",0.0803385446175229,0,"medulla_early","up","promoter",FALSE,1,-0.409914171238,0.201369825267356,"ERF"
"MA0474.2","ERG",0.0711839669179444,0,"medulla_early","up","promoter",FALSE,1,0.955144012421275,0.0319871216227914,"ERG"
"MA0098.3","ETS1",-0.0663140735154393,0,"medulla_early","up","promoter",FALSE,1,0.128215768387732,0.852045257423533,"ETS1"
"MA0762.1","ETV2",0.0254866827037779,0,"medulla_early","up","promoter",FALSE,1,0.694455503288438,0.168986975665191,"ETV2"
"MA0763.1","ETV3",-0.0680118779713279,0,"medulla_early","up","promoter",FALSE,1,0.218803551963199,0.514567200842541,"ETV3"
"MA0771.1","HSF4",-0.0542788364097468,0,"medulla_early","up","promoter",FALSE,1,0.897229330632013,0.0281205966049571,"HSF4"
"MA0773.1","MEF2D",0.142951799385802,0,"medulla_early","up","promoter",FALSE,1,0.35211754124701,0.087527144700603,"MEF2D"
"MA0498.2","MEIS1",-0.323006244758117,0,"medulla_early","up","promoter",FALSE,1,0.700958820053192,0.101646787771503,"MEIS1"
"MA0774.1","MEIS2",-0.0655511866669141,0,"medulla_early","up","promoter",FALSE,1,0.318231865575317,0.341636157032765,"MEIS2"
"MA0775.1","MEIS3",-0.116233544586429,0,"medulla_early","up","promoter",FALSE,1,1.04375454660072,0.0194798424574245,"MEIS3"
"MA0776.1","MYBL1",-0.206699735483417,0,"medulla_early","up","promoter",FALSE,1,0.292504628237292,0.713263249804878,"MYBL1"
"MA0777.1","MYBL2",0.0109256811723459,0,"medulla_early","up","promoter",FALSE,1,0.264133411690156,0.735541949745164,"MYBL2"
"MA0105.4","NFKB1",-0.41126824229588,0,"medulla_early","up","promoter",FALSE,1,0.379930647824102,0.162736007842491,"NFKB1"
"MA0783.1","PKNOX2",-0.279363258419431,0,"medulla_early","up","promoter",FALSE,1,-0.0312967983574746,0.961854958127771,"PKNOX2"
"MA0794.1","PROX1",-0.127105628252786,0,"medulla_early","up","promoter",FALSE,1,0.781492065860204,0.396430412631936,"PROX1"
"MA0600.2","RFX2",-0.592984824114589,0,"medulla_early","up","promoter",FALSE,1,0.690105216855605,0.0500096154467385,"RFX2"
"MA0795.1","SMAD3",0.0483876011760298,0,"medulla_early","up","promoter",FALSE,1,0.177474480259113,0.636591761967708,"SMAD3"
"MA0796.1","TGIF1",-0.100373383333386,0,"medulla_early","up","promoter",FALSE,1,0.769417549383641,0.0854961321059382,"TGIF1"
"MA0797.1","TGIF2",-0.517292430518905,0,"medulla_early","up","promoter",FALSE,1,-0.0975039456874409,0.76447034790364,"TGIF2"
"MA0510.2","RFX5",-0.589341758012984,0,"medulla_early","up","promoter",FALSE,1,0.494626091371601,0.0612080498598236,"RFX5"
"MA0800.1","EOMES",0.0116849968525941,0,"medulla_early","up","promoter",FALSE,1,1.26130077834922,0.366172506569951,"EOMES"
"MA0804.1","TBX19",-0.151608662689729,0,"medulla_early","up","promoter",FALSE,1,0.0275307397447122,0.956877001480823,"TBX19"
"MA0808.1","TEAD3",-0.0124414012416905,0,"medulla_early","up","promoter",FALSE,1,0.422537941971592,0.0770772325683264,"TEAD3"
"MA0811.1","TFAP2B",-0.00949420683653912,0,"medulla_early","up","promoter",FALSE,1,-0.146093515886961,0.802852344930414,"TFAP2B"
"MA0464.2","BHLHE40",0.0526019780150255,0,"medulla_early","up","promoter",FALSE,1,0.696310732226617,0.139776368704943,"BHLHE40"
"MA0819.1","CLOCK",0.0886260256468239,0,"medulla_early","up","promoter",FALSE,1,-0.2943154510049,0.642617000343182,"CLOCK"
"MA0823.1","HEY1",-0.0902392410236112,0,"medulla_early","up","promoter",FALSE,1,-0.156075957248471,0.857065973958851,"HEY1"
"MA0466.2","CEBPB",-0.253960255435289,0,"medulla_early","up","promoter",FALSE,1,1.5202115841024,0.0153019499647919,"CEBPB"
"MA0838.1","CEBPG",-0.216866750761466,0,"medulla_early","up","promoter",FALSE,1,-0.0242852266622666,0.939076416212833,"CEBPG"
"MA0839.1","CREB3L1",-0.013157342055087,0,"medulla_early","up","promoter",FALSE,1,1.25715256857348,0.0719404967773018,"CREB3L1"
"MA0843.1","TEF",-0.505956616343826,0,"medulla_early","up","promoter",FALSE,1,-0.271957750414631,0.421241065450089,"TEF"
"MA0844.1","XBP1",-0.292762333932581,0,"medulla_early","up","promoter",FALSE,1,-0.0739851107600185,0.842321959532531,"XBP1"
"MA0032.2","FOXC1",-0.241932065129244,0,"medulla_early","up","promoter",FALSE,1,0.580998630500591,0.163866115222073,"FOXC1"
"MA0846.1","FOXC2",-0.267799336435618,0,"medulla_early","up","promoter",FALSE,1,0.394689052961632,0.290072040172465,"FOXC2"
"MA0848.1","FOXO4",-0.0164483359253405,0,"medulla_early","up","promoter",FALSE,1,-0.378574428888762,0.125279661077036,"FOXO4"
"MA0850.1","FOXP3",0.0685931024981246,0,"medulla_early","up","promoter",FALSE,1,0.794752742995387,0.357667321221329,"FOXP3"
"MA0855.1","RXRB",-0.141850717905247,0,"medulla_early","up","promoter",FALSE,1,0.0182701870018782,0.927183327398293,"RXRB"
"MA0856.1","RXRG",-0.130086312841698,0,"medulla_early","up","promoter",FALSE,1,-2.08682302791845,0.0841091298451762,"RXRG"
"MA0861.1","TP73",-0.398947631903901,0,"medulla_early","up","promoter",FALSE,1,-1.05236075986777,0.187407756098221,"TP73"
"MA0862.1","GMEB2",0.0713861508874647,0,"medulla_early","up","promoter",FALSE,1,0.369081875599014,0.1262648203929,"GMEB2"
"MA0863.1","MTF1",-0.0451719528889551,0,"medulla_early","up","promoter",FALSE,1,-0.19359464082563,0.577159351858926,"MTF1"
"MA0024.3","E2F1",-0.170915440585919,0,"medulla_early","up","promoter",FALSE,1,-1.70417326735421,0.0543764814736697,"E2F1"
"MA0028.2","ELK1",-0.222614752351771,0,"medulla_early","up","promoter",FALSE,1,0.293093351721676,0.0909699931476792,"ELK1"
"MA0889.1","GBX1",0.188977092921611,0,"medulla_early","up","promoter",FALSE,1,0.478325978059717,0.369958336793171,"GBX1"
"MA0891.1","GSC2",-0.581940068071032,0,"medulla_early","up","promoter",FALSE,1,-3.79252608567329,0.0220038738285468,"GSC2"
"MA0905.1","HOXC10",0.0704071325091871,0,"medulla_early","up","promoter",FALSE,1,0.212930247047329,0.442224783742765,"HOXC10"
"MA0036.3","GATA2",0.17573456916127,0,"medulla_early","up","promoter",FALSE,1,1.15848203058517,0.039107559291993,"GATA2"
"MA0147.3","MYC",0.0931117870321803,0,"medulla_early","up","promoter",FALSE,1,0.784772420579083,0.22383335518793,"MYC"
"MA0161.2","NFIC",-0.388203775350357,0,"medulla_early","up","promoter",FALSE,1,0.097679176962334,0.738354796903388,"NFIC"
"MA0060.3","NFYA",0.0254331490059032,0,"medulla_early","up","promoter",FALSE,1,0.11973143400719,0.763381562456652,"NFYA"
"MA1110.1","NR1H4",-0.221117562833385,0,"medulla_early","up","promoter",FALSE,1,-2.65290680162632,0.0293717527661552,"NR1H4"
"MA1111.1","NR2F2",-0.344186057210208,0,"medulla_early","up","promoter",FALSE,1,0.0921867673226995,0.725900271836911,"NR2F2"
"MA0014.3","PAX5",-0.199664483174458,0,"medulla_early","up","promoter",FALSE,1,2.11600005888026,0.0318670180300926,"PAX5"
"MA1116.1","RBPJ",0.00337739923106284,0,"medulla_early","up","promoter",FALSE,1,0.180451508095806,0.470444809777039,"RBPJ"
"MA1117.1","RELB",-0.179443682257661,0,"medulla_early","up","promoter",FALSE,1,1.0746742582194,0.0194798424574245,"RELB"
"MA1120.1","SOX13",-0.312280606096506,0,"medulla_early","up","promoter",FALSE,1,0.311606527364911,0.272124212584795,"SOX13"
"MA1121.1","TEAD2",-0.0361815970888619,0,"medulla_early","up","promoter",FALSE,1,0.958886010687263,0.0237339766038364,"TEAD2"
"MA1122.1","TFDP1",0.00192515608389066,0,"medulla_early","up","promoter",FALSE,1,0.058462387399147,0.716435245855251,"TFDP1"
"MA0750.2","ZBTB7A",0.0471579052803879,0,"medulla_early","up","promoter",FALSE,1,0.269647846350933,0.179638073990771,"ZBTB7A"
"MA0103.3","ZEB1",-0.190530427546038,0,"medulla_early","up","promoter",FALSE,1,0.148375688982562,0.744452460938301,"ZEB1"
"MA1124.1","ZNF24",-0.0999421364986572,0,"medulla_early","up","promoter",FALSE,1,-0.123237481588795,0.589634294870035,"ZNF24"
"MA1125.1","ZNF384",0.102330769346921,0,"medulla_early","up","promoter",FALSE,1,0.0126906233976918,0.950318411999697,"ZNF384"
"MA1154.1","ZNF282",-0.669141861194853,0,"medulla_early","up","promoter",FALSE,1,-0.310812240175454,0.14447995694465,"ZNF282"
"MA0037.3","GATA3",-0.0118404155383356,0,"medulla_early","up","promoter",FALSE,1,1.3346717036592,0.0806260329034313,"GATA3"
"MA1126.1","FOS::JUN(var.2)",0.0768783577890604,0,"medulla_early","up","promoter",FALSE,1,0.833230264158733,0.452583737017769,"FOS"
"MA1129.1","FOSL1::JUN(var.2)",0.131234041989555,0,"medulla_early","up","promoter",FALSE,1,1.9734779914701,0.0610657843457058,"FOSL1"
"MA1132.1","JUN::JUNB",0.0767288296485527,0,"medulla_early","up","promoter",FALSE,1,1.46763912831928,0.0679259533057009,"JUNB"
"MA1133.1","JUN::JUNB(var.2)",0.102137824278506,0,"medulla_early","up","promoter",FALSE,1,0.279358340249684,0.53327776811505,"JUN"
"MA1136.1","FOSB::JUNB(var.2)",0.13339034148279,0,"medulla_early","up","promoter",FALSE,1,0.96844474611884,0.411848333434714,"FOSB"
"MA1143.1","FOSL1::JUND(var.2)",0.125344529431656,0,"medulla_early","up","promoter",FALSE,1,1.9734779914701,0.0610657843457058,"FOSL1"
"MA1148.1","PPARA::RXRA",0.104747051097593,0,"medulla_early","up","promoter",FALSE,1,-2.17245135865531,0.01727194628715,"PPARA"
"MA1151.1","RORC",-0.120728378852425,0,"medulla_early","up","promoter",FALSE,1,-1.44829188970955,0.0202767377537535,"RORC"
"MA1152.1","SOX15",-0.106626896403342,0,"medulla_early","up","promoter",FALSE,1,0.953583951967304,0.160632342851924,"SOX15"
"MA0831.2","TFE3",0.0810162180945051,0,"medulla_early","up","promoter",FALSE,1,0.157119415994807,0.411028556531742,"TFE3"
"MA1420.1","IRF5",0.036371514351119,0,"medulla_early","up","promoter",FALSE,1,1.08168154959185,0.0494240730108758,"IRF5"
"MA1464.1","ARNT2",0.0802589723341836,0,"medulla_early","up","promoter",FALSE,1,0.175509527767202,0.712440287996641,"ARNT2"
"MA1466.1","ATF6",-0.240932757022852,0,"medulla_early","up","promoter",FALSE,1,-0.20769078701211,0.428682654817829,"ATF6"
"MA1101.2","BACH2",-0.235383164728791,0,"medulla_early","up","promoter",FALSE,1,0.459716888743106,0.378466067576624,"BACH2"
"MA1474.1","CREB3L4",-0.219231060192579,0,"medulla_early","up","promoter",FALSE,1,0.909872145054698,0.0193111826545978,"CREB3L4"
"MA1483.1","ELF2",-0.225720630246848,0,"medulla_early","up","promoter",FALSE,1,0.090553311647553,0.76926287352926,"ELF2"
"MA1489.1","FOXN3",-0.0759463677034535,0,"medulla_early","up","promoter",FALSE,1,0.160178289234369,0.666277751302449,"FOXN3"
"MA1491.1","GLI3",-0.114640022159529,0,"medulla_early","up","promoter",FALSE,1,0.407270905295038,0.408445282088167,"GLI3"
"MA1497.1","HOXA6",-0.184168403409098,0,"medulla_early","up","promoter",FALSE,1,0.195094839051146,0.7873503474939,"HOXA6"
"MA1498.1","HOXA7",-0.24623439198758,0,"medulla_early","up","promoter",FALSE,1,-0.276953008905456,0.388168841493804,"HOXA7"
"MA1499.1","HOXB4",0.203513210047198,0,"medulla_early","up","promoter",FALSE,1,0.923532481964308,0.10502922755723,"HOXB4"
"MA1500.1","HOXB6",-0.167851227905029,0,"medulla_early","up","promoter",FALSE,1,0.972427033922479,0.037117422551965,"HOXB6"
"MA1501.1","HOXB7",-0.118947801446934,0,"medulla_early","up","promoter",FALSE,1,0.796220698308481,0.0449801807976968,"HOXB7"
"MA1502.1","HOXB8",-0.112836564686285,0,"medulla_early","up","promoter",FALSE,1,1.50614907231795,0.028281935823576,"HOXB8"
"MA1503.1","HOXB9",0.151081849504527,0,"medulla_early","up","promoter",FALSE,1,1.71896984879122,0.0310114814551874,"HOXB9"
"MA1505.1","HOXC8",-0.0903148918320169,0,"medulla_early","up","promoter",FALSE,1,0.22990274756825,0.609613463583714,"HOXC8"
"MA1509.1","IRF6",0.0809002088579005,0,"medulla_early","up","promoter",FALSE,1,-0.42699161178928,0.143434514916259,"IRF6"
"MA1512.1","KLF11",-0.0313747696036906,0,"medulla_early","up","promoter",FALSE,1,0.400278587623946,0.405050733579513,"KLF11"
"MA1513.1","KLF15",0.00114345499393487,0,"medulla_early","up","promoter",FALSE,1,-1.50515123593805,0.094601456969957,"KLF15"
"MA1517.1","KLF6",-0.0502893570579381,0,"medulla_early","up","promoter",FALSE,1,0.453874513879102,0.250247038580837,"KLF6"
"MA1518.1","LHX1",-0.26521660807395,0,"medulla_early","up","promoter",FALSE,1,0.859538805973193,0.273437316058076,"LHX1"
"MA1520.1","MAF",-0.118118310185236,0,"medulla_early","up","promoter",FALSE,1,-0.870991278944142,0.0930440080726412,"MAF"
"MA1522.1","MAZ",0.0221695089054741,0,"medulla_early","up","promoter",FALSE,1,-0.0662527965574329,0.796490045480872,"MAZ"
"MA1531.1","NR1D1",0.00498818303287507,0,"medulla_early","up","promoter",FALSE,1,-0.508080441846018,0.292798903775563,"NR1D1"
"MA1534.1","NR1I3",0.052401834775007,0,"medulla_early","up","promoter",FALSE,1,-5.14622220673261,0.0220666565189061,"NR1I3"
"MA1535.1","NR2C1",-0.0963012830112335,0,"medulla_early","up","promoter",FALSE,1,0.0224387231974288,0.962554461719847,"NR2C1"
"MA1541.1","NR6A1",-0.0261228089578713,0,"medulla_early","up","promoter",FALSE,1,0.129919435705774,0.700415493114661,"NR6A1"
"MA1544.1","OVOL1",0.0758839465088608,0,"medulla_early","up","promoter",FALSE,1,-0.0542884210873513,0.932093252830415,"OVOL1"
"MA1545.1","OVOL2",-0.155505532876136,0,"medulla_early","up","promoter",FALSE,1,-1.51411161014149,0.0279948551554561,"OVOL2"
"MA1547.1","PITX2",-0.420468251407653,0,"medulla_early","up","promoter",FALSE,1,-2.19794747352486,0.0216477849535036,"PITX2"
"MA1550.1","PPARD",-0.229346005757092,0,"medulla_early","up","promoter",FALSE,1,0.939040456806554,0.0134950986177877,"PPARD"
"MA1554.1","RFX7",-0.0854864719061901,0,"medulla_early","up","promoter",FALSE,1,-0.319882325762399,0.695988332884165,"RFX7"
"MA1557.1","SMAD5",0.102548663848272,0,"medulla_early","up","promoter",FALSE,1,-0.19844517351265,0.667504862339741,"SMAD5"
"MA1558.1","SNAI1",-0.163843968388006,0,"medulla_early","up","promoter",FALSE,1,0.861788063542812,0.0999052927634928,"SNAI1"
"MA1561.1","SOX12",-0.372246704981135,0,"medulla_early","up","promoter",FALSE,1,-0.00135974356103929,0.998023804829377,"SOX12"
"MA1563.1","SOX18",-0.69227659940153,0,"medulla_early","up","promoter",FALSE,1,0.530377666863851,0.210919437528209,"SOX18"
"MA1567.1","TBX6",0.0852715622813962,0,"medulla_early","up","promoter",FALSE,1,-0.0800585809925347,0.903155259195917,"TBX6"
"MA1573.1","THAP11",-0.139349352002262,0,"medulla_early","up","promoter",FALSE,1,0.0244354180583501,0.93860093078286,"THAP11"
"MA1574.1","THRB",-0.0249436403797061,0,"medulla_early","up","promoter",FALSE,1,-0.871757602464749,0.0162137740761793,"THRB"
"MA1579.1","ZBTB26",0.0452549665384643,0,"medulla_early","up","promoter",FALSE,1,-0.0780110016343287,0.881242888034179,"ZBTB26"
"MA1583.1","ZFP57",-0.132874546437868,0,"medulla_early","up","promoter",FALSE,1,0.134092175958993,0.562705373638005,"ZFP57"
"MA1585.1","ZKSCAN1",-0.484265481038458,0,"medulla_early","up","promoter",FALSE,1,-0.304598762343511,0.145769931770526,"ZKSCAN1"
"MA1589.1","ZNF140",-0.0761247267522669,0,"medulla_early","up","promoter",FALSE,1,-0.0447137839251823,0.92551117188291,"ZNF140"
"MA1592.1","ZNF274",0.193244572403694,0,"medulla_early","up","promoter",FALSE,1,0.397951684128125,0.147600235838813,"ZNF274"
"MA1594.1","ZNF382",0.128462326657504,0,"medulla_early","up","promoter",FALSE,1,-0.492122058559193,0.274319589478132,"ZNF382"
"MA1600.1","ZNF684",0.206249092856391,0,"medulla_early","up","promoter",FALSE,1,-0.166230213359421,0.717357247080262,"ZNF684"
"MA1601.1","ZNF75D",-0.0465282135236604,0,"medulla_early","up","promoter",FALSE,1,-0.205791944644021,0.211360968701263,"ZNF75D"
"MA1602.1","ZSCAN29",-0.403107681587679,0,"medulla_early","up","promoter",FALSE,1,-0.211109284167653,0.616081035276761,"ZSCAN29"
"MA0605.2","ATF3",0.174529016273486,0,"medulla_early","up","promoter",FALSE,1,1.3783222303847,0.0649353280088722,"ATF3"
"MA0864.2","E2F2",-0.106912227862879,0,"medulla_early","up","promoter",FALSE,1,-0.216786191028822,0.855788553625119,"E2F2"
"MA0469.3","E2F3",0.192621609504594,0,"medulla_early","up","promoter",FALSE,1,-1.29813101000581,0.0434882470441721,"E2F3"
"MA0470.2","E2F4",-0.153372063581557,0,"medulla_early","up","promoter",FALSE,1,0.333538314515133,0.0558883269588453,"E2F4"
"MA0847.2","FOXD2",0.0721422451787976,0,"medulla_early","up","promoter",FALSE,1,-1.71185376512621,0.0476922763200513,"FOXD2"
"MA0766.2","GATA5",0.0407206227102819,0,"medulla_early","up","promoter",FALSE,1,-0.822036966990803,0.163893619637216,"GATA5"
"MA0734.2","GLI2",-0.251742566028017,0,"medulla_early","up","promoter",FALSE,1,0.7920876358478,0.126422216899128,"GLI2"
"MA1099.2","HES1",0.0423839290337611,0,"medulla_early","up","promoter",FALSE,1,1.0523647188129,0.0217040749021563,"HES1"
"MA0158.2","HOXA5",-0.0135237033262454,0,"medulla_early","up","promoter",FALSE,1,0.498572000283622,0.0898190982935082,"HOXA5"
"MA0594.2","HOXA9",-0.328989579828304,0,"medulla_early","up","promoter",FALSE,1,-0.395853823605739,0.142581043349053,"HOXA9"
"MA0902.2","HOXB2",0.17600245884378,0,"medulla_early","up","promoter",FALSE,1,1.28655277822506,0.0276985719995865,"HOXB2"
"MA0904.2","HOXB5",0.204689162848334,0,"medulla_early","up","promoter",FALSE,1,0.9513562847419,0.0328768746966467,"HOXB5"
"MA0485.2","HOXC9",0.103940481426792,0,"medulla_early","up","promoter",FALSE,1,0.22502508240418,0.477332550343115,"HOXC9"
"MA0910.2","HOXD8",-0.0534159366972462,0,"medulla_early","up","promoter",FALSE,1,0.0195025047579254,0.963421332228965,"HOXD8"
"MA0842.2","NRL",-0.407459707362332,0,"medulla_early","up","promoter",FALSE,1,-0.507917598485353,0.222996091684312,"NRL"
"MA0867.2","SOX4",0.065241727428428,0,"medulla_early","up","promoter",FALSE,1,0.631476589277892,0.180500143593306,"SOX4"
"MA0079.4","SP1",0.002815387827936,0,"medulla_early","up","promoter",FALSE,1,-0.180632118297754,0.728641937763737,"SP1"
"MA0516.2","SP2",-0.0487976520822748,0,"medulla_early","up","promoter",FALSE,1,0.333263735841164,0.0909624918857382,"SP2"
"MA0746.2","SP3",0.0337969288701601,0,"medulla_early","up","promoter",FALSE,1,-0.0013356159558171,0.998255133438624,"SP3"
"MA0871.2","TFEC",0.172557599733935,0,"medulla_early","up","promoter",FALSE,1,-2.21934887902808,0.0310114814551874,"TFEC"
"MA0753.2","ZNF740",0.0156455954000538,0,"medulla_early","up","promoter",FALSE,1,0.0740848988032319,0.646852173747967,"ZNF740"
"MA1637.1","EBF3",0.0108428888921237,0,"medulla_early","up","promoter",FALSE,1,0.850373604387806,0.233827549351016,"EBF3"
"MA1644.1","NFYC",0.0358821116991788,0,"medulla_early","up","promoter",FALSE,1,0.0218313061929445,0.950139638118914,"NFYC"
"MA1646.1","OSR2",0.0880751235869095,0,"medulla_early","up","promoter",FALSE,1,1.07561974212186,0.158150127864044,"OSR2"
"MA1647.1","PRDM4",0.0709020804067224,0,"medulla_early","up","promoter",FALSE,1,0.220576874884808,0.276463550317491,"PRDM4"
"MA1649.1","ZBTB12",-0.251684498902326,0,"medulla_early","up","promoter",FALSE,1,0.11882836870654,0.807731451728948,"ZBTB12"
"MA1651.1","ZFP42",-0.395738782382068,0,"medulla_early","up","promoter",FALSE,1,1.3795986142512,0.0701917929827533,"ZFP42"
"MA1652.1","ZKSCAN5",-0.0715771201276505,0,"medulla_early","up","promoter",FALSE,1,0.175729895800091,0.514179238121014,"ZKSCAN5"
"MA1655.1","ZNF341",-0.0414024410699394,0,"medulla_early","up","promoter",FALSE,1,-0.0944097856469739,0.774884105033327,"ZNF341"
"MA1683.1","FOXA3",0.100819274705612,0,"medulla_early","up","promoter",FALSE,1,2.84314408223347,0.0435714266850292,"FOXA3"
"MA0833.2","ATF4",-0.136099021052982,0,"medulla_early","up","promoter",FALSE,1,0.520837578505526,0.0394037648987395,"ATF4"
"MA0102.4","CEBPA",0.0223890293264337,0,"medulla_early","up","promoter",FALSE,1,-0.738576815360503,0.204007466239598,"CEBPA"
"MA0836.2","CEBPD",-0.0691595886335046,0,"medulla_early","up","promoter",FALSE,1,1.438773802334,0.0386344708993244,"CEBPD"
"MA0471.2","E2F6",-0.0134462487151144,0,"medulla_early","up","promoter",FALSE,1,0.0768778221849864,0.763381562456652,"E2F6"
"MA0154.4","EBF1",0.0219684471932355,0,"medulla_early","up","promoter",FALSE,1,0.0125549850936881,0.970460907417909,"EBF1"
"MA0473.3","ELF1",0.0750442593355913,0,"medulla_early","up","promoter",FALSE,1,0.185857579716268,0.592689574785557,"ELF1"
"MA0592.3","ESRRA",-0.142006520143754,0,"medulla_early","up","promoter",FALSE,1,-0.603850735885334,0.126149020809492,"ESRRA"
"MA0765.2","ETV5",-0.0505346119977439,0,"medulla_early","up","promoter",FALSE,1,-1.5518623101589,0.0205922510861573,"ETV5"
"MA1103.2","FOXK2",0.12439885146277,0,"medulla_early","up","promoter",FALSE,1,-0.455562189771514,0.0586136849824151,"FOXK2"
"MA0481.3","FOXP1",0.155994338123891,0,"medulla_early","up","promoter",FALSE,1,0.182612820616685,0.444871328409441,"FOXP1"
"MA1104.2","GATA6",0.136373516061505,0,"medulla_early","up","promoter",FALSE,1,0.600672216276934,0.188166445206497,"GATA6"
"MA1105.2","GRHL2",-0.45725591890114,0,"medulla_early","up","promoter",FALSE,1,0.85188475913007,0.081288610877865,"GRHL2"
"MA0043.3","HLF",-0.260315464225966,0,"medulla_early","up","promoter",FALSE,1,-0.643490632147318,0.0980279086316728,"HLF"
"MA0484.2","HNF4G",0.0964624328982229,0,"medulla_early","up","promoter",FALSE,1,-3.1103236919031,0.0134950986177877,"HNF4G"
"MA0039.4","KLF4",-0.00997757323100146,0,"medulla_early","up","promoter",FALSE,1,0.974693044612211,0.0636455015044703,"KLF4"
"MA1107.2","KLF9",0.00327915894504649,0,"medulla_early","up","promoter",FALSE,1,-0.587903376235794,0.408118900902291,"KLF9"
"MA0495.3","MAFF",-0.209903949895353,0,"medulla_early","up","promoter",FALSE,1,1.6233980809504,0.017958398165307,"MAFF"
"MA0659.2","MAFG",-0.11516511282728,0,"medulla_early","up","promoter",FALSE,1,0.0152952582781625,0.966046275424772,"MAFG"
"MA0496.3","MAFK",-0.192691282390594,0,"medulla_early","up","promoter",FALSE,1,0.097010989711154,0.796108480555888,"MAFK"
"MA1108.2","MXI1",-0.0508222952909776,0,"medulla_early","up","promoter",FALSE,1,-0.906677660770016,0.0388835804979007,"MXI1"
"MA0056.2","MZF1",-0.120897710655287,0,"medulla_early","up","promoter",FALSE,1,0.25305893591519,0.202232546733271,"MZF1"
"MA0089.2","NFE2L1",-0.609494763190979,0,"medulla_early","up","promoter",FALSE,1,0.247186036800803,0.281164169069091,"NFE2L1"
"MA0025.2","NFIL3",-0.0909939003413309,0,"medulla_early","up","promoter",FALSE,1,0.790068646035492,0.064194527834963,"NFIL3"
"MA0502.2","NFYB",-0.00683915573750937,0,"medulla_early","up","promoter",FALSE,1,0.23677978422968,0.272965768589987,"NFYB"
"MA1112.2","NR4A1",-0.159212012906117,0,"medulla_early","up","promoter",FALSE,1,0.675924232975686,0.583915033713709,"NR4A1"
"MA0679.2","ONECUT1",-0.262271053514726,0,"medulla_early","up","promoter",FALSE,1,-3.7065724616312,0.0317003906499811,"ONECUT1"
"MA1113.2","PBX2",-0.0750425809282689,0,"medulla_early","up","promoter",FALSE,1,0.182851860673326,0.346830635089818,"PBX2"
"MA0508.3","PRDM1",-0.0506171099323707,0,"medulla_early","up","promoter",FALSE,1,0.476147591593726,0.573731024201796,"PRDM1"
"MA0509.2","RFX1",-0.36500377509225,0,"medulla_early","up","promoter",FALSE,1,0.22031524079772,0.341770568814762,"RFX1"
"MA0798.2","RFX3",-0.227996546920076,0,"medulla_early","up","promoter",FALSE,1,-0.0839041882493117,0.875093779565871,"RFX3"
"MA0684.2","RUNX3",0.0790183649029848,0,"medulla_early","up","promoter",FALSE,1,1.2080016725545,0.182396353745437,"RUNX3"
"MA0745.2","SNAI2",-0.0919596848471658,0,"medulla_early","up","promoter",FALSE,1,1.17036870659601,0.0134950986177877,"SNAI2"
"MA0080.5","SPI1",0.0311573576202786,0,"medulla_early","up","promoter",FALSE,1,1.67905569265027,0.0636158128565348,"SPI1"
"MA0522.3","TCF3",-0.0314651486265358,0,"medulla_early","up","promoter",FALSE,1,0.507566700207939,0.0280927985771345,"TCF3"
"MA0830.2","TCF4",-0.144450662754178,0,"medulla_early","up","promoter",FALSE,1,0.389016801723167,0.397974930333454,"TCF4"
"MA0769.2","TCF7",0.118017597156657,0,"medulla_early","up","promoter",FALSE,1,0.55069342337898,0.297036318782577,"TCF7"
"MA0090.3","TEAD1",-0.007973457687946,0,"medulla_early","up","promoter",FALSE,1,0.144843631425045,0.825466152858346,"TEAD1"
"MA0809.2","TEAD4",-0.300548997573022,0,"medulla_early","up","promoter",FALSE,1,0.765428275730018,0.0404444595868159,"TEAD4"
"MA0003.4","TFAP2A",-0.102734761403211,0,"medulla_early","up","promoter",FALSE,1,1.19516253571842,0.081288610877865,"TFAP2A"
"MA1123.2","TWIST1",-0.134762046038943,0,"medulla_early","up","promoter",FALSE,1,-1.59309069660885,0.0449801807976968,"TWIST1"
"MA0528.2","ZNF263",-0.00396734810227528,0,"medulla_early","up","promoter",FALSE,1,0.271097059250764,0.141801847387358,"ZNF263"
"MA0729.1","RARA",NA,NA,"medulla_early","up","promoter",FALSE,NA,0.251003205299105,0.278689679787823,"RARA"
"MA0731.1","BCL6B",NA,NA,"medulla_early","up","promoter",FALSE,NA,0.789413968880608,0.0339258113759447,"BCL6B"
"MA0037.3","GATA3",0.481985227476159,0.503857812281645,"medulla_early","up","enhancer",FALSE,0.313431172788053,1.3346717036592,0.0806260329034313,"GATA3"
"MA0139.1","CTCF",0.308879492534231,0.0390642255675875,"medulla_early","up","enhancer",FALSE,0.913978067980108,-0.000874132390872084,0.99774228554015,"CTCF"
"MA0738.1","HIC2",0.217928274325168,0.0390642255675875,"medulla_early","up","enhancer",FALSE,0.913978067980108,0.123466707296829,0.804065561599467,"HIC2"
"MA0795.1","SMAD3",0.527678181600094,0.0390642255675875,"medulla_early","up","enhancer",FALSE,0.913978067980108,0.177474480259113,0.636591761967708,"SMAD3"
"MA0804.1","TBX19",0.517650235055513,0.0390642255675875,"medulla_early","up","enhancer",FALSE,0.913978067980108,0.0275307397447122,0.956877001480823,"TBX19"
"MA0466.2","CEBPB",0.528585955217133,0.0390642255675875,"medulla_early","up","enhancer",FALSE,0.913978067980108,1.5202115841024,0.0153019499647919,"CEBPB"
"MA0036.3","GATA2",0.276600123989938,0.0390642255675875,"medulla_early","up","enhancer",FALSE,0.913978067980108,1.15848203058517,0.039107559291993,"GATA2"
"MA0766.2","GATA5",0.42616305792241,0.0390642255675875,"medulla_early","up","enhancer",FALSE,0.913978067980108,-0.822036966990803,0.163893619637216,"GATA5"
"MA1656.1","ZNF449",0.210706626899665,0.0390642255675875,"medulla_early","up","enhancer",FALSE,0.913978067980108,0.239194657937899,0.528016811331997,"ZNF449"
"MA0154.4","EBF1",0.167424684871614,0.0390642255675875,"medulla_early","up","enhancer",FALSE,0.913978067980108,0.0125549850936881,0.970460907417909,"EBF1"
"MA1104.2","GATA6",0.339665584177463,0.0390642255675875,"medulla_early","up","enhancer",FALSE,0.913978067980108,0.600672216276934,0.188166445206497,"GATA6"
"MA0025.2","NFIL3",0.369668067651891,0.0390642255675875,"medulla_early","up","enhancer",FALSE,0.913978067980108,0.790068646035492,0.064194527834963,"NFIL3"
"MA0051.1","IRF2",-0.0195732589422954,0.00632258536689814,"medulla_early","up","enhancer",FALSE,0.985547168710307,0.222137248725054,0.312243359118917,"IRF2"
"MA0059.1","MAX::MYC",0.119545870693443,0.00632258536689814,"medulla_early","up","enhancer",FALSE,0.985547168710307,0.271522953883504,0.147301447432832,"MAX"
"MA0070.1","PBX1",-0.0422433114475185,0.00632258536689814,"medulla_early","up","enhancer",FALSE,0.985547168710307,0.543198366580411,0.107678491415961,"PBX1"
"MA0073.1","RREB1",0.0780603655822425,0.00632258536689814,"medulla_early","up","enhancer",FALSE,0.985547168710307,-0.284958489325675,0.439839560466864,"RREB1"
"MA0074.1","RXRA::VDR",0.141867447856997,0.00632258536689814,"medulla_early","up","enhancer",FALSE,0.985547168710307,-1.27913553121649,0.165303952902181,"VDR"
"MA0077.1","SOX9",0.294248294793931,0.00632258536689814,"medulla_early","up","enhancer",FALSE,0.985547168710307,0.0291535110865756,0.977483202509387,"SOX9"
"MA0091.1","TAL1::TCF3",0.0601306131977344,0.00632258536689814,"medulla_early","up","enhancer",FALSE,0.985547168710307,0.798942238781588,0.0272796609271787,"TAL1"
"MA0101.1","REL",-0.0293586214284325,0.00632258536689814,"medulla_early","up","enhancer",FALSE,0.985547168710307,-0.0193170770089262,0.991304581858302,"REL"
"MA0107.1","RELA",-0.038522987301131,0.00632258536689814,"medulla_early","up","enhancer",FALSE,0.985547168710307,0.579893364955569,0.0190450667248155,"RELA"
"MA0119.1","NFIC::TLX1",0.0369133674975135,0.00632258536689814,"medulla_early","up","enhancer",FALSE,0.985547168710307,0.097679176962334,0.738354796903388,"NFIC"
"MA0138.2","REST",0.369215533641662,0.00632258536689814,"medulla_early","up","enhancer",FALSE,0.985547168710307,-0.0949623807216522,0.838218397343616,"REST"
"MA0152.1","NFATC2",-0.0104562863624809,0.00632258536689814,"medulla_early","up","enhancer",FALSE,0.985547168710307,0.676704194619269,0.167919844799307,"NFATC2"
"MA0160.1","NR4A2",0.000743330052588753,0.00632258536689814,"medulla_early","up","enhancer",FALSE,0.985547168710307,0.725667831787121,0.441255409887344,"NR4A2"
"MA0163.1","PLAG1",0.155654931110772,0.00632258536689814,"medulla_early","up","enhancer",FALSE,0.985547168710307,0.512497636806037,0.469952279887831,"PLAG1"
"MA0259.1","ARNT::HIF1A",-0.0280439394805487,0.00632258536689814,"medulla_early","up","enhancer",FALSE,0.985547168710307,1.04117704397309,0.178813420070858,"HIF1A"
"MA0476.1","FOS",0.0332010218792798,0.00632258536689814,"medulla_early","up","enhancer",FALSE,0.985547168710307,0.833230264158733,0.452583737017769,"FOS"
"MA0497.1","MEF2C",0.0575220353495434,0.00632258536689814,"medulla_early","up","enhancer",FALSE,0.985547168710307,0.476418078339048,0.0988007420919421,"MEF2C"
"MA0501.1","MAF::NFE2",0.294679851368365,0.00632258536689814,"medulla_early","up","enhancer",FALSE,0.985547168710307,-0.870991278944142,0.0930440080726412,"MAF"
"MA0506.1","NRF1",0.0493360781820176,0.00632258536689814,"medulla_early","up","enhancer",FALSE,0.985547168710307,0.380634117441259,0.0642087533849316,"NRF1"
"MA0507.1","POU2F2",0.0689043185240017,0.00632258536689814,"medulla_early","up","enhancer",FALSE,0.985547168710307,1.58318370744051,0.0707840992975005,"POU2F2"
"MA0513.1","SMAD2::SMAD3::SMAD4",0.0150847547589299,0.00632258536689814,"medulla_early","up","enhancer",FALSE,0.985547168710307,-0.192837359235304,0.433364321152432,"SMAD4"
"MA0517.1","STAT1::STAT2",-0.043060836338884,0.00632258536689814,"medulla_early","up","enhancer",FALSE,0.985547168710307,0.938329362011193,0.099434494930946,"STAT1"
"MA0523.1","TCF7L2",0.180718861097678,0.00632258536689814,"medulla_early","up","enhancer",FALSE,0.985547168710307,0.420036257415145,0.118793484995643,"TCF7L2"
"MA0076.2","ELK4",0.108486828820946,0.00632258536689814,"medulla_early","up","enhancer",FALSE,0.985547168710307,-0.534466366729815,0.413162694444284,"ELK4"
"MA0050.2","IRF1",-0.0433807141284763,0.00632258536689814,"medulla_early","up","enhancer",FALSE,0.985547168710307,1.50356995512709,0.0225323428242336,"IRF1"
"MA0137.3","STAT1",-0.00794883516625422,0.00632258536689814,"medulla_early","up","enhancer",FALSE,0.985547168710307,0.938329362011193,0.099434494930946,"STAT1"
"MA0095.2","YY1",-0.0479632662454943,0.00632258536689814,"medulla_early","up","enhancer",FALSE,0.985547168710307,-0.132916635869064,0.498109819184393,"YY1"
"MA0595.1","SREBF1",0.229851619577298,0.00632258536689814,"medulla_early","up","enhancer",FALSE,0.985547168710307,-0.403568976526925,0.455463154300618,"SREBF1"
"MA0596.1","SREBF2",0.0952720125563484,0.00632258536689814,"medulla_early","up","enhancer",FALSE,0.985547168710307,-0.328740913543506,0.520055289512477,"SREBF2"
"MA0597.1","THAP1",0.169032575998851,0.00632258536689814,"medulla_early","up","enhancer",FALSE,0.985547168710307,-0.166508034133676,0.54507088152635,"THAP1"
"MA0625.1","NFATC3",0.134628656012178,0.00632258536689814,"medulla_early","up","enhancer",FALSE,0.985547168710307,-0.0253446977600298,0.920610099552946,"NFATC3"
"MA0636.1","BHLHE41",0.00212863806674424,0.00632258536689814,"medulla_early","up","enhancer",FALSE,0.985547168710307,0.200293766777133,0.709322541958218,"BHLHE41"
"MA0638.1","CREB3",-0.0145226004953569,0.00632258536689814,"medulla_early","up","enhancer",FALSE,0.985547168710307,0.288082796455454,0.271735738199765,"CREB3"
"MA0136.2","ELF5",0.101274682861839,0.00632258536689814,"medulla_early","up","enhancer",FALSE,0.985547168710307,1.26640822306633,0.167151840142565,"ELF5"
"MA0042.2","FOXI1",-0.0269407189275457,0.00632258536689814,"medulla_early","up","enhancer",FALSE,0.985547168710307,-1.00207677959519,0.130036679691947,"FOXI1"
"MA0647.1","GRHL1",0.0406936120466934,0.00632258536689814,"medulla_early","up","enhancer",FALSE,0.985547168710307,0.891639472788421,0.144113440335442,"GRHL1"
"MA0131.2","HINFP",0.12211171659884,0.00632258536689814,"medulla_early","up","enhancer",FALSE,0.985547168710307,-0.00605995418865568,0.984367282956734,"HINFP"
"MA0046.2","HNF1A",0.0939787062326465,0.00632258536689814,"medulla_early","up","enhancer",FALSE,0.985547168710307,-3.73335937880184,0.0212680300495519,"HNF1A"
"MA0651.1","HOXC11",0.216346292470702,0.00632258536689814,"medulla_early","up","enhancer",FALSE,0.985547168710307,0.743162405256826,0.279905517427726,"HOXC11"
"MA0652.1","IRF8",0.216964795652893,0.00632258536689814,"medulla_early","up","enhancer",FALSE,0.985547168710307,1.2014900297991,0.0750354753981774,"IRF8"
"MA0653.1","IRF9",0.123684932494323,0.00632258536689814,"medulla_early","up","enhancer",FALSE,0.985547168710307,1.16627744633299,0.0137129769988415,"IRF9"
"MA0655.1","JDP2",0.297450593838277,0.00632258536689814,"medulla_early","up","enhancer",FALSE,0.985547168710307,1.14409642079808,0.0153019499647919,"JDP2"
"MA0658.1","LHX6",-0.0661676794381512,0.00632258536689814,"medulla_early","up","enhancer",FALSE,0.985547168710307,0.602436613097864,0.138833355641819,"LHX6"
"MA0660.1","MEF2B",0.41935923403982,0.00632258536689814,"medulla_early","up","enhancer",FALSE,0.985547168710307,-0.532190006362803,0.596634918876072,"MEF2B"
"MA0663.1","MLX",0.175625510927696,0.00632258536689814,"medulla_early","up","enhancer",FALSE,0.985547168710307,-0.0109643400459651,0.967283746686265,"MLX"
"MA0664.1","MLXIPL",0.1351766452461,0.00632258536689814,"medulla_early","up","enhancer",FALSE,0.985547168710307,-3.52863764993125,0.0217040749021563,"MLXIPL"
"MA0666.1","MSX1",0.13635394302371,0.00632258536689814,"medulla_early","up","enhancer",FALSE,0.985547168710307,0.440913695031239,0.329369527400538,"MSX1"
"MA0670.1","NFIA",0.0100954687650656,0.00632258536689814,"medulla_early","up","enhancer",FALSE,0.985547168710307,-0.281805493764772,0.379892752867281,"NFIA"
"MA0671.1","NFIX",0.0941976879937609,0.00632258536689814,"medulla_early","up","enhancer",FALSE,0.985547168710307,0.554574499737766,0.0480007194372781,"NFIX"
"MA0688.1","TBX2",0.0859077790172424,0.00632258536689814,"medulla_early","up","enhancer",FALSE,0.985547168710307,0.198685427913855,0.606516511932311,"TBX2"
"MA0690.1","TBX21",0.150731379241736,0.00632258536689814,"medulla_early","up","enhancer",FALSE,0.985547168710307,1.27940374781479,0.257890738270315,"TBX21"
"MA0691.1","TFAP4",-0.0240266289512858,0.00632258536689814,"medulla_early","up","enhancer",FALSE,0.985547168710307,-0.206592447464464,0.480308054599867,"TFAP4"
"MA0145.3","TFCP2",0.33810216910879,0.00632258536689814,"medulla_early","up","enhancer",FALSE,0.985547168710307,-0.107755923772473,0.56102995576346,"TFCP2"
"MA0692.1","TFEB",-0.0347559202428522,0.00632258536689814,"medulla_early","up","enhancer",FALSE,0.985547168710307,0.35687010369081,0.128464536476835,"TFEB"
"MA0694.1","ZBTB7B",0.0537352140605334,0.00632258536689814,"medulla_early","up","enhancer",FALSE,0.985547168710307,-0.230422039910176,0.570771175853258,"ZBTB7B"
"MA0695.1","ZBTB7C",0.165356657763519,0.00632258536689814,"medulla_early","up","enhancer",FALSE,0.985547168710307,0.828274234468886,0.104976498063167,"ZBTB7C"
"MA0716.1","PRRX1",-0.0471479651032682,0.00632258536689814,"medulla_early","up","enhancer",FALSE,0.985547168710307,-0.274791206147191,0.606864661009051,"PRRX1"
"MA0113.3","NR3C1",0.129705103815041,0.00632258536689814,"medulla_early","up","enhancer",FALSE,0.985547168710307,-0.513169439232175,0.0890028114618912,"NR3C1"
"MA0727.1","NR3C2",-0.0171030441570403,0.00632258536689814,"medulla_early","up","enhancer",FALSE,0.985547168710307,0.183834376944348,0.756748509580763,"NR3C2"
"MA0731.1","BCL6B",0.105531977222388,0.00632258536689814,"medulla_early","up","enhancer",FALSE,0.985547168710307,0.789413968880608,0.0339258113759447,"BCL6B"
"MA0472.2","EGR2",0.142731483663391,0.00632258536689814,"medulla_early","up","enhancer",FALSE,0.985547168710307,2.38491518033238,0.0488731436887641,"EGR2"
"MA0735.1","GLIS1",0.260322521734716,0.00632258536689814,"medulla_early","up","enhancer",FALSE,0.985547168710307,-1.36884160429724,0.140906317724698,"GLIS1"
"MA0737.1","GLIS3",0.141552279219476,0.00632258536689814,"medulla_early","up","enhancer",FALSE,0.985547168710307,-0.260893479774252,0.562371970570225,"GLIS3"
"MA0741.1","KLF16",0.104723793112303,0.00632258536689814,"medulla_early","up","enhancer",FALSE,0.985547168710307,0.313067045202356,0.288497905633079,"KLF16"
"MA0088.2","ZNF143",0.104463724965385,0.00632258536689814,"medulla_early","up","enhancer",FALSE,0.985547168710307,-0.0774181347819791,0.772858706268453,"ZNF143"
"MA0754.1","CUX1",0.159889196713243,0.00632258536689814,"medulla_early","up","enhancer",FALSE,0.985547168710307,-0.739131933862636,0.0376999381310971,"CUX1"
"MA0760.1","ERF",0.0245139298537547,0.00632258536689814,"medulla_early","up","enhancer",FALSE,0.985547168710307,-0.409914171238,0.201369825267356,"ERF"
"MA0098.3","ETS1",-0.0424965682849709,0.00632258536689814,"medulla_early","up","enhancer",FALSE,0.985547168710307,0.128215768387732,0.852045257423533,"ETS1"
"MA0768.1","LEF1",0.0537691940252705,0.00632258536689814,"medulla_early","up","enhancer",FALSE,0.985547168710307,0.650872478596595,0.163893619637216,"LEF1"
"MA0772.1","IRF7",0.0183684267229385,0.00632258536689814,"medulla_early","up","enhancer",FALSE,0.985547168710307,0.856907633305489,0.191051905123836,"IRF7"
"MA0773.1","MEF2D",0.30696267882564,0.00632258536689814,"medulla_early","up","enhancer",FALSE,0.985547168710307,0.35211754124701,0.087527144700603,"MEF2D"
"MA0776.1","MYBL1",0.086170068443403,0.00632258536689814,"medulla_early","up","enhancer",FALSE,0.985547168710307,0.292504628237292,0.713263249804878,"MYBL1"
"MA0105.4","NFKB1",-0.00320204199863205,0.00632258536689814,"medulla_early","up","enhancer",FALSE,0.985547168710307,0.379930647824102,0.162736007842491,"NFKB1"
"MA0778.1","NFKB2",0.197650971529374,0.00632258536689814,"medulla_early","up","enhancer",FALSE,0.985547168710307,0.526483561813297,0.0632738265647081,"NFKB2"
"MA0785.1","POU2F1",0.109047193709239,0.00632258536689814,"medulla_early","up","enhancer",FALSE,0.985547168710307,-0.071411983141451,0.891977029241261,"POU2F1"
"MA0788.1","POU3F3",-0.0472633716360988,0.00632258536689814,"medulla_early","up","enhancer",FALSE,0.985547168710307,-0.360497149355814,0.240326728177945,"POU3F3"
"MA0793.1","POU6F2",-0.0158687826275843,0.00632258536689814,"medulla_early","up","enhancer",FALSE,0.985547168710307,1.34916812417096,0.171923904386873,"POU6F2"
"MA0794.1","PROX1",0.189883326909476,0.00632258536689814,"medulla_early","up","enhancer",FALSE,0.985547168710307,0.781492065860204,0.396430412631936,"PROX1"
"MA0796.1","TGIF1",-0.0451364613463121,0.00632258536689814,"medulla_early","up","enhancer",FALSE,0.985547168710307,0.769417549383641,0.0854961321059382,"TGIF1"
"MA0510.2","RFX5",-0.00179335883071996,0.00632258536689814,"medulla_early","up","enhancer",FALSE,0.985547168710307,0.494626091371601,0.0612080498598236,"RFX5"
"MA0800.1","EOMES",0.0590761085507028,0.00632258536689814,"medulla_early","up","enhancer",FALSE,0.985547168710307,1.26130077834922,0.366172506569951,"EOMES"
"MA0801.1","MGA",0.0445089969278269,0.00632258536689814,"medulla_early","up","enhancer",FALSE,0.985547168710307,0.0943896467132888,0.804951368712809,"MGA"
"MA0805.1","TBX1",0.131507142139397,0.00632258536689814,"medulla_early","up","enhancer",FALSE,0.985547168710307,1.07871851609212,0.211136005047463,"TBX1"
"MA0808.1","TEAD3",0.106559043349561,0.00632258536689814,"medulla_early","up","enhancer",FALSE,0.985547168710307,0.422537941971592,0.0770772325683264,"TEAD3"
"MA0811.1","TFAP2B",0.0315139930895825,0.00632258536689814,"medulla_early","up","enhancer",FALSE,0.985547168710307,-0.146093515886961,0.802852344930414,"TFAP2B"
"MA0464.2","BHLHE40",0.0855128223813733,0.00632258536689814,"medulla_early","up","enhancer",FALSE,0.985547168710307,0.696310732226617,0.139776368704943,"BHLHE40"
"MA0819.1","CLOCK",0.134273539986155,0.00632258536689814,"medulla_early","up","enhancer",FALSE,0.985547168710307,-0.2943154510049,0.642617000343182,"CLOCK"
"MA0823.1","HEY1",-0.0144225149123089,0.00632258536689814,"medulla_early","up","enhancer",FALSE,0.985547168710307,-0.156075957248471,0.857065973958851,"HEY1"
"MA0058.3","MAX",-0.0104089381212562,0.00632258536689814,"medulla_early","up","enhancer",FALSE,0.985547168710307,0.271522953883504,0.147301447432832,"MAX"
"MA0825.1","MNT",-0.0113875265315189,0.00632258536689814,"medulla_early","up","enhancer",FALSE,0.985547168710307,0.290486020846487,0.21272259790518,"MNT"
"MA0838.1","CEBPG",0.348072761282215,0.00632258536689814,"medulla_early","up","enhancer",FALSE,0.985547168710307,-0.0242852266622666,0.939076416212833,"CEBPG"
"MA0839.1","CREB3L1",0.00673691673535437,0.00632258536689814,"medulla_early","up","enhancer",FALSE,0.985547168710307,1.25715256857348,0.0719404967773018,"CREB3L1"
"MA0032.2","FOXC1",0.0576900659741213,0.00632258536689814,"medulla_early","up","enhancer",FALSE,0.985547168710307,0.580998630500591,0.163866115222073,"FOXC1"
"MA0846.1","FOXC2",0.0649254547001732,0.00632258536689814,"medulla_early","up","enhancer",FALSE,0.985547168710307,0.394689052961632,0.290072040172465,"FOXC2"
"MA0848.1","FOXO4",-0.0269407189275457,0.00632258536689814,"medulla_early","up","enhancer",FALSE,0.985547168710307,-0.378574428888762,0.125279661077036,"FOXO4"
"MA0861.1","TP73",-0.0361095995652265,0.00632258536689814,"medulla_early","up","enhancer",FALSE,0.985547168710307,-1.05236075986777,0.187407756098221,"TP73"
"MA0862.1","GMEB2",0.0841363330825402,0.00632258536689814,"medulla_early","up","enhancer",FALSE,0.985547168710307,0.369081875599014,0.1262648203929,"GMEB2"
"MA0889.1","GBX1",0.0396540285140592,0.00632258536689814,"medulla_early","up","enhancer",FALSE,0.985547168710307,0.478325978059717,0.369958336793171,"GBX1"
"MA0895.1","HMBOX1",-0.00874007687971901,0.00632258536689814,"medulla_early","up","enhancer",FALSE,0.985547168710307,-0.600179551191433,0.154888826804182,"HMBOX1"
"MA0899.1","HOXA10",-0.0290995913020708,0.00632258536689814,"medulla_early","up","enhancer",FALSE,0.985547168710307,-0.0473590996798983,0.864104889838253,"HOXA10"
"MA0905.1","HOXC10",0.130495531261825,0.00632258536689814,"medulla_early","up","enhancer",FALSE,0.985547168710307,0.212930247047329,0.442224783742765,"HOXC10"
"MA0908.1","HOXD11",0.260374039912745,0.00632258536689814,"medulla_early","up","enhancer",FALSE,0.985547168710307,0.519200299129846,0.223592890007439,"HOXD11"
"MA0852.2","FOXK1",0.0102756667133148,0.00632258536689814,"medulla_early","up","enhancer",FALSE,0.985547168710307,-0.211564287873506,0.36352655384297,"FOXK1"
"MA1106.1","HIF1A",0.085231763318192,0.00632258536689814,"medulla_early","up","enhancer",FALSE,0.985547168710307,1.04117704397309,0.178813420070858,"HIF1A"
"MA0147.3","MYC",0.0501601757564671,0.00632258536689814,"medulla_early","up","enhancer",FALSE,0.985547168710307,0.784772420579083,0.22383335518793,"MYC"
"MA0014.3","PAX5",0.175384855550223,0.00632258536689814,"medulla_early","up","enhancer",FALSE,0.985547168710307,2.11600005888026,0.0318670180300926,"PAX5"
"MA1114.1","PBX3",0.0226274698464835,0.00632258536689814,"medulla_early","up","enhancer",FALSE,0.985547168710307,-0.290254427274215,0.575778526369282,"PBX3"
"MA1120.1","SOX13",0.185298135196363,0.00632258536689814,"medulla_early","up","enhancer",FALSE,0.985547168710307,0.311606527364911,0.272124212584795,"SOX13"
"MA0750.2","ZBTB7A",0.0755528906384582,0.00632258536689814,"medulla_early","up","enhancer",FALSE,0.985547168710307,0.269647846350933,0.179638073990771,"ZBTB7A"
"MA1125.1","ZNF384",0.0928626792272071,0.00632258536689814,"medulla_early","up","enhancer",FALSE,0.985547168710307,0.0126906233976918,0.950318411999697,"ZNF384"
"MA1154.1","ZNF282",0.0439275088359903,0.00632258536689814,"medulla_early","up","enhancer",FALSE,0.985547168710307,-0.310812240175454,0.14447995694465,"ZNF282"
"MA0099.3","FOS::JUN",0.00778312901769151,0.00632258536689814,"medulla_early","up","enhancer",FALSE,0.985547168710307,0.833230264158733,0.452583737017769,"FOS"
"MA1127.1","FOSB::JUN",-0.0112910282129501,0.00632258536689814,"medulla_early","up","enhancer",FALSE,0.985547168710307,0.96844474611884,0.411848333434714,"FOSB"
"MA1128.1","FOSL1::JUN",0.0515365331296351,0.00632258536689814,"medulla_early","up","enhancer",FALSE,0.985547168710307,1.9734779914701,0.0610657843457058,"FOSL1"
"MA1129.1","FOSL1::JUN(var.2)",0.0759074032707634,0.00632258536689814,"medulla_early","up","enhancer",FALSE,0.985547168710307,1.9734779914701,0.0610657843457058,"FOSL1"
"MA1130.1","FOSL2::JUN",0.0329575491102352,0.00632258536689814,"medulla_early","up","enhancer",FALSE,0.985547168710307,1.11642145947387,0.0267171782287447,"FOSL2"
"MA1131.1","FOSL2::JUN(var.2)",-0.0245517074114669,0.00632258536689814,"medulla_early","up","enhancer",FALSE,0.985547168710307,1.11642145947387,0.0267171782287447,"FOSL2"
"MA1132.1","JUN::JUNB",0.233547047982827,0.00632258536689814,"medulla_early","up","enhancer",FALSE,0.985547168710307,1.46763912831928,0.0679259533057009,"JUNB"
"MA1133.1","JUN::JUNB(var.2)",0.130557050901863,0.00632258536689814,"medulla_early","up","enhancer",FALSE,0.985547168710307,0.279358340249684,0.53327776811505,"JUN"
"MA1134.1","FOS::JUNB",0.179101661076569,0.00632258536689814,"medulla_early","up","enhancer",FALSE,0.985547168710307,1.46763912831928,0.0679259533057009,"JUNB"
"MA1135.1","FOSB::JUNB",0.0578268921684577,0.00632258536689814,"medulla_early","up","enhancer",FALSE,0.985547168710307,1.46763912831928,0.0679259533057009,"JUNB"
"MA1136.1","FOSB::JUNB(var.2)",0.0285549142398924,0.00632258536689814,"medulla_early","up","enhancer",FALSE,0.985547168710307,0.96844474611884,0.411848333434714,"FOSB"
"MA1137.1","FOSL1::JUNB",0.11136982842254,0.00632258536689814,"medulla_early","up","enhancer",FALSE,0.985547168710307,1.9734779914701,0.0610657843457058,"FOSL1"
"MA1138.1","FOSL2::JUNB",-0.0247229179738078,0.00632258536689814,"medulla_early","up","enhancer",FALSE,0.985547168710307,1.11642145947387,0.0267171782287447,"FOSL2"
"MA1139.1","FOSL2::JUNB(var.2)",0.203576258599439,0.00632258536689814,"medulla_early","up","enhancer",FALSE,0.985547168710307,1.11642145947387,0.0267171782287447,"FOSL2"
"MA1141.1","FOS::JUND",0.0952320502827027,0.00632258536689814,"medulla_early","up","enhancer",FALSE,0.985547168710307,0.833230264158733,0.452583737017769,"FOS"
"MA1142.1","FOSL1::JUND",-0.0369331477713848,0.00632258536689814,"medulla_early","up","enhancer",FALSE,0.985547168710307,1.9734779914701,0.0610657843457058,"FOSL1"
"MA1143.1","FOSL1::JUND(var.2)",-0.0174061385157129,0.00632258536689814,"medulla_early","up","enhancer",FALSE,0.985547168710307,1.9734779914701,0.0610657843457058,"FOSL1"
"MA1144.1","FOSL2::JUND",0.0224034334627241,0.00632258536689814,"medulla_early","up","enhancer",FALSE,0.985547168710307,1.11642145947387,0.0267171782287447,"FOSL2"
"MA1145.1","FOSL2::JUND(var.2)",0.00291172960820063,0.00632258536689814,"medulla_early","up","enhancer",FALSE,0.985547168710307,1.11642145947387,0.0267171782287447,"FOSL2"
"MA1146.1","NR1H4::RXRA",0.115674935861496,0.00632258536689814,"medulla_early","up","enhancer",FALSE,0.985547168710307,-2.65290680162632,0.0293717527661552,"NR1H4"
"MA1147.1","NR4A2::RXRA",0.0901419025337518,0.00632258536689814,"medulla_early","up","enhancer",FALSE,0.985547168710307,0.725667831787121,0.441255409887344,"NR4A2"
"MA1149.1","RARA::RXRG",0.0215302553229719,0.00632258536689814,"medulla_early","up","enhancer",FALSE,0.985547168710307,-2.08682302791845,0.0841091298451762,"RXRG"
"MA1151.1","RORC",0.0187561493178814,0.00632258536689814,"medulla_early","up","enhancer",FALSE,0.985547168710307,-1.44829188970955,0.0202767377537535,"RORC"
"MA0831.2","TFE3",0.107577058272983,0.00632258536689814,"medulla_early","up","enhancer",FALSE,0.985547168710307,0.157119415994807,0.411028556531742,"TFE3"
"MA0693.2","VDR",-0.0211491565683906,0.00632258536689814,"medulla_early","up","enhancer",FALSE,0.985547168710307,-1.27913553121649,0.165303952902181,"VDR"
"MA1418.1","IRF3",0.0906973091007597,0.00632258536689814,"medulla_early","up","enhancer",FALSE,0.985547168710307,0.349421878511716,0.2132767738104,"IRF3"
"MA1419.1","IRF4",0.0654584293829457,0.00632258536689814,"medulla_early","up","enhancer",FALSE,0.985547168710307,-0.400228479677541,0.767396072927768,"IRF4"
"MA1420.1","IRF5",0.0115944789665576,0.00632258536689814,"medulla_early","up","enhancer",FALSE,0.985547168710307,1.08168154959185,0.0494240730108758,"IRF5"
"MA1421.1","TCF7L1",0.190504739243436,0.00632258536689814,"medulla_early","up","enhancer",FALSE,0.985547168710307,0.338994531026588,0.198906743125843,"TCF7L1"
"MA1464.1","ARNT2",0.0750130391227444,0.00632258536689814,"medulla_early","up","enhancer",FALSE,0.985547168710307,0.175509527767202,0.712440287996641,"ARNT2"
"MA1466.1","ATF6",-0.0184452922677396,0.00632258536689814,"medulla_early","up","enhancer",FALSE,0.985547168710307,-0.20769078701211,0.428682654817829,"ATF6"
"MA1101.2","BACH2",0.142352579563779,0.00632258536689814,"medulla_early","up","enhancer",FALSE,0.985547168710307,0.459716888743106,0.378466067576624,"BACH2"
"MA1474.1","CREB3L4",0.142900410612649,0.00632258536689814,"medulla_early","up","enhancer",FALSE,0.985547168710307,0.909872145054698,0.0193111826545978,"CREB3L4"
"MA1489.1","FOXN3",0.164062518829147,0.00632258536689814,"medulla_early","up","enhancer",FALSE,0.985547168710307,0.160178289234369,0.666277751302449,"FOXN3"
"MA1491.1","GLI3",0.0147991997163359,0.00632258536689814,"medulla_early","up","enhancer",FALSE,0.985547168710307,0.407270905295038,0.408445282088167,"GLI3"
"MA1495.1","HOXA1",0.00246908439174209,0.00632258536689814,"medulla_early","up","enhancer",FALSE,0.985547168710307,0.243878473632861,0.65411316189125,"HOXA1"
"MA1496.1","HOXA4",0.0495734692202312,0.00632258536689814,"medulla_early","up","enhancer",FALSE,0.985547168710307,0.517190595932911,0.129097296627107,"HOXA4"
"MA1498.1","HOXA7",0.0264280639472263,0.00632258536689814,"medulla_early","up","enhancer",FALSE,0.985547168710307,-0.276953008905456,0.388168841493804,"HOXA7"
"MA1500.1","HOXB6",0.0910680006065236,0.00632258536689814,"medulla_early","up","enhancer",FALSE,0.985547168710307,0.972427033922479,0.037117422551965,"HOXB6"
"MA1502.1","HOXB8",0.0343343591005292,0.00632258536689814,"medulla_early","up","enhancer",FALSE,0.985547168710307,1.50614907231795,0.028281935823576,"HOXB8"
"MA1503.1","HOXB9",0.215504479145902,0.00632258536689814,"medulla_early","up","enhancer",FALSE,0.985547168710307,1.71896984879122,0.0310114814551874,"HOXB9"
"MA1505.1","HOXC8",0.000878440421890225,0.00632258536689814,"medulla_early","up","enhancer",FALSE,0.985547168710307,0.22990274756825,0.609613463583714,"HOXC8"
"MA1506.1","HOXD10",0.0792108130367977,0.00632258536689814,"medulla_early","up","enhancer",FALSE,0.985547168710307,0.245930895638537,0.460838638008666,"HOXD10"
"MA1508.1","IKZF1",0.0521747970756756,0.00632258536689814,"medulla_early","up","enhancer",FALSE,0.985547168710307,0.922307088489775,0.307305349999776,"IKZF1"
"MA1509.1","IRF6",-0.00515894453143506,0.00632258536689814,"medulla_early","up","enhancer",FALSE,0.985547168710307,-0.42699161178928,0.143434514916259,"IRF6"
"MA1511.1","KLF10",0.0465572505592338,0.00632258536689814,"medulla_early","up","enhancer",FALSE,0.985547168710307,1.11749456254712,0.0632738265647081,"KLF10"
"MA1512.1","KLF11",-0.023806482605881,0.00632258536689814,"medulla_early","up","enhancer",FALSE,0.985547168710307,0.400278587623946,0.405050733579513,"KLF11"
"MA1515.1","KLF2",0.00668899576310444,0.00632258536689814,"medulla_early","up","enhancer",FALSE,0.985547168710307,1.20868607866865,0.0160629005005414,"KLF2"
"MA1516.1","KLF3",-0.00221449714990385,0.00632258536689814,"medulla_early","up","enhancer",FALSE,0.985547168710307,0.152031886608195,0.705872909637477,"KLF3"
"MA1517.1","KLF6",0.0526863760503016,0.00632258536689814,"medulla_early","up","enhancer",FALSE,0.985547168710307,0.453874513879102,0.250247038580837,"KLF6"
"MA1518.1","LHX1",0.171337400815714,0.00632258536689814,"medulla_early","up","enhancer",FALSE,0.985547168710307,0.859538805973193,0.273437316058076,"LHX1"
"MA1520.1","MAF",0.304128077727929,0.00632258536689814,"medulla_early","up","enhancer",FALSE,0.985547168710307,-0.870991278944142,0.0930440080726412,"MAF"
"MA1522.1","MAZ",0.0118045545680978,0.00632258536689814,"medulla_early","up","enhancer",FALSE,0.985547168710307,-0.0662527965574329,0.796490045480872,"MAZ"
"MA1525.1","NFATC4",0.0955703346344476,0.00632258536689814,"medulla_early","up","enhancer",FALSE,0.985547168710307,0.684673032968421,0.0877976400145844,"NFATC4"
"MA1532.1","NR1D2",0.0806900264734463,0.00632258536689814,"medulla_early","up","enhancer",FALSE,0.985547168710307,-0.38699424575702,0.438934763122458,"NR1D2"
"MA1534.1","NR1I3",0.1880566811053,0.00632258536689814,"medulla_early","up","enhancer",FALSE,0.985547168710307,-5.14622220673261,0.0220666565189061,"NR1I3"
"MA1541.1","NR6A1",0.103829102011451,0.00632258536689814,"medulla_early","up","enhancer",FALSE,0.985547168710307,0.129919435705774,0.700415493114661,"NR6A1"
"MA1542.1","OSR1",-0.0494515590423479,0.00632258536689814,"medulla_early","up","enhancer",FALSE,0.985547168710307,-0.841567334858739,0.239162362042823,"OSR1"
"MA1545.1","OVOL2",0.0346326003896138,0.00632258536689814,"medulla_early","up","enhancer",FALSE,0.985547168710307,-1.51411161014149,0.0279948551554561,"OVOL2"
"MA1554.1","RFX7",0.172685208801771,0.00632258536689814,"medulla_early","up","enhancer",FALSE,0.985547168710307,-0.319882325762399,0.695988332884165,"RFX7"
"MA1557.1","SMAD5",0.0734345785000947,0.00632258536689814,"medulla_early","up","enhancer",FALSE,0.985547168710307,-0.19844517351265,0.667504862339741,"SMAD5"
"MA1561.1","SOX12",0.276023582086673,0.00632258536689814,"medulla_early","up","enhancer",FALSE,0.985547168710307,-0.00135974356103929,0.998023804829377,"SOX12"
"MA1563.1","SOX18",0.267303000245773,0.00632258536689814,"medulla_early","up","enhancer",FALSE,0.985547168710307,0.530377666863851,0.210919437528209,"SOX18"
"MA1567.1","TBX6",0.0347017339045834,0.00632258536689814,"medulla_early","up","enhancer",FALSE,0.985547168710307,-0.0800585809925347,0.903155259195917,"TBX6"
"MA1574.1","THRB",0.0438095110591847,0.00632258536689814,"medulla_early","up","enhancer",FALSE,0.985547168710307,-0.871757602464749,0.0162137740761793,"THRB"
"MA1579.1","ZBTB26",0.0890202760479113,0.00632258536689814,"medulla_early","up","enhancer",FALSE,0.985547168710307,-0.0780110016343287,0.881242888034179,"ZBTB26"
"MA1585.1","ZKSCAN1",0.016127309925289,0.00632258536689814,"medulla_early","up","enhancer",FALSE,0.985547168710307,-0.304598762343511,0.145769931770526,"ZKSCAN1"
"MA1601.1","ZNF75D",0.00936181802959357,0.00632258536689814,"medulla_early","up","enhancer",FALSE,0.985547168710307,-0.205791944644021,0.211360968701263,"ZNF75D"
"MA1602.1","ZSCAN29",0.378354879947363,0.00632258536689814,"medulla_early","up","enhancer",FALSE,0.985547168710307,-0.211109284167653,0.616081035276761,"ZSCAN29"
"MA0605.2","ATF3",0.0767343419040483,0.00632258536689814,"medulla_early","up","enhancer",FALSE,0.985547168710307,1.3783222303847,0.0649353280088722,"ATF3"
"MA0462.2","BATF::JUN",0.113529796675854,0.00632258536689814,"medulla_early","up","enhancer",FALSE,0.985547168710307,1.77001737501451,0.0165273791537193,"BATF"
"MA0847.2","FOXD2",0.137951278556838,0.00632258536689814,"medulla_early","up","enhancer",FALSE,0.985547168710307,-1.71185376512621,0.0476922763200513,"FOXD2"
"MA0038.2","GFI1",0.121148914032546,0.00632258536689814,"medulla_early","up","enhancer",FALSE,0.985547168710307,1.41721417969181,0.259440598676568,"GFI1"
"MA0734.2","GLI2",0.173326920195551,0.00632258536689814,"medulla_early","up","enhancer",FALSE,0.985547168710307,0.7920876358478,0.126422216899128,"GLI2"
"MA1099.2","HES1",0.0792606431135834,0.00632258536689814,"medulla_early","up","enhancer",FALSE,0.985547168710307,1.0523647188129,0.0217040749021563,"HES1"
"MA0594.2","HOXA9",0.109936097615043,0.00632258536689814,"medulla_early","up","enhancer",FALSE,0.985547168710307,-0.395853823605739,0.142581043349053,"HOXA9"
"MA0902.2","HOXB2",0.0204287391551503,0.00632258536689814,"medulla_early","up","enhancer",FALSE,0.985547168710307,1.28655277822506,0.0276985719995865,"HOXB2"
"MA0485.2","HOXC9",0.241483978037264,0.00632258536689814,"medulla_early","up","enhancer",FALSE,0.985547168710307,0.22502508240418,0.477332550343115,"HOXC9"
"MA0910.2","HOXD8",0.0610208008505904,0.00632258536689814,"medulla_early","up","enhancer",FALSE,0.985547168710307,0.0195025047579254,0.963421332228965,"HOXD8"
"MA0913.2","HOXD9",0.0187661994791997,0.00632258536689814,"medulla_early","up","enhancer",FALSE,0.985547168710307,0.363175183870902,0.348536646428583,"HOXD9"
"MA0842.2","NRL",0.189053762142819,0.00632258536689814,"medulla_early","up","enhancer",FALSE,0.985547168710307,-0.507917598485353,0.222996091684312,"NRL"
"MA0516.2","SP2",0.154999445678389,0.00632258536689814,"medulla_early","up","enhancer",FALSE,0.985547168710307,0.333263735841164,0.0909624918857382,"SP2"
"MA0632.2","TCFL5",0.0599393325815392,0.00632258536689814,"medulla_early","up","enhancer",FALSE,0.985547168710307,-0.126853717735606,0.627466142266146,"TCFL5"
"MA0871.2","TFEC",0.156741259393677,0.00632258536689814,"medulla_early","up","enhancer",FALSE,0.985547168710307,-2.21934887902808,0.0310114814551874,"TFEC"
"MA0753.2","ZNF740",-0.000601421586033268,0.00632258536689814,"medulla_early","up","enhancer",FALSE,0.985547168710307,0.0740848988032319,0.646852173747967,"ZNF740"
"MA1632.1","ATF2",-0.0101434155764357,0.00632258536689814,"medulla_early","up","enhancer",FALSE,0.985547168710307,-0.23703910398746,0.49811164292577,"ATF2"
"MA1633.1","BACH1",-0.00231026683871338,0.00632258536689814,"medulla_early","up","enhancer",FALSE,0.985547168710307,0.214031205102808,0.701593357073759,"BACH1"
"MA1634.1","BATF",0.0889827010954614,0.00632258536689814,"medulla_early","up","enhancer",FALSE,0.985547168710307,1.77001737501451,0.0165273791537193,"BATF"
"MA1637.1","EBF3",0.104866508071678,0.00632258536689814,"medulla_early","up","enhancer",FALSE,0.985547168710307,0.850373604387806,0.233827549351016,"EBF3"
"MA1643.1","NFIB",0.267737194647755,0.00632258536689814,"medulla_early","up","enhancer",FALSE,0.985547168710307,-0.483343468881396,0.135551986577199,"NFIB"
"MA1644.1","NFYC",-0.0501821640850482,0.00632258536689814,"medulla_early","up","enhancer",FALSE,0.985547168710307,0.0218313061929445,0.950139638118914,"NFYC"
"MA1646.1","OSR2",0.0404901698783897,0.00632258536689814,"medulla_early","up","enhancer",FALSE,0.985547168710307,1.07561974212186,0.158150127864044,"OSR2"
"MA1647.1","PRDM4",0.0370559893483939,0.00632258536689814,"medulla_early","up","enhancer",FALSE,0.985547168710307,0.220576874884808,0.276463550317491,"PRDM4"
"MA1650.1","ZBTB14",0.0233863524964626,0.00632258536689814,"medulla_early","up","enhancer",FALSE,0.985547168710307,-0.150896721353386,0.575162487054768,"ZBTB14"
"MA1651.1","ZFP42",0.0217607674836025,0.00632258536689814,"medulla_early","up","enhancer",FALSE,0.985547168710307,1.3795986142512,0.0701917929827533,"ZFP42"
"MA1652.1","ZKSCAN5",0.0025416986222897,0.00632258536689814,"medulla_early","up","enhancer",FALSE,0.985547168710307,0.175729895800091,0.514179238121014,"ZKSCAN5"
"MA1654.1","ZNF16",-0.0097435179139822,0.00632258536689814,"medulla_early","up","enhancer",FALSE,0.985547168710307,0.355942077218786,0.0862032818800201,"ZNF16"
"MA1655.1","ZNF341",0.0883885700157627,0.00632258536689814,"medulla_early","up","enhancer",FALSE,0.985547168710307,-0.0944097856469739,0.774884105033327,"ZNF341"
"MA0833.2","ATF4",0.0669653911688588,0.00632258536689814,"medulla_early","up","enhancer",FALSE,0.985547168710307,0.520837578505526,0.0394037648987395,"ATF4"
"MA0835.2","BATF3",0.167444607903576,0.00632258536689814,"medulla_early","up","enhancer",FALSE,0.985547168710307,1.20210807772793,0.0619080985520392,"BATF3"
"MA0102.4","CEBPA",-0.0235034032906372,0.00632258536689814,"medulla_early","up","enhancer",FALSE,0.985547168710307,-0.738576815360503,0.204007466239598,"CEBPA"
"MA0836.2","CEBPD",0.0346127186455787,0.00632258536689814,"medulla_early","up","enhancer",FALSE,0.985547168710307,1.438773802334,0.0386344708993244,"CEBPD"
"MA0018.4","CREB1",0.0495611263735558,0.00632258536689814,"medulla_early","up","enhancer",FALSE,0.985547168710307,0.0567679261621343,0.866912918285141,"CREB1"
"MA0471.2","E2F6",-0.00836047310869859,0.00632258536689814,"medulla_early","up","enhancer",FALSE,0.985547168710307,0.0768778221849864,0.763381562456652,"E2F6"
"MA0598.3","EHF",0.083323142671631,0.00632258536689814,"medulla_early","up","enhancer",FALSE,0.985547168710307,0.942393161790712,0.224968328504338,"EHF"
"MA0473.3","ELF1",-0.027411187665086,0.00632258536689814,"medulla_early","up","enhancer",FALSE,0.985547168710307,0.185857579716268,0.592689574785557,"ELF1"
"MA0640.2","ELF3",0.0304955125297806,0.00632258536689814,"medulla_early","up","enhancer",FALSE,0.985547168710307,1.4522504083541,0.0266606788847339,"ELF3"
"MA0592.3","ESRRA",-0.00846062473725162,0.00632258536689814,"medulla_early","up","enhancer",FALSE,0.985547168710307,-0.603850735885334,0.126149020809492,"ESRRA"
"MA0761.2","ETV1",-0.0184115626820489,0.00632258536689814,"medulla_early","up","enhancer",FALSE,0.985547168710307,-0.652898023478825,0.144113440335442,"ETV1"
"MA0764.2","ETV4",0.0576658549337079,0.00632258536689814,"medulla_early","up","enhancer",FALSE,0.985547168710307,1.03211159070944,0.0770106041443126,"ETV4"
"MA0477.2","FOSL1",0.0173371450320268,0.00632258536689814,"medulla_early","up","enhancer",FALSE,0.985547168710307,1.9734779914701,0.0610657843457058,"FOSL1"
"MA0062.3","GABPA",0.00109509912767969,0.00632258536689814,"medulla_early","up","enhancer",FALSE,0.985547168710307,-0.261928783878441,0.347760452717804,"GABPA"
"MA0043.3","HLF",0.227698891824485,0.00632258536689814,"medulla_early","up","enhancer",FALSE,0.985547168710307,-0.643490632147318,0.0980279086316728,"HLF"
"MA0490.2","JUNB",-0.0437738794766434,0.00632258536689814,"medulla_early","up","enhancer",FALSE,0.985547168710307,1.46763912831928,0.0679259533057009,"JUNB"
"MA0491.2","JUND",0.104688963089169,0.00632258536689814,"medulla_early","up","enhancer",FALSE,0.985547168710307,0.198551752417357,0.652707839196132,"JUND"
"MA0039.4","KLF4",0.00823481863618802,0.00632258536689814,"medulla_early","up","enhancer",FALSE,0.985547168710307,0.974693044612211,0.0636455015044703,"KLF4"
"MA1107.2","KLF9",0.00847285912653106,0.00632258536689814,"medulla_early","up","enhancer",FALSE,0.985547168710307,-0.587903376235794,0.408118900902291,"KLF9"
"MA0659.2","MAFG",-0.00214506023479988,0.00632258536689814,"medulla_early","up","enhancer",FALSE,0.985547168710307,0.0152952582781625,0.966046275424772,"MAFG"
"MA0496.3","MAFK",0.0752595801583569,0.00632258536689814,"medulla_early","up","enhancer",FALSE,0.985547168710307,0.097010989711154,0.796108480555888,"MAFK"
"MA0052.4","MEF2A",-0.0315024569750868,0.00632258536689814,"medulla_early","up","enhancer",FALSE,0.985547168710307,0.477202995958361,0.126934093423039,"MEF2A"
"MA0056.2","MZF1",0.119240340866527,0.00632258536689814,"medulla_early","up","enhancer",FALSE,0.985547168710307,0.25305893591519,0.202232546733271,"MZF1"
"MA0089.2","NFE2L1",0.120236850620918,0.00632258536689814,"medulla_early","up","enhancer",FALSE,0.985547168710307,0.247186036800803,0.281164169069091,"NFE2L1"
"MA0502.2","NFYB",0.108606986037572,0.00632258536689814,"medulla_early","up","enhancer",FALSE,0.985547168710307,0.23677978422968,0.272965768589987,"NFYB"
"MA1112.2","NR4A1",0.0177695917325025,0.00632258536689814,"medulla_early","up","enhancer",FALSE,0.985547168710307,0.675924232975686,0.583915033713709,"NR4A1"
"MA0679.2","ONECUT1",0.0256813415051074,0.00632258536689814,"medulla_early","up","enhancer",FALSE,0.985547168710307,-3.7065724616312,0.0317003906499811,"ONECUT1"
"MA1113.2","PBX2",-0.00739320127342236,0.00632258536689814,"medulla_early","up","enhancer",FALSE,0.985547168710307,0.182851860673326,0.346830635089818,"PBX2"
"MA0782.2","PKNOX1",0.172731120724359,0.00632258536689814,"medulla_early","up","enhancer",FALSE,0.985547168710307,0.356020399006283,0.103617179404249,"PKNOX1"
"MA0508.3","PRDM1",0.0591694033012429,0.00632258536689814,"medulla_early","up","enhancer",FALSE,0.985547168710307,0.476147591593726,0.573731024201796,"PRDM1"
"MA0509.2","RFX1",-0.0119842559581764,0.00632258536689814,"medulla_early","up","enhancer",FALSE,0.985547168710307,0.22031524079772,0.341770568814762,"RFX1"
"MA0798.2","RFX3",0.0837504834897143,0.00632258536689814,"medulla_early","up","enhancer",FALSE,0.985547168710307,-0.0839041882493117,0.875093779565871,"RFX3"
"MA0684.2","RUNX3",-0.00384561086156143,0.00632258536689814,"medulla_early","up","enhancer",FALSE,0.985547168710307,1.2080016725545,0.182396353745437,"RUNX3"
"MA0080.5","SPI1",0.102724381331349,0.00632258536689814,"medulla_early","up","enhancer",FALSE,0.985547168710307,1.67905569265027,0.0636158128565348,"SPI1"
"MA0769.2","TCF7",0.0348334301203232,0.00632258536689814,"medulla_early","up","enhancer",FALSE,0.985547168710307,0.55069342337898,0.297036318782577,"TCF7"
"MA0090.3","TEAD1",0.0366004753554945,0.00632258536689814,"medulla_early","up","enhancer",FALSE,0.985547168710307,0.144843631425045,0.825466152858346,"TEAD1"
"MA0809.2","TEAD4",0.0306308019722463,0.00632258536689814,"medulla_early","up","enhancer",FALSE,0.985547168710307,0.765428275730018,0.0404444595868159,"TEAD4"
"MA0003.4","TFAP2A",-0.000453431134777915,0.00632258536689814,"medulla_early","up","enhancer",FALSE,0.985547168710307,1.19516253571842,0.081288610877865,"TFAP2A"
"MA1123.2","TWIST1",0.0414044038758332,0.00632258536689814,"medulla_early","up","enhancer",FALSE,0.985547168710307,-1.59309069660885,0.0449801807976968,"TWIST1"
"MA0528.2","ZNF263",-0.00689171632752483,0.00632258536689814,"medulla_early","up","enhancer",FALSE,0.985547168710307,0.271097059250764,0.141801847387358,"ZNF263"
"MA0649.1","HEY2",-0.0500742099580176,0.00564944967123838,"medulla_early","up","enhancer",FALSE,0.987075904158179,-0.585690987323064,0.233646483942642,"HEY2"
"MA0855.1","RXRB",-0.0714308269875721,0.00564944967123838,"medulla_early","up","enhancer",FALSE,0.987075904158179,0.0182701870018782,0.927183327398293,"RXRB"
"MA1121.1","TEAD2",-0.0452513064876037,0.00564944967123838,"medulla_early","up","enhancer",FALSE,0.987075904158179,0.958886010687263,0.0237339766038364,"TEAD2"
"MA0864.2","E2F2",-0.068957949564358,0.00564944967123838,"medulla_early","up","enhancer",FALSE,0.987075904158179,-0.216786191028822,0.855788553625119,"E2F2"
"MA0071.1","RORA",-0.120566040920901,0.0053462603292513,"medulla_early","up","enhancer",FALSE,0.987765241449,-0.646097564647312,0.137965775448693,"RORA"
"MA0159.1","RARA::RXRA",-0.0582775312266257,0.0053462603292513,"medulla_early","up","enhancer",FALSE,0.987765241449,0.251003205299105,0.278689679787823,"RARA"
"MA0478.1","FOSL2",-0.0660327713206303,0.0053462603292513,"medulla_early","up","enhancer",FALSE,0.987765241449,1.11642145947387,0.0267171782287447,"FOSL2"
"MA0488.1","JUN",-0.116826674297802,0.0053462603292513,"medulla_early","up","enhancer",FALSE,0.987765241449,0.279358340249684,0.53327776811505,"JUN"
"MA0504.1","NR2C2",-0.0775186118989266,0.0053462603292513,"medulla_early","up","enhancer",FALSE,0.987765241449,0.0337155019952089,0.949735800056559,"NR2C2"
"MA0527.1","ZBTB33",-0.206319577947371,0.0053462603292513,"medulla_early","up","enhancer",FALSE,0.987765241449,-0.109293803021875,0.828831884436742,"ZBTB33"
"MA0144.2","STAT3",-0.0572606565648854,0.0053462603292513,"medulla_early","up","enhancer",FALSE,0.987765241449,0.685142979052263,0.0314097015086705,"STAT3"
"MA0593.1","FOXP2",-0.135524648380305,0.0053462603292513,"medulla_early","up","enhancer",FALSE,0.987765241449,-0.616503529471229,0.382023060817818,"FOXP2"
"MA0599.1","KLF5",-0.0393090858436977,0.0053462603292513,"medulla_early","up","enhancer",FALSE,0.987765241449,0.992907703790705,0.285076906521638,"KLF5"
"MA0628.1","POU6F1",-0.197691761264291,0.0053462603292513,"medulla_early","up","enhancer",FALSE,0.987765241449,0.529922106867129,0.138645572763802,"POU6F1"
"MA0641.1","ELF4",-0.0702100081332935,0.0053462603292513,"medulla_early","up","enhancer",FALSE,0.987765241449,1.1226702167972,0.0220485053110765,"ELF4"
"MA0475.2","FLI1",-0.075001939659562,0.0053462603292513,"medulla_early","up","enhancer",FALSE,0.987765241449,0.62252159666859,0.0488731436887641,"FLI1"
"MA0033.2","FOXL1",-0.0920060237943749,0.0053462603292513,"medulla_early","up","enhancer",FALSE,0.987765241449,0.019523715237681,0.980153536640451,"FOXL1"
"MA0153.2","HNF1B",-0.121073337198407,0.0053462603292513,"medulla_early","up","enhancer",FALSE,0.987765241449,-0.229678886145343,0.472628326754574,"HNF1B"
"MA0657.1","KLF13",-0.22545052569561,0.0053462603292513,"medulla_early","up","enhancer",FALSE,0.987765241449,-0.045423145616744,0.922561550105351,"KLF13"
"MA0141.3","ESRRB",-0.121693199066812,0.0053462603292513,"medulla_early","up","enhancer",FALSE,0.987765241449,-0.0272734074675025,0.984076692807865,"ESRRB"
"MA0017.2","NR2F1",-0.0788115184489326,0.0053462603292513,"medulla_early","up","enhancer",FALSE,0.987765241449,0.327472633382561,0.467487977793477,"NR2F1"
"MA0736.1","GLIS2",-0.0848960612023184,0.0053462603292513,"medulla_early","up","enhancer",FALSE,0.987765241449,-0.678516578146343,0.0226806851536931,"GLIS2"
"MA0749.1","ZBED1",0.0104282767275783,0.0053462603292513,"medulla_early","up","enhancer",FALSE,0.987765241449,0.423079845049261,0.0517960088760821,"ZBED1"
"MA0752.1","ZNF410",-0.0666207508471106,0.0053462603292513,"medulla_early","up","enhancer",FALSE,0.987765241449,-0.0971555037232443,0.657836257419547,"ZNF410"
"MA0759.1","ELK3",-0.102579714827997,0.0053462603292513,"medulla_early","up","enhancer",FALSE,0.987765241449,0.701141513968615,0.017915864727413,"ELK3"
"MA0474.2","ERG",-0.0817663047456012,0.0053462603292513,"medulla_early","up","enhancer",FALSE,0.987765241449,0.955144012421275,0.0319871216227914,"ERG"
"MA0762.1","ETV2",-0.108076197880684,0.0053462603292513,"medulla_early","up","enhancer",FALSE,0.987765241449,0.694455503288438,0.168986975665191,"ETV2"
"MA0763.1","ETV3",-0.0770997060880623,0.0053462603292513,"medulla_early","up","enhancer",FALSE,0.987765241449,0.218803551963199,0.514567200842541,"ETV3"
"MA0770.1","HSF2",-0.193882159154054,0.0053462603292513,"medulla_early","up","enhancer",FALSE,0.987765241449,-0.0610894044331549,0.843810104310983,"HSF2"
"MA0771.1","HSF4",-0.156567972036488,0.0053462603292513,"medulla_early","up","enhancer",FALSE,0.987765241449,0.897229330632013,0.0281205966049571,"HSF4"
"MA0498.2","MEIS1",-0.116084224857818,0.0053462603292513,"medulla_early","up","enhancer",FALSE,0.987765241449,0.700958820053192,0.101646787771503,"MEIS1"
"MA0775.1","MEIS3",-0.0866175837715613,0.0053462603292513,"medulla_early","up","enhancer",FALSE,0.987765241449,1.04375454660072,0.0194798424574245,"MEIS3"
"MA0783.1","PKNOX2",-0.270374732768558,0.0053462603292513,"medulla_early","up","enhancer",FALSE,0.987765241449,-0.0312967983574746,0.961854958127771,"PKNOX2"
"MA0600.2","RFX2",-0.218326892003274,0.0053462603292513,"medulla_early","up","enhancer",FALSE,0.987765241449,0.690105216855605,0.0500096154467385,"RFX2"
"MA0511.2","RUNX2",-0.101825019179985,0.0053462603292513,"medulla_early","up","enhancer",FALSE,0.987765241449,0.823064454393748,0.191159447175027,"RUNX2"
"MA0106.3","TP53",-0.218132943842872,0.0053462603292513,"medulla_early","up","enhancer",FALSE,0.987765241449,0.268113833620555,0.285380123737421,"TP53"
"MA0863.1","MTF1",-0.266337118828358,0.0053462603292513,"medulla_early","up","enhancer",FALSE,0.987765241449,-0.19359464082563,0.577159351858926,"MTF1"
"MA0028.2","ELK1",-0.112012068901294,0.0053462603292513,"medulla_early","up","enhancer",FALSE,0.987765241449,0.293093351721676,0.0909699931476792,"ELK1"
"MA0903.1","HOXB3",-0.214455119585554,0.0053462603292513,"medulla_early","up","enhancer",FALSE,0.987765241449,0.895044025448823,0.119912758918788,"HOXB3"
"MA0104.4","MYCN",-0.0773438497377716,0.0053462603292513,"medulla_early","up","enhancer",FALSE,0.987765241449,-0.981398426171153,0.0515085411314552,"MYCN"
"MA0161.2","NFIC",-0.140487883124372,0.0053462603292513,"medulla_early","up","enhancer",FALSE,0.987765241449,0.097679176962334,0.738354796903388,"NFIC"
"MA0060.3","NFYA",-0.133347729187896,0.0053462603292513,"medulla_early","up","enhancer",FALSE,0.987765241449,0.11973143400719,0.763381562456652,"NFYA"
"MA1116.1","RBPJ",-0.0304665824799368,0.0053462603292513,"medulla_early","up","enhancer",FALSE,0.987765241449,0.180451508095806,0.470444809777039,"RBPJ"
"MA1117.1","RELB",-0.140696429891698,0.0053462603292513,"medulla_early","up","enhancer",FALSE,0.987765241449,1.0746742582194,0.0194798424574245,"RELB"
"MA1122.1","TFDP1",-0.0837240144910432,0.0053462603292513,"medulla_early","up","enhancer",FALSE,0.987765241449,0.058462387399147,0.716435245855251,"TFDP1"
"MA1124.1","ZNF24",-0.147038511156164,0.0053462603292513,"medulla_early","up","enhancer",FALSE,0.987765241449,-0.123237481588795,0.589634294870035,"ZNF24"
"MA1152.1","SOX15",-0.0609652798279381,0.0053462603292513,"medulla_early","up","enhancer",FALSE,0.987765241449,0.953583951967304,0.160632342851924,"SOX15"
"MA1483.1","ELF2",-0.0904775577701695,0.0053462603292513,"medulla_early","up","enhancer",FALSE,0.987765241449,0.090553311647553,0.76926287352926,"ELF2"
"MA1484.1","ETS2",-0.146255191098252,0.0053462603292513,"medulla_early","up","enhancer",FALSE,0.987765241449,0.674127128136689,0.0922964823216519,"ETS2"
"MA1493.1","HES6",-0.194812181090965,0.0053462603292513,"medulla_early","up","enhancer",FALSE,0.987765241449,0.105123575210707,0.770635997560336,"HES6"
"MA1497.1","HOXA6",-0.0853843782378316,0.0053462603292513,"medulla_early","up","enhancer",FALSE,0.987765241449,0.195094839051146,0.7873503474939,"HOXA6"
"MA1501.1","HOXB7",-0.18797708405888,0.0053462603292513,"medulla_early","up","enhancer",FALSE,0.987765241449,0.796220698308481,0.0449801807976968,"HOXB7"
"MA1513.1","KLF15",-0.0676212736659387,0.0053462603292513,"medulla_early","up","enhancer",FALSE,0.987765241449,-1.50515123593805,0.094601456969957,"KLF15"
"MA1523.1","MSANTD3",-0.0433739276247351,0.0053462603292513,"medulla_early","up","enhancer",FALSE,0.987765241449,0.248554700230878,0.519032440099622,"MSANTD3"
"MA1531.1","NR1D1",-0.134255779700013,0.0053462603292513,"medulla_early","up","enhancer",FALSE,0.987765241449,-0.508080441846018,0.292798903775563,"NR1D1"
"MA1535.1","NR2C1",-0.0738194361182689,0.0053462603292513,"medulla_early","up","enhancer",FALSE,0.987765241449,0.0224387231974288,0.962554461719847,"NR2C1"
"MA1544.1","OVOL1",-0.211312171690331,0.0053462603292513,"medulla_early","up","enhancer",FALSE,0.987765241449,-0.0542884210873513,0.932093252830415,"OVOL1"
"MA1547.1","PITX2",-0.162164127081199,0.0053462603292513,"medulla_early","up","enhancer",FALSE,0.987765241449,-2.19794747352486,0.0216477849535036,"PITX2"
"MA1548.1","PLAGL2",-0.0475119486630735,0.0053462603292513,"medulla_early","up","enhancer",FALSE,0.987765241449,-0.072298613672058,0.849038390192213,"PLAGL2"
"MA1550.1","PPARD",-0.146877149523305,0.0053462603292513,"medulla_early","up","enhancer",FALSE,0.987765241449,0.939040456806554,0.0134950986177877,"PPARD"
"MA1558.1","SNAI1",-0.0988161681865485,0.0053462603292513,"medulla_early","up","enhancer",FALSE,0.987765241449,0.861788063542812,0.0999052927634928,"SNAI1"
"MA1566.1","TBX3",-0.119333078713345,0.0053462603292513,"medulla_early","up","enhancer",FALSE,0.987765241449,1.61773656906076,0.0300687073521453,"TBX3"
"MA1573.1","THAP11",-0.124513406413875,0.0053462603292513,"medulla_early","up","enhancer",FALSE,0.987765241449,0.0244354180583501,0.93860093078286,"THAP11"
"MA1578.1","VEZF1",-0.0307324739609314,0.0053462603292513,"medulla_early","up","enhancer",FALSE,0.987765241449,0.307129710257832,0.344975733635377,"VEZF1"
"MA1583.1","ZFP57",-0.144421492429166,0.0053462603292513,"medulla_early","up","enhancer",FALSE,0.987765241449,0.134092175958993,0.562705373638005,"ZFP57"
"MA1592.1","ZNF274",-0.228332170794233,0.0053462603292513,"medulla_early","up","enhancer",FALSE,0.987765241449,0.397951684128125,0.147600235838813,"ZNF274"
"MA0612.2","EMX1",-0.207142463134354,0.0053462603292513,"medulla_early","up","enhancer",FALSE,0.987765241449,-3.49057399567799,0.0262420390283087,"EMX1"
"MA0158.2","HOXA5",-0.097914102289022,0.0053462603292513,"medulla_early","up","enhancer",FALSE,0.987765241449,0.498572000283622,0.0898190982935082,"HOXA5"
"MA0904.2","HOXB5",-0.187069578449033,0.0053462603292513,"medulla_early","up","enhancer",FALSE,0.987765241449,0.9513562847419,0.0328768746966467,"HOXB5"
"MA0912.2","HOXD3",-0.204320892383633,0.0053462603292513,"medulla_early","up","enhancer",FALSE,0.987765241449,0.210050501662717,0.574310448291442,"HOXD3"
"MA0703.2","LMX1B",-0.192316170821853,0.0053462603292513,"medulla_early","up","enhancer",FALSE,0.987765241449,-4.00814067232329,0.0352584092244324,"LMX1B"
"MA0867.2","SOX4",-0.0600174458417015,0.0053462603292513,"medulla_early","up","enhancer",FALSE,0.987765241449,0.631476589277892,0.180500143593306,"SOX4"
"MA0079.4","SP1",-0.147888688431156,0.0053462603292513,"medulla_early","up","enhancer",FALSE,0.987765241449,-0.180632118297754,0.728641937763737,"SP1"
"MA0746.2","SP3",-0.066175293768147,0.0053462603292513,"medulla_early","up","enhancer",FALSE,0.987765241449,-0.0013356159558171,0.998255133438624,"SP3"
"MA1649.1","ZBTB12",-0.0763642777565989,0.0053462603292513,"medulla_early","up","enhancer",FALSE,0.987765241449,0.11882836870654,0.807731451728948,"ZBTB12"
"MA1657.1","ZNF652",-0.0955773257839683,0.0053462603292513,"medulla_early","up","enhancer",FALSE,0.987765241449,-0.50075663617201,0.252476564967149,"ZNF652"
"MA0162.4","EGR1",-0.0407876014075654,0.0053462603292513,"medulla_early","up","enhancer",FALSE,0.987765241449,1.18987625259726,0.303815175555124,"EGR1"
"MA0765.2","ETV5",-0.0441467317531554,0.0053462603292513,"medulla_early","up","enhancer",FALSE,0.987765241449,-1.5518623101589,0.0205922510861573,"ETV5"
"MA1105.2","GRHL2",-0.0699349955027735,0.0053462603292513,"medulla_early","up","enhancer",FALSE,0.987765241449,0.85188475913007,0.081288610877865,"GRHL2"
"MA0114.4","HNF4A",-0.102018819800895,0.0053462603292513,"medulla_early","up","enhancer",FALSE,0.987765241449,-4.05641177125823,0.0317899523202682,"HNF4A"
"MA0484.2","HNF4G",-0.127691126575604,0.0053462603292513,"medulla_early","up","enhancer",FALSE,0.987765241449,-3.1103236919031,0.0134950986177877,"HNF4G"
"MA0495.3","MAFF",-0.0881733707916528,0.0053462603292513,"medulla_early","up","enhancer",FALSE,0.987765241449,1.6233980809504,0.017958398165307,"MAFF"
"MA0620.3","MITF",-0.115841109103601,0.0053462603292513,"medulla_early","up","enhancer",FALSE,0.987765241449,-0.309475719666182,0.219008044682269,"MITF"
"MA1108.2","MXI1",-0.0408975295625824,0.0053462603292513,"medulla_early","up","enhancer",FALSE,0.987765241449,-0.906677660770016,0.0388835804979007,"MXI1"
"MA0745.2","SNAI2",-0.113723783449999,0.0053462603292513,"medulla_early","up","enhancer",FALSE,0.987765241449,1.17036870659601,0.0134950986177877,"SNAI2"
"MA0522.3","TCF3",-0.0498685754949291,0.0053462603292513,"medulla_early","up","enhancer",FALSE,0.987765241449,0.507566700207939,0.0280927985771345,"TCF3"
"MA0830.2","TCF4",-0.0656834727623856,0.0053462603292513,"medulla_early","up","enhancer",FALSE,0.987765241449,0.389016801723167,0.397974930333454,"TCF4"
"MA0609.2","CREM",-0.192060816942642,0.0053462603292513,"medulla_early","up","enhancer",FALSE,0.987765241449,0.790330687779365,0.0838791258343589,"CREM"
"MA0729.1","RARA",-0.165182595875748,0.00491326929937523,"medulla_early","up","enhancer",FALSE,0.988750533187207,0.251003205299105,0.278689679787823,"RARA"
"MA1653.1","ZNF148",-0.0562672440870191,0.00479243543399455,"medulla_early","up","enhancer",FALSE,0.989025671776482,-0.196411913419447,0.462979355363173,"ZNF148"
"MA0115.1","NR1H2::RXRA",-0.321058750644183,0.00449661163767141,"medulla_early","up","enhancer",FALSE,0.989699585467811,0.305615412227834,0.16999764630218,"NR1H2"
"MA0637.1","CENPB",-0.285594439956714,0.00449661163767141,"medulla_early","up","enhancer",FALSE,0.989699585467811,0.520411003219583,0.0883160023154592,"CENPB"
"MA0645.1","ETV6",-0.143744311907957,0.00449661163767141,"medulla_early","up","enhancer",FALSE,0.989699585467811,0.351783507815179,0.129897647528124,"ETV6"
"MA0698.1","ZBTB18",-0.172385824727422,0.00449661163767141,"medulla_early","up","enhancer",FALSE,0.989699585467811,-0.337443828438651,0.329656386678887,"ZBTB18"
"MA0774.1","MEIS2",-0.133786545874011,0.00449661163767141,"medulla_early","up","enhancer",FALSE,0.989699585467811,0.318231865575317,0.341636157032765,"MEIS2"
"MA0024.3","E2F1",-0.317801723023383,0.00449661163767141,"medulla_early","up","enhancer",FALSE,0.989699585467811,-1.70417326735421,0.0543764814736697,"E2F1"
"MA1111.1","NR2F2",-0.145286205326985,0.00449661163767141,"medulla_early","up","enhancer",FALSE,0.989699585467811,0.0921867673226995,0.725900271836911,"NR2F2"
"MA1126.1","FOS::JUN(var.2)",-0.245251452709392,0.00449661163767141,"medulla_early","up","enhancer",FALSE,0.989699585467811,0.833230264158733,0.452583737017769,"FOS"
"MA1504.1","HOXC4",-0.169543859888211,0.00449661163767141,"medulla_early","up","enhancer",FALSE,0.989699585467811,0.261044970371513,0.407017229736867,"HOXC4"
"MA1594.1","ZNF382",-0.303804759146855,0.00449661163767141,"medulla_early","up","enhancer",FALSE,0.989699585467811,-0.492122058559193,0.274319589478132,"ZNF382"
"MA0850.1","FOXP3",-0.183738295596187,0.00250456984220174,"medulla_early","up","enhancer",FALSE,0.994249611955557,0.794752742995387,0.357667321221329,"FOXP3"
"MA1148.1","PPARA::RXRA",-0.160971216335306,0.00250456984220174,"medulla_early","up","enhancer",FALSE,0.994249611955557,-2.17245135865531,0.01727194628715,"PPARA"
"MA0157.2","FOXO3",-0.242942944265378,0.0017917101377552,"medulla_early","up","enhancer",FALSE,0.995882933398357,0.410664929996671,0.263953897995341,"FOXO3"
"MA0646.1","GCM1",-0.210085898729665,0.00132076812393818,"medulla_early","up","enhancer",FALSE,0.996963438713128,-2.60173798292748,0.0339258113759447,"GCM1"
"MA0486.2","HSF1",-0.3300850940019,0.00132076812393818,"medulla_early","up","enhancer",FALSE,0.996963438713128,0.0855642481636982,0.774884105033327,"HSF1"
"MA0685.1","SP4",-0.265304154834575,0.00132076812393818,"medulla_early","up","enhancer",FALSE,0.996963438713128,0.231572883403043,0.696768787929314,"SP4"
"MA0722.1","VAX1",-0.332213953992349,0.00132076812393818,"medulla_early","up","enhancer",FALSE,0.996963438713128,-3.69962148324859,0.0769881227341495,"VAX1"
"MA0732.1","EGR3",-0.278566005471564,0.00132076812393818,"medulla_early","up","enhancer",FALSE,0.996963438713128,0.789107358748941,0.535733564316075,"EGR3"
"MA0886.1","EMX2",-0.263863012348533,0.00132076812393818,"medulla_early","up","enhancer",FALSE,0.996963438713128,0.274876648127181,0.349287937840425,"EMX2"
"MA0103.3","ZEB1",-0.0977516085763881,0.00132076812393818,"medulla_early","up","enhancer",FALSE,0.996963438713128,0.148375688982562,0.744452460938301,"ZEB1"
"MA1499.1","HOXB4",-0.212421208066367,0.00132076812393818,"medulla_early","up","enhancer",FALSE,0.996963438713128,0.923532481964308,0.10502922755723,"HOXB4"
"MA1589.1","ZNF140",-0.375970893648667,0.00132076812393818,"medulla_early","up","enhancer",FALSE,0.996963438713128,-0.0447137839251823,0.92551117188291,"ZNF140"
"MA0075.3","PRRX2",-0.259400199258982,0.00132076812393818,"medulla_early","up","enhancer",FALSE,0.996963438713128,1.47979096404561,0.0636158128565348,"PRRX2"
"MA1103.2","FOXK2",-0.222181347149312,0.00132076812393818,"medulla_early","up","enhancer",FALSE,0.996963438713128,-0.455562189771514,0.0586136849824151,"FOXK2"
"MA0526.3","USF2",-0.216544342295896,0.00132076812393818,"medulla_early","up","enhancer",FALSE,0.996963438713128,-0.0311806894603599,0.92079938042041,"USF2"
"MA0031.1","FOXD1",-0.375812571037652,0.000464313142140919,"medulla_early","up","enhancer",FALSE,0.998931450786151,0.65252647273069,0.0824299263662223,"FOXD1"
"MA0661.1","MEOX1",-0.310514459307516,0.000464313142140919,"medulla_early","up","enhancer",FALSE,0.998931450786151,0.858034580860494,0.537875935159819,"MEOX1"
"MA0777.1","MYBL2",-0.450612518912037,0.000464313142140919,"medulla_early","up","enhancer",FALSE,0.998931450786151,0.264133411690156,0.735541949745164,"MYBL2"
"MA0843.1","TEF",-0.434513300145521,0.000464313142140919,"medulla_early","up","enhancer",FALSE,0.998931450786151,-0.271957750414631,0.421241065450089,"TEF"
"MA0856.1","RXRG",-0.445311211820667,0.000464313142140919,"medulla_early","up","enhancer",FALSE,0.998931450786151,-2.08682302791845,0.0841091298451762,"RXRG"
"MA1507.1","HOXD4",-0.261037184183671,0.000464313142140919,"medulla_early","up","enhancer",FALSE,0.998931450786151,0.483570598619661,0.213038368541866,"HOXD4"
"MA1581.1","ZBTB6",-0.147809851004627,0.000464313142140919,"medulla_early","up","enhancer",FALSE,0.998931450786151,-0.410264236133438,0.538650528903664,"ZBTB6"
"MA1600.1","ZNF684",-0.343229039089151,0.000464313142140919,"medulla_early","up","enhancer",FALSE,0.998931450786151,-0.166230213359421,0.717357247080262,"ZNF684"
"MA0463.2","BCL6",-0.38749737867177,0.000464313142140919,"medulla_early","up","enhancer",FALSE,0.998931450786151,0.299606612688747,0.385286934872243,"BCL6"
"MA0470.2","E2F4",-0.475126720938844,0.000464313142140919,"medulla_early","up","enhancer",FALSE,0.998931450786151,0.333538314515133,0.0558883269588453,"E2F4"
"MA1683.1","FOXA3",-0.262684524902149,0.000464313142140919,"medulla_early","up","enhancer",FALSE,0.998931450786151,2.84314408223347,0.0435714266850292,"FOXA3"
"MA0093.3","USF1",-0.273848576364861,0.000464313142140919,"medulla_early","up","enhancer",FALSE,0.998931450786151,0.67310694392606,0.0490214716093659,"USF1"
"MA0844.1","XBP1",-0.469435359564557,0.000133091438821148,"medulla_early","up","enhancer",FALSE,0.999693592589307,-0.0739851107600185,0.842321959532531,"XBP1"
"MA1110.1","NR1H4",-0.289856210061173,0.000133091438821148,"medulla_early","up","enhancer",FALSE,0.999693592589307,-2.65290680162632,0.0293717527661552,"NR1H4"
"MA0066.1","PPARG",-0.448317565425345,0,"medulla_early","up","enhancer",FALSE,1,1.48202957040382,0.0222056838664202,"PPARG"
"MA0140.2","GATA1::TAL1",-0.384345336825047,0,"medulla_early","up","enhancer",FALSE,1,0.798942238781588,0.0272796609271787,"TAL1"
"MA0665.1","MSC",-0.36564371641616,0,"medulla_early","up","enhancer",FALSE,1,1.49797255390859,0.318850116218883,"MSC"
"MA0083.3","SRF",-0.455611119848274,0,"medulla_early","up","enhancer",FALSE,1,0.581294754361464,0.0323398628272813,"SRF"
"MA0112.3","ESR1",-0.770851903650446,0,"medulla_early","up","enhancer",FALSE,1,-0.76193026483192,0.107440800872005,"ESR1"
"MA0797.1","TGIF2",-0.554032435438919,0,"medulla_early","up","enhancer",FALSE,1,-0.0975039456874409,0.76447034790364,"TGIF2"
"MA0891.1","GSC2",-0.449006926542948,0,"medulla_early","up","enhancer",FALSE,1,-3.79252608567329,0.0220038738285468,"GSC2"
"MA1593.1","ZNF317",-0.27172620490751,0,"medulla_early","up","enhancer",FALSE,1,0.114929423677437,0.683603018940012,"ZNF317"
"MA0469.3","E2F3",-0.319529213262141,0,"medulla_early","up","enhancer",FALSE,1,-1.29813101000581,0.0434882470441721,"E2F3"
"MA0900.2","HOXA2",-0.337117345765789,0,"medulla_early","up","enhancer",FALSE,1,0.870000479228036,0.11175311144298,"HOXA2"
"MA0481.3","FOXP1",-0.314706876613663,0,"medulla_early","up","enhancer",FALSE,1,0.182612820616685,0.444871328409441,"FOXP1"
"MA0652.1","IRF8",1.3525858408936,3.66612071068775,"medulla_early","up","promoter",TRUE,0.000215714475470517,1.2014900297991,0.0750354753981774,"IRF8"
"MA0517.1","STAT1::STAT2",0.947689920825852,3.13854560199999,"medulla_early","up","promoter",TRUE,0.00072686607246278,0.938329362011193,0.099434494930946,"STAT1"
"MA0772.1","IRF7",1.16875992529247,2.98884015448568,"medulla_early","up","promoter",TRUE,0.00102602949502325,0.856907633305489,0.191051905123836,"IRF7"
"MA0050.2","IRF1",0.920184112461258,2.67324570852081,"medulla_early","up","promoter",TRUE,0.00212204354482051,1.50356995512709,0.0225323428242336,"IRF1"
"MA0653.1","IRF9",1.04947469942708,2.3114787649973,"medulla_early","up","promoter",TRUE,0.00488113967192103,1.16627744633299,0.0137129769988415,"IRF9"
"MA1418.1","IRF3",1.00776259497637,1.3997164924851,"medulla_early","up","promoter",TRUE,0.0398367139829889,0.349421878511716,0.2132767738104,"IRF3"
"MA1419.1","IRF4",0.746891783973809,0.859528451990159,"medulla_early","up","promoter",TRUE,0.138188387140022,-0.400228479677541,0.767396072927768,"IRF4"
"MA0137.3","STAT1",0.624174198768173,0.737326762058315,"medulla_early","up","promoter",TRUE,0.183093631219072,0.938329362011193,0.099434494930946,"STAT1"
"MA0507.1","POU2F2",0.785040412878238,0.509431573943175,"medulla_early","up","promoter",TRUE,0.309434281185498,1.58318370744051,0.0707840992975005,"POU2F2"
"MA0785.1","POU2F1",0.778677485833413,0.509431573943175,"medulla_early","up","promoter",TRUE,0.309434281185498,-0.071411983141451,0.891977029241261,"POU2F1"
"MA0051.1","IRF2",0.681770332271767,0.486095614978238,"medulla_early","up","promoter",TRUE,0.326515937979432,0.222137248725054,0.312243359118917,"IRF2"
"MA0628.1","POU6F1",0.723365431174202,0.429428818258081,"medulla_early","up","promoter",TRUE,0.372024191680924,0.529922106867129,0.138645572763802,"POU6F1"
"MA1523.1","MSANTD3",0.28583162241093,0.38945122739749,"medulla_early","up","promoter",TRUE,0.407895367100121,0.248554700230878,0.519032440099622,"MSANTD3"
"MA0692.1","TFEB",0.56414973770826,0.365147903114759,"medulla_early","up","promoter",TRUE,0.43137214392471,0.35687010369081,0.128464536476835,"TFEB"
"MA1634.1","BATF",0.608537872060366,0.365147903114759,"medulla_early","up","promoter",TRUE,0.43137214392471,1.77001737501451,0.0165273791537193,"BATF"
"MA0093.3","USF1",0.580330997174303,0.365147903114759,"medulla_early","up","promoter",TRUE,0.43137214392471,0.67310694392606,0.0490214716093659,"USF1"
"MA0835.2","BATF3",0.586264681653915,0.318406747534564,"medulla_early","up","promoter",TRUE,0.480389219173689,1.20210807772793,0.0619080985520392,"BATF3"
"MA0912.2","HOXD3",0.628556004732386,0.269589841306152,"medulla_early","up","promoter",TRUE,0.537539222357796,0.210050501662717,0.574310448291442,"HOXD3"
"MA1147.1","NR4A2::RXRA",0.440204930623433,0.267429427783803,"medulla_early","up","promoter",TRUE,0.540219892572597,0.725667831787121,0.441255409887344,"NR4A2"
"MA0476.1","FOS",0.525242731972475,0.220718363727039,"medulla_early","up","promoter",TRUE,0.601563719968794,0.833230264158733,0.452583737017769,"FOS"
"MA1495.1","HOXA1",0.646974667542768,0.220718363727039,"medulla_early","up","promoter",TRUE,0.601563719968794,0.243878473632861,0.65411316189125,"HOXA1"
"MA0462.2","BATF::JUN",0.532249067440066,0.220718363727039,"medulla_early","up","promoter",TRUE,0.601563719968794,1.77001737501451,0.0165273791537193,"BATF"
"MA0052.4","MEF2A",0.568956324646383,0.220718363727039,"medulla_early","up","promoter",TRUE,0.601563719968794,0.477202995958361,0.126934093423039,"MEF2A"
"MA0477.2","FOSL1",0.520140935423833,0.183311914334258,"medulla_early","up","promoter",TRUE,0.655674185860315,1.9734779914701,0.0610657843457058,"FOSL1"
"MA0526.3","USF2",0.489641556114671,0.183311914334258,"medulla_early","up","promoter",TRUE,0.655674185860315,-0.0311806894603599,0.92079938042041,"USF2"
"MA1138.1","FOSL2::JUNB",0.496686738656555,0.170773479267106,"medulla_early","up","promoter",TRUE,0.674879941995794,1.11642145947387,0.0267171782287447,"FOSL2"
"MA0722.1","VAX1",0.598841000815817,0.167250048601064,"medulla_early","up","promoter",TRUE,0.680377512980885,-3.69962148324859,0.0769881227341495,"VAX1"
"MA0788.1","POU3F3",0.587040594071037,0.167250048601064,"medulla_early","up","promoter",TRUE,0.680377512980885,-0.360497149355814,0.240326728177945,"POU3F3"
"MA0139.1","CTCF",0.259893920502321,0.161503171883405,"medulla_early","up","promoter",TRUE,0.689440557801741,-0.000874132390872084,0.99774228554015,"CTCF"
"MA0886.1","EMX2",0.535162645055201,0.161503171883405,"medulla_early","up","promoter",TRUE,0.689440557801741,0.274876648127181,0.349287937840425,"EMX2"
"MA1135.1","FOSB::JUNB",0.459225135281569,0.161503171883405,"medulla_early","up","promoter",TRUE,0.689440557801741,1.46763912831928,0.0679259533057009,"JUNB"
"MA1144.1","FOSL2::JUND",0.468971490610358,0.161503171883405,"medulla_early","up","promoter",TRUE,0.689440557801741,1.11642145947387,0.0267171782287447,"FOSL2"
"MA1504.1","HOXC4",0.506201740438857,0.161503171883405,"medulla_early","up","promoter",TRUE,0.689440557801741,0.261044970371513,0.407017229736867,"HOXC4"
"MA0497.1","MEF2C",0.484617565277704,0.144725929929977,"medulla_early","up","promoter",TRUE,0.716595489221298,0.476418078339048,0.0988007420919421,"MEF2C"
"MA0664.1","MLXIPL",0.422270833352751,0.144725929929977,"medulla_early","up","promoter",TRUE,0.716595489221298,-3.52863764993125,0.0217040749021563,"MLXIPL"
"MA0058.3","MAX",0.322400687079486,0.144725929929977,"medulla_early","up","promoter",TRUE,0.716595489221298,0.271522953883504,0.147301447432832,"MAX"
"MA0825.1","MNT",0.322898347289009,0.144725929929977,"medulla_early","up","promoter",TRUE,0.716595489221298,0.290486020846487,0.21272259790518,"MNT"
"MA1106.1","HIF1A",0.289651425842043,0.144725929929977,"medulla_early","up","promoter",TRUE,0.716595489221298,1.04117704397309,0.178813420070858,"HIF1A"
"MA0099.3","FOS::JUN",0.404895962699027,0.144725929929977,"medulla_early","up","promoter",TRUE,0.716595489221298,0.833230264158733,0.452583737017769,"FOS"
"MA1134.1","FOS::JUNB",0.462921741019816,0.144725929929977,"medulla_early","up","promoter",TRUE,0.716595489221298,1.46763912831928,0.0679259533057009,"JUNB"
"MA1149.1","RARA::RXRG",0.227251398884116,0.144725929929977,"medulla_early","up","promoter",TRUE,0.716595489221298,-2.08682302791845,0.0841091298451762,"RXRG"
"MA1493.1","HES6",0.418949908985782,0.144725929929977,"medulla_early","up","promoter",TRUE,0.716595489221298,0.105123575210707,0.770635997560336,"HES6"
"MA1548.1","PLAGL2",0.104498425906836,0.144725929929977,"medulla_early","up","promoter",TRUE,0.716595489221298,-0.072298613672058,0.849038390192213,"PLAGL2"
"MA0612.2","EMX1",0.523002773828293,0.144725929929977,"medulla_early","up","promoter",TRUE,0.716595489221298,-3.49057399567799,0.0262420390283087,"EMX1"
"MA0632.2","TCFL5",0.146301458264512,0.144725929929977,"medulla_early","up","promoter",TRUE,0.716595489221298,-0.126853717735606,0.627466142266146,"TCFL5"
"MA1643.1","NFIB",0.377286942703219,0.144725929929977,"medulla_early","up","promoter",TRUE,0.716595489221298,-0.483343468881396,0.135551986577199,"NFIB"
"MA1650.1","ZBTB14",0.0915612584006276,0.144725929929977,"medulla_early","up","promoter",TRUE,0.716595489221298,-0.150896721353386,0.575162487054768,"ZBTB14"
"MA1653.1","ZNF148",0.050808907451918,0.144725929929977,"medulla_early","up","promoter",TRUE,0.716595489221298,-0.196411913419447,0.462979355363173,"ZNF148"
"MA0162.4","EGR1",0.0629088957489081,0.144725929929977,"medulla_early","up","promoter",TRUE,0.716595489221298,1.18987625259726,0.303815175555124,"EGR1"
"MA0491.2","JUND",0.438469348622561,0.144725929929977,"medulla_early","up","promoter",TRUE,0.716595489221298,0.198551752417357,0.652707839196132,"JUND"
"MA0620.3","MITF",0.499364103362481,0.144725929929977,"medulla_early","up","promoter",TRUE,0.716595489221298,-0.309475719666182,0.219008044682269,"MITF"
"MA0782.2","PKNOX1",0.323291581019103,0.144725929929977,"medulla_early","up","promoter",TRUE,0.716595489221298,0.356020399006283,0.103617179404249,"PKNOX1"
"MA0091.1","TAL1::TCF3",0.383215987029061,0.144106275449605,"medulla_early","up","promoter",TRUE,0.717618662564766,0.798942238781588,0.0272796609271787,"TAL1"
"MA0163.1","PLAG1",0.102802734346819,0.144106275449605,"medulla_early","up","promoter",TRUE,0.717618662564766,0.512497636806037,0.469952279887831,"PLAG1"
"MA0259.1","ARNT::HIF1A",0.168227341029501,0.144106275449605,"medulla_early","up","promoter",TRUE,0.717618662564766,1.04117704397309,0.178813420070858,"HIF1A"
"MA0478.1","FOSL2",0.376822803873059,0.144106275449605,"medulla_early","up","promoter",TRUE,0.717618662564766,1.11642145947387,0.0267171782287447,"FOSL2"
"MA0144.2","STAT3",0.264502172128906,0.144106275449605,"medulla_early","up","promoter",TRUE,0.717618662564766,0.685142979052263,0.0314097015086705,"STAT3"
"MA0651.1","HOXC11",0.443448366929233,0.144106275449605,"medulla_early","up","promoter",TRUE,0.717618662564766,0.743162405256826,0.279905517427726,"HOXC11"
"MA0658.1","LHX6",0.472873182247858,0.144106275449605,"medulla_early","up","promoter",TRUE,0.717618662564766,0.602436613097864,0.138833355641819,"LHX6"
"MA0691.1","TFAP4",0.361741664947719,0.144106275449605,"medulla_early","up","promoter",TRUE,0.717618662564766,-0.206592447464464,0.480308054599867,"TFAP4"
"MA0716.1","PRRX1",0.414758124212941,0.144106275449605,"medulla_early","up","promoter",TRUE,0.717618662564766,-0.274791206147191,0.606864661009051,"PRRX1"
"MA0889.1","GBX1",0.432932035723857,0.144106275449605,"medulla_early","up","promoter",TRUE,0.717618662564766,0.478325978059717,0.369958336793171,"GBX1"
"MA0899.1","HOXA10",0.391872024802407,0.144106275449605,"medulla_early","up","promoter",TRUE,0.717618662564766,-0.0473590996798983,0.864104889838253,"HOXA10"
"MA0903.1","HOXB3",0.423851466382057,0.144106275449605,"medulla_early","up","promoter",TRUE,0.717618662564766,0.895044025448823,0.119912758918788,"HOXB3"
"MA0104.4","MYCN",0.218389825184718,0.144106275449605,"medulla_early","up","promoter",TRUE,0.717618662564766,-0.981398426171153,0.0515085411314552,"MYCN"
"MA1137.1","FOSL1::JUNB",0.342977339282743,0.144106275449605,"medulla_early","up","promoter",TRUE,0.717618662564766,1.9734779914701,0.0610657843457058,"FOSL1"
"MA1142.1","FOSL1::JUND",0.384879964080738,0.144106275449605,"medulla_early","up","promoter",TRUE,0.717618662564766,1.9734779914701,0.0610657843457058,"FOSL1"
"MA1146.1","NR1H4::RXRA",0.342755662137234,0.144106275449605,"medulla_early","up","promoter",TRUE,0.717618662564766,-2.65290680162632,0.0293717527661552,"NR1H4"
"MA1148.1","PPARA::RXRA",0.267599147068865,0.144106275449605,"medulla_early","up","promoter",TRUE,0.717618662564766,-2.17245135865531,0.01727194628715,"PPARA"
"MA0831.2","TFE3",0.292476986866264,0.144106275449605,"medulla_early","up","promoter",TRUE,0.717618662564766,0.157119415994807,0.411028556531742,"TFE3"
"MA1464.1","ARNT2",0.317857365698131,0.144106275449605,"medulla_early","up","promoter",TRUE,0.717618662564766,0.175509527767202,0.712440287996641,"ARNT2"
"MA1507.1","HOXD4",0.403666192215123,0.144106275449605,"medulla_early","up","promoter",TRUE,0.717618662564766,0.483570598619661,0.213038368541866,"HOXD4"
"MA1532.1","NR1D2",0.279896921500971,0.144106275449605,"medulla_early","up","promoter",TRUE,0.717618662564766,-0.38699424575702,0.438934763122458,"NR1D2"
"MA1542.1","OSR1",0.318716922132963,0.144106275449605,"medulla_early","up","promoter",TRUE,0.717618662564766,-0.841567334858739,0.239162362042823,"OSR1"
"MA1593.1","ZNF317",0.278159031027278,0.144106275449605,"medulla_early","up","promoter",TRUE,0.717618662564766,0.114929423677437,0.683603018940012,"ZNF317"
"MA0038.2","GFI1",0.418554800196949,0.144106275449605,"medulla_early","up","promoter",TRUE,0.717618662564766,1.41721417969181,0.259440598676568,"GFI1"
"MA0902.2","HOXB2",0.402511286181451,0.144106275449605,"medulla_early","up","promoter",TRUE,0.717618662564766,1.28655277822506,0.0276985719995865,"HOXB2"
"MA0703.2","LMX1B",0.428817192318634,0.144106275449605,"medulla_early","up","promoter",TRUE,0.717618662564766,-4.00814067232329,0.0352584092244324,"LMX1B"
"MA0075.3","PRRX2",0.414490428780105,0.144106275449605,"medulla_early","up","promoter",TRUE,0.717618662564766,1.47979096404561,0.0636158128565348,"PRRX2"
"MA0746.2","SP3",0.0862840359144261,0.144106275449605,"medulla_early","up","promoter",TRUE,0.717618662564766,-0.0013356159558171,0.998255133438624,"SP3"
"MA0871.2","TFEC",0.341861401801147,0.144106275449605,"medulla_early","up","promoter",TRUE,0.717618662564766,-2.21934887902808,0.0310114814551874,"TFEC"
"MA1657.1","ZNF652",0.402423689389778,0.144106275449605,"medulla_early","up","promoter",TRUE,0.717618662564766,-0.50075663617201,0.252476564967149,"ZNF652"
"MA0062.3","GABPA",0.168146678303776,0.144106275449605,"medulla_early","up","promoter",TRUE,0.717618662564766,-0.261928783878441,0.347760452717804,"GABPA"
"MA1104.2","GATA6",0.377344409722699,0.144106275449605,"medulla_early","up","promoter",TRUE,0.717618662564766,0.600672216276934,0.188166445206497,"GATA6"
"MA0490.2","JUNB",0.421507042926599,0.144106275449605,"medulla_early","up","promoter",TRUE,0.717618662564766,1.46763912831928,0.0679259533057009,"JUNB"
"MA0660.1","MEF2B",0.353373920388984,0.129139452639887,"medulla_early","up","promoter",TRUE,0.742780591585992,-0.532190006362803,0.596634918876072,"MEF2B"
"MA0464.2","BHLHE40",0.313193033867665,0.125494260359924,"medulla_early","up","promoter",TRUE,0.749041257781855,0.696310732226617,0.139776368704943,"BHLHE40"
"MA1130.1","FOSL2::JUN",0.311988265792254,0.125494260359924,"medulla_early","up","promoter",TRUE,0.749041257781855,1.11642145947387,0.0267171782287447,"FOSL2"
"MA0147.3","MYC",0.172576262767487,0.112532767164802,"medulla_early","up","promoter",TRUE,0.771733286740695,0.784772420579083,0.22383335518793,"MYC"
"MA0819.1","CLOCK",0.307273637974694,0.110297001450893,"medulla_early","up","promoter",TRUE,0.775716445124888,-0.2943154510049,0.642617000343182,"CLOCK"
"MA1508.1","IKZF1",0.164964808927184,0.109466526040955,"medulla_early","up","promoter",TRUE,0.777201220543122,0.922307088489775,0.307305349999776,"IKZF1"
"MA1141.1","FOS::JUND",0.303115205583814,0.105400377657043,"medulla_early","up","promoter",TRUE,0.784512056618136,0.833230264158733,0.452583737017769,"FOS"
"MA0895.1","HMBOX1",0.364533798667305,0.0975843985459427,"medulla_early","up","promoter",TRUE,0.798758699944289,-0.600179551191433,0.154888826804182,"HMBOX1"
"MA1654.1","ZNF16",0.342378190337712,0.0975843985459427,"medulla_early","up","promoter",TRUE,0.798758699944289,0.355942077218786,0.0862032818800201,"ZNF16"
"MA0738.1","HIC2",0.122256398051585,0.0972591861399821,"medulla_early","up","promoter",TRUE,0.799357057818907,0.123466707296829,0.804065561599467,"HIC2"
"MA0764.2","ETV4",0.0956308144012556,0.0972591861399821,"medulla_early","up","promoter",TRUE,0.799357057818907,1.03211159070944,0.0770106041443126,"ETV4"
"MA0511.2","RUNX2",0.229294930440485,0.0937084567627938,"medulla_early","up","promoter",TRUE,0.805919275764597,0.823064454393748,0.191159447175027,"RUNX2"
"MA1421.1","TCF7L1",0.318764434276513,0.0892039843501029,"medulla_early","up","promoter",TRUE,0.814321714339076,0.338994531026588,0.198906743125843,"TCF7L1"
"MA1128.1","FOSL1::JUN",0.272755367053221,0.082421746874577,"medulla_early","up","promoter",TRUE,0.827138532668076,1.9734779914701,0.0610657843457058,"FOSL1"
"MA1656.1","ZNF449",0.119708260445404,0.082421746874577,"medulla_early","up","promoter",TRUE,0.827138532668076,0.239194657937899,0.528016811331997,"ZNF449"
"MA0080.5","SPI1",0.167070999748787,0.082421746874577,"medulla_early","up","promoter",TRUE,0.827138532668076,1.67905569265027,0.0636158128565348,"SPI1"
"MA0770.1","HSF2",0.310138721302594,0.0794627398173641,"medulla_early","up","promoter",TRUE,0.8327933722121,-0.0610894044331549,0.843810104310983,"HSF2"
"MA0900.2","HOXA2",0.313851256597768,0.0794627398173641,"medulla_early","up","promoter",TRUE,0.8327933722121,0.870000479228036,0.11175311144298,"HOXA2"
"MA0506.1","NRF1",0.066433482267696,0.0786728224834817,"medulla_early","up","promoter",TRUE,0.834309478369178,0.380634117441259,0.0642087533849316,"NRF1"
"MA0523.1","TCF7L2",0.244720280485356,0.0786728224834817,"medulla_early","up","promoter",TRUE,0.834309478369178,0.420036257415145,0.118793484995643,"TCF7L2"
"MA0636.1","BHLHE41",0.313947382094245,0.0786728224834817,"medulla_early","up","promoter",TRUE,0.834309478369178,0.200293766777133,0.709322541958218,"BHLHE41"
"MA0083.3","SRF",0.234738724076901,0.0786728224834817,"medulla_early","up","promoter",TRUE,0.834309478369178,0.581294754361464,0.0323398628272813,"SRF"
"MA0752.1","ZNF410",0.24464976177046,0.0786728224834817,"medulla_early","up","promoter",TRUE,0.834309478369178,-0.0971555037232443,0.657836257419547,"ZNF410"
"MA0852.2","FOXK1",0.259093537653556,0.0786728224834817,"medulla_early","up","promoter",TRUE,0.834309478369178,-0.211564287873506,0.36352655384297,"FOXK1"
"MA0036.3","GATA2",0.279155868459897,0.0786728224834817,"medulla_early","up","promoter",TRUE,0.834309478369178,1.15848203058517,0.039107559291993,"GATA2"
"MA1600.1","ZNF684",0.292297341250812,0.0786728224834817,"medulla_early","up","promoter",TRUE,0.834309478369178,-0.166230213359421,0.717357247080262,"ZNF684"
"MA0766.2","GATA5",0.274404269420971,0.0786728224834817,"medulla_early","up","promoter",TRUE,0.834309478369178,-0.822036966990803,0.163893619637216,"GATA5"
"MA0913.2","HOXD9",0.303356787458645,0.0786728224834817,"medulla_early","up","promoter",TRUE,0.834309478369178,0.363175183870902,0.348536646428583,"HOXD9"
"MA1633.1","BACH1",0.226195628857793,0.0786728224834817,"medulla_early","up","promoter",TRUE,0.834309478369178,0.214031205102808,0.701593357073759,"BACH1"
"MA1646.1","OSR2",0.141279958675889,0.0786728224834817,"medulla_early","up","promoter",TRUE,0.834309478369178,1.07561974212186,0.158150127864044,"OSR2"
"MA1647.1","PRDM4",0.20676073292317,0.0786728224834817,"medulla_early","up","promoter",TRUE,0.834309478369178,0.220576874884808,0.276463550317491,"PRDM4"
"MA0773.1","MEF2D",0.305688668955133,0.078634247291159,"medulla_early","up","promoter",TRUE,0.834383587249872,0.35211754124701,0.087527144700603,"MEF2D"
"MA1516.1","KLF3",0.0780096741325416,0.0746601845954241,"medulla_early","up","promoter",TRUE,0.842053752175132,0.152031886608195,0.705872909637477,"KLF3"
"MA0761.2","ETV1",0.123705900672743,0.0746601845954241,"medulla_early","up","promoter",TRUE,0.842053752175132,-0.652898023478825,0.144113440335442,"ETV1"
"MA0663.1","MLX",0.286258683840934,0.0729436748351876,"medulla_early","up","promoter",TRUE,0.845388479428666,-0.0109643400459651,0.967283746686265,"MLX"
"MA0908.1","HOXD11",0.31049877173482,0.0672121931179052,"medulla_early","up","promoter",TRUE,0.856619205067483,0.519200299129846,0.223592890007439,"HOXD11"
"MA0646.1","GCM1",0.127796021825875,0.0543917394648587,"medulla_early","up","promoter",TRUE,0.882283709610481,-2.60173798292748,0.0339258113759447,"GCM1"
"MA0018.4","CREB1",0.247641453491924,0.0543917394648587,"medulla_early","up","promoter",TRUE,0.882283709610481,0.0567679261621343,0.866912918285141,"CREB1"
"MA0597.1","THAP1",0.16128503422418,0.0442541894836621,"medulla_early","up","promoter",TRUE,0.903120728837308,-0.166508034133676,0.54507088152635,"THAP1"
"MA1522.1","MAZ",0.0437429673631531,0.030539879132555,"medulla_early","up","promoter",TRUE,0.932094876710179,-0.0662527965574329,0.796490045480872,"MAZ"
"MA0732.1","EGR3",0.0980368922297306,0.026140299954501,"medulla_early","up","promoter",TRUE,0.941585365798954,0.789107358748941,0.535733564316075,"EGR3"
"MA0768.1","LEF1",0.263192321972881,0.026140299954501,"medulla_early","up","promoter",TRUE,0.941585365798954,0.650872478596595,0.163893619637216,"LEF1"
"MA0693.2","VDR",0.169799795481168,0.026140299954501,"medulla_early","up","promoter",TRUE,0.941585365798954,-1.27913553121649,0.165303952902181,"VDR"
"MA1499.1","HOXB4",0.232239925662994,0.026140299954501,"medulla_early","up","promoter",TRUE,0.941585365798954,0.923532481964308,0.10502922755723,"HOXB4"
"MA1592.1","ZNF274",0.238446179560909,0.026140299954501,"medulla_early","up","promoter",TRUE,0.941585365798954,0.397951684128125,0.147600235838813,"ZNF274"
"MA0684.2","RUNX3",0.168460850289068,0.026140299954501,"medulla_early","up","promoter",TRUE,0.941585365798954,1.2080016725545,0.182396353745437,"RUNX3"
"MA1420.1","IRF5",0.204873373994545,0.0251866119925667,"medulla_early","up","promoter",TRUE,0.943655309915446,1.08168154959185,0.0494240730108758,"IRF5"
"MA0640.2","ELF3",0.088384334857162,0.0232098045093556,"medulla_early","up","promoter",TRUE,0.94796039988335,1.4522504083541,0.0266606788847339,"ELF3"
"MA1506.1","HOXD10",0.267874119776803,0.019107869699869,"medulla_early","up","promoter",TRUE,0.956956353755943,0.245930895638537,0.460838638008666,"HOXD10"
"MA1509.1","IRF6",0.191350533152665,0.0151213368010932,"medulla_early","up","promoter",TRUE,0.965781013368316,-0.42699161178928,0.143434514916259,"IRF6"
"MA0031.1","FOXD1",0.226346058696634,0.0147353449537491,"medulla_early","up","promoter",TRUE,0.966639760884668,0.65252647273069,0.0824299263662223,"FOXD1"
"MA0059.1","MAX::MYC",0.15913546253581,0.0147353449537491,"medulla_early","up","promoter",TRUE,0.966639760884668,0.271522953883504,0.147301447432832,"MAX"
"MA0119.1","NFIC::TLX1",0.187670886966876,0.0147353449537491,"medulla_early","up","promoter",TRUE,0.966639760884668,0.097679176962334,0.738354796903388,"NFIC"
"MA0136.2","ELF5",0.0933443458047565,0.0147353449537491,"medulla_early","up","promoter",TRUE,0.966639760884668,1.26640822306633,0.167151840142565,"ELF5"
"MA1114.1","PBX3",0.123387081065311,0.0147353449537491,"medulla_early","up","promoter",TRUE,0.966639760884668,-0.290254427274215,0.575778526369282,"PBX3"
"MA1503.1","HOXB9",0.248741686990249,0.0147353449537491,"medulla_early","up","promoter",TRUE,0.966639760884668,1.71896984879122,0.0310114814551874,"HOXB9"
"MA1511.1","KLF10",0.0483831616346091,0.0147353449537491,"medulla_early","up","promoter",TRUE,0.966639760884668,1.11749456254712,0.0632738265647081,"KLF10"
"MA1594.1","ZNF382",0.2202430602008,0.0143563034428077,"medulla_early","up","promoter",TRUE,0.967483788493255,-0.492122058559193,0.274319589478132,"ZNF382"
"MA1637.1","EBF3",0.066820123735658,0.0142998185327045,"medulla_early","up","promoter",TRUE,0.967609628887414,0.850373604387806,0.233827549351016,"EBF3"
"MA0598.3","EHF",0.0930960261508451,0.0110599947458952,"medulla_early","up","promoter",TRUE,0.974854959019171,0.942393161790712,0.224968328504338,"EHF"
"MA0076.2","ELK4",0.0691439219431373,0.00610552529433306,"medulla_early","up","promoter",TRUE,0.986039867597921,-0.534466366729815,0.413162694444284,"ELK4"
"MA1127.1","FOSB::JUN",0.1940178960145,0.00610552529433306,"medulla_early","up","promoter",TRUE,0.986039867597921,0.96844474611884,0.411848333434714,"FOSB"
"MA1534.1","NR1I3",0.166505349866084,0.00610552529433306,"medulla_early","up","promoter",TRUE,0.986039867597921,-5.14622220673261,0.0220666565189061,"NR1I3"
"MA0060.3","NFYA",0.161593109675165,0.00473470488093406,"medulla_early","up","promoter",TRUE,0.989157151213842,0.11973143400719,0.763381562456652,"NFYA"
"MA0485.2","HOXC9",0.208729637314127,0.00250970503350946,"medulla_early","up","promoter",TRUE,0.99423785580393,0.22502508240418,0.477332550343115,"HOXC9"
"MA0066.1","PPARG",-0.343612943889053,0,"medulla_early","up","promoter",TRUE,1,1.48202957040382,0.0222056838664202,"PPARG"
"MA0070.1","PBX1",-0.0135107659346425,0,"medulla_early","up","promoter",TRUE,1,0.543198366580411,0.107678491415961,"PBX1"
"MA0071.1","RORA",0.0986786207639803,0,"medulla_early","up","promoter",TRUE,1,-0.646097564647312,0.137965775448693,"RORA"
"MA0073.1","RREB1",0.027192966797176,0,"medulla_early","up","promoter",TRUE,1,-0.284958489325675,0.439839560466864,"RREB1"
"MA0074.1","RXRA::VDR",0.081012888722479,0,"medulla_early","up","promoter",TRUE,1,-1.27913553121649,0.165303952902181,"VDR"
"MA0077.1","SOX9",-0.260987409872165,0,"medulla_early","up","promoter",TRUE,1,0.0291535110865756,0.977483202509387,"SOX9"
"MA0101.1","REL",-0.00572018393135121,0,"medulla_early","up","promoter",TRUE,1,-0.0193170770089262,0.991304581858302,"REL"
"MA0107.1","RELA",-0.0040437603485719,0,"medulla_early","up","promoter",TRUE,1,0.579893364955569,0.0190450667248155,"RELA"
"MA0115.1","NR1H2::RXRA",-0.315968919825234,0,"medulla_early","up","promoter",TRUE,1,0.305615412227834,0.16999764630218,"NR1H2"
"MA0138.2","REST",-0.00206486084012525,0,"medulla_early","up","promoter",TRUE,1,-0.0949623807216522,0.838218397343616,"REST"
"MA0152.1","NFATC2",-0.194899126520944,0,"medulla_early","up","promoter",TRUE,1,0.676704194619269,0.167919844799307,"NFATC2"
"MA0159.1","RARA::RXRA",-0.108581220931014,0,"medulla_early","up","promoter",TRUE,1,0.251003205299105,0.278689679787823,"RARA"
"MA0160.1","NR4A2",-0.091783984194767,0,"medulla_early","up","promoter",TRUE,1,0.725667831787121,0.441255409887344,"NR4A2"
"MA0488.1","JUN",-0.418732445902563,0,"medulla_early","up","promoter",TRUE,1,0.279358340249684,0.53327776811505,"JUN"
"MA0501.1","MAF::NFE2",-0.300943450117074,0,"medulla_early","up","promoter",TRUE,1,-0.870991278944142,0.0930440080726412,"MAF"
"MA0504.1","NR2C2",-0.0571279160454639,0,"medulla_early","up","promoter",TRUE,1,0.0337155019952089,0.949735800056559,"NR2C2"
"MA0513.1","SMAD2::SMAD3::SMAD4",-0.0302442064348583,0,"medulla_early","up","promoter",TRUE,1,-0.192837359235304,0.433364321152432,"SMAD4"
"MA0527.1","ZBTB33",-0.0524787894331746,0,"medulla_early","up","promoter",TRUE,1,-0.109293803021875,0.828831884436742,"ZBTB33"
"MA0140.2","GATA1::TAL1",-0.47691785534005,0,"medulla_early","up","promoter",TRUE,1,0.798942238781588,0.0272796609271787,"TAL1"
"MA0095.2","YY1",-0.561017571010823,0,"medulla_early","up","promoter",TRUE,1,-0.132916635869064,0.498109819184393,"YY1"
"MA0593.1","FOXP2",0.0166152818613465,0,"medulla_early","up","promoter",TRUE,1,-0.616503529471229,0.382023060817818,"FOXP2"
"MA0595.1","SREBF1",-0.154024097751389,0,"medulla_early","up","promoter",TRUE,1,-0.403568976526925,0.455463154300618,"SREBF1"
"MA0596.1","SREBF2",0.0958181081457941,0,"medulla_early","up","promoter",TRUE,1,-0.328740913543506,0.520055289512477,"SREBF2"
"MA0599.1","KLF5",-0.0270562256726183,0,"medulla_early","up","promoter",TRUE,1,0.992907703790705,0.285076906521638,"KLF5"
"MA0625.1","NFATC3",-0.0448473921711425,0,"medulla_early","up","promoter",TRUE,1,-0.0253446977600298,0.920610099552946,"NFATC3"
"MA0637.1","CENPB",-0.299995034333073,0,"medulla_early","up","promoter",TRUE,1,0.520411003219583,0.0883160023154592,"CENPB"
"MA0638.1","CREB3",0.0836616629885958,0,"medulla_early","up","promoter",TRUE,1,0.288082796455454,0.271735738199765,"CREB3"
"MA0641.1","ELF4",0.00666399034111809,0,"medulla_early","up","promoter",TRUE,1,1.1226702167972,0.0220485053110765,"ELF4"
"MA0645.1","ETV6",0.0571341175928097,0,"medulla_early","up","promoter",TRUE,1,0.351783507815179,0.129897647528124,"ETV6"
"MA0475.2","FLI1",-0.12778433702543,0,"medulla_early","up","promoter",TRUE,1,0.62252159666859,0.0488731436887641,"FLI1"
"MA0042.2","FOXI1",0.0829807249821091,0,"medulla_early","up","promoter",TRUE,1,-1.00207677959519,0.130036679691947,"FOXI1"
"MA0033.2","FOXL1",0.13176943427075,0,"medulla_early","up","promoter",TRUE,1,0.019523715237681,0.980153536640451,"FOXL1"
"MA0157.2","FOXO3",0.131447284933245,0,"medulla_early","up","promoter",TRUE,1,0.410664929996671,0.263953897995341,"FOXO3"
"MA0647.1","GRHL1",-0.263873416060373,0,"medulla_early","up","promoter",TRUE,1,0.891639472788421,0.144113440335442,"GRHL1"
"MA0649.1","HEY2",-0.187584973349543,0,"medulla_early","up","promoter",TRUE,1,-0.585690987323064,0.233646483942642,"HEY2"
"MA0131.2","HINFP",0.0210836460804327,0,"medulla_early","up","promoter",TRUE,1,-0.00605995418865568,0.984367282956734,"HINFP"
"MA0046.2","HNF1A",0.0461739009601647,0,"medulla_early","up","promoter",TRUE,1,-3.73335937880184,0.0212680300495519,"HNF1A"
"MA0153.2","HNF1B",0.0827210385480641,0,"medulla_early","up","promoter",TRUE,1,-0.229678886145343,0.472628326754574,"HNF1B"
"MA0486.2","HSF1",-0.00874864960818034,0,"medulla_early","up","promoter",TRUE,1,0.0855642481636982,0.774884105033327,"HSF1"
"MA0655.1","JDP2",-0.194213139941301,0,"medulla_early","up","promoter",TRUE,1,1.14409642079808,0.0153019499647919,"JDP2"
"MA0657.1","KLF13",-0.0130474803722089,0,"medulla_early","up","promoter",TRUE,1,-0.045423145616744,0.922561550105351,"KLF13"
"MA0661.1","MEOX1",0.0711825839732878,0,"medulla_early","up","promoter",TRUE,1,0.858034580860494,0.537875935159819,"MEOX1"
"MA0665.1","MSC",-0.0607567137801412,0,"medulla_early","up","promoter",TRUE,1,1.49797255390859,0.318850116218883,"MSC"
"MA0666.1","MSX1",0.172145252054837,0,"medulla_early","up","promoter",TRUE,1,0.440913695031239,0.329369527400538,"MSX1"
"MA0670.1","NFIA",-0.369795090199612,0,"medulla_early","up","promoter",TRUE,1,-0.281805493764772,0.379892752867281,"NFIA"
"MA0671.1","NFIX",-0.365114981966235,0,"medulla_early","up","promoter",TRUE,1,0.554574499737766,0.0480007194372781,"NFIX"
"MA0685.1","SP4",0.0708448057675222,0,"medulla_early","up","promoter",TRUE,1,0.231572883403043,0.696768787929314,"SP4"
"MA0688.1","TBX2",0.0833143279051685,0,"medulla_early","up","promoter",TRUE,1,0.198685427913855,0.606516511932311,"TBX2"
"MA0690.1","TBX21",-0.220750332852639,0,"medulla_early","up","promoter",TRUE,1,1.27940374781479,0.257890738270315,"TBX21"
"MA0145.3","TFCP2",-0.470362202623132,0,"medulla_early","up","promoter",TRUE,1,-0.107755923772473,0.56102995576346,"TFCP2"
"MA0694.1","ZBTB7B",0.0428247407556519,0,"medulla_early","up","promoter",TRUE,1,-0.230422039910176,0.570771175853258,"ZBTB7B"
"MA0695.1","ZBTB7C",-0.0266189436831237,0,"medulla_early","up","promoter",TRUE,1,0.828274234468886,0.104976498063167,"ZBTB7C"
"MA0698.1","ZBTB18",-0.0180219750453832,0,"medulla_early","up","promoter",TRUE,1,-0.337443828438651,0.329656386678887,"ZBTB18"
"MA0112.3","ESR1",-0.152488540174171,0,"medulla_early","up","promoter",TRUE,1,-0.76193026483192,0.107440800872005,"ESR1"
"MA0141.3","ESRRB",-0.407608514352411,0,"medulla_early","up","promoter",TRUE,1,-0.0272734074675025,0.984076692807865,"ESRRB"
"MA0017.2","NR2F1",-0.0773637173114166,0,"medulla_early","up","promoter",TRUE,1,0.327472633382561,0.467487977793477,"NR2F1"
"MA0113.3","NR3C1",0.133997741336304,0,"medulla_early","up","promoter",TRUE,1,-0.513169439232175,0.0890028114618912,"NR3C1"
"MA0727.1","NR3C2",0.133869782039512,0,"medulla_early","up","promoter",TRUE,1,0.183834376944348,0.756748509580763,"NR3C2"
"MA0729.1","RARA",-0.0754328347837823,0,"medulla_early","up","promoter",TRUE,1,0.251003205299105,0.278689679787823,"RARA"
"MA0731.1","BCL6B",-0.0465657700601367,0,"medulla_early","up","promoter",TRUE,1,0.789413968880608,0.0339258113759447,"BCL6B"
"MA0472.2","EGR2",-0.0127744479873648,0,"medulla_early","up","promoter",TRUE,1,2.38491518033238,0.0488731436887641,"EGR2"
"MA0735.1","GLIS1",0.139729573709324,0,"medulla_early","up","promoter",TRUE,1,-1.36884160429724,0.140906317724698,"GLIS1"
"MA0736.1","GLIS2",-0.034926018403687,0,"medulla_early","up","promoter",TRUE,1,-0.678516578146343,0.0226806851536931,"GLIS2"
"MA0737.1","GLIS3",-0.0625243101814341,0,"medulla_early","up","promoter",TRUE,1,-0.260893479774252,0.562371970570225,"GLIS3"
"MA0741.1","KLF16",0.021071629575184,0,"medulla_early","up","promoter",TRUE,1,0.313067045202356,0.288497905633079,"KLF16"
"MA0749.1","ZBED1",-0.0288139394998543,0,"medulla_early","up","promoter",TRUE,1,0.423079845049261,0.0517960088760821,"ZBED1"
"MA0088.2","ZNF143",-0.315680307436109,0,"medulla_early","up","promoter",TRUE,1,-0.0774181347819791,0.772858706268453,"ZNF143"
"MA0754.1","CUX1",-0.505889378804004,0,"medulla_early","up","promoter",TRUE,1,-0.739131933862636,0.0376999381310971,"CUX1"
"MA0759.1","ELK3",-0.0899399294632897,0,"medulla_early","up","promoter",TRUE,1,0.701141513968615,0.017915864727413,"ELK3"
"MA0760.1","ERF",-0.0272564271983411,0,"medulla_early","up","promoter",TRUE,1,-0.409914171238,0.201369825267356,"ERF"
"MA0474.2","ERG",0.00680500109696514,0,"medulla_early","up","promoter",TRUE,1,0.955144012421275,0.0319871216227914,"ERG"
"MA0098.3","ETS1",-0.00120786664360928,0,"medulla_early","up","promoter",TRUE,1,0.128215768387732,0.852045257423533,"ETS1"
"MA0762.1","ETV2",0.0184914696328002,0,"medulla_early","up","promoter",TRUE,1,0.694455503288438,0.168986975665191,"ETV2"
"MA0763.1","ETV3",-0.239244093776632,0,"medulla_early","up","promoter",TRUE,1,0.218803551963199,0.514567200842541,"ETV3"
"MA0771.1","HSF4",-0.0151056262967115,0,"medulla_early","up","promoter",TRUE,1,0.897229330632013,0.0281205966049571,"HSF4"
"MA0498.2","MEIS1",-0.331392758716522,0,"medulla_early","up","promoter",TRUE,1,0.700958820053192,0.101646787771503,"MEIS1"
"MA0774.1","MEIS2",-0.101127144964964,0,"medulla_early","up","promoter",TRUE,1,0.318231865575317,0.341636157032765,"MEIS2"
"MA0775.1","MEIS3",-0.111511359856382,0,"medulla_early","up","promoter",TRUE,1,1.04375454660072,0.0194798424574245,"MEIS3"
"MA0776.1","MYBL1",-0.148897767851575,0,"medulla_early","up","promoter",TRUE,1,0.292504628237292,0.713263249804878,"MYBL1"
"MA0777.1","MYBL2",-0.114592698502209,0,"medulla_early","up","promoter",TRUE,1,0.264133411690156,0.735541949745164,"MYBL2"
"MA0105.4","NFKB1",-0.703549164620924,0,"medulla_early","up","promoter",TRUE,1,0.379930647824102,0.162736007842491,"NFKB1"
"MA0778.1","NFKB2",0.086750139789384,0,"medulla_early","up","promoter",TRUE,1,0.526483561813297,0.0632738265647081,"NFKB2"
"MA0783.1","PKNOX2",-0.510210294229562,0,"medulla_early","up","promoter",TRUE,1,-0.0312967983574746,0.961854958127771,"PKNOX2"
"MA0793.1","POU6F2",0.166846269054038,0,"medulla_early","up","promoter",TRUE,1,1.34916812417096,0.171923904386873,"POU6F2"
"MA0794.1","PROX1",-0.00273400244265032,0,"medulla_early","up","promoter",TRUE,1,0.781492065860204,0.396430412631936,"PROX1"
"MA0600.2","RFX2",-0.817816298824067,0,"medulla_early","up","promoter",TRUE,1,0.690105216855605,0.0500096154467385,"RFX2"
"MA0795.1","SMAD3",-0.0751638136031092,0,"medulla_early","up","promoter",TRUE,1,0.177474480259113,0.636591761967708,"SMAD3"
"MA0796.1","TGIF1",-0.416768748380547,0,"medulla_early","up","promoter",TRUE,1,0.769417549383641,0.0854961321059382,"TGIF1"
"MA0797.1","TGIF2",-0.61294303135118,0,"medulla_early","up","promoter",TRUE,1,-0.0975039456874409,0.76447034790364,"TGIF2"
"MA0510.2","RFX5",-0.700972928035506,0,"medulla_early","up","promoter",TRUE,1,0.494626091371601,0.0612080498598236,"RFX5"
"MA0800.1","EOMES",0.0778438371669283,0,"medulla_early","up","promoter",TRUE,1,1.26130077834922,0.366172506569951,"EOMES"
"MA0801.1","MGA",0.0264958818846104,0,"medulla_early","up","promoter",TRUE,1,0.0943896467132888,0.804951368712809,"MGA"
"MA0804.1","TBX19",-0.114369782148152,0,"medulla_early","up","promoter",TRUE,1,0.0275307397447122,0.956877001480823,"TBX19"
"MA0805.1","TBX1",0.0681566134621772,0,"medulla_early","up","promoter",TRUE,1,1.07871851609212,0.211136005047463,"TBX1"
"MA0808.1","TEAD3",-0.0281694177330207,0,"medulla_early","up","promoter",TRUE,1,0.422537941971592,0.0770772325683264,"TEAD3"
"MA0811.1","TFAP2B",-0.0367850416052811,0,"medulla_early","up","promoter",TRUE,1,-0.146093515886961,0.802852344930414,"TFAP2B"
"MA0823.1","HEY1",-0.030405096476624,0,"medulla_early","up","promoter",TRUE,1,-0.156075957248471,0.857065973958851,"HEY1"
"MA0466.2","CEBPB",-0.39893461924088,0,"medulla_early","up","promoter",TRUE,1,1.5202115841024,0.0153019499647919,"CEBPB"
"MA0838.1","CEBPG",-0.329157837994491,0,"medulla_early","up","promoter",TRUE,1,-0.0242852266622666,0.939076416212833,"CEBPG"
"MA0839.1","CREB3L1",0.0129491276485343,0,"medulla_early","up","promoter",TRUE,1,1.25715256857348,0.0719404967773018,"CREB3L1"
"MA0843.1","TEF",-0.371657775802289,0,"medulla_early","up","promoter",TRUE,1,-0.271957750414631,0.421241065450089,"TEF"
"MA0844.1","XBP1",-0.337120223383061,0,"medulla_early","up","promoter",TRUE,1,-0.0739851107600185,0.842321959532531,"XBP1"
"MA0032.2","FOXC1",-0.200978090587065,0,"medulla_early","up","promoter",TRUE,1,0.580998630500591,0.163866115222073,"FOXC1"
"MA0846.1","FOXC2",-0.206621946423102,0,"medulla_early","up","promoter",TRUE,1,0.394689052961632,0.290072040172465,"FOXC2"
"MA0848.1","FOXO4",0.0829807249821091,0,"medulla_early","up","promoter",TRUE,1,-0.378574428888762,0.125279661077036,"FOXO4"
"MA0850.1","FOXP3",0.117192277844198,0,"medulla_early","up","promoter",TRUE,1,0.794752742995387,0.357667321221329,"FOXP3"
"MA0855.1","RXRB",-0.118286833027537,0,"medulla_early","up","promoter",TRUE,1,0.0182701870018782,0.927183327398293,"RXRB"
"MA0856.1","RXRG",-0.154830880192609,0,"medulla_early","up","promoter",TRUE,1,-2.08682302791845,0.0841091298451762,"RXRG"
"MA0106.3","TP53",0.216178780120553,0,"medulla_early","up","promoter",TRUE,1,0.268113833620555,0.285380123737421,"TP53"
"MA0861.1","TP73",-0.521964552418516,0,"medulla_early","up","promoter",TRUE,1,-1.05236075986777,0.187407756098221,"TP73"
"MA0862.1","GMEB2",-0.108989342814066,0,"medulla_early","up","promoter",TRUE,1,0.369081875599014,0.1262648203929,"GMEB2"
"MA0863.1","MTF1",-0.0323956345843044,0,"medulla_early","up","promoter",TRUE,1,-0.19359464082563,0.577159351858926,"MTF1"
"MA0024.3","E2F1",-0.210553474287064,0,"medulla_early","up","promoter",TRUE,1,-1.70417326735421,0.0543764814736697,"E2F1"
"MA0028.2","ELK1",-0.278436691204051,0,"medulla_early","up","promoter",TRUE,1,0.293093351721676,0.0909699931476792,"ELK1"
"MA0891.1","GSC2",-0.443443047403252,0,"medulla_early","up","promoter",TRUE,1,-3.79252608567329,0.0220038738285468,"GSC2"
"MA0905.1","HOXC10",0.0673362191894622,0,"medulla_early","up","promoter",TRUE,1,0.212930247047329,0.442224783742765,"HOXC10"
"MA0161.2","NFIC",-0.259499034234976,0,"medulla_early","up","promoter",TRUE,1,0.097679176962334,0.738354796903388,"NFIC"
"MA1110.1","NR1H4",-0.106582746554937,0,"medulla_early","up","promoter",TRUE,1,-2.65290680162632,0.0293717527661552,"NR1H4"
"MA1111.1","NR2F2",-0.350157141476385,0,"medulla_early","up","promoter",TRUE,1,0.0921867673226995,0.725900271836911,"NR2F2"
"MA0014.3","PAX5",-0.159776338104528,0,"medulla_early","up","promoter",TRUE,1,2.11600005888026,0.0318670180300926,"PAX5"
"MA1116.1","RBPJ",-0.0724266487601826,0,"medulla_early","up","promoter",TRUE,1,0.180451508095806,0.470444809777039,"RBPJ"
"MA1117.1","RELB",-0.163590045595086,0,"medulla_early","up","promoter",TRUE,1,1.0746742582194,0.0194798424574245,"RELB"
"MA1120.1","SOX13",-0.383837970317465,0,"medulla_early","up","promoter",TRUE,1,0.311606527364911,0.272124212584795,"SOX13"
"MA1121.1","TEAD2",-0.114488230776522,0,"medulla_early","up","promoter",TRUE,1,0.958886010687263,0.0237339766038364,"TEAD2"
"MA1122.1","TFDP1",-0.00422234447173153,0,"medulla_early","up","promoter",TRUE,1,0.058462387399147,0.716435245855251,"TFDP1"
"MA0750.2","ZBTB7A",0.0431404761461103,0,"medulla_early","up","promoter",TRUE,1,0.269647846350933,0.179638073990771,"ZBTB7A"
"MA0103.3","ZEB1",-0.146917105336323,0,"medulla_early","up","promoter",TRUE,1,0.148375688982562,0.744452460938301,"ZEB1"
"MA1124.1","ZNF24",-0.2207412904325,0,"medulla_early","up","promoter",TRUE,1,-0.123237481588795,0.589634294870035,"ZNF24"
"MA1125.1","ZNF384",-0.0332833547360245,0,"medulla_early","up","promoter",TRUE,1,0.0126906233976918,0.950318411999697,"ZNF384"
"MA1154.1","ZNF282",-0.246220466207318,0,"medulla_early","up","promoter",TRUE,1,-0.310812240175454,0.14447995694465,"ZNF282"
"MA0037.3","GATA3",0.13825118271769,0,"medulla_early","up","promoter",TRUE,1,1.3346717036592,0.0806260329034313,"GATA3"
"MA1126.1","FOS::JUN(var.2)",0.0111040281209664,0,"medulla_early","up","promoter",TRUE,1,0.833230264158733,0.452583737017769,"FOS"
"MA1129.1","FOSL1::JUN(var.2)",0.0223425796371126,0,"medulla_early","up","promoter",TRUE,1,1.9734779914701,0.0610657843457058,"FOSL1"
"MA1131.1","FOSL2::JUN(var.2)",-0.0745358630218993,0,"medulla_early","up","promoter",TRUE,1,1.11642145947387,0.0267171782287447,"FOSL2"
"MA1132.1","JUN::JUNB",0.0500625873493856,0,"medulla_early","up","promoter",TRUE,1,1.46763912831928,0.0679259533057009,"JUNB"
"MA1133.1","JUN::JUNB(var.2)",-0.0333042153342387,0,"medulla_early","up","promoter",TRUE,1,0.279358340249684,0.53327776811505,"JUN"
"MA1136.1","FOSB::JUNB(var.2)",-0.0508015491985363,0,"medulla_early","up","promoter",TRUE,1,0.96844474611884,0.411848333434714,"FOSB"
"MA1139.1","FOSL2::JUNB(var.2)",0.160728768942903,0,"medulla_early","up","promoter",TRUE,1,1.11642145947387,0.0267171782287447,"FOSL2"
"MA1143.1","FOSL1::JUND(var.2)",0.0104355190512653,0,"medulla_early","up","promoter",TRUE,1,1.9734779914701,0.0610657843457058,"FOSL1"
"MA1145.1","FOSL2::JUND(var.2)",0.0225389598153907,0,"medulla_early","up","promoter",TRUE,1,1.11642145947387,0.0267171782287447,"FOSL2"
"MA1151.1","RORC",-0.0256310115464737,0,"medulla_early","up","promoter",TRUE,1,-1.44829188970955,0.0202767377537535,"RORC"
"MA1152.1","SOX15",0.102858495288016,0,"medulla_early","up","promoter",TRUE,1,0.953583951967304,0.160632342851924,"SOX15"
"MA1466.1","ATF6",-0.115223936835248,0,"medulla_early","up","promoter",TRUE,1,-0.20769078701211,0.428682654817829,"ATF6"
"MA1101.2","BACH2",-0.156893507513235,0,"medulla_early","up","promoter",TRUE,1,0.459716888743106,0.378466067576624,"BACH2"
"MA1474.1","CREB3L4",-0.128356839904343,0,"medulla_early","up","promoter",TRUE,1,0.909872145054698,0.0193111826545978,"CREB3L4"
"MA1483.1","ELF2",-0.296389444958513,0,"medulla_early","up","promoter",TRUE,1,0.090553311647553,0.76926287352926,"ELF2"
"MA1484.1","ETS2",0.0511326973044248,0,"medulla_early","up","promoter",TRUE,1,0.674127128136689,0.0922964823216519,"ETS2"
"MA1489.1","FOXN3",-0.203541267393173,0,"medulla_early","up","promoter",TRUE,1,0.160178289234369,0.666277751302449,"FOXN3"
"MA1491.1","GLI3",-0.214186081893405,0,"medulla_early","up","promoter",TRUE,1,0.407270905295038,0.408445282088167,"GLI3"
"MA1496.1","HOXA4",0.147356996225746,0,"medulla_early","up","promoter",TRUE,1,0.517190595932911,0.129097296627107,"HOXA4"
"MA1497.1","HOXA6",-0.114579095125503,0,"medulla_early","up","promoter",TRUE,1,0.195094839051146,0.7873503474939,"HOXA6"
"MA1498.1","HOXA7",-0.175704574681409,0,"medulla_early","up","promoter",TRUE,1,-0.276953008905456,0.388168841493804,"HOXA7"
"MA1500.1","HOXB6",-0.203773361546947,0,"medulla_early","up","promoter",TRUE,1,0.972427033922479,0.037117422551965,"HOXB6"
"MA1501.1","HOXB7",0.119384749142856,0,"medulla_early","up","promoter",TRUE,1,0.796220698308481,0.0449801807976968,"HOXB7"
"MA1502.1","HOXB8",-0.149549075612497,0,"medulla_early","up","promoter",TRUE,1,1.50614907231795,0.028281935823576,"HOXB8"
"MA1505.1","HOXC8",-0.0207591619766987,0,"medulla_early","up","promoter",TRUE,1,0.22990274756825,0.609613463583714,"HOXC8"
"MA1512.1","KLF11",-0.00420619930184785,0,"medulla_early","up","promoter",TRUE,1,0.400278587623946,0.405050733579513,"KLF11"
"MA1513.1","KLF15",-0.00380311041852011,0,"medulla_early","up","promoter",TRUE,1,-1.50515123593805,0.094601456969957,"KLF15"
"MA1515.1","KLF2",-0.00708970262179953,0,"medulla_early","up","promoter",TRUE,1,1.20868607866865,0.0160629005005414,"KLF2"
"MA1517.1","KLF6",-0.0753024808916187,0,"medulla_early","up","promoter",TRUE,1,0.453874513879102,0.250247038580837,"KLF6"
"MA1518.1","LHX1",-0.0903577147757684,0,"medulla_early","up","promoter",TRUE,1,0.859538805973193,0.273437316058076,"LHX1"
"MA1520.1","MAF",-0.213917219443783,0,"medulla_early","up","promoter",TRUE,1,-0.870991278944142,0.0930440080726412,"MAF"
"MA1525.1","NFATC4",-0.0300287386036482,0,"medulla_early","up","promoter",TRUE,1,0.684673032968421,0.0877976400145844,"NFATC4"
"MA1531.1","NR1D1",0.0975919736740769,0,"medulla_early","up","promoter",TRUE,1,-0.508080441846018,0.292798903775563,"NR1D1"
"MA1535.1","NR2C1",-0.178110716749291,0,"medulla_early","up","promoter",TRUE,1,0.0224387231974288,0.962554461719847,"NR2C1"
"MA1541.1","NR6A1",-0.0632950847156515,0,"medulla_early","up","promoter",TRUE,1,0.129919435705774,0.700415493114661,"NR6A1"
"MA1544.1","OVOL1",0.155713836884075,0,"medulla_early","up","promoter",TRUE,1,-0.0542884210873513,0.932093252830415,"OVOL1"
"MA1545.1","OVOL2",-0.066908742675019,0,"medulla_early","up","promoter",TRUE,1,-1.51411161014149,0.0279948551554561,"OVOL2"
"MA1547.1","PITX2",-0.433938297125153,0,"medulla_early","up","promoter",TRUE,1,-2.19794747352486,0.0216477849535036,"PITX2"
"MA1550.1","PPARD",-0.211593677396523,0,"medulla_early","up","promoter",TRUE,1,0.939040456806554,0.0134950986177877,"PPARD"
"MA1554.1","RFX7",-0.134504100204009,0,"medulla_early","up","promoter",TRUE,1,-0.319882325762399,0.695988332884165,"RFX7"
"MA1557.1","SMAD5",0.0858555375759531,0,"medulla_early","up","promoter",TRUE,1,-0.19844517351265,0.667504862339741,"SMAD5"
"MA1558.1","SNAI1",-0.114559983811844,0,"medulla_early","up","promoter",TRUE,1,0.861788063542812,0.0999052927634928,"SNAI1"
"MA1561.1","SOX12",-0.350584713484853,0,"medulla_early","up","promoter",TRUE,1,-0.00135974356103929,0.998023804829377,"SOX12"
"MA1563.1","SOX18",-0.801329771226238,0,"medulla_early","up","promoter",TRUE,1,0.530377666863851,0.210919437528209,"SOX18"
"MA1566.1","TBX3",0.0683325554559877,0,"medulla_early","up","promoter",TRUE,1,1.61773656906076,0.0300687073521453,"TBX3"
"MA1567.1","TBX6",-0.0327346273894475,0,"medulla_early","up","promoter",TRUE,1,-0.0800585809925347,0.903155259195917,"TBX6"
"MA1573.1","THAP11",-0.0491607511241305,0,"medulla_early","up","promoter",TRUE,1,0.0244354180583501,0.93860093078286,"THAP11"
"MA1574.1","THRB",-0.0587476498567971,0,"medulla_early","up","promoter",TRUE,1,-0.871757602464749,0.0162137740761793,"THRB"
"MA1578.1","VEZF1",0.0337148993800813,0,"medulla_early","up","promoter",TRUE,1,0.307129710257832,0.344975733635377,"VEZF1"
"MA1579.1","ZBTB26",0.0465564996071608,0,"medulla_early","up","promoter",TRUE,1,-0.0780110016343287,0.881242888034179,"ZBTB26"
"MA1581.1","ZBTB6",0.0500156975400321,0,"medulla_early","up","promoter",TRUE,1,-0.410264236133438,0.538650528903664,"ZBTB6"
"MA1583.1","ZFP57",-0.248056057170588,0,"medulla_early","up","promoter",TRUE,1,0.134092175958993,0.562705373638005,"ZFP57"
"MA1585.1","ZKSCAN1",-0.332982377961509,0,"medulla_early","up","promoter",TRUE,1,-0.304598762343511,0.145769931770526,"ZKSCAN1"
"MA1589.1","ZNF140",0.125266595684333,0,"medulla_early","up","promoter",TRUE,1,-0.0447137839251823,0.92551117188291,"ZNF140"
"MA1601.1","ZNF75D",-0.158661959834183,0,"medulla_early","up","promoter",TRUE,1,-0.205791944644021,0.211360968701263,"ZNF75D"
"MA1602.1","ZSCAN29",-0.446336630520015,0,"medulla_early","up","promoter",TRUE,1,-0.211109284167653,0.616081035276761,"ZSCAN29"
"MA0605.2","ATF3",-0.0932614050064493,0,"medulla_early","up","promoter",TRUE,1,1.3783222303847,0.0649353280088722,"ATF3"
"MA0463.2","BCL6",0.0696191861294686,0,"medulla_early","up","promoter",TRUE,1,0.299606612688747,0.385286934872243,"BCL6"
"MA0864.2","E2F2",-0.0947929003976817,0,"medulla_early","up","promoter",TRUE,1,-0.216786191028822,0.855788553625119,"E2F2"
"MA0469.3","E2F3",0.155469153241395,0,"medulla_early","up","promoter",TRUE,1,-1.29813101000581,0.0434882470441721,"E2F3"
"MA0470.2","E2F4",-0.100764915639312,0,"medulla_early","up","promoter",TRUE,1,0.333538314515133,0.0558883269588453,"E2F4"
"MA0847.2","FOXD2",0.0704344791798954,0,"medulla_early","up","promoter",TRUE,1,-1.71185376512621,0.0476922763200513,"FOXD2"
"MA0734.2","GLI2",-0.199884330506278,0,"medulla_early","up","promoter",TRUE,1,0.7920876358478,0.126422216899128,"GLI2"
"MA1099.2","HES1",0.0212419880176764,0,"medulla_early","up","promoter",TRUE,1,1.0523647188129,0.0217040749021563,"HES1"
"MA0158.2","HOXA5",0.0297955468611644,0,"medulla_early","up","promoter",TRUE,1,0.498572000283622,0.0898190982935082,"HOXA5"
"MA0594.2","HOXA9",-0.276782696375433,0,"medulla_early","up","promoter",TRUE,1,-0.395853823605739,0.142581043349053,"HOXA9"
"MA0904.2","HOXB5",-0.0108482628215292,0,"medulla_early","up","promoter",TRUE,1,0.9513562847419,0.0328768746966467,"HOXB5"
"MA0910.2","HOXD8",-0.11275911204013,0,"medulla_early","up","promoter",TRUE,1,0.0195025047579254,0.963421332228965,"HOXD8"
"MA0842.2","NRL",-0.48294100470694,0,"medulla_early","up","promoter",TRUE,1,-0.507917598485353,0.222996091684312,"NRL"
"MA0867.2","SOX4",0.0765987224035465,0,"medulla_early","up","promoter",TRUE,1,0.631476589277892,0.180500143593306,"SOX4"
"MA0079.4","SP1",0.046289865954563,0,"medulla_early","up","promoter",TRUE,1,-0.180632118297754,0.728641937763737,"SP1"
"MA0516.2","SP2",-0.0984200934716313,0,"medulla_early","up","promoter",TRUE,1,0.333263735841164,0.0909624918857382,"SP2"
"MA0753.2","ZNF740",-0.0244161601097979,0,"medulla_early","up","promoter",TRUE,1,0.0740848988032319,0.646852173747967,"ZNF740"
"MA1632.1","ATF2",-0.0287766004512697,0,"medulla_early","up","promoter",TRUE,1,-0.23703910398746,0.49811164292577,"ATF2"
"MA1644.1","NFYC",0.0989831195162632,0,"medulla_early","up","promoter",TRUE,1,0.0218313061929445,0.950139638118914,"NFYC"
"MA1649.1","ZBTB12",-0.107927403247794,0,"medulla_early","up","promoter",TRUE,1,0.11882836870654,0.807731451728948,"ZBTB12"
"MA1651.1","ZFP42",-0.335256681132351,0,"medulla_early","up","promoter",TRUE,1,1.3795986142512,0.0701917929827533,"ZFP42"
"MA1652.1","ZKSCAN5",-0.00225959312533952,0,"medulla_early","up","promoter",TRUE,1,0.175729895800091,0.514179238121014,"ZKSCAN5"
"MA1655.1","ZNF341",-0.0313424764272696,0,"medulla_early","up","promoter",TRUE,1,-0.0944097856469739,0.774884105033327,"ZNF341"
"MA1683.1","FOXA3",0.134607468358367,0,"medulla_early","up","promoter",TRUE,1,2.84314408223347,0.0435714266850292,"FOXA3"
"MA0833.2","ATF4",-0.173739649010632,0,"medulla_early","up","promoter",TRUE,1,0.520837578505526,0.0394037648987395,"ATF4"
"MA0102.4","CEBPA",-0.14926308499138,0,"medulla_early","up","promoter",TRUE,1,-0.738576815360503,0.204007466239598,"CEBPA"
"MA0836.2","CEBPD",-0.0330393959136837,0,"medulla_early","up","promoter",TRUE,1,1.438773802334,0.0386344708993244,"CEBPD"
"MA0471.2","E2F6",-0.0302998455591297,0,"medulla_early","up","promoter",TRUE,1,0.0768778221849864,0.763381562456652,"E2F6"
"MA0154.4","EBF1",0.0397591835626327,0,"medulla_early","up","promoter",TRUE,1,0.0125549850936881,0.970460907417909,"EBF1"
"MA0473.3","ELF1",0.0722017584942858,0,"medulla_early","up","promoter",TRUE,1,0.185857579716268,0.592689574785557,"ELF1"
"MA0592.3","ESRRA",-0.165054948474123,0,"medulla_early","up","promoter",TRUE,1,-0.603850735885334,0.126149020809492,"ESRRA"
"MA0765.2","ETV5",-0.0102632106521225,0,"medulla_early","up","promoter",TRUE,1,-1.5518623101589,0.0205922510861573,"ETV5"
"MA1103.2","FOXK2",0.117792390682394,0,"medulla_early","up","promoter",TRUE,1,-0.455562189771514,0.0586136849824151,"FOXK2"
"MA0481.3","FOXP1",0.176923186111594,0,"medulla_early","up","promoter",TRUE,1,0.182612820616685,0.444871328409441,"FOXP1"
"MA1105.2","GRHL2",-0.41813321066441,0,"medulla_early","up","promoter",TRUE,1,0.85188475913007,0.081288610877865,"GRHL2"
"MA0043.3","HLF",-0.202350555231596,0,"medulla_early","up","promoter",TRUE,1,-0.643490632147318,0.0980279086316728,"HLF"
"MA0114.4","HNF4A",-0.133388462956732,0,"medulla_early","up","promoter",TRUE,1,-4.05641177125823,0.0317899523202682,"HNF4A"
"MA0484.2","HNF4G",-0.203121640719846,0,"medulla_early","up","promoter",TRUE,1,-3.1103236919031,0.0134950986177877,"HNF4G"
"MA0039.4","KLF4",-0.0195620421965312,0,"medulla_early","up","promoter",TRUE,1,0.974693044612211,0.0636455015044703,"KLF4"
"MA1107.2","KLF9",-0.0765182554913739,0,"medulla_early","up","promoter",TRUE,1,-0.587903376235794,0.408118900902291,"KLF9"
"MA0495.3","MAFF",-0.167887618743602,0,"medulla_early","up","promoter",TRUE,1,1.6233980809504,0.017958398165307,"MAFF"
"MA0659.2","MAFG",-0.112540146152041,0,"medulla_early","up","promoter",TRUE,1,0.0152952582781625,0.966046275424772,"MAFG"
"MA0496.3","MAFK",-0.0807794027046844,0,"medulla_early","up","promoter",TRUE,1,0.097010989711154,0.796108480555888,"MAFK"
"MA1108.2","MXI1",0.00666549221118196,0,"medulla_early","up","promoter",TRUE,1,-0.906677660770016,0.0388835804979007,"MXI1"
"MA0056.2","MZF1",-0.111709487433643,0,"medulla_early","up","promoter",TRUE,1,0.25305893591519,0.202232546733271,"MZF1"
"MA0089.2","NFE2L1",-0.559740905083816,0,"medulla_early","up","promoter",TRUE,1,0.247186036800803,0.281164169069091,"NFE2L1"
"MA0025.2","NFIL3",-0.197445225893095,0,"medulla_early","up","promoter",TRUE,1,0.790068646035492,0.064194527834963,"NFIL3"
"MA0502.2","NFYB",0.00672807386070051,0,"medulla_early","up","promoter",TRUE,1,0.23677978422968,0.272965768589987,"NFYB"
"MA1112.2","NR4A1",-0.159367993606116,0,"medulla_early","up","promoter",TRUE,1,0.675924232975686,0.583915033713709,"NR4A1"
"MA0679.2","ONECUT1",-0.0848431675566421,0,"medulla_early","up","promoter",TRUE,1,-3.7065724616312,0.0317003906499811,"ONECUT1"
"MA1113.2","PBX2",0.0878388015557294,0,"medulla_early","up","promoter",TRUE,1,0.182851860673326,0.346830635089818,"PBX2"
"MA0508.3","PRDM1",-0.0220231729172831,0,"medulla_early","up","promoter",TRUE,1,0.476147591593726,0.573731024201796,"PRDM1"
"MA0509.2","RFX1",-0.456474760193808,0,"medulla_early","up","promoter",TRUE,1,0.22031524079772,0.341770568814762,"RFX1"
"MA0798.2","RFX3",-0.375906607433917,0,"medulla_early","up","promoter",TRUE,1,-0.0839041882493117,0.875093779565871,"RFX3"
"MA0745.2","SNAI2",-0.105719303139959,0,"medulla_early","up","promoter",TRUE,1,1.17036870659601,0.0134950986177877,"SNAI2"
"MA0522.3","TCF3",0.0257576143045037,0,"medulla_early","up","promoter",TRUE,1,0.507566700207939,0.0280927985771345,"TCF3"
"MA0830.2","TCF4",-0.0520610382483753,0,"medulla_early","up","promoter",TRUE,1,0.389016801723167,0.397974930333454,"TCF4"
"MA0769.2","TCF7",0.10316303654079,0,"medulla_early","up","promoter",TRUE,1,0.55069342337898,0.297036318782577,"TCF7"
"MA0090.3","TEAD1",-0.0954162336458975,0,"medulla_early","up","promoter",TRUE,1,0.144843631425045,0.825466152858346,"TEAD1"
"MA0809.2","TEAD4",-0.235550268099913,0,"medulla_early","up","promoter",TRUE,1,0.765428275730018,0.0404444595868159,"TEAD4"
"MA0003.4","TFAP2A",-0.120862645262049,0,"medulla_early","up","promoter",TRUE,1,1.19516253571842,0.081288610877865,"TFAP2A"
"MA1123.2","TWIST1",0.00546455113609667,0,"medulla_early","up","promoter",TRUE,1,-1.59309069660885,0.0449801807976968,"TWIST1"
"MA0528.2","ZNF263",-0.0591213515103863,0,"medulla_early","up","promoter",TRUE,1,0.271097059250764,0.141801847387358,"ZNF263"
"MA0609.2","CREM",0.133539845464934,0,"medulla_early","up","promoter",TRUE,1,0.790330687779365,0.0838791258343589,"CREM"
"MA0037.3","GATA3",0.513026656323779,1.13439772713528,"medulla_early","up","enhancer",TRUE,0.0733841507856912,1.3346717036592,0.0806260329034313,"GATA3"
"MA0766.2","GATA5",0.47364844151022,0.361262371576564,"medulla_early","up","enhancer",TRUE,0.435248846102406,-0.822036966990803,0.163893619637216,"GATA5"
"MA0664.1","MLXIPL",0.437436450901219,0.117006377666619,"medulla_early","up","enhancer",TRUE,0.763824566639844,-3.52863764993125,0.0217040749021563,"MLXIPL"
"MA0671.1","NFIX",0.259689594524232,0.117006377666619,"medulla_early","up","enhancer",TRUE,0.763824566639844,0.554574499737766,0.0480007194372781,"NFIX"
"MA0695.1","ZBTB7C",0.231434411822634,0.117006377666619,"medulla_early","up","enhancer",TRUE,0.763824566639844,0.828274234468886,0.104976498063167,"ZBTB7C"
"MA0738.1","HIC2",0.263228512275081,0.117006377666619,"medulla_early","up","enhancer",TRUE,0.763824566639844,0.123466707296829,0.804065561599467,"HIC2"
"MA0795.1","SMAD3",0.597010296080526,0.117006377666619,"medulla_early","up","enhancer",TRUE,0.763824566639844,0.177474480259113,0.636591761967708,"SMAD3"
"MA0831.2","TFE3",0.310616229512774,0.117006377666619,"medulla_early","up","enhancer",TRUE,0.763824566639844,0.157119415994807,0.411028556531742,"TFE3"
"MA1464.1","ARNT2",0.360373893201289,0.117006377666619,"medulla_early","up","enhancer",TRUE,0.763824566639844,0.175509527767202,0.712440287996641,"ARNT2"
"MA1508.1","IKZF1",0.161372118843639,0.117006377666619,"medulla_early","up","enhancer",TRUE,0.763824566639844,0.922307088489775,0.307305349999776,"IKZF1"
"MA0734.2","GLI2",0.4695610564356,0.117006377666619,"medulla_early","up","enhancer",TRUE,0.763824566639844,0.7920876358478,0.126422216899128,"GLI2"
"MA1099.2","HES1",0.291407989864132,0.117006377666619,"medulla_early","up","enhancer",TRUE,0.763824566639844,1.0523647188129,0.0217040749021563,"HES1"
"MA1643.1","NFIB",0.318110626729178,0.117006377666619,"medulla_early","up","enhancer",TRUE,0.763824566639844,-0.483343468881396,0.135551986577199,"NFIB"
"MA0154.4","EBF1",0.178817533282897,0.117006377666619,"medulla_early","up","enhancer",TRUE,0.763824566639844,0.0125549850936881,0.970460907417909,"EBF1"
"MA0080.5","SPI1",0.180508750291622,0.117006377666619,"medulla_early","up","enhancer",TRUE,0.763824566639844,1.67905569265027,0.0636158128565348,"SPI1"
"MA0059.1","MAX::MYC",0.281969949651924,0.100094833969872,"medulla_early","up","enhancer",TRUE,0.79415480153772,0.271522953883504,0.147301447432832,"MAX"
"MA0139.1","CTCF",0.220838140779657,0.100094833969872,"medulla_early","up","enhancer",TRUE,0.79415480153772,-0.000874132390872084,0.99774228554015,"CTCF"
"MA0523.1","TCF7L2",0.230072094209069,0.100094833969872,"medulla_early","up","enhancer",TRUE,0.79415480153772,0.420036257415145,0.118793484995643,"TCF7L2"
"MA0595.1","SREBF1",0.249956988623757,0.100094833969872,"medulla_early","up","enhancer",TRUE,0.79415480153772,-0.403568976526925,0.455463154300618,"SREBF1"
"MA0692.1","TFEB",0.258571373004348,0.100094833969872,"medulla_early","up","enhancer",TRUE,0.79415480153772,0.35687010369081,0.128464536476835,"TFEB"
"MA0819.1","CLOCK",0.279908670806667,0.100094833969872,"medulla_early","up","enhancer",TRUE,0.79415480153772,-0.2943154510049,0.642617000343182,"CLOCK"
"MA0823.1","HEY1",0.275680742668619,0.100094833969872,"medulla_early","up","enhancer",TRUE,0.79415480153772,-0.156075957248471,0.857065973958851,"HEY1"
"MA0466.2","CEBPB",0.441318163889539,0.100094833969872,"medulla_early","up","enhancer",TRUE,0.79415480153772,1.5202115841024,0.0153019499647919,"CEBPB"
"MA0036.3","GATA2",0.252802378872363,0.100094833969872,"medulla_early","up","enhancer",TRUE,0.79415480153772,1.15848203058517,0.039107559291993,"GATA2"
"MA1106.1","HIF1A",0.276873913971914,0.100094833969872,"medulla_early","up","enhancer",TRUE,0.79415480153772,1.04117704397309,0.178813420070858,"HIF1A"
"MA0147.3","MYC",0.222679666668468,0.100094833969872,"medulla_early","up","enhancer",TRUE,0.79415480153772,0.784772420579083,0.22383335518793,"MYC"
"MA1516.1","KLF3",0.197645400402137,0.100094833969872,"medulla_early","up","enhancer",TRUE,0.79415480153772,0.152031886608195,0.705872909637477,"KLF3"
"MA1532.1","NR1D2",0.254095507597376,0.100094833969872,"medulla_early","up","enhancer",TRUE,0.79415480153772,-0.38699424575702,0.438934763122458,"NR1D2"
"MA1541.1","NR6A1",0.241883817952688,0.100094833969872,"medulla_early","up","enhancer",TRUE,0.79415480153772,0.129919435705774,0.700415493114661,"NR6A1"
"MA1557.1","SMAD5",0.414409351877874,0.100094833969872,"medulla_early","up","enhancer",TRUE,0.79415480153772,-0.19844517351265,0.667504862339741,"SMAD5"
"MA0871.2","TFEC",0.324826852140423,0.100094833969872,"medulla_early","up","enhancer",TRUE,0.79415480153772,-2.21934887902808,0.0310114814551874,"TFEC"
"MA0761.2","ETV1",0.131357836297159,0.100094833969872,"medulla_early","up","enhancer",TRUE,0.79415480153772,-0.652898023478825,0.144113440335442,"ETV1"
"MA0764.2","ETV4",0.110995240305833,0.100094833969872,"medulla_early","up","enhancer",TRUE,0.79415480153772,1.03211159070944,0.0770106041443126,"ETV4"
"MA0508.3","PRDM1",0.149810835062874,0.100094833969872,"medulla_early","up","enhancer",TRUE,0.79415480153772,0.476147591593726,0.573731024201796,"PRDM1"
"MA0794.1","PROX1",0.419511252653079,0.0799513284185853,"medulla_early","up","enhancer",TRUE,0.831856992472878,0.781492065860204,0.396430412631936,"PROX1"
"MA0517.1","STAT1::STAT2",0.199613669511878,0.0644587809046293,"medulla_early","up","enhancer",TRUE,0.862067394048591,0.938329362011193,0.099434494930946,"STAT1"
"MA0464.2","BHLHE40",0.300199344553565,0.0644587809046293,"medulla_early","up","enhancer",TRUE,0.862067394048591,0.696310732226617,0.139776368704943,"BHLHE40"
"MA0649.1","HEY2",0.203673407066217,0.0620221324357235,"medulla_early","up","enhancer",TRUE,0.86691769493191,-0.585690987323064,0.233646483942642,"HEY2"
"MA1515.1","KLF2",0.0908291460183115,0.0620221324357235,"medulla_early","up","enhancer",TRUE,0.86691769493191,1.20868607866865,0.0160629005005414,"KLF2"
"MA0073.1","RREB1",0.129374220739964,0.0483682850642174,"medulla_early","up","enhancer",TRUE,0.894605811180194,-0.284958489325675,0.439839560466864,"RREB1"
"MA0663.1","MLX",0.320465684880407,0.0270822294489256,"medulla_early","up","enhancer",TRUE,0.939545399911356,-0.0109643400459651,0.967283746686265,"MLX"
"MA1120.1","SOX13",0.186517949825545,0.0229355524963426,"medulla_early","up","enhancer",TRUE,0.948559215118774,0.311606527364911,0.272124212584795,"SOX13"
"MA1104.2","GATA6",0.19647653457662,0.022554616678894,"medulla_early","up","enhancer",TRUE,0.949391596633765,0.600672216276934,0.188166445206497,"GATA6"
"MA0058.3","MAX",0.190257804491518,0.0222541772441321,"medulla_early","up","enhancer",TRUE,0.95004860097109,0.271522953883504,0.147301447432832,"MAX"
"MA1602.1","ZSCAN29",0.307480471426723,0.0222541772441321,"medulla_early","up","enhancer",TRUE,0.95004860097109,-0.211109284167653,0.616081035276761,"ZSCAN29"
"MA0782.2","PKNOX1",0.170239635451666,0.0222541772441321,"medulla_early","up","enhancer",TRUE,0.95004860097109,0.356020399006283,0.103617179404249,"PKNOX1"
"MA0062.3","GABPA",0.0990864168133267,0.0154345485009626,"medulla_early","up","enhancer",TRUE,0.965084746496579,-0.261928783878441,0.347760452717804,"GABPA"
"MA0077.1","SOX9",0.210695702872284,0.0134743432978182,"medulla_early","up","enhancer",TRUE,0.969450539586018,0.0291535110865756,0.977483202509387,"SOX9"
"MA0741.1","KLF16",0.0722896017519528,0.0134743432978182,"medulla_early","up","enhancer",TRUE,0.969450539586018,0.313067045202356,0.288497905633079,"KLF16"
"MA1132.1","JUN::JUNB",0.201143405283934,0.0134743432978182,"medulla_early","up","enhancer",TRUE,0.969450539586018,1.46763912831928,0.0679259533057009,"JUNB"
"MA0039.4","KLF4",0.0541686110457622,0.0134743432978182,"medulla_early","up","enhancer",TRUE,0.969450539586018,0.974693044612211,0.0636455015044703,"KLF4"
"MA0670.1","NFIA",0.116568598234142,0.00551310232438486,"medulla_early","up","enhancer",TRUE,0.987385846639826,-0.281805493764772,0.379892752867281,"NFIA"
"MA0825.1","MNT",0.179727278960193,0.00551310232438486,"medulla_early","up","enhancer",TRUE,0.987385846639826,0.290486020846487,0.21272259790518,"MNT"
"MA0506.1","NRF1",0.143488959468212,0.0049333318152222,"medulla_early","up","enhancer",TRUE,0.98870485826872,0.380634117441259,0.0642087533849316,"NRF1"
"MA1125.1","ZNF384",0.136651334271706,0.0049333318152222,"medulla_early","up","enhancer",TRUE,0.98870485826872,0.0126906233976918,0.950318411999697,"ZNF384"
"MA1579.1","ZBTB26",0.101762680490911,0.0049333318152222,"medulla_early","up","enhancer",TRUE,0.98870485826872,-0.0780110016343287,0.881242888034179,"ZBTB26"
"MA0031.1","FOXD1",-0.394734741107188,0,"medulla_early","up","enhancer",TRUE,1,0.65252647273069,0.0824299263662223,"FOXD1"
"MA0051.1","IRF2",0.0509671433159262,0,"medulla_early","up","enhancer",TRUE,1,0.222137248725054,0.312243359118917,"IRF2"
"MA0066.1","PPARG",-0.475285819302708,0,"medulla_early","up","enhancer",TRUE,1,1.48202957040382,0.0222056838664202,"PPARG"
"MA0070.1","PBX1",0.0704434354418462,0,"medulla_early","up","enhancer",TRUE,1,0.543198366580411,0.107678491415961,"PBX1"
"MA0071.1","RORA",-0.0265313203878144,0,"medulla_early","up","enhancer",TRUE,1,-0.646097564647312,0.137965775448693,"RORA"
"MA0074.1","RXRA::VDR",0.152026564208612,0,"medulla_early","up","enhancer",TRUE,1,-1.27913553121649,0.165303952902181,"VDR"
"MA0091.1","TAL1::TCF3",-0.057158666834316,0,"medulla_early","up","enhancer",TRUE,1,0.798942238781588,0.0272796609271787,"TAL1"
"MA0101.1","REL",-0.0202686076188154,0,"medulla_early","up","enhancer",TRUE,1,-0.0193170770089262,0.991304581858302,"REL"
"MA0107.1","RELA",-0.0406132871093732,0,"medulla_early","up","enhancer",TRUE,1,0.579893364955569,0.0190450667248155,"RELA"
"MA0115.1","NR1H2::RXRA",-0.0107978281385823,0,"medulla_early","up","enhancer",TRUE,1,0.305615412227834,0.16999764630218,"NR1H2"
"MA0119.1","NFIC::TLX1",-0.174996325511168,0,"medulla_early","up","enhancer",TRUE,1,0.097679176962334,0.738354796903388,"NFIC"
"MA0138.2","REST",0.16469966921774,0,"medulla_early","up","enhancer",TRUE,1,-0.0949623807216522,0.838218397343616,"REST"
"MA0152.1","NFATC2",-0.0416756771139557,0,"medulla_early","up","enhancer",TRUE,1,0.676704194619269,0.167919844799307,"NFATC2"
"MA0159.1","RARA::RXRA",-0.0501785287284129,0,"medulla_early","up","enhancer",TRUE,1,0.251003205299105,0.278689679787823,"RARA"
"MA0160.1","NR4A2",-0.00276484034626545,0,"medulla_early","up","enhancer",TRUE,1,0.725667831787121,0.441255409887344,"NR4A2"
"MA0163.1","PLAG1",0.0543287885146118,0,"medulla_early","up","enhancer",TRUE,1,0.512497636806037,0.469952279887831,"PLAG1"
"MA0259.1","ARNT::HIF1A",0.105081297172377,0,"medulla_early","up","enhancer",TRUE,1,1.04117704397309,0.178813420070858,"HIF1A"
"MA0476.1","FOS",0.0590270421250816,0,"medulla_early","up","enhancer",TRUE,1,0.833230264158733,0.452583737017769,"FOS"
"MA0478.1","FOSL2",-0.0661502096008304,0,"medulla_early","up","enhancer",TRUE,1,1.11642145947387,0.0267171782287447,"FOSL2"
"MA0488.1","JUN",-0.0904852074586078,0,"medulla_early","up","enhancer",TRUE,1,0.279358340249684,0.53327776811505,"JUN"
"MA0497.1","MEF2C",-0.180693836492198,0,"medulla_early","up","enhancer",TRUE,1,0.476418078339048,0.0988007420919421,"MEF2C"
"MA0501.1","MAF::NFE2",0.023390881547626,0,"medulla_early","up","enhancer",TRUE,1,-0.870991278944142,0.0930440080726412,"MAF"
"MA0504.1","NR2C2",-0.0745903341302121,0,"medulla_early","up","enhancer",TRUE,1,0.0337155019952089,0.949735800056559,"NR2C2"
"MA0507.1","POU2F2",0.117724043986982,0,"medulla_early","up","enhancer",TRUE,1,1.58318370744051,0.0707840992975005,"POU2F2"
"MA0513.1","SMAD2::SMAD3::SMAD4",-0.0201953277037115,0,"medulla_early","up","enhancer",TRUE,1,-0.192837359235304,0.433364321152432,"SMAD4"
"MA0527.1","ZBTB33",0.0519874118086889,0,"medulla_early","up","enhancer",TRUE,1,-0.109293803021875,0.828831884436742,"ZBTB33"
"MA0076.2","ELK4",0.0629439919194024,0,"medulla_early","up","enhancer",TRUE,1,-0.534466366729815,0.413162694444284,"ELK4"
"MA0050.2","IRF1",0.020756619408334,0,"medulla_early","up","enhancer",TRUE,1,1.50356995512709,0.0225323428242336,"IRF1"
"MA0137.3","STAT1",-0.0074494466051469,0,"medulla_early","up","enhancer",TRUE,1,0.938329362011193,0.099434494930946,"STAT1"
"MA0144.2","STAT3",-0.00462102935048492,0,"medulla_early","up","enhancer",TRUE,1,0.685142979052263,0.0314097015086705,"STAT3"
"MA0140.2","GATA1::TAL1",-0.0751447889351784,0,"medulla_early","up","enhancer",TRUE,1,0.798942238781588,0.0272796609271787,"TAL1"
"MA0095.2","YY1",-0.385829334405851,0,"medulla_early","up","enhancer",TRUE,1,-0.132916635869064,0.498109819184393,"YY1"
"MA0593.1","FOXP2",-0.0918735912307893,0,"medulla_early","up","enhancer",TRUE,1,-0.616503529471229,0.382023060817818,"FOXP2"
"MA0596.1","SREBF2",0.12349049331924,0,"medulla_early","up","enhancer",TRUE,1,-0.328740913543506,0.520055289512477,"SREBF2"
"MA0597.1","THAP1",-0.048225201748199,0,"medulla_early","up","enhancer",TRUE,1,-0.166508034133676,0.54507088152635,"THAP1"
"MA0599.1","KLF5",0.00751446711698378,0,"medulla_early","up","enhancer",TRUE,1,0.992907703790705,0.285076906521638,"KLF5"
"MA0625.1","NFATC3",-0.048253583515697,0,"medulla_early","up","enhancer",TRUE,1,-0.0253446977600298,0.920610099552946,"NFATC3"
"MA0628.1","POU6F1",-0.101255216490742,0,"medulla_early","up","enhancer",TRUE,1,0.529922106867129,0.138645572763802,"POU6F1"
"MA0636.1","BHLHE41",0.0627641634379934,0,"medulla_early","up","enhancer",TRUE,1,0.200293766777133,0.709322541958218,"BHLHE41"
"MA0637.1","CENPB",0.0574701203175501,0,"medulla_early","up","enhancer",TRUE,1,0.520411003219583,0.0883160023154592,"CENPB"
"MA0638.1","CREB3",-0.156733519988808,0,"medulla_early","up","enhancer",TRUE,1,0.288082796455454,0.271735738199765,"CREB3"
"MA0641.1","ELF4",-0.262786231599838,0,"medulla_early","up","enhancer",TRUE,1,1.1226702167972,0.0220485053110765,"ELF4"
"MA0136.2","ELF5",0.0391431856460898,0,"medulla_early","up","enhancer",TRUE,1,1.26640822306633,0.167151840142565,"ELF5"
"MA0645.1","ETV6",-0.0823537848116747,0,"medulla_early","up","enhancer",TRUE,1,0.351783507815179,0.129897647528124,"ETV6"
"MA0475.2","FLI1",-0.0491531540025356,0,"medulla_early","up","enhancer",TRUE,1,0.62252159666859,0.0488731436887641,"FLI1"
"MA0042.2","FOXI1",-0.0819480072120538,0,"medulla_early","up","enhancer",TRUE,1,-1.00207677959519,0.130036679691947,"FOXI1"
"MA0033.2","FOXL1",-0.0576955446977552,0,"medulla_early","up","enhancer",TRUE,1,0.019523715237681,0.980153536640451,"FOXL1"
"MA0157.2","FOXO3",-0.305168179065215,0,"medulla_early","up","enhancer",TRUE,1,0.410664929996671,0.263953897995341,"FOXO3"
"MA0646.1","GCM1",0.0566719966978484,0,"medulla_early","up","enhancer",TRUE,1,-2.60173798292748,0.0339258113759447,"GCM1"
"MA0647.1","GRHL1",-0.230714321441969,0,"medulla_early","up","enhancer",TRUE,1,0.891639472788421,0.144113440335442,"GRHL1"
"MA0131.2","HINFP",0.0389973479451591,0,"medulla_early","up","enhancer",TRUE,1,-0.00605995418865568,0.984367282956734,"HINFP"
"MA0046.2","HNF1A",0.192732935126974,0,"medulla_early","up","enhancer",TRUE,1,-3.73335937880184,0.0212680300495519,"HNF1A"
"MA0153.2","HNF1B",0.120462140670472,0,"medulla_early","up","enhancer",TRUE,1,-0.229678886145343,0.472628326754574,"HNF1B"
"MA0651.1","HOXC11",0.151978907568793,0,"medulla_early","up","enhancer",TRUE,1,0.743162405256826,0.279905517427726,"HOXC11"
"MA0486.2","HSF1",-0.254352383898613,0,"medulla_early","up","enhancer",TRUE,1,0.0855642481636982,0.774884105033327,"HSF1"
"MA0652.1","IRF8",-0.116212353506092,0,"medulla_early","up","enhancer",TRUE,1,1.2014900297991,0.0750354753981774,"IRF8"
"MA0653.1","IRF9",0.0948121309085161,0,"medulla_early","up","enhancer",TRUE,1,1.16627744633299,0.0137129769988415,"IRF9"
"MA0655.1","JDP2",0.283268046756185,0,"medulla_early","up","enhancer",TRUE,1,1.14409642079808,0.0153019499647919,"JDP2"
"MA0657.1","KLF13",0.0736405255139161,0,"medulla_early","up","enhancer",TRUE,1,-0.045423145616744,0.922561550105351,"KLF13"
"MA0658.1","LHX6",-0.0249463483924064,0,"medulla_early","up","enhancer",TRUE,1,0.602436613097864,0.138833355641819,"LHX6"
"MA0660.1","MEF2B",0.281449383192834,0,"medulla_early","up","enhancer",TRUE,1,-0.532190006362803,0.596634918876072,"MEF2B"
"MA0661.1","MEOX1",-0.184760308127776,0,"medulla_early","up","enhancer",TRUE,1,0.858034580860494,0.537875935159819,"MEOX1"
"MA0665.1","MSC",-0.367965558893228,0,"medulla_early","up","enhancer",TRUE,1,1.49797255390859,0.318850116218883,"MSC"
"MA0666.1","MSX1",0.107233246878927,0,"medulla_early","up","enhancer",TRUE,1,0.440913695031239,0.329369527400538,"MSX1"
"MA0685.1","SP4",-0.248202105619939,0,"medulla_early","up","enhancer",TRUE,1,0.231572883403043,0.696768787929314,"SP4"
"MA0083.3","SRF",-0.577504155919539,0,"medulla_early","up","enhancer",TRUE,1,0.581294754361464,0.0323398628272813,"SRF"
"MA0688.1","TBX2",0.0983156740402551,0,"medulla_early","up","enhancer",TRUE,1,0.198685427913855,0.606516511932311,"TBX2"
"MA0690.1","TBX21",0.0948459702874125,0,"medulla_early","up","enhancer",TRUE,1,1.27940374781479,0.257890738270315,"TBX21"
"MA0691.1","TFAP4",-0.0281467921845264,0,"medulla_early","up","enhancer",TRUE,1,-0.206592447464464,0.480308054599867,"TFAP4"
"MA0145.3","TFCP2",0.122679459110119,0,"medulla_early","up","enhancer",TRUE,1,-0.107755923772473,0.56102995576346,"TFCP2"
"MA0694.1","ZBTB7B",0.132745523525117,0,"medulla_early","up","enhancer",TRUE,1,-0.230422039910176,0.570771175853258,"ZBTB7B"
"MA0698.1","ZBTB18",-0.0686731877663611,0,"medulla_early","up","enhancer",TRUE,1,-0.337443828438651,0.329656386678887,"ZBTB18"
"MA0716.1","PRRX1",0.082695728873472,0,"medulla_early","up","enhancer",TRUE,1,-0.274791206147191,0.606864661009051,"PRRX1"
"MA0722.1","VAX1",-0.135121160004883,0,"medulla_early","up","enhancer",TRUE,1,-3.69962148324859,0.0769881227341495,"VAX1"
"MA0112.3","ESR1",-0.847995272796869,0,"medulla_early","up","enhancer",TRUE,1,-0.76193026483192,0.107440800872005,"ESR1"
"MA0141.3","ESRRB",-0.0444580938625316,0,"medulla_early","up","enhancer",TRUE,1,-0.0272734074675025,0.984076692807865,"ESRRB"
"MA0017.2","NR2F1",-0.129851248169309,0,"medulla_early","up","enhancer",TRUE,1,0.327472633382561,0.467487977793477,"NR2F1"
"MA0113.3","NR3C1",0.356410483111697,0,"medulla_early","up","enhancer",TRUE,1,-0.513169439232175,0.0890028114618912,"NR3C1"
"MA0727.1","NR3C2",0.252462798255902,0,"medulla_early","up","enhancer",TRUE,1,0.183834376944348,0.756748509580763,"NR3C2"
"MA0729.1","RARA",-0.0781828698415876,0,"medulla_early","up","enhancer",TRUE,1,0.251003205299105,0.278689679787823,"RARA"
"MA0731.1","BCL6B",0.0528000965130002,0,"medulla_early","up","enhancer",TRUE,1,0.789413968880608,0.0339258113759447,"BCL6B"
"MA0472.2","EGR2",0.0804163789999963,0,"medulla_early","up","enhancer",TRUE,1,2.38491518033238,0.0488731436887641,"EGR2"
"MA0732.1","EGR3",0.0154487691147605,0,"medulla_early","up","enhancer",TRUE,1,0.789107358748941,0.535733564316075,"EGR3"
"MA0735.1","GLIS1",0.17210888054026,0,"medulla_early","up","enhancer",TRUE,1,-1.36884160429724,0.140906317724698,"GLIS1"
"MA0736.1","GLIS2",0.00765745328723533,0,"medulla_early","up","enhancer",TRUE,1,-0.678516578146343,0.0226806851536931,"GLIS2"
"MA0737.1","GLIS3",0.0684346951416206,0,"medulla_early","up","enhancer",TRUE,1,-0.260893479774252,0.562371970570225,"GLIS3"
"MA0749.1","ZBED1",0.139613965192601,0,"medulla_early","up","enhancer",TRUE,1,0.423079845049261,0.0517960088760821,"ZBED1"
"MA0088.2","ZNF143",-0.0282539149726739,0,"medulla_early","up","enhancer",TRUE,1,-0.0774181347819791,0.772858706268453,"ZNF143"
"MA0752.1","ZNF410",-0.194247485410982,0,"medulla_early","up","enhancer",TRUE,1,-0.0971555037232443,0.657836257419547,"ZNF410"
"MA0754.1","CUX1",-0.103199238716583,0,"medulla_early","up","enhancer",TRUE,1,-0.739131933862636,0.0376999381310971,"CUX1"
"MA0759.1","ELK3",-0.0631703653166822,0,"medulla_early","up","enhancer",TRUE,1,0.701141513968615,0.017915864727413,"ELK3"
"MA0760.1","ERF",-0.0878623581385609,0,"medulla_early","up","enhancer",TRUE,1,-0.409914171238,0.201369825267356,"ERF"
"MA0474.2","ERG",-0.0312416499616957,0,"medulla_early","up","enhancer",TRUE,1,0.955144012421275,0.0319871216227914,"ERG"
"MA0098.3","ETS1",0.0540667545297691,0,"medulla_early","up","enhancer",TRUE,1,0.128215768387732,0.852045257423533,"ETS1"
"MA0762.1","ETV2",-0.112221227949838,0,"medulla_early","up","enhancer",TRUE,1,0.694455503288438,0.168986975665191,"ETV2"
"MA0763.1","ETV3",-0.0315610490685021,0,"medulla_early","up","enhancer",TRUE,1,0.218803551963199,0.514567200842541,"ETV3"
"MA0768.1","LEF1",0.200075356051625,0,"medulla_early","up","enhancer",TRUE,1,0.650872478596595,0.163893619637216,"LEF1"
"MA0770.1","HSF2",-0.174353549681291,0,"medulla_early","up","enhancer",TRUE,1,-0.0610894044331549,0.843810104310983,"HSF2"
"MA0771.1","HSF4",-0.111966796294413,0,"medulla_early","up","enhancer",TRUE,1,0.897229330632013,0.0281205966049571,"HSF4"
"MA0772.1","IRF7",-0.0130209567786954,0,"medulla_early","up","enhancer",TRUE,1,0.856907633305489,0.191051905123836,"IRF7"
"MA0773.1","MEF2D",0.0145699204890013,0,"medulla_early","up","enhancer",TRUE,1,0.35211754124701,0.087527144700603,"MEF2D"
"MA0498.2","MEIS1",-0.325261656514773,0,"medulla_early","up","enhancer",TRUE,1,0.700958820053192,0.101646787771503,"MEIS1"
"MA0774.1","MEIS2",-0.279423036290366,0,"medulla_early","up","enhancer",TRUE,1,0.318231865575317,0.341636157032765,"MEIS2"
"MA0775.1","MEIS3",-0.222087765994953,0,"medulla_early","up","enhancer",TRUE,1,1.04375454660072,0.0194798424574245,"MEIS3"
"MA0776.1","MYBL1",0.0998293456722061,0,"medulla_early","up","enhancer",TRUE,1,0.292504628237292,0.713263249804878,"MYBL1"
"MA0777.1","MYBL2",-0.221173664661346,0,"medulla_early","up","enhancer",TRUE,1,0.264133411690156,0.735541949745164,"MYBL2"
"MA0105.4","NFKB1",0.246137275785124,0,"medulla_early","up","enhancer",TRUE,1,0.379930647824102,0.162736007842491,"NFKB1"
"MA0778.1","NFKB2",0.0441656126462995,0,"medulla_early","up","enhancer",TRUE,1,0.526483561813297,0.0632738265647081,"NFKB2"
"MA0783.1","PKNOX2",-0.277323290401744,0,"medulla_early","up","enhancer",TRUE,1,-0.0312967983574746,0.961854958127771,"PKNOX2"
"MA0785.1","POU2F1",0.0947529361292991,0,"medulla_early","up","enhancer",TRUE,1,-0.071411983141451,0.891977029241261,"POU2F1"
"MA0788.1","POU3F3",0.0478032605576804,0,"medulla_early","up","enhancer",TRUE,1,-0.360497149355814,0.240326728177945,"POU3F3"
"MA0793.1","POU6F2",-0.0203077176690849,0,"medulla_early","up","enhancer",TRUE,1,1.34916812417096,0.171923904386873,"POU6F2"
"MA0600.2","RFX2",0.0512078603990975,0,"medulla_early","up","enhancer",TRUE,1,0.690105216855605,0.0500096154467385,"RFX2"
"MA0796.1","TGIF1",-0.182491451645811,0,"medulla_early","up","enhancer",TRUE,1,0.769417549383641,0.0854961321059382,"TGIF1"
"MA0797.1","TGIF2",-0.322064281237455,0,"medulla_early","up","enhancer",TRUE,1,-0.0975039456874409,0.76447034790364,"TGIF2"
"MA0510.2","RFX5",0.273017793313262,0,"medulla_early","up","enhancer",TRUE,1,0.494626091371601,0.0612080498598236,"RFX5"
"MA0511.2","RUNX2",-0.0635289887495381,0,"medulla_early","up","enhancer",TRUE,1,0.823064454393748,0.191159447175027,"RUNX2"
"MA0800.1","EOMES",0.12331476740832,0,"medulla_early","up","enhancer",TRUE,1,1.26130077834922,0.366172506569951,"EOMES"
"MA0801.1","MGA",0.000842573584273865,0,"medulla_early","up","enhancer",TRUE,1,0.0943896467132888,0.804951368712809,"MGA"
"MA0804.1","TBX19",0.107498844356905,0,"medulla_early","up","enhancer",TRUE,1,0.0275307397447122,0.956877001480823,"TBX19"
"MA0805.1","TBX1",0.0467316129736473,0,"medulla_early","up","enhancer",TRUE,1,1.07871851609212,0.211136005047463,"TBX1"
"MA0808.1","TEAD3",0.0668243721875523,0,"medulla_early","up","enhancer",TRUE,1,0.422537941971592,0.0770772325683264,"TEAD3"
"MA0811.1","TFAP2B",-0.0242371218898576,0,"medulla_early","up","enhancer",TRUE,1,-0.146093515886961,0.802852344930414,"TFAP2B"
"MA0838.1","CEBPG",0.311520342099888,0,"medulla_early","up","enhancer",TRUE,1,-0.0242852266622666,0.939076416212833,"CEBPG"
"MA0839.1","CREB3L1",-0.123011995564289,0,"medulla_early","up","enhancer",TRUE,1,1.25715256857348,0.0719404967773018,"CREB3L1"
"MA0843.1","TEF",-0.495440404074864,0,"medulla_early","up","enhancer",TRUE,1,-0.271957750414631,0.421241065450089,"TEF"
"MA0844.1","XBP1",-0.371060864807363,0,"medulla_early","up","enhancer",TRUE,1,-0.0739851107600185,0.842321959532531,"XBP1"
"MA0032.2","FOXC1",0.137150684761767,0,"medulla_early","up","enhancer",TRUE,1,0.580998630500591,0.163866115222073,"FOXC1"
"MA0846.1","FOXC2",-0.00751711888561601,0,"medulla_early","up","enhancer",TRUE,1,0.394689052961632,0.290072040172465,"FOXC2"
"MA0848.1","FOXO4",-0.0819480072120538,0,"medulla_early","up","enhancer",TRUE,1,-0.378574428888762,0.125279661077036,"FOXO4"
"MA0850.1","FOXP3",-0.278392130608443,0,"medulla_early","up","enhancer",TRUE,1,0.794752742995387,0.357667321221329,"FOXP3"
"MA0855.1","RXRB",0.231209412381889,0,"medulla_early","up","enhancer",TRUE,1,0.0182701870018782,0.927183327398293,"RXRB"
"MA0856.1","RXRG",0.122175789223008,0,"medulla_early","up","enhancer",TRUE,1,-2.08682302791845,0.0841091298451762,"RXRG"
"MA0106.3","TP53",0.244794043901107,0,"medulla_early","up","enhancer",TRUE,1,0.268113833620555,0.285380123737421,"TP53"
"MA0861.1","TP73",0.0287257358359509,0,"medulla_early","up","enhancer",TRUE,1,-1.05236075986777,0.187407756098221,"TP73"
"MA0862.1","GMEB2",0.0375471628633228,0,"medulla_early","up","enhancer",TRUE,1,0.369081875599014,0.1262648203929,"GMEB2"
"MA0863.1","MTF1",-0.00306622365931819,0,"medulla_early","up","enhancer",TRUE,1,-0.19359464082563,0.577159351858926,"MTF1"
"MA0024.3","E2F1",-0.615099483886954,0,"medulla_early","up","enhancer",TRUE,1,-1.70417326735421,0.0543764814736697,"E2F1"
"MA0028.2","ELK1",-0.185290039831815,0,"medulla_early","up","enhancer",TRUE,1,0.293093351721676,0.0909699931476792,"ELK1"
"MA0886.1","EMX2",-0.250566877417872,0,"medulla_early","up","enhancer",TRUE,1,0.274876648127181,0.349287937840425,"EMX2"
"MA0889.1","GBX1",0.1549656439447,0,"medulla_early","up","enhancer",TRUE,1,0.478325978059717,0.369958336793171,"GBX1"
"MA0891.1","GSC2",-0.46771671557632,0,"medulla_early","up","enhancer",TRUE,1,-3.79252608567329,0.0220038738285468,"GSC2"
"MA0895.1","HMBOX1",-0.0861266869495179,0,"medulla_early","up","enhancer",TRUE,1,-0.600179551191433,0.154888826804182,"HMBOX1"
"MA0899.1","HOXA10",0.012459636741923,0,"medulla_early","up","enhancer",TRUE,1,-0.0473590996798983,0.864104889838253,"HOXA10"
"MA0903.1","HOXB3",-0.0899705117077492,0,"medulla_early","up","enhancer",TRUE,1,0.895044025448823,0.119912758918788,"HOXB3"
"MA0905.1","HOXC10",0.139929764051302,0,"medulla_early","up","enhancer",TRUE,1,0.212930247047329,0.442224783742765,"HOXC10"
"MA0908.1","HOXD11",0.116494919697729,0,"medulla_early","up","enhancer",TRUE,1,0.519200299129846,0.223592890007439,"HOXD11"
"MA0852.2","FOXK1",0.0023132525077747,0,"medulla_early","up","enhancer",TRUE,1,-0.211564287873506,0.36352655384297,"FOXK1"
"MA0104.4","MYCN",0.118890106046954,0,"medulla_early","up","enhancer",TRUE,1,-0.981398426171153,0.0515085411314552,"MYCN"
"MA0161.2","NFIC",-0.0155168761283475,0,"medulla_early","up","enhancer",TRUE,1,0.097679176962334,0.738354796903388,"NFIC"
"MA0060.3","NFYA",-0.0999174065684834,0,"medulla_early","up","enhancer",TRUE,1,0.11973143400719,0.763381562456652,"NFYA"
"MA1110.1","NR1H4",-0.121713758231851,0,"medulla_early","up","enhancer",TRUE,1,-2.65290680162632,0.0293717527661552,"NR1H4"
"MA1111.1","NR2F2",-0.175599242730557,0,"medulla_early","up","enhancer",TRUE,1,0.0921867673226995,0.725900271836911,"NR2F2"
"MA0014.3","PAX5",0.139045981997753,0,"medulla_early","up","enhancer",TRUE,1,2.11600005888026,0.0318670180300926,"PAX5"
"MA1114.1","PBX3",0.0885477213158072,0,"medulla_early","up","enhancer",TRUE,1,-0.290254427274215,0.575778526369282,"PBX3"
"MA1116.1","RBPJ",0.0274857369486181,0,"medulla_early","up","enhancer",TRUE,1,0.180451508095806,0.470444809777039,"RBPJ"
"MA1117.1","RELB",-0.235816799205778,0,"medulla_early","up","enhancer",TRUE,1,1.0746742582194,0.0194798424574245,"RELB"
"MA1121.1","TEAD2",-0.0284537643077583,0,"medulla_early","up","enhancer",TRUE,1,0.958886010687263,0.0237339766038364,"TEAD2"
"MA1122.1","TFDP1",-0.0534164555009946,0,"medulla_early","up","enhancer",TRUE,1,0.058462387399147,0.716435245855251,"TFDP1"
"MA0750.2","ZBTB7A",-0.0773671282398833,0,"medulla_early","up","enhancer",TRUE,1,0.269647846350933,0.179638073990771,"ZBTB7A"
"MA0103.3","ZEB1",-0.0603138132922805,0,"medulla_early","up","enhancer",TRUE,1,0.148375688982562,0.744452460938301,"ZEB1"
"MA1124.1","ZNF24",0.0751373588625439,0,"medulla_early","up","enhancer",TRUE,1,-0.123237481588795,0.589634294870035,"ZNF24"
"MA1154.1","ZNF282",-0.359903930440186,0,"medulla_early","up","enhancer",TRUE,1,-0.310812240175454,0.14447995694465,"ZNF282"
"MA0099.3","FOS::JUN",0.0612212356246848,0,"medulla_early","up","enhancer",TRUE,1,0.833230264158733,0.452583737017769,"FOS"
"MA1126.1","FOS::JUN(var.2)",-0.253889988354104,0,"medulla_early","up","enhancer",TRUE,1,0.833230264158733,0.452583737017769,"FOS"
"MA1127.1","FOSB::JUN",-0.0200428514669024,0,"medulla_early","up","enhancer",TRUE,1,0.96844474611884,0.411848333434714,"FOSB"
"MA1128.1","FOSL1::JUN",0.0428811557681179,0,"medulla_early","up","enhancer",TRUE,1,1.9734779914701,0.0610657843457058,"FOSL1"
"MA1129.1","FOSL1::JUN(var.2)",0.0241142872123739,0,"medulla_early","up","enhancer",TRUE,1,1.9734779914701,0.0610657843457058,"FOSL1"
"MA1130.1","FOSL2::JUN",0.0578840540351706,0,"medulla_early","up","enhancer",TRUE,1,1.11642145947387,0.0267171782287447,"FOSL2"
"MA1131.1","FOSL2::JUN(var.2)",-8.88054333811894e-05,0,"medulla_early","up","enhancer",TRUE,1,1.11642145947387,0.0267171782287447,"FOSL2"
"MA1133.1","JUN::JUNB(var.2)",-0.0257738736637716,0,"medulla_early","up","enhancer",TRUE,1,0.279358340249684,0.53327776811505,"JUN"
"MA1134.1","FOS::JUNB",0.162951312905357,0,"medulla_early","up","enhancer",TRUE,1,1.46763912831928,0.0679259533057009,"JUNB"
"MA1135.1","FOSB::JUNB",0.0475310233909711,0,"medulla_early","up","enhancer",TRUE,1,1.46763912831928,0.0679259533057009,"JUNB"
"MA1136.1","FOSB::JUNB(var.2)",0.0599558453013564,0,"medulla_early","up","enhancer",TRUE,1,0.96844474611884,0.411848333434714,"FOSB"
"MA1137.1","FOSL1::JUNB",0.0331825985666052,0,"medulla_early","up","enhancer",TRUE,1,1.9734779914701,0.0610657843457058,"FOSL1"
"MA1138.1","FOSL2::JUNB",-0.0145098304005566,0,"medulla_early","up","enhancer",TRUE,1,1.11642145947387,0.0267171782287447,"FOSL2"
"MA1139.1","FOSL2::JUNB(var.2)",0.115238167823901,0,"medulla_early","up","enhancer",TRUE,1,1.11642145947387,0.0267171782287447,"FOSL2"
"MA1141.1","FOS::JUND",0.0425112043875799,0,"medulla_early","up","enhancer",TRUE,1,0.833230264158733,0.452583737017769,"FOS"
"MA1142.1","FOSL1::JUND",0.118549540146875,0,"medulla_early","up","enhancer",TRUE,1,1.9734779914701,0.0610657843457058,"FOSL1"
"MA1143.1","FOSL1::JUND(var.2)",-0.0794911977350283,0,"medulla_early","up","enhancer",TRUE,1,1.9734779914701,0.0610657843457058,"FOSL1"
"MA1144.1","FOSL2::JUND",0.0611975857740044,0,"medulla_early","up","enhancer",TRUE,1,1.11642145947387,0.0267171782287447,"FOSL2"
"MA1145.1","FOSL2::JUND(var.2)",0.0497589538095022,0,"medulla_early","up","enhancer",TRUE,1,1.11642145947387,0.0267171782287447,"FOSL2"
"MA1146.1","NR1H4::RXRA",-0.00176487210625798,0,"medulla_early","up","enhancer",TRUE,1,-2.65290680162632,0.0293717527661552,"NR1H4"
"MA1147.1","NR4A2::RXRA",0.087923439232644,0,"medulla_early","up","enhancer",TRUE,1,0.725667831787121,0.441255409887344,"NR4A2"
"MA1148.1","PPARA::RXRA",-0.032755451037656,0,"medulla_early","up","enhancer",TRUE,1,-2.17245135865531,0.01727194628715,"PPARA"
"MA1149.1","RARA::RXRG",-0.124077618957112,0,"medulla_early","up","enhancer",TRUE,1,-2.08682302791845,0.0841091298451762,"RXRG"
"MA1151.1","RORC",0.0354321933856818,0,"medulla_early","up","enhancer",TRUE,1,-1.44829188970955,0.0202767377537535,"RORC"
"MA1152.1","SOX15",-0.0339251146624653,0,"medulla_early","up","enhancer",TRUE,1,0.953583951967304,0.160632342851924,"SOX15"
"MA0693.2","VDR",0.0718008073383727,0,"medulla_early","up","enhancer",TRUE,1,-1.27913553121649,0.165303952902181,"VDR"
"MA1418.1","IRF3",0.152595889631604,0,"medulla_early","up","enhancer",TRUE,1,0.349421878511716,0.2132767738104,"IRF3"
"MA1419.1","IRF4",-0.215757134023832,0,"medulla_early","up","enhancer",TRUE,1,-0.400228479677541,0.767396072927768,"IRF4"
"MA1420.1","IRF5",-0.108676262441002,0,"medulla_early","up","enhancer",TRUE,1,1.08168154959185,0.0494240730108758,"IRF5"
"MA1421.1","TCF7L1",0.111705319720531,0,"medulla_early","up","enhancer",TRUE,1,0.338994531026588,0.198906743125843,"TCF7L1"
"MA1466.1","ATF6",0.203845264390061,0,"medulla_early","up","enhancer",TRUE,1,-0.20769078701211,0.428682654817829,"ATF6"
"MA1101.2","BACH2",0.289268054521682,0,"medulla_early","up","enhancer",TRUE,1,0.459716888743106,0.378466067576624,"BACH2"
"MA1474.1","CREB3L4",0.156917556060586,0,"medulla_early","up","enhancer",TRUE,1,0.909872145054698,0.0193111826545978,"CREB3L4"
"MA1483.1","ELF2",-0.054912138787599,0,"medulla_early","up","enhancer",TRUE,1,0.090553311647553,0.76926287352926,"ELF2"
"MA1484.1","ETS2",-0.0372644262178028,0,"medulla_early","up","enhancer",TRUE,1,0.674127128136689,0.0922964823216519,"ETS2"
"MA1489.1","FOXN3",-0.284916289409399,0,"medulla_early","up","enhancer",TRUE,1,0.160178289234369,0.666277751302449,"FOXN3"
"MA1491.1","GLI3",0.0715526755489337,0,"medulla_early","up","enhancer",TRUE,1,0.407270905295038,0.408445282088167,"GLI3"
"MA1493.1","HES6",-0.0794983110067546,0,"medulla_early","up","enhancer",TRUE,1,0.105123575210707,0.770635997560336,"HES6"
"MA1495.1","HOXA1",0.0608194396817021,0,"medulla_early","up","enhancer",TRUE,1,0.243878473632861,0.65411316189125,"HOXA1"
"MA1496.1","HOXA4",-0.0237181936383992,0,"medulla_early","up","enhancer",TRUE,1,0.517190595932911,0.129097296627107,"HOXA4"
"MA1497.1","HOXA6",0.0137709889774422,0,"medulla_early","up","enhancer",TRUE,1,0.195094839051146,0.7873503474939,"HOXA6"
"MA1498.1","HOXA7",-0.142815674725187,0,"medulla_early","up","enhancer",TRUE,1,-0.276953008905456,0.388168841493804,"HOXA7"
"MA1499.1","HOXB4",-0.244918024914792,0,"medulla_early","up","enhancer",TRUE,1,0.923532481964308,0.10502922755723,"HOXB4"
"MA1500.1","HOXB6",0.00368588403280423,0,"medulla_early","up","enhancer",TRUE,1,0.972427033922479,0.037117422551965,"HOXB6"
"MA1501.1","HOXB7",-0.109644324878212,0,"medulla_early","up","enhancer",TRUE,1,0.796220698308481,0.0449801807976968,"HOXB7"
"MA1502.1","HOXB8",-0.208592271124305,0,"medulla_early","up","enhancer",TRUE,1,1.50614907231795,0.028281935823576,"HOXB8"
"MA1503.1","HOXB9",0.199546870923827,0,"medulla_early","up","enhancer",TRUE,1,1.71896984879122,0.0310114814551874,"HOXB9"
"MA1504.1","HOXC4",-0.201469190493692,0,"medulla_early","up","enhancer",TRUE,1,0.261044970371513,0.407017229736867,"HOXC4"
"MA1505.1","HOXC8",-0.353048226844581,0,"medulla_early","up","enhancer",TRUE,1,0.22990274756825,0.609613463583714,"HOXC8"
"MA1506.1","HOXD10",0.0584454826740428,0,"medulla_early","up","enhancer",TRUE,1,0.245930895638537,0.460838638008666,"HOXD10"
"MA1507.1","HOXD4",-0.331305794526319,0,"medulla_early","up","enhancer",TRUE,1,0.483570598619661,0.213038368541866,"HOXD4"
"MA1509.1","IRF6",-0.079444684948859,0,"medulla_early","up","enhancer",TRUE,1,-0.42699161178928,0.143434514916259,"IRF6"
"MA1511.1","KLF10",0.0508948694074931,0,"medulla_early","up","enhancer",TRUE,1,1.11749456254712,0.0632738265647081,"KLF10"
"MA1512.1","KLF11",-0.0562252920787802,0,"medulla_early","up","enhancer",TRUE,1,0.400278587623946,0.405050733579513,"KLF11"
"MA1513.1","KLF15",-0.0631540578706566,0,"medulla_early","up","enhancer",TRUE,1,-1.50515123593805,0.094601456969957,"KLF15"
"MA1517.1","KLF6",0.0665161149093301,0,"medulla_early","up","enhancer",TRUE,1,0.453874513879102,0.250247038580837,"KLF6"
"MA1518.1","LHX1",-0.177076886693796,0,"medulla_early","up","enhancer",TRUE,1,0.859538805973193,0.273437316058076,"LHX1"
"MA1520.1","MAF",0.171392965151663,0,"medulla_early","up","enhancer",TRUE,1,-0.870991278944142,0.0930440080726412,"MAF"
"MA1522.1","MAZ",0.0382401034552142,0,"medulla_early","up","enhancer",TRUE,1,-0.0662527965574329,0.796490045480872,"MAZ"
"MA1523.1","MSANTD3",0.0646141350521647,0,"medulla_early","up","enhancer",TRUE,1,0.248554700230878,0.519032440099622,"MSANTD3"
"MA1525.1","NFATC4",-0.0486727057865499,0,"medulla_early","up","enhancer",TRUE,1,0.684673032968421,0.0877976400145844,"NFATC4"
"MA1531.1","NR1D1",0.171846211197741,0,"medulla_early","up","enhancer",TRUE,1,-0.508080441846018,0.292798903775563,"NR1D1"
"MA1534.1","NR1I3",-0.0401547677362002,0,"medulla_early","up","enhancer",TRUE,1,-5.14622220673261,0.0220666565189061,"NR1I3"
"MA1535.1","NR2C1",-0.114326385140645,0,"medulla_early","up","enhancer",TRUE,1,0.0224387231974288,0.962554461719847,"NR2C1"
"MA1542.1","OSR1",-0.0497727729606723,0,"medulla_early","up","enhancer",TRUE,1,-0.841567334858739,0.239162362042823,"OSR1"
"MA1544.1","OVOL1",-0.159912717392009,0,"medulla_early","up","enhancer",TRUE,1,-0.0542884210873513,0.932093252830415,"OVOL1"
"MA1545.1","OVOL2",-0.0613275259160835,0,"medulla_early","up","enhancer",TRUE,1,-1.51411161014149,0.0279948551554561,"OVOL2"
"MA1547.1","PITX2",-0.186420773254975,0,"medulla_early","up","enhancer",TRUE,1,-2.19794747352486,0.0216477849535036,"PITX2"
"MA1548.1","PLAGL2",0.0653437052404708,0,"medulla_early","up","enhancer",TRUE,1,-0.072298613672058,0.849038390192213,"PLAGL2"
"MA1550.1","PPARD",0.0299120947528797,0,"medulla_early","up","enhancer",TRUE,1,0.939040456806554,0.0134950986177877,"PPARD"
"MA1554.1","RFX7",0.11538319545743,0,"medulla_early","up","enhancer",TRUE,1,-0.319882325762399,0.695988332884165,"RFX7"
"MA1558.1","SNAI1",-0.116958698547485,0,"medulla_early","up","enhancer",TRUE,1,0.861788063542812,0.0999052927634928,"SNAI1"
"MA1561.1","SOX12",-0.0246321506407217,0,"medulla_early","up","enhancer",TRUE,1,-0.00135974356103929,0.998023804829377,"SOX12"
"MA1563.1","SOX18",0.131488070427862,0,"medulla_early","up","enhancer",TRUE,1,0.530377666863851,0.210919437528209,"SOX18"
"MA1566.1","TBX3",-0.168437071770521,0,"medulla_early","up","enhancer",TRUE,1,1.61773656906076,0.0300687073521453,"TBX3"
"MA1567.1","TBX6",0.00933718951445872,0,"medulla_early","up","enhancer",TRUE,1,-0.0800585809925347,0.903155259195917,"TBX6"
"MA1573.1","THAP11",0.0635754782902263,0,"medulla_early","up","enhancer",TRUE,1,0.0244354180583501,0.93860093078286,"THAP11"
"MA1574.1","THRB",0.00299173408895115,0,"medulla_early","up","enhancer",TRUE,1,-0.871757602464749,0.0162137740761793,"THRB"
"MA1578.1","VEZF1",0.0659430124394742,0,"medulla_early","up","enhancer",TRUE,1,0.307129710257832,0.344975733635377,"VEZF1"
"MA1581.1","ZBTB6",-0.0691366258312112,0,"medulla_early","up","enhancer",TRUE,1,-0.410264236133438,0.538650528903664,"ZBTB6"
"MA1583.1","ZFP57",-0.147027523918824,0,"medulla_early","up","enhancer",TRUE,1,0.134092175958993,0.562705373638005,"ZFP57"
"MA1585.1","ZKSCAN1",-0.101364428760778,0,"medulla_early","up","enhancer",TRUE,1,-0.304598762343511,0.145769931770526,"ZKSCAN1"
"MA1589.1","ZNF140",-0.499810921549636,0,"medulla_early","up","enhancer",TRUE,1,-0.0447137839251823,0.92551117188291,"ZNF140"
"MA1592.1","ZNF274",-0.253657991569758,0,"medulla_early","up","enhancer",TRUE,1,0.397951684128125,0.147600235838813,"ZNF274"
"MA1593.1","ZNF317",-0.24277631151157,0,"medulla_early","up","enhancer",TRUE,1,0.114929423677437,0.683603018940012,"ZNF317"
"MA1594.1","ZNF382",-0.240787505765504,0,"medulla_early","up","enhancer",TRUE,1,-0.492122058559193,0.274319589478132,"ZNF382"
"MA1600.1","ZNF684",-0.0364865526075739,0,"medulla_early","up","enhancer",TRUE,1,-0.166230213359421,0.717357247080262,"ZNF684"
"MA1601.1","ZNF75D",-0.239809947766632,0,"medulla_early","up","enhancer",TRUE,1,-0.205791944644021,0.211360968701263,"ZNF75D"
"MA0605.2","ATF3",-0.226044111519412,0,"medulla_early","up","enhancer",TRUE,1,1.3783222303847,0.0649353280088722,"ATF3"
"MA0462.2","BATF::JUN",0.103414048512406,0,"medulla_early","up","enhancer",TRUE,1,1.77001737501451,0.0165273791537193,"BATF"
"MA0463.2","BCL6",-0.301862350423627,0,"medulla_early","up","enhancer",TRUE,1,0.299606612688747,0.385286934872243,"BCL6"
"MA0864.2","E2F2",-0.0940399340832681,0,"medulla_early","up","enhancer",TRUE,1,-0.216786191028822,0.855788553625119,"E2F2"
"MA0469.3","E2F3",-0.463256356304071,0,"medulla_early","up","enhancer",TRUE,1,-1.29813101000581,0.0434882470441721,"E2F3"
"MA0470.2","E2F4",-0.36224654135802,0,"medulla_early","up","enhancer",TRUE,1,0.333538314515133,0.0558883269588453,"E2F4"
"MA0612.2","EMX1",-0.245183476697346,0,"medulla_early","up","enhancer",TRUE,1,-3.49057399567799,0.0262420390283087,"EMX1"
"MA0847.2","FOXD2",0.0878244996254516,0,"medulla_early","up","enhancer",TRUE,1,-1.71185376512621,0.0476922763200513,"FOXD2"
"MA0038.2","GFI1",0.19526170342004,0,"medulla_early","up","enhancer",TRUE,1,1.41721417969181,0.259440598676568,"GFI1"
"MA0900.2","HOXA2",-0.355155985416862,0,"medulla_early","up","enhancer",TRUE,1,0.870000479228036,0.11175311144298,"HOXA2"
"MA0158.2","HOXA5",-0.176807024167871,0,"medulla_early","up","enhancer",TRUE,1,0.498572000283622,0.0898190982935082,"HOXA5"
"MA0594.2","HOXA9",-0.146747770380504,0,"medulla_early","up","enhancer",TRUE,1,-0.395853823605739,0.142581043349053,"HOXA9"
"MA0902.2","HOXB2",0.0134025241992708,0,"medulla_early","up","enhancer",TRUE,1,1.28655277822506,0.0276985719995865,"HOXB2"
"MA0904.2","HOXB5",-0.232233948304436,0,"medulla_early","up","enhancer",TRUE,1,0.9513562847419,0.0328768746966467,"HOXB5"
"MA0485.2","HOXC9",0.197951902356896,0,"medulla_early","up","enhancer",TRUE,1,0.22502508240418,0.477332550343115,"HOXC9"
"MA0912.2","HOXD3",-0.198916767607428,0,"medulla_early","up","enhancer",TRUE,1,0.210050501662717,0.574310448291442,"HOXD3"
"MA0910.2","HOXD8",-0.146064427738701,0,"medulla_early","up","enhancer",TRUE,1,0.0195025047579254,0.963421332228965,"HOXD8"
"MA0913.2","HOXD9",-0.0621081917017232,0,"medulla_early","up","enhancer",TRUE,1,0.363175183870902,0.348536646428583,"HOXD9"
"MA0703.2","LMX1B",-0.0941605673819161,0,"medulla_early","up","enhancer",TRUE,1,-4.00814067232329,0.0352584092244324,"LMX1B"
"MA0842.2","NRL",0.179072661171646,0,"medulla_early","up","enhancer",TRUE,1,-0.507917598485353,0.222996091684312,"NRL"
"MA0075.3","PRRX2",-0.141799519129419,0,"medulla_early","up","enhancer",TRUE,1,1.47979096404561,0.0636158128565348,"PRRX2"
"MA0867.2","SOX4",-0.0882791961921932,0,"medulla_early","up","enhancer",TRUE,1,0.631476589277892,0.180500143593306,"SOX4"
"MA0079.4","SP1",0.156271738820812,0,"medulla_early","up","enhancer",TRUE,1,-0.180632118297754,0.728641937763737,"SP1"
"MA0516.2","SP2",-0.0260433788949745,0,"medulla_early","up","enhancer",TRUE,1,0.333263735841164,0.0909624918857382,"SP2"
"MA0746.2","SP3",0.0436095667344389,0,"medulla_early","up","enhancer",TRUE,1,-0.0013356159558171,0.998255133438624,"SP3"
"MA0632.2","TCFL5",0.081111767735182,0,"medulla_early","up","enhancer",TRUE,1,-0.126853717735606,0.627466142266146,"TCFL5"
"MA0753.2","ZNF740",0.0416614695753825,0,"medulla_early","up","enhancer",TRUE,1,0.0740848988032319,0.646852173747967,"ZNF740"
"MA1632.1","ATF2",-0.0340586878315987,0,"medulla_early","up","enhancer",TRUE,1,-0.23703910398746,0.49811164292577,"ATF2"
"MA1633.1","BACH1",0.0486008643630358,0,"medulla_early","up","enhancer",TRUE,1,0.214031205102808,0.701593357073759,"BACH1"
"MA1634.1","BATF",0.086546438034981,0,"medulla_early","up","enhancer",TRUE,1,1.77001737501451,0.0165273791537193,"BATF"
"MA1637.1","EBF3",0.0666298269192609,0,"medulla_early","up","enhancer",TRUE,1,0.850373604387806,0.233827549351016,"EBF3"
"MA1644.1","NFYC",-0.104113141600307,0,"medulla_early","up","enhancer",TRUE,1,0.0218313061929445,0.950139638118914,"NFYC"
"MA1646.1","OSR2",-0.00695191084507751,0,"medulla_early","up","enhancer",TRUE,1,1.07561974212186,0.158150127864044,"OSR2"
"MA1647.1","PRDM4",0.0466588887876469,0,"medulla_early","up","enhancer",TRUE,1,0.220576874884808,0.276463550317491,"PRDM4"
"MA1649.1","ZBTB12",-0.0807971034523014,0,"medulla_early","up","enhancer",TRUE,1,0.11882836870654,0.807731451728948,"ZBTB12"
"MA1650.1","ZBTB14",0.0370994042032882,0,"medulla_early","up","enhancer",TRUE,1,-0.150896721353386,0.575162487054768,"ZBTB14"
"MA1651.1","ZFP42",-0.14896546987576,0,"medulla_early","up","enhancer",TRUE,1,1.3795986142512,0.0701917929827533,"ZFP42"
"MA1652.1","ZKSCAN5",0.0282990658895894,0,"medulla_early","up","enhancer",TRUE,1,0.175729895800091,0.514179238121014,"ZKSCAN5"
"MA1653.1","ZNF148",-0.0127772239030524,0,"medulla_early","up","enhancer",TRUE,1,-0.196411913419447,0.462979355363173,"ZNF148"
"MA1654.1","ZNF16",-0.0042276971737305,0,"medulla_early","up","enhancer",TRUE,1,0.355942077218786,0.0862032818800201,"ZNF16"
"MA1655.1","ZNF341",0.0879155265726386,0,"medulla_early","up","enhancer",TRUE,1,-0.0944097856469739,0.774884105033327,"ZNF341"
"MA1656.1","ZNF449",0.103964144681291,0,"medulla_early","up","enhancer",TRUE,1,0.239194657937899,0.528016811331997,"ZNF449"
"MA1657.1","ZNF652",0.0655098752282246,0,"medulla_early","up","enhancer",TRUE,1,-0.50075663617201,0.252476564967149,"ZNF652"
"MA1683.1","FOXA3",-0.232703008242271,0,"medulla_early","up","enhancer",TRUE,1,2.84314408223347,0.0435714266850292,"FOXA3"
"MA0833.2","ATF4",0.20156776310577,0,"medulla_early","up","enhancer",TRUE,1,0.520837578505526,0.0394037648987395,"ATF4"
"MA0835.2","BATF3",0.0959269977621924,0,"medulla_early","up","enhancer",TRUE,1,1.20210807772793,0.0619080985520392,"BATF3"
"MA0102.4","CEBPA",-0.102364992936314,0,"medulla_early","up","enhancer",TRUE,1,-0.738576815360503,0.204007466239598,"CEBPA"
"MA0836.2","CEBPD",-0.232401381544487,0,"medulla_early","up","enhancer",TRUE,1,1.438773802334,0.0386344708993244,"CEBPD"
"MA0018.4","CREB1",-0.0258886016757485,0,"medulla_early","up","enhancer",TRUE,1,0.0567679261621343,0.866912918285141,"CREB1"
"MA0471.2","E2F6",0.0709984620193858,0,"medulla_early","up","enhancer",TRUE,1,0.0768778221849864,0.763381562456652,"E2F6"
"MA0162.4","EGR1",-0.116937294398076,0,"medulla_early","up","enhancer",TRUE,1,1.18987625259726,0.303815175555124,"EGR1"
"MA0598.3","EHF",0.0625579875200462,0,"medulla_early","up","enhancer",TRUE,1,0.942393161790712,0.224968328504338,"EHF"
"MA0473.3","ELF1",-0.00407843772449645,0,"medulla_early","up","enhancer",TRUE,1,0.185857579716268,0.592689574785557,"ELF1"
"MA0640.2","ELF3",0.061908371415452,0,"medulla_early","up","enhancer",TRUE,1,1.4522504083541,0.0266606788847339,"ELF3"
"MA0592.3","ESRRA",-0.01640247136499,0,"medulla_early","up","enhancer",TRUE,1,-0.603850735885334,0.126149020809492,"ESRRA"
"MA0765.2","ETV5",0.00984805492768182,0,"medulla_early","up","enhancer",TRUE,1,-1.5518623101589,0.0205922510861573,"ETV5"
"MA0477.2","FOSL1",0.0777346530291618,0,"medulla_early","up","enhancer",TRUE,1,1.9734779914701,0.0610657843457058,"FOSL1"
"MA1103.2","FOXK2",-0.261324570764145,0,"medulla_early","up","enhancer",TRUE,1,-0.455562189771514,0.0586136849824151,"FOXK2"
"MA0481.3","FOXP1",-0.263256599443825,0,"medulla_early","up","enhancer",TRUE,1,0.182612820616685,0.444871328409441,"FOXP1"
"MA1105.2","GRHL2",-0.23770232119135,0,"medulla_early","up","enhancer",TRUE,1,0.85188475913007,0.081288610877865,"GRHL2"
"MA0043.3","HLF",0.181262889131269,0,"medulla_early","up","enhancer",TRUE,1,-0.643490632147318,0.0980279086316728,"HLF"
"MA0114.4","HNF4A",-0.146314425114571,0,"medulla_early","up","enhancer",TRUE,1,-4.05641177125823,0.0317899523202682,"HNF4A"
"MA0484.2","HNF4G",-0.158474095906433,0,"medulla_early","up","enhancer",TRUE,1,-3.1103236919031,0.0134950986177877,"HNF4G"
"MA0490.2","JUNB",-0.0398542305910921,0,"medulla_early","up","enhancer",TRUE,1,1.46763912831928,0.0679259533057009,"JUNB"
"MA0491.2","JUND",0.0420537863496842,0,"medulla_early","up","enhancer",TRUE,1,0.198551752417357,0.652707839196132,"JUND"
"MA1107.2","KLF9",0.017008825798241,0,"medulla_early","up","enhancer",TRUE,1,-0.587903376235794,0.408118900902291,"KLF9"
"MA0495.3","MAFF",-0.104575939772033,0,"medulla_early","up","enhancer",TRUE,1,1.6233980809504,0.017958398165307,"MAFF"
"MA0659.2","MAFG",-0.0310991637246376,0,"medulla_early","up","enhancer",TRUE,1,0.0152952582781625,0.966046275424772,"MAFG"
"MA0496.3","MAFK",-0.0153348989696207,0,"medulla_early","up","enhancer",TRUE,1,0.097010989711154,0.796108480555888,"MAFK"
"MA0052.4","MEF2A",-0.208839762580998,0,"medulla_early","up","enhancer",TRUE,1,0.477202995958361,0.126934093423039,"MEF2A"
"MA0620.3","MITF",-0.0186928208161499,0,"medulla_early","up","enhancer",TRUE,1,-0.309475719666182,0.219008044682269,"MITF"
"MA1108.2","MXI1",-0.0883683310980086,0,"medulla_early","up","enhancer",TRUE,1,-0.906677660770016,0.0388835804979007,"MXI1"
"MA0056.2","MZF1",-0.121418826858547,0,"medulla_early","up","enhancer",TRUE,1,0.25305893591519,0.202232546733271,"MZF1"
"MA0089.2","NFE2L1",-0.114764705368364,0,"medulla_early","up","enhancer",TRUE,1,0.247186036800803,0.281164169069091,"NFE2L1"
"MA0025.2","NFIL3",0.1829252202073,0,"medulla_early","up","enhancer",TRUE,1,0.790068646035492,0.064194527834963,"NFIL3"
"MA0502.2","NFYB",-0.0115839526237602,0,"medulla_early","up","enhancer",TRUE,1,0.23677978422968,0.272965768589987,"NFYB"
"MA1112.2","NR4A1",0.015060170285409,0,"medulla_early","up","enhancer",TRUE,1,0.675924232975686,0.583915033713709,"NR4A1"
"MA0679.2","ONECUT1",-0.0859679958345492,0,"medulla_early","up","enhancer",TRUE,1,-3.7065724616312,0.0317003906499811,"ONECUT1"
"MA1113.2","PBX2",-0.0130993105038932,0,"medulla_early","up","enhancer",TRUE,1,0.182851860673326,0.346830635089818,"PBX2"
"MA0509.2","RFX1",-0.189734538529836,0,"medulla_early","up","enhancer",TRUE,1,0.22031524079772,0.341770568814762,"RFX1"
"MA0798.2","RFX3",-0.0786252507366001,0,"medulla_early","up","enhancer",TRUE,1,-0.0839041882493117,0.875093779565871,"RFX3"
"MA0684.2","RUNX3",-0.103343959989623,0,"medulla_early","up","enhancer",TRUE,1,1.2080016725545,0.182396353745437,"RUNX3"
"MA0745.2","SNAI2",-0.125333058551027,0,"medulla_early","up","enhancer",TRUE,1,1.17036870659601,0.0134950986177877,"SNAI2"
"MA0522.3","TCF3",0.0135998963278041,0,"medulla_early","up","enhancer",TRUE,1,0.507566700207939,0.0280927985771345,"TCF3"
"MA0830.2","TCF4",-0.0802153906900962,0,"medulla_early","up","enhancer",TRUE,1,0.389016801723167,0.397974930333454,"TCF4"
"MA0769.2","TCF7",0.0451794217230885,0,"medulla_early","up","enhancer",TRUE,1,0.55069342337898,0.297036318782577,"TCF7"
"MA0090.3","TEAD1",0.0191802610982377,0,"medulla_early","up","enhancer",TRUE,1,0.144843631425045,0.825466152858346,"TEAD1"
"MA0809.2","TEAD4",0.0615697958376913,0,"medulla_early","up","enhancer",TRUE,1,0.765428275730018,0.0404444595868159,"TEAD4"
"MA0003.4","TFAP2A",0.00204017334071516,0,"medulla_early","up","enhancer",TRUE,1,1.19516253571842,0.081288610877865,"TFAP2A"
"MA1123.2","TWIST1",0.0363081821136406,0,"medulla_early","up","enhancer",TRUE,1,-1.59309069660885,0.0449801807976968,"TWIST1"
"MA0093.3","USF1",-0.12648202010984,0,"medulla_early","up","enhancer",TRUE,1,0.67310694392606,0.0490214716093659,"USF1"
"MA0526.3","USF2",-0.165054633717817,0,"medulla_early","up","enhancer",TRUE,1,-0.0311806894603599,0.92079938042041,"USF2"
"MA0528.2","ZNF263",-0.0563503809916757,0,"medulla_early","up","enhancer",TRUE,1,0.271097059250764,0.141801847387358,"ZNF263"
"MA0609.2","CREM",-0.0863712016653526,0,"medulla_early","up","enhancer",TRUE,1,0.790330687779365,0.0838791258343589,"CREM"
